acid_id,smiles,mw,n_heavy,n_rot,subclass,murcko_scaffold
Ac3,O=C(O)c1cc(C(F)(F)F)cc(C(F)(F)F)c1,258.117,17,1,benzoic,c1ccccc1
Ac4,COc1ccccc1C(=O)O,152.149,11,2,benzoic,c1ccccc1
Ac5,CC(C)(C(=O)O)c1ccccc1,164.204,12,2,alpha_quat,c1ccccc1
Ac8,O=C(O)c1cscn1,129.14,8,1,heteroaryl,c1cscn1
Ac9,O=C(O)c1cccnc1F,141.101,10,1,aryl_other,c1ccncc1
Ac10,O=C(O)COc1ccccc1,152.149,11,3,acyclic_ali,c1ccccc1
Ac11,O=C(O)C(=O)c1ccccc1,150.133,11,2,other,c1ccccc1
Ac12,O=C(O)c1cnco1,113.072,8,1,heteroaryl,c1cocn1
Ac13,Cn1cc(C(=O)O)c2ccccc21,175.187,13,1,aryl_other,c1ccc2[nH]ccc2c1
Ac14,O=C(O)Cc1cc(Cl)ccc1Br,249.491,12,2,acyclic_ali,c1ccccc1
Ac15,O=C(O)/C=C/c1c(Cl)cccc1Cl,217.051,13,2,other,c1ccccc1
Ac16,Cc1cc(C(=O)O)c(C)o1,140.138,10,1,aryl_other,c1ccoc1
Ac17,O=C(O)C1(c2ccccc2)CC1,162.188,12,2,alpha_quat,c1ccc(C2CC2)cc1
Ac20,O=C(O)c1cccc(Cl)n1,157.556,10,1,heteroaryl,c1ccncc1
Ac21,O=C(O)c1cc(Cl)ccn1,157.556,10,1,heteroaryl,c1ccncc1
Ac22,O=C(O)c1ncc(F)cc1F,159.091,11,1,heteroaryl,c1ccncc1
Ac30,CC1=C(/C=C/C(C)=C/C=C/C(C)=C/C(=O)O)C(C)(C)CCC1,300.442,22,5,other,C1=CCCCC1
Ac33,O=C(O)COc1ccc(Cl)cc1Cl,221.039,13,3,acyclic_ali,c1ccccc1
Ac34,CC(C(=O)O)c1cccc(C(=O)c2ccccc2)c1,254.285,19,4,acyclic_ali,O=C(c1ccccc1)c1ccccc1
Ac37,CC1=C(/C=C/C(C)=C\C=C\C(C)=C\C(=O)O)C(C)(C)CCC1,300.442,22,5,other,C1=CCCCC1
Ac41,CC1=C(/C=C/C(C)=C/C=C/C(C)=C\C(=O)O)C(C)(C)CCC1,300.442,22,5,other,C1=CCCCC1
Ac43,C[C@H]1[C@@H](OC(=O)CCC(=O)O)O[C@@H]2O[C@@]3(C)CC[C@H]4[C@H](C)CC[C@@H]1[C@@]24OO3,384.425,27,4,acyclic_ali,C1CC2CCOC3OC4CCC(C1)C23OO4
Ac46,Cc1ccc(C)c(OCCCC(C)(C)C(=O)O)c1,250.338,18,6,alpha_quat,c1ccccc1
Ac47,CCCN(CCC)S(=O)(=O)c1ccc(C(=O)O)cc1,285.365,19,7,benzoic,c1ccccc1
Ac51,COc1cc(C)c(/C=C/C(C)=C/C=C/C(C)=C/C(=O)O)c(C)c1C,326.436,24,6,other,c1ccccc1
Ac52,COc1c(Cl)ccc(Cl)c1C(=O)O,221.039,13,2,benzoic,c1ccccc1
Ac54,O=C(O)COCCN1CCN(C(c2ccccc2)c2ccc(Cl)cc2)CC1,388.895,27,8,acyclic_ali,c1ccc(C(c2ccccc2)N2CCNCC2)cc1
Ac55,CC1=C(CC(=O)O)c2cc(F)ccc2/C1=C\c1ccc(S(C)=O)cc1,356.418,25,4,acyclic_ali,C1=Cc2ccccc2C1=Cc1ccccc1
Ac57,O=C(O)c1ccccc1I,248.019,10,1,benzoic,c1ccccc1
Ac58,Cc1nc(-c2ccc(OCC(C)C)c(C#N)c2)sc1C(=O)O,316.382,22,5,heteroaryl,c1ccc(-c2nccs2)cc1
Ac60,CC(C)C1=CC2=CC[C@@H]3[C@](C)(CCC[C@@]3(C)C(=O)O)[C@H]2CC1,302.458,22,2,alpha_quat,C1=CC2=CCC3CCCCC3C2CC1
Ac61,O=C(O)c1ccc(I)cc1,248.019,10,1,benzoic,c1ccccc1
Ac63,CC(C)c1ccc2c(c1)CC[C@H]1[C@](C)(C(=O)O)CCC[C@]21C,300.442,22,2,alpha_quat,c1ccc2c(c1)CCC1CCCCC21
Ac65,C=C(CC)C(=O)c1ccc(OCC(=O)O)c(Cl)c1Cl,303.141,19,6,acyclic_ali,c1ccccc1
Ac68,COc1cccc2c1cc([N+](=O)[O-])c1c(C(=O)O)cc3c(c12)OCO3,341.275,25,3,benzoic,c1ccc2c(c1)ccc1ccc3c(c12)OCO3
Ac75,CC(C)(C)OC(=O)N1CCC(C(=O)O)CC1,229.276,16,1,cyclic_ali,C1CCNCC1
Ac76,O=C(O)COc1cc(Cl)c(Cl)cc1Cl,255.484,14,3,acyclic_ali,c1ccccc1
Ac82,CCCCOC(=O)c1ccccc1C(=O)O,222.24,16,5,benzoic,c1ccccc1
Ac84,CC(Oc1cc(Cl)c(Cl)cc1Cl)C(=O)O,269.511,15,3,acyclic_ali,c1ccccc1
Ac86,COc1ccc(-c2ccc3cc(C(=O)O)ccc3c2)cc1C12CC3CC(CC(C3)C1)C2,412.529,31,4,benzoic,c1cc(-c2ccc3ccccc3c2)cc(C23CC4CC(CC(C4)C2)C3)c1
Ac89,CC(Oc1ccc(Cl)cc1Cl)C(=O)O,235.066,14,3,acyclic_ali,c1ccccc1
Ac91,O=C(O)COc1nc(Cl)c(Cl)cc1Cl,256.472,14,3,acyclic_ali,c1ccncc1
Ac92,O=C(O)c1cccc(I)c1,248.019,10,1,benzoic,c1ccccc1
Ac95,CC(C)CCC[C@@H](C)[C@H]1CC[C@H]2[C@@H]3CC=C4C[C@@H](OC(=O)CCC(=O)O)CC[C@]4(C)[C@H]3CC[C@]12C,486.737,35,9,acyclic_ali,C1=C2CCCCC2C2CCC3CCCC3C2C1
Ac96,C=C(C(=O)O)[C@@H]1CC[C@@H](C)[C@@H]2CCC(C)=C[C@@H]21,234.339,17,2,other,C1=CC2CCCCC2CC1
Ac97,O=C(O)c1ccccc1C(=O)c1ccccc1,226.231,17,3,benzoic,O=C(c1ccccc1)c1ccccc1
Ac98,O=C(O)c1cccc2nc3ccccc3nc12,224.219,17,1,benzoic,c1ccc2nc3ccccc3nc2c1
Ac99,CCCCC(CC)COC(=O)c1ccccc1C(=O)O,278.348,20,8,benzoic,c1ccccc1
Ac101,O=C(O)c1cc(I)cc(I)c1I,499.811,12,1,benzoic,c1ccccc1
Ac102,O=C(O)CCCc1ccc2ccc3cccc4ccc1c2c34,288.346,22,4,acyclic_ali,c1cc2ccc3cccc4ccc(c1)c2c34
Ac104,CC(=O)Oc1cc2c(cc1Cl)C(c1ccccc1C(=O)O)c1cc(Cl)c(OC(C)=O)cc1O2,487.291,33,4,benzoic,c1ccc(C2c3ccccc3Oc3ccccc32)cc1
Ac105,COc1ccc2cc(C(C)C(=O)O)ccc2c1,230.263,17,3,acyclic_ali,c1ccc2ccccc2c1
Ac106,CCCCC(F)(F)[C@@]1(O)CC[C@H]2[C@@H](CC(=O)[C@@H]2CCCCCCC(=O)O)O1,390.467,27,11,acyclic_ali,O=C1CC2CCCOC2C1
Ac108,O=C(O)c1nn(Cc2ccc(Cl)cc2Cl)c2ccccc12,321.163,21,3,heteroaryl,c1ccc(Cn2ncc3ccccc32)cc1
Ac110,CC(C)COC(=O)c1ccccc1C(=O)O,222.24,16,4,benzoic,c1ccccc1
Ac112,Cc1ccc2c(=O)c3cccc(CC(=O)O)c3oc2c1C,282.295,21,2,acyclic_ali,O=c1c2ccccc2oc2ccccc12
Ac114,O=C(O)CCc1nc(-c2ccccc2)c(-c2ccccc2)o1,293.322,22,5,acyclic_ali,c1ccc(-c2ncoc2-c2ccccc2)cc1
Ac117,O=C(O)c1ccc2ccc3cccc4ccc1c2c34,246.265,19,1,benzoic,c1cc2ccc3cccc4ccc(c1)c2c34
Ac118,O=C(O)c1ccc(C(=O)c2ccccc2)cc1,226.231,17,3,benzoic,O=C(c1ccccc1)c1ccccc1
Ac119,CC(C)(Oc1ccc(C2CC2(Cl)Cl)cc1)C(=O)O,289.158,18,4,acyclic_ali,c1ccc(C2CC2)cc1
Ac120,CCCCCCCCOc1ccc(C(=O)O)cc1,250.338,18,9,benzoic,c1ccccc1
Ac121,C=C(C)[C@@H]1CC[C@]2(C(=O)O)CC[C@]3(C)[C@H](CC[C@@H]4[C@@]5(C)CCC(=O)C(C)(C)[C@@H]5CC[C@]43C)[C@@H]12,454.695,33,2,alpha_quat,O=C1CCC2C(CCC3C2CCC2C4CCCC4CCC23)C1
Ac122,CC(C(=O)O)c1ccc(C(=O)c2cccs2)cc1,260.314,18,4,acyclic_ali,O=C(c1ccccc1)c1cccs1
Ac125,C/C(=C\c1ccc(C(=O)O)cc1)c1ccc2c(c1)C(C)(C)CCC2(C)C,348.486,26,3,benzoic,C(=Cc1ccc2c(c1)CCCC2)c1ccccc1
Ac128,CCCCCCCCCCCCOc1ccc(C(=O)O)cc1,306.446,22,13,benzoic,c1ccccc1
Ac129,C=C[C@@]1(C)CC[C@H]2C(=CC[C@@H]3[C@]2(C)CCC[C@@]3(C)C(=O)O)C1,302.458,22,2,alpha_quat,C1=C2CCCCC2C2CCCCC2C1
Ac130,CCCCCCCCCCOc1ccc(C(=O)O)cc1,278.392,20,11,benzoic,c1ccccc1
Ac131,COc1cc(/C=C/C(=O)O)cc(OC)c1OC,238.239,17,5,other,c1ccccc1
Ac132,CCCCCCOc1ccc(C(=O)O)cc1,222.284,16,7,benzoic,c1ccccc1
Ac135,O=C(O)c1cc(-c2ccccc2)nc2ccccc12,249.269,19,2,aryl_other,c1ccc(-c2ccc3ccccc3n2)cc1
Ac137,O=C(O)CCCOc1ccc(Cl)cc1Cl,249.093,15,5,acyclic_ali,c1ccccc1
Ac145,COc1cc(CC(=O)O)cc(OC)c1OC,226.228,16,5,acyclic_ali,c1ccccc1
Ac146,Cc1c(-c2ccc(-c3ccccc3F)cc2)nc2ccc(F)cc2c1C(=O)O,375.374,28,3,aryl_other,c1ccc(-c2ccc(-c3ccc4ccccc4n3)cc2)cc1
Ac147,COc1ccc(Br)c(C(=O)O)c1,231.045,12,2,benzoic,c1ccccc1
Ac148,C[C@@]12CC[C@@H]3[C@@](CC[C@H]4[C@@]3(C)CCC[C@@]4(C)C(=O)O)(CC1=O)C2,318.457,23,1,alpha_quat,O=C1CC23CCC4CCCCC4C2CCC1C3
Ac149,O=C(O)/C=C/c1ccc(Br)cc1,227.057,12,2,other,c1ccccc1
Ac150,O=C(O)c1ccccc1P(c1ccccc1)c1ccccc1,306.301,22,4,benzoic,c1ccc(P(c2ccccc2)c2ccccc2)cc1
Ac151,CC1=C[C@H]2[C@@H](CC1)[C@H](C)CC[C@H]2[C@@H](C)C(=O)O,236.355,17,2,acyclic_ali,C1=CC2CCCCC2CC1
Ac153,CCn1nc(C(=O)O)c(=O)c2cc3c(cc21)OCO3,262.221,19,2,heteroaryl,O=c1cn[nH]c2cc3c(cc12)OCO3
Ac155,CC(C(=O)O)c1ccc(C(=O)c2ccccc2)s1,260.314,18,4,acyclic_ali,O=C(c1ccccc1)c1cccs1
Ac156,CCCCCCCOc1ccc(C(=O)O)cc1,236.311,17,8,benzoic,c1ccccc1
Ac157,CC(Oc1ccc(Oc2ncc(C(F)(F)F)cc2Cl)cc1)C(=O)O,361.703,24,5,acyclic_ali,c1ccc(Oc2ccccn2)cc1
Ac158,CC(C#N)(CCC(=O)O)SC(=S)c1ccccc1,279.386,18,5,acyclic_ali,c1ccccc1
Ac159,CCC(CCC(C)=O)COC(=O)c1ccccc1C(=O)O,292.331,21,8,benzoic,c1ccccc1
Ac161,O=C(O)C(c1ccccc1)(c1ccccc1)c1ccccc1,288.346,22,4,alpha_quat,c1ccc(C(c2ccccc2)c2ccccc2)cc1
Ac164,O=C(O)c1cccc(S(=O)(=O)Cl)c1,220.633,13,2,benzoic,c1ccccc1
Ac165,CC(Oc1ccc(Oc2nc3ccc(Cl)cc3o2)cc1)C(=O)O,333.727,23,5,acyclic_ali,c1ccc(Oc2nc3ccccc3o2)cc1
Ac166,O=C(O)c1ccc(S(=O)(=O)Cl)cc1,220.633,13,2,benzoic,c1ccccc1
Ac167,O=C(O)/C(=C/c1ccccc1)c1ccccc1,224.259,17,3,other,C(=Cc1ccccc1)c1ccccc1
Ac168,C[C@H]1[C@H](OC(=O)CCC(=O)O)O[C@@H]2O[C@@]3(C)CC[C@H]4[C@H](C)CC[C@@H]1[C@@]24OO3,384.425,27,4,acyclic_ali,C1CC2CCOC3OC4CCC(C1)C23OO4
Ac169,C[C@H](CCC(=O)O)[C@H]1CC[C@H]2[C@@H]3CC[C@@H]4CCCC[C@]4(C)[C@H]3CC[C@]12C,360.582,26,4,acyclic_ali,C1CCC2C(C1)CCC1C3CCCC3CCC21
Ac170,O=C(O)/C=C/c1ccc(C(F)(F)F)cc1,216.158,15,2,other,c1ccccc1
Ac171,CC(C)(C)OC(=O)N1CCCC(C(=O)O)C1,229.276,16,1,cyclic_ali,C1CCNCC1
Ac172,CC1(C)OB(c2ccc(C(=O)O)cc2)OC1(C)C,248.087,18,2,benzoic,c1ccc(B2OCCO2)cc1
Ac173,O=C(O)COc1ccc(C(=O)c2cccs2)c(Cl)c1Cl,331.176,20,5,acyclic_ali,O=C(c1ccccc1)c1cccs1
Ac174,O=C(O)c1ccc(Br)cc1F,219.009,11,1,benzoic,c1ccccc1
Ac175,O=C(O)/C=C/c1ccc(Cn2ccnc2)cc1,228.251,17,4,other,c1ccc(Cn2ccnc2)cc1
Ac176,CC(Oc1ccc(Oc2ccc(C(F)(F)F)cn2)cc1)C(=O)O,327.258,23,5,acyclic_ali,c1ccc(Oc2ccccn2)cc1
Ac181,Cc1cc(SCc2sc(-c3ccc(C(F)(F)F)cc3)nc2C)ccc1OCC(=O)O,453.507,30,7,acyclic_ali,c1ccc(SCc2cnc(-c3ccccc3)s2)cc1
Ac182,O=C(O)c1cc(Br)ccc1Cl,235.464,11,1,benzoic,c1ccccc1
Ac183,CC(C)(C)OC(=O)N1CCC(CC(=O)O)CC1,243.303,17,2,acyclic_ali,C1CCNCC1
Ac184,O=C(O)C(=O)c1ccc(Br)cc1,229.029,12,2,other,c1ccccc1
Ac185,CC(C(=O)O)c1ccc2c(c1)Cc1cccnc1O2,255.273,19,2,acyclic_ali,c1ccc2c(c1)Cc1cccnc1O2
Ac186,CC1=C(CC(=O)O)c2cc(F)ccc2/C1=C\c1ccc(S(C)(=O)=O)cc1,372.417,26,4,acyclic_ali,C1=Cc2ccccc2C1=Cc1ccccc1
Ac187,CC(=O)Oc1cc(C(F)(F)F)ccc1C(=O)O,248.156,17,2,benzoic,c1ccccc1
Ac189,O=C(O)Cc1ccccc1I,262.046,11,2,acyclic_ali,c1ccccc1
Ac191,Cc1cc(Cl)ccc1OCCCC(=O)O,228.675,15,5,acyclic_ali,c1ccccc1
Ac192,CCO[C@@H](Cc1ccc(OCCc2ccc(OS(C)(=O)=O)cc2)cc1)C(=O)O,408.472,28,11,acyclic_ali,c1ccc(CCOc2ccccc2)cc1
Ac193,CCCCC/C=C/C=C1/C(=O)C=C[C@@H]1C/C=C\CCCC(=O)O,316.441,23,11,acyclic_ali,C=C1CC=CC1=O
Ac194,O=C(O)CCN1C(=O)c2ccccc2C1=O,219.196,16,3,acyclic_ali,O=C1NC(=O)c2ccccc21
Ac195,O=C(O)CCc1ccc(Br)cc1,229.073,12,3,acyclic_ali,c1ccccc1
Ac196,Cc1ccc(S(=O)(=O)NCC(=O)O)cc1,229.257,15,4,alpha_amino,c1ccccc1
Ac198,Cc1ccc(/C(=C\CN2CCCC2)c2cccc(/C=C/C(=O)O)n2)cc1,348.446,26,6,other,C(CN1CCCC1)=C(c1ccccc1)c1ccccn1
Ac199,O=C(O)CCSC(c1ccccc1)(c1ccccc1)c1ccccc1,348.467,25,7,acyclic_ali,c1ccc(C(c2ccccc2)c2ccccc2)cc1
Ac201,O=C(O)c1cc(Br)cc(Br)c1,279.915,11,1,benzoic,c1ccccc1
Ac202,O=C(O)c1cc(OCc2ccccc2)c(OCc2ccccc2)c(OCc2ccccc2)c1,440.495,33,10,benzoic,c1ccc(COc2cccc(OCc3ccccc3)c2OCc2ccccc2)cc1
Ac204,O=C(O)Cc1ccc(I)cc1,262.046,11,2,acyclic_ali,c1ccccc1
Ac206,CC(C)(Oc1ccc(C(=O)c2ccc(Cl)cc2)cc1)C(=O)O,318.756,22,5,acyclic_ali,O=C(c1ccccc1)c1ccccc1
Ac207,CC(C(=O)O)c1ccc2c(c1)CC(=O)c1ccccc1S2,298.363,21,2,acyclic_ali,O=C1Cc2ccccc2Sc2ccccc21
Ac208,CC(C)(OCc1nn(Cc2ccccc2)c2ccccc12)C(=O)O,324.38,24,6,acyclic_ali,c1ccc(Cn2ncc3ccccc32)cc1
Ac209,O=C(O)Cc1ccc(CBr)cc1,229.073,12,3,acyclic_ali,c1ccccc1
Ac213,Cc1ccc(I)c(C(=O)O)c1,262.046,11,1,benzoic,c1ccccc1
Ac215,Cc1ccc(C(=O)c2ccccc2C(=O)O)cc1,240.258,18,3,benzoic,O=C(c1ccccc1)c1ccccc1
Ac216,COc1cc(C(=O)O)c([N+](=O)[O-])cc1OC,227.172,16,4,benzoic,c1ccccc1
Ac218,O=C(O)c1ccc(Br)cc1Cl,235.464,11,1,benzoic,c1ccccc1
Ac222,O=C(O)C1CCN(C(=O)OCc2ccccc2)CC1,263.293,19,3,cyclic_ali,O=C(OCc1ccccc1)N1CCCCC1
Ac223,COc1cc(OC)nc(O[C@H](C(=O)O)C(OC)(c2ccccc2)c2ccccc2)n1,410.426,30,9,acyclic_ali,c1ccc(C(COc2ncccn2)c2ccccc2)cc1
Ac224,CCCCCCCCCOc1ccc(C(=O)O)cc1,264.365,19,10,benzoic,c1ccccc1
Ac225,O=C(O)c1ccc(Br)c(F)c1,219.009,11,1,benzoic,c1ccccc1
Ac226,CCCCCCCCCCCCCCOc1ccc(C(=O)O)o1,324.461,23,15,heteroaryl,c1ccoc1
Ac227,O=C(O)c1ccc(F)cc1Br,219.009,11,1,benzoic,c1ccccc1
Ac232,O=C(O)c1c2ccccc2nc2ccccc12,223.231,17,1,aryl_other,c1ccc2nc3ccccc3cc2c1
Ac233,O=C(O)CCC(=O)c1ccc(Br)cc1,257.083,14,4,acyclic_ali,c1ccccc1
Ac234,O=C(O)c1ccc(P(c2ccccc2)c2ccccc2)cc1,306.301,22,4,benzoic,c1ccc(P(c2ccccc2)c2ccccc2)cc1
Ac237,O=C(O)C1c2ccccc2Oc2ccccc21,226.231,17,1,cyclic_ali,c1ccc2c(c1)Cc1ccccc1O2
Ac239,O=C(O)CCCN1C(=O)c2ccccc2C1=O,233.223,17,4,acyclic_ali,O=C1NC(=O)c2ccccc21
Ac240,Cc1ccc(C(=O)O)cc1I,262.046,11,1,benzoic,c1ccccc1
Ac242,O=C(O)CCCOc1ccc([N+](=O)[O-])cc1,225.2,16,6,acyclic_ali,c1ccccc1
Ac243,O=C(O)c1ccccc1C(=O)OC1CCCCC1,248.278,18,3,benzoic,O=C(OC1CCCCC1)c1ccccc1
Ac244,O=C(O)c1ccccc1C(=O)c1ccc(Cl)cc1,260.676,18,3,benzoic,O=C(c1ccccc1)c1ccccc1
Ac246,O=C(O)c1ccc2cc(Br)ccc2c1,251.079,14,1,benzoic,c1ccc2ccccc2c1
Ac247,O=C(O)c1cc(Br)nn1-c1ncccc1Cl,302.515,16,2,heteroaryl,c1ccc(-n2cccn2)nc1
Ac251,COc1cc(CCC(=O)O)cc(OC)c1OC,240.255,17,6,acyclic_ali,c1ccccc1
Ac253,CC(C)(C)c1cc(C(=O)O)cc(C(C)(C)C)c1,234.339,17,1,benzoic,c1ccccc1
Ac254,O=C(O)CCc1ccccc1Br,229.073,12,3,acyclic_ali,c1ccccc1
Ac256,Cc1sc2c(c1C)C(c1ccc(Cl)cc1)=N[C@@H](CC(=O)O)c1nnc(C)n1-2,400.891,27,3,acyclic_ali,c1ccc(C2=NCc3nncn3-c3sccc32)cc1
Ac257,CCCCc1nc(Cl)c(C(=O)O)n1Cc1ccc(-c2ccccc2-c2nnn[nH]2)cc1,436.903,31,8,heteroaryl,c1ccc(-c2nnn[nH]2)c(-c2ccc(Cn3ccnc3)cc2)c1
Ac258,O=C(O)c1cc(Br)ccc1Br,279.915,11,1,benzoic,c1ccccc1
Ac259,O=C(O)Cc1ccc2ccc3cccc4ccc1c2c34,260.292,20,2,acyclic_ali,c1cc2ccc3cccc4ccc(c1)c2c34
Ac261,O=C(O)COc1ccc(Br)cc1,231.045,12,3,acyclic_ali,c1ccccc1
Ac262,COc1cc(Br)c(C(=O)O)cc1OC,261.071,14,3,benzoic,c1ccccc1
Ac263,CC1(C)C=C2[C@H]3CC[C@@H]4[C@@]5(C)CCC(=O)C(C)(C)[C@@H]5CC[C@@]4(C)[C@]3(C)CC[C@@]2(C(=O)O)CC1,454.695,33,1,alpha_quat,O=C1CCC2C(CCC3C4CCC5CCCC=C5C4CCC23)C1
Ac265,O=C(O)/C=C/c1cccc(Br)c1,227.057,12,2,other,c1ccccc1
Ac266,COc1cc(OC)nc(Oc2cccc(Oc3nc(OC)cc(OC)n3)c2C(=O)O)n1,430.373,31,9,benzoic,c1cnc(Oc2cccc(Oc3ncccn3)c2)nc1
Ac267,CC(=O)Oc1ccc2c(c1)Oc1cc(OC(C)=O)ccc1C21OC(=O)c2ccc(C(=O)O)cc21,460.394,34,3,benzoic,O=C1OC2(c3ccccc3Oc3ccccc32)c2ccccc21
Ac268,O=C(O)c1cc([N+](=O)[O-])c(Cl)c([N+](=O)[O-])c1,246.562,16,3,benzoic,c1ccccc1
Ac274,O=C(O)Cc1ccc2c(c1)C(=O)c1ccccc1CO2,268.268,20,2,acyclic_ali,O=C1c2ccccc2COc2ccccc21
Ac276,O=C(O)c1c(Cl)ccc(Cl)c1Cl,225.458,12,1,benzoic,c1ccccc1
Ac277,COc1cc(/C=C/C(=O)O)ccc1OC(C)=O,236.223,17,4,other,c1ccccc1
Ac278,O=C(O)/C=C/c1ccc(Cl)c(Cl)c1,217.051,13,2,other,c1ccccc1
Ac281,O=C(O)c1cccc2c1C(=O)c1ccccc1-2,224.215,17,1,benzoic,O=C1c2ccccc2-c2ccccc21
Ac282,O=C(O)c1cccc(C(=O)c2ccccc2)c1,226.231,17,3,benzoic,O=C(c1ccccc1)c1ccccc1
Ac283,COc1ccc2cc(CC(=O)O)ccc2c1,216.236,16,3,acyclic_ali,c1ccc2ccccc2c1
Ac284,O=C(O)c1ccc(CBr)c([N+](=O)[O-])c1,260.043,14,3,benzoic,c1ccccc1
Ac285,COc1ccc(C(=O)O)cc1Br,231.045,12,2,benzoic,c1ccccc1
Ac287,COc1ccc2cc(C(=O)O)c(=O)oc2c1,220.18,16,2,aryl_other,O=c1ccc2ccccc2o1
Ac288,O=C(O)C#Cc1ccc(Br)cc1,225.041,12,0,other,c1ccccc1
Ac289,O=C(O)c1cc(F)ccc1Br,219.009,11,1,benzoic,c1ccccc1
Ac290,O=C(O)CCc1ccc(C(F)(F)F)cc1,218.174,15,3,acyclic_ali,c1ccccc1
Ac291,O=C(O)CC(c1ccccc1)(c1ccccc1)c1ccccc1,302.373,23,5,acyclic_ali,c1ccc(C(c2ccccc2)c2ccccc2)cc1
Ac292,O=C(O)c1cc([N+](=O)[O-])ccc1Br,246.016,13,2,benzoic,c1ccccc1
Ac293,O=C(O)c1ccc(Br)cc1[N+](=O)[O-],246.016,13,2,benzoic,c1ccccc1
Ac294,CC(=O)Oc1cc(C(=O)O)cc(OC(C)=O)c1OC(C)=O,296.231,21,4,benzoic,c1ccccc1
Ac295,C[C@]12CC[C@H]3[C@@H](CCC4=CC(=O)CC[C@@]43C)[C@@H]1CC[C@@H]2C(=O)O,316.441,23,1,cyclic_ali,O=C1C=C2CCC3C4CCCC4CCC3C2CC1
Ac296,O=C(O)C(=O)c1ccc(C(F)(F)F)cc1,218.13,15,2,other,c1ccccc1
Ac297,O=C(O)c1ccc2ccccc2c1Br,251.079,14,1,benzoic,c1ccc2ccccc2c1
Ac298,CSc1ccc(/C=C2/C(C)=C(CC(=O)O)c3cc(F)ccc32)cc1,340.419,24,4,acyclic_ali,C1=Cc2ccccc2C1=Cc1ccccc1
Ac300,COc1ccc(Br)cc1C(=O)O,231.045,12,2,benzoic,c1ccccc1
Ac302,O=C(O)c1cccc([N+](=O)[O-])c1Br,246.016,13,2,benzoic,c1ccccc1
Ac303,O=C(O)c1ccc(OCCn2ccnc2)cc1,232.239,17,5,benzoic,c1ccc(OCCn2ccnc2)cc1
Ac304,C=CC(=O)OCCCCCCOc1ccc(C(=O)O)cc1,292.331,21,10,benzoic,c1ccccc1
Ac306,O=C(O)c1ccc(Cl)cc1I,282.464,11,1,benzoic,c1ccccc1
Ac307,CCCCCCCCc1ccc(C(=O)O)cc1,234.339,17,8,benzoic,c1ccccc1
Ac309,CCCCCCCc1ccc(C(=O)O)cc1,220.312,16,7,benzoic,c1ccccc1
Ac311,O=C(O)/C=C/c1cccc(C(F)(F)F)c1,216.158,15,2,other,c1ccccc1
Ac313,O=C(O)COc1ccc(Cl)c(Cl)c1,221.039,13,3,acyclic_ali,c1ccccc1
Ac314,O=C(O)c1ccc(Cl)c(C(F)(F)F)c1,224.565,14,1,benzoic,c1ccccc1
Ac316,O=C(O)c1cc(Br)ccc1I,326.915,11,1,benzoic,c1ccccc1
Ac317,O=C(O)c1cc(Br)ccc1F,219.009,11,1,benzoic,c1ccccc1
Ac319,O=C(O)c1cc2cc(Br)ccc2oc1=O,269.05,15,1,aryl_other,O=c1ccc2ccccc2o1
Ac320,O=C(O)c1cccc(OCc2ccccc2)c1OCc1ccccc1,334.371,25,7,benzoic,c1ccc(COc2ccccc2OCc2ccccc2)cc1
Ac321,O=C(O)c1cccc2c1-c1ccccc1C2=O,224.215,17,1,benzoic,O=C1c2ccccc2-c2ccccc21
Ac324,COC(C(=O)O)(c1ccccc1)C(F)(F)F,234.173,16,3,acyclic_ali,c1ccccc1
Ac325,O=C(O)c1cc(Cl)ccc1I,282.464,11,1,benzoic,c1ccccc1
Ac327,O=C(O)c1cc(Cl)ccc1Br,235.464,11,1,benzoic,c1ccccc1
Ac329,CC(C)(C)OC(=O)N1CCC(C)(C(=O)O)CC1,243.303,17,1,alpha_quat,C1CCNCC1
Ac330,O=C(O)c1cc([N+](=O)[O-])cc(C(F)(F)F)c1,235.117,16,2,benzoic,c1ccccc1
Ac331,O=C(O)CSC(c1ccccc1)(c1ccccc1)c1ccccc1,334.44,24,6,acyclic_ali,c1ccc(C(c2ccccc2)c2ccccc2)cc1
Ac334,O=C(O)c1cc2ccccc2c2ccccc12,222.243,17,1,benzoic,c1ccc2c(c1)ccc1ccccc12
Ac335,CS(=O)(=O)c1ccc(C(=O)O)c([N+](=O)[O-])c1,245.212,16,3,benzoic,c1ccccc1
Ac336,CC(C)c1cc(C(C)C)c(C(=O)O)c(C(C)C)c1,248.366,18,4,benzoic,c1ccccc1
Ac339,O=C(O)/C=C/c1ccccc1Br,227.057,12,2,other,c1ccccc1
Ac340,COc1ccc(C(=O)c2ccccc2C(=O)O)cc1,256.257,19,4,benzoic,O=C(c1ccccc1)c1ccccc1
Ac341,O=C(O)Cc1cc(C(F)(F)F)cc(C(F)(F)F)c1,272.144,18,2,acyclic_ali,c1ccccc1
Ac343,O=C(O)c1cc([N+](=O)[O-])cc([N+](=O)[O-])c1Cl,246.562,16,3,benzoic,c1ccccc1
Ac346,O=C(O)Cc1ccc([N+](=O)[O-])cc1[N+](=O)[O-],226.144,16,4,acyclic_ali,c1ccccc1
Ac347,O=C(O)C(Br)C(Br)c1ccccc1,307.969,13,3,acyclic_ali,c1ccccc1
Ac348,CC(=O)Oc1ccc2c(c1)Oc1cc(OC(C)=O)ccc1C21OC(=O)c2cc(C(=O)O)ccc21,460.394,34,3,benzoic,O=C1OC2(c3ccccc3Oc3ccccc32)c2ccccc21
Ac349,O=C(O)c1cc(F)ccc1I,266.009,11,1,benzoic,c1ccccc1
Ac350,CC1=C(C)C(=O)C(C(CCCCCC(=O)O)c2ccccc2)=C(C)C1=O,354.446,26,8,acyclic_ali,O=C1C=CC(=O)C(Cc2ccccc2)=C1
Ac351,CC(C)(C(=O)O)c1ccc(C(=O)CCCN2CCC(OC(c3ccccc3)c3ccccc3)CC2)cc1,499.651,37,11,alpha_quat,O=C(CCCN1CCC(OC(c2ccccc2)c2ccccc2)CC1)c1ccccc1
Ac352,CC1(C)CC[C@]2(C(=O)O)CC[C@]3(C)[C@H](C(=O)C=C4[C@@]5(C)C=C(C#N)C(=O)C(C)(C)[C@@H]5CC[C@]43C)[C@@H]2C1,491.672,36,1,alpha_quat,O=C1C=CC2C3=CC(=O)C4C5CCCCC5CCC4C3CCC2C1
Ac353,O=C(O)c1cc(Br)cc(I)c1,326.915,11,1,benzoic,c1ccccc1
Ac354,Cc1cc2c(cc1C1(c3ccc(C(=O)O)cn3)CC1)C(C)(C)CCC2(C)C,363.501,27,3,aryl_other,c1ccc(C2(c3ccc4c(c3)CCCC4)CC2)nc1
Ac355,O=C(O)c1ccc2c(c1)C(=O)c1ccccc1-2,224.215,17,1,benzoic,O=C1c2ccccc2-c2ccccc21
Ac356,O=C(O)c1ccc(Cl)cc1Br,235.464,11,1,benzoic,c1ccccc1
Ac357,CS(=O)(=O)c1ccc(C(=O)O)c(Cl)c1,234.66,14,2,benzoic,c1ccccc1
Ac358,O=C(O)C(c1ccccc1)C1CCCCC1,218.296,16,3,acyclic_ali,c1ccc(CC2CCCCC2)cc1
Ac360,O=C(O)C1(c2ccc3c(c2)OC(F)(F)O3)CC1,242.177,17,2,alpha_quat,c1cc2c(cc1C1CC1)OCO2
Ac362,O=C(O)c1ccc(C(F)(F)F)cc1[N+](=O)[O-],235.117,16,2,benzoic,c1ccccc1
Ac365,COc1ccc(C(=O)CCC(=O)O)cc1OC,238.239,17,6,acyclic_ali,c1ccccc1
Ac372,O=C(O)c1ccc(F)c(Br)c1,219.009,11,1,benzoic,c1ccccc1
Ac373,Cc1cc(SCc2sc(-c3ccc(C(F)(F)F)c(F)c3)nc2C)ccc1OCC(=O)O,471.497,31,7,acyclic_ali,c1ccc(SCc2cnc(-c3ccccc3)s2)cc1
Ac374,O=C(O)CCC(=O)c1ccc2ccccc2c1,228.247,17,4,acyclic_ali,c1ccc2ccccc2c1
Ac375,C[C@@H](Oc1ccc(Oc2cnc3cc(Cl)ccc3n2)cc1)C(=O)O,344.754,24,5,acyclic_ali,c1ccc(Oc2cnc3ccccc3n2)cc1
Ac376,O=C(O)Cc1sc(-c2ccccc2)nc1-c1ccc(Cl)cc1,329.808,22,4,acyclic_ali,c1ccc(-c2csc(-c3ccccc3)n2)cc1
Ac381,O=C(O)c1c(Cl)cc(Cl)cc1Cl,225.458,12,1,benzoic,c1ccccc1
Ac384,O=C(O)CCCCCN1C(=O)c2ccccc2C1=O,261.277,19,6,acyclic_ali,O=C1NC(=O)c2ccccc21
Ac385,O=C(O)/C=C/c1ccc(Cl)cc1Cl,217.051,13,2,other,c1ccccc1
Ac386,O=C(O)c1cc(Br)cc([N+](=O)[O-])c1,246.016,13,2,benzoic,c1ccccc1
Ac387,Cc1cccc(C(=O)O)c1I,262.046,11,1,benzoic,c1ccccc1
Ac388,O=C(O)c1ccccc1OP(=O)(O)O,218.101,14,3,benzoic,c1ccccc1
Ac389,O=C(O)c1c(F)cc(Br)cc1F,236.999,12,1,benzoic,c1ccccc1
Ac392,O=C(O)Cc1c(Cl)ccc(Cl)c1Cl,239.485,13,2,acyclic_ali,c1ccccc1
Ac394,CO[C@H]([C@@H](C)C(=O)O)[C@@H]1CCCN1C(=O)OC(C)(C)C,287.356,20,4,acyclic_ali,C1CCNC1
Ac395,CC(C)=CCC/C(C)=C/CC/C(C)=C/CSc1ccccc1C(=O)O,358.547,25,10,benzoic,c1ccccc1
Ac396,CC1(C)OB(c2cccc(C(=O)O)c2)OC1(C)C,248.087,18,2,benzoic,c1ccc(B2OCCO2)cc1
Ac398,O=C(O)c1ccc(/N=N/c2ccccc2)cc1,226.235,17,3,benzoic,c1ccc(N=Nc2ccccc2)cc1
Ac399,Cc1c([N+](=O)[O-])cc(C(=O)O)cc1[N+](=O)[O-],226.144,16,3,benzoic,c1ccccc1
Ac400,CCCCCCCCCCCOc1ccc(C(=O)O)cc1,292.419,21,12,benzoic,c1ccccc1
Ac401,O=C(O)c1cc2cc([N+](=O)[O-])ccc2oc1=O,235.151,17,2,aryl_other,O=c1ccc2ccccc2o1
Ac403,O=C(O)c1ccc(Br)c(Cl)c1,235.464,11,1,benzoic,c1ccccc1
Ac404,O=C(O)C(=O)c1cccc(Br)c1,229.029,12,2,other,c1ccccc1
Ac405,COC(=O)c1cc(C(=O)O)cc([N+](=O)[O-])c1,225.156,16,3,benzoic,c1ccccc1
Ac406,O=C(O)c1ccc(Br)c2ccccc12,251.079,14,1,benzoic,c1ccc2ccccc2c1
Ac408,O=C(O)CCCC(=O)OCc1ccccc1,222.24,16,6,acyclic_ali,c1ccccc1
Ac410,COc1cccc2cc(C(=O)O)c(=O)oc12,220.18,16,2,aryl_other,O=c1ccc2ccccc2o1
Ac413,COc1ccc(-c2noc(CC(=O)O)c2-c2ccc(OC)cc2)cc1,339.347,25,6,acyclic_ali,c1ccc(-c2conc2-c2ccccc2)cc1
Ac414,O=C(O)c1cc2cc(Cl)ccc2oc1=O,224.599,15,1,aryl_other,O=c1ccc2ccccc2o1
Ac415,O=C(O)c1cccc2c(Br)cccc12,251.079,14,1,benzoic,c1ccc2ccccc2c1
Ac418,COc1ccc(CCCC(=O)O)cc1OC,224.256,16,6,acyclic_ali,c1ccccc1
Ac420,O=C(O)C(Br)Cc1ccccc1,229.073,12,3,acyclic_ali,c1ccccc1
Ac422,O=C(O)c1ccccc1Sc1ccccc1,230.288,16,3,benzoic,c1ccc(Sc2ccccc2)cc1
Ac423,O=C(O)COc1ccc(I)cc1,278.045,12,3,acyclic_ali,c1ccccc1
Ac424,O=C(O)c1ccc([N+](=O)[O-])cc1Br,246.016,13,2,benzoic,c1ccccc1
Ac425,CCCCCCOC(=O)c1ccccc1C(=O)O,250.294,18,7,benzoic,c1ccccc1
Ac426,O=C(O)c1cc(Br)cnc1Cl,236.452,11,1,aryl_other,c1ccncc1
Ac428,O=C(O)C(Cc1ccccc1)Cc1ccccc1,240.302,18,5,acyclic_ali,c1ccc(CCCc2ccccc2)cc1
Ac429,O=C(O)CSc1ccc(Br)cc1,247.113,12,3,acyclic_ali,c1ccccc1
Ac430,O=C(O)c1ccc(Br)c([N+](=O)[O-])c1,246.016,13,2,benzoic,c1ccccc1
Ac432,COc1ccc(I)c(C(=O)O)c1,278.045,12,2,benzoic,c1ccccc1
Ac433,O=C(O)CCc1cccc(C(F)(F)F)c1,218.174,15,3,acyclic_ali,c1ccccc1
Ac434,CC(C)Oc1ccc2c(=O)c3cc(C(=O)O)ccc3oc2c1,298.294,22,3,benzoic,O=c1c2ccccc2oc2ccccc12
Ac437,CC1=C(C)C(=O)C(C(C)(C)CC(=O)O)=C(C)C1=O,250.294,18,3,acyclic_ali,O=C1C=CC(=O)C=C1
Ac438,O=C(O)c1cccc(Br)c1F,219.009,11,1,benzoic,c1ccccc1
Ac440,O=C(CC(C(=O)O)c1ccccc1)c1ccccc1,254.285,19,5,acyclic_ali,O=C(CCc1ccccc1)c1ccccc1
Ac441,O=C(O)COc1c(Cl)cc(Cl)cc1Cl,255.484,14,3,acyclic_ali,c1ccccc1
Ac445,COc1cc(I)c(C(=O)O)cc1OC,308.071,14,3,benzoic,c1ccccc1
Ac446,CC(C)(C)OC(=O)N1CCC(CCC(=O)O)CC1,257.33,18,3,acyclic_ali,C1CCNCC1
Ac448,O=C(O)CCSC(=S)SCc1ccccc1,272.416,16,5,acyclic_ali,c1ccccc1
Ac449,O=C(O)c1ccc(-c2ccc(Cl)cc2)o1,222.627,15,2,heteroaryl,c1ccc(-c2ccco2)cc1
Ac450,COc1ccc2c(CC(=O)O)cc(=O)oc2c1,234.207,17,3,acyclic_ali,O=c1ccc2ccccc2o1
Ac451,O=C(O)CCc1ccc(I)cc1,276.073,12,3,acyclic_ali,c1ccccc1
Ac452,O=C(O)c1ccc(C2(C(F)(F)F)N=N2)cc1,230.145,16,2,benzoic,c1ccc(C2N=N2)cc1
Ac453,O=C(O)c1cc(I)ccc1Cl,282.464,11,1,benzoic,c1ccccc1
Ac454,O=C(O)c1c(F)cccc1Br,219.009,11,1,benzoic,c1ccccc1
Ac456,O=C(O)C1CCN(C(=O)c2ccccc2)CC1,233.267,17,2,cyclic_ali,O=C(c1ccccc1)N1CCCCC1
Ac458,O=C(O)c1ccc(Cl)c(Br)c1,235.464,11,1,benzoic,c1ccccc1
Ac460,O=C(O)C(C1CCCCC1)C1CCCCC1,224.344,16,3,acyclic_ali,C1CCC(CC2CCCCC2)CC1
Ac461,Cc1c(C(=O)O)nn(-c2ccc(Cl)cc2Cl)c1-c1ccc(Cl)cc1,381.646,24,3,heteroaryl,c1ccc(-c2ccnn2-c2ccccc2)cc1
Ac462,O=C(O)Cc1c(F)c(F)c(F)c(F)c1F,226.1,15,2,acyclic_ali,c1ccccc1
Ac463,COc1cc(C(=O)O)ccc1Br,231.045,12,2,benzoic,c1ccccc1
Ac464,O=C(O)c1cccc2cccc(Br)c12,251.079,14,1,benzoic,c1ccc2ccccc2c1
Ac466,C=C(C)C(=O)OCCOC(=O)c1ccccc1C(=O)O,278.26,20,6,benzoic,c1ccccc1
Ac468,O=C(O)CCCCCCCc1ccccc1,220.312,16,8,acyclic_ali,c1ccccc1
Ac469,Cc1ccc(S(=O)(=O)NC(C)C(=O)O)cc1,243.284,16,4,alpha_amino,c1ccccc1
Ac470,CCOC(=O)C(Cc1ccccc1)C(=O)O,222.24,16,5,acyclic_ali,c1ccccc1
Ac471,O=C(O)Cc1cccc(I)c1,262.046,11,2,acyclic_ali,c1ccccc1
Ac472,O=C(O)c1c(F)cccc1I,266.009,11,1,benzoic,c1ccccc1
Ac474,O=C(O)c1cc(F)c(F)cc1Br,236.999,12,1,benzoic,c1ccccc1
Ac475,O=C(O)CCc1cccc(Br)c1,229.073,12,3,acyclic_ali,c1ccccc1
Ac476,O=C(O)CCCCC(=O)OCc1ccccc1,236.267,17,7,acyclic_ali,c1ccccc1
Ac477,O=C(O)c1ccc(OCc2ccccc2)c(OCc2ccccc2)c1,334.371,25,7,benzoic,c1ccc(COc2ccccc2OCc2ccccc2)cc1
Ac479,COc1cc(C(=O)O)cc(OC)c1OC(C)=O,240.211,17,4,benzoic,c1ccccc1
Ac481,O=C(O)c1ccc(C(F)(F)F)nc1Cl,225.553,14,1,aryl_other,c1ccncc1
Ac482,O=C(O)c1cc(F)cc(Br)c1,219.009,11,1,benzoic,c1ccccc1
Ac483,O=C(O)c1cc2c(c3c1c([N+](=O)[O-])cc1ccccc13)OCO2,311.249,23,2,benzoic,c1ccc2c(c1)ccc1ccc3c(c12)OCO3
Ac485,CCS(=O)(=O)c1ccc(CC(=O)O)cc1,228.269,15,4,acyclic_ali,c1ccccc1
Ac487,O=C(O)c1cc(C(F)(F)F)ccc1Cl,224.565,14,1,benzoic,c1ccccc1
Ac488,O=C(O)CCCc1ccc(I)cc1,290.1,13,4,acyclic_ali,c1ccccc1
Ac490,O=C(O)c1cc([N+](=O)[O-])ccc1I,293.016,13,2,benzoic,c1ccccc1
Ac491,O=C(O)c1ccc(Br)cc1Br,279.915,11,1,benzoic,c1ccccc1
Ac492,Cc1c(C(=O)O)cc([N+](=O)[O-])cc1[N+](=O)[O-],226.144,16,3,benzoic,c1ccccc1
Ac493,COc1ccc(C(=O)O)c(Br)c1,231.045,12,2,benzoic,c1ccccc1
Ac496,O=C(O)c1cc(C(F)(F)F)ccc1Br,269.016,14,1,benzoic,c1ccccc1
Ac497,COc1ccc(C(=O)O)c(I)c1,278.045,12,2,benzoic,c1ccccc1
Ac498,CC(=O)Oc1ccc(C(=O)O)cc1OC(C)=O,238.195,17,3,benzoic,c1ccccc1
Ac499,O=C(O)c1ccc(-c2ccc([N+](=O)[O-])cc2)o1,233.179,17,3,heteroaryl,c1ccc(-c2ccco2)cc1
Ac500,O=C(O)Cc1csc(-c2ccc(Cl)cc2)n1,253.71,16,3,acyclic_ali,c1ccc(-c2nccs2)cc1
Ac501,O=C(O)COc1nn(Cc2ccccc2)c2ccccc12,282.299,21,5,acyclic_ali,c1ccc(Cn2ncc3ccccc32)cc1
Ac502,O=C(O)CS(=O)(=O)c1ccc(Cl)cc1,234.66,14,3,acyclic_ali,c1ccccc1
Ac503,O=C(O)C(=O)c1ccccc1Br,229.029,12,2,other,c1ccccc1
Ac504,CC(C)N(CCCCOCC(=O)O)c1cnc(-c2ccccc2)c(-c2ccccc2)n1,419.525,31,11,acyclic_ali,c1ccc(-c2nccnc2-c2ccccc2)cc1
Ac507,C=C[C@]1(C)C=C2CC[C@H]3[C@@](C)(CCC[C@@]3(C)C(=O)O)[C@@H]2CC1,302.458,22,2,alpha_quat,C1=C2CCC3CCCCC3C2CCC1
Ac508,COc1cc(OC)c(OC)cc1/C=C/C(=O)O,238.239,17,5,other,c1ccccc1
Ac509,O=C(O)c1cc(Br)cc(C(F)(F)F)c1,269.016,14,1,benzoic,c1ccccc1
Ac510,O=C(O)c1cc(Br)c(Br)o1,269.876,10,1,heteroaryl,c1ccoc1
Ac511,O=C(O)CSc1nc2ccccc2s1,225.294,14,3,acyclic_ali,c1ccc2scnc2c1
Ac514,O=C(O)COc1cccc(Cl)c1Cl,221.039,13,3,acyclic_ali,c1ccccc1
Ac517,O=C(O)c1ccc(C(=O)CBr)cc1,243.056,13,3,benzoic,c1ccccc1
Ac518,O=C(O)c1cc(I)cc(I)c1,373.915,11,1,benzoic,c1ccccc1
Ac519,COc1ccc(C(=O)O)cc1I,278.045,12,2,benzoic,c1ccccc1
Ac520,COc1ccc(CC(=O)O)cc1Br,245.072,13,3,acyclic_ali,c1ccccc1
Ac521,COc1cc(Br)ccc1C(=O)O,231.045,12,2,benzoic,c1ccccc1
Ac523,O=C(O)c1cnc(Cl)c(Br)c1,236.452,11,1,aryl_other,c1ccncc1
Ac524,O=C(O)c1ccccc1C(=O)c1ccc(F)cc1,244.221,18,3,benzoic,O=C(c1ccccc1)c1ccccc1
Ac525,COc1cc(Br)c(CC(=O)O)cc1OC,275.098,15,4,acyclic_ali,c1ccccc1
Ac526,Cc1ccc(S(=O)(=O)NCCC(=O)O)cc1,243.284,16,5,acyclic_ali,c1ccccc1
Ac527,CC(C)(C)[Si](OCC(=O)O)(c1ccccc1)c1ccccc1,314.457,22,5,acyclic_ali,c1ccc([SiH2]c2ccccc2)cc1
Ac530,O=C(O)c1ncc(C(F)(F)F)cc1Cl,225.553,14,1,heteroaryl,c1ccncc1
Ac531,O=C(O)c1ccc(CCBr)cc1,229.073,12,3,benzoic,c1ccccc1
Ac533,CSc1ncc(Br)c(C(=O)O)n1,249.089,12,2,heteroaryl,c1cncnc1
Ac535,O=C(O)C1CC(=O)N(Cc2ccccc2)C1,219.24,16,3,cyclic_ali,O=C1CCCN1Cc1ccccc1
Ac537,O=C(O)c1cc(F)c(Br)cc1F,236.999,12,1,benzoic,c1ccccc1
Ac538,O=C(O)c1c(Cl)ccc([N+](=O)[O-])c1Cl,236.01,14,2,benzoic,c1ccccc1
Ac539,CC(C(=O)O)c1ccc(Br)cc1,229.073,12,2,acyclic_ali,c1ccccc1
Ac542,CC(=O)Oc1cc(OC(C)=O)cc(C(=O)O)c1,238.195,17,3,benzoic,c1ccccc1
Ac544,CC(C)(C)OC(=O)N1CCC(C(=O)O)(c2ccccc2)CC1,305.374,22,2,alpha_quat,c1ccc(C2CCNCC2)cc1
Ac545,O=C(O)[C@@H](c1ccc(OCc2ccc3ccccc3n2)cc1)C1CCCC1,361.441,27,6,acyclic_ali,c1ccc2nc(COc3ccc(CC4CCCC4)cc3)ccc2c1
Ac549,O=C(O)c1cc(Br)nc(Br)c1,280.903,11,1,aryl_other,c1ccncc1
Ac550,O=C(O)CP(c1ccccc1)c1ccccc1,244.23,17,4,acyclic_ali,c1ccc(Pc2ccccc2)cc1
Ac551,O=C(O)c1c(Cl)c(Cl)c(Cl)c(Cl)c1Cl,294.348,14,1,benzoic,c1ccccc1
Ac554,O=C(O)CCc1ccc(Cl)c(Cl)c1,219.067,13,3,acyclic_ali,c1ccccc1
Ac555,O=C(O)c1ccccc1C(=O)c1ccc(Br)cc1,305.127,18,3,benzoic,O=C(c1ccccc1)c1ccccc1
Ac556,O=C(O)/C=C/c1ccccc1C(F)(F)F,216.158,15,2,other,c1ccccc1
Ac559,O=C(O)c1cc(I)ccc1F,266.009,11,1,benzoic,c1ccccc1
Ac562,NS(=O)(=O)c1cc(C(=O)O)ccc1Cl,235.648,14,2,benzoic,c1ccccc1
Ac563,COc1ccc(S(N)(=O)=O)cc1C(=O)O,231.229,15,3,benzoic,c1ccccc1
Ac564,O=C(O)c1ccccc1SCc1ccccc1,244.315,17,4,benzoic,c1ccc(CSc2ccccc2)cc1
Ac566,COc1ccc(/C=C/C(=O)O)c(OC)c1OC,238.239,17,5,other,c1ccccc1
Ac567,O=C(O)c1cc(Br)sc1Br,285.944,10,1,aryl_other,c1ccsc1
Ac568,O=C(O)c1cc2cc([N+](=O)[O-])ccc2s1,223.209,15,2,heteroaryl,c1ccc2sccc2c1
Ac569,O=C(O)CCCCN1C(=O)c2ccccc2C1=O,247.25,18,5,acyclic_ali,O=C1NC(=O)c2ccccc21
Ac570,O=C(O)c1ccc(-c2ccccc2Cl)o1,222.627,15,2,heteroaryl,c1ccc(-c2ccco2)cc1
Ac573,O=C(O)C1CN(C(=O)OCc2ccccc2)C1,235.239,17,3,cyclic_ali,O=C(OCc1ccccc1)N1CCC1
Ac574,O=C(O)C1CCN(Cc2ccccc2)CC1,219.284,16,3,cyclic_ali,c1ccc(CN2CCCCC2)cc1
Ac575,O=C(O)CCC(=O)c1cccc2ccccc12,228.247,17,4,acyclic_ali,c1ccc2ccccc2c1
Ac576,O=C(O)CCC(=O)c1ccc(Cl)c(Cl)c1,247.077,15,4,acyclic_ali,c1ccccc1
Ac578,O=C(O)CP(=O)(c1ccccc1)c1ccccc1,260.229,18,4,acyclic_ali,O=[PH](c1ccccc1)c1ccccc1
Ac579,O=C(O)C1CCN(C(=O)OCC2c3ccccc3-c3ccccc32)CC1,351.402,26,3,cyclic_ali,O=C(OCC1c2ccccc2-c2ccccc21)N1CCCCC1
Ac580,CC(C)(C)OC(=O)N1CCc2cc(C(=O)O)ccc2C1,277.32,20,1,benzoic,c1ccc2c(c1)CCNC2
Ac582,NS(=O)(=O)c1cc(C(=O)O)c(Cl)cc1Cl,270.093,15,2,benzoic,c1ccccc1
Ac583,Cc1ccc(I)cc1C(=O)O,262.046,11,1,benzoic,c1ccccc1
Ac584,CC12CCC(C(C(=O)C(=O)O)C1=O)C2(C)C,224.256,16,2,other,O=C1CC2CCC1C2
Ac586,O=C(O)c1ccc(-c2noc(C(F)(F)F)n2)cc1,258.155,18,2,benzoic,c1ccc(-c2ncon2)cc1
Ac587,CC/C(=C(/c1ccc(/C=C/C(=O)O)cc1)c1ccc2[nH]ncc2c1)c1ccc(F)cc1Cl,446.909,32,6,other,C(=C(c1ccccc1)c1ccc2[nH]ncc2c1)c1ccccc1
Ac589,N#CC(C(=O)O)=C(c1ccccc1)c1ccccc1,249.269,19,3,other,C=C(c1ccccc1)c1ccccc1
Ac590,COC(=O)c1ccc(C(=O)O)cc1[N+](=O)[O-],225.156,16,3,benzoic,c1ccccc1
Ac593,Cc1cccc(I)c1C(=O)O,262.046,11,1,benzoic,c1ccccc1
Ac594,CCOc1cc(C(=O)O)cc(OCC)c1OCC,254.282,18,7,benzoic,c1ccccc1
Ac595,O=C(O)c1ccc(SC(F)(F)F)cc1,222.187,14,2,benzoic,c1ccccc1
Ac596,O=C(O)CCCCC(CCSCc1ccccc1)SCc1ccccc1,388.598,26,13,acyclic_ali,c1ccc(CSCCCSCc2ccccc2)cc1
Ac597,O=C(O)c1cc([N+](=O)[O-])c(F)cc1Cl,219.555,14,2,benzoic,c1ccccc1
Ac598,O=C(O)Cc1cncc(Br)c1,216.034,11,2,acyclic_ali,c1ccncc1
Ac600,CC(=O)Oc1ccc(C(=O)O)c(OC(C)=O)c1,238.195,17,3,benzoic,c1ccccc1
Ac601,O=C(O)c1ccc(F)cc1I,266.009,11,1,benzoic,c1ccccc1
Ac602,CCC(C(=O)O)c1ccc(CC(C)C)cc1,220.312,16,5,acyclic_ali,c1ccccc1
Ac604,CC(C(=O)O)c1ccc(C2CCCCC2)c2ccccc12,282.383,21,3,acyclic_ali,c1ccc2c(C3CCCCC3)cccc2c1
Ac605,Cc1ccc(C2=CCC(C)(C)c3ccc(C#Cc4ccc(C(=O)O)cc4)cc32)cc1,392.498,30,2,benzoic,C(#Cc1ccc2c(c1)C(c1ccccc1)=CCC2)c1ccccc1
Ac606,Cc1nc(Br)sc1C(=O)O,222.063,10,1,heteroaryl,c1cscn1
Ac607,Cc1cc(=O)oc2cc(OCC(=O)O)ccc12,234.207,17,3,acyclic_ali,O=c1ccc2ccccc2o1
Ac610,O=C(O)c1cc(I)ccc1I,373.915,11,1,benzoic,c1ccccc1
Ac611,O=C(O)c1ccc(Cl)c(S(=O)(=O)Cl)c1,255.078,14,2,benzoic,c1ccccc1
Ac612,O=C(O)c1cc([N+](=O)[O-])cc2ccccc12,217.18,16,2,benzoic,c1ccc2ccccc2c1
Ac613,CC(C)(C)OC(=O)c1ccc(C(=O)O)cc1,222.24,16,2,benzoic,c1ccccc1
Ac614,O=C(O)c1cc(Br)ccc1[N+](=O)[O-],246.016,13,2,benzoic,c1ccccc1
Ac616,CCCCOc1ccc(/C=C/C(=O)O)cc1,220.268,16,6,other,c1ccccc1
Ac619,Cc1c(-c2ccccc2)oc2c(C(=O)O)cccc2c1=O,280.279,21,2,benzoic,O=c1cc(-c2ccccc2)oc2ccccc12
Ac621,O=C(O)c1ccc(/C=C/c2ccccc2)cc1,224.259,17,3,benzoic,C(=Cc1ccccc1)c1ccccc1
Ac622,O=C(O)c1c(C(F)(F)F)cccc1C(F)(F)F,258.117,17,1,benzoic,c1ccccc1
Ac623,O=C(O)Cc1ccc(F)cc1Br,233.036,12,2,acyclic_ali,c1ccccc1
Ac624,O=C(O)c1ccc(Br)c(Br)c1,279.915,11,1,benzoic,c1ccccc1
Ac625,Cc1c(I)cccc1C(=O)O,262.046,11,1,benzoic,c1ccccc1
Ac626,COc1ccc(Br)c(OC)c1C(=O)O,261.071,14,3,benzoic,c1ccccc1
Ac628,O=C(O)c1ccc(C(F)(F)F)cc1Br,269.016,14,1,benzoic,c1ccccc1
Ac629,CC(C(=O)O)c1ccc(CBr)cc1,243.1,13,3,acyclic_ali,c1ccccc1
Ac631,O=C(O)c1ccc(Sc2ccccc2)cc1,230.288,16,3,benzoic,c1ccc(Sc2ccccc2)cc1
Ac632,Cc1cc(C(=O)O)ccc1I,262.046,11,1,benzoic,c1ccccc1
Ac633,COc1cc(C(=O)O)cc(OC)c1Br,261.071,14,3,benzoic,c1ccccc1
Ac634,CC(=O)Oc1ccc(Br)cc1C(=O)O,259.055,14,2,benzoic,c1ccccc1
Ac637,O=C(O)Cc1ccc(Br)cc1F,233.036,12,2,acyclic_ali,c1ccccc1
Ac638,Cc1c(C(=O)O)cc(Br)cc1[N+](=O)[O-],260.043,14,2,benzoic,c1ccccc1
Ac640,O=C(O)c1c(Br)cccc1Br,279.915,11,1,benzoic,c1ccccc1
Ac641,O=C(O)c1ccc(I)c([N+](=O)[O-])c1,293.016,13,2,benzoic,c1ccccc1
Ac642,O=C(O)C(Br)c1ccc(Cl)cc1,249.491,12,2,acyclic_ali,c1ccccc1
Ac644,O=C(O)c1ccc(S(=O)(=O)c2ccccc2)cc1,262.286,18,3,benzoic,O=S(=O)(c1ccccc1)c1ccccc1
Ac645,COc1ccc(OC)c(C(=O)CCC(=O)O)c1,238.239,17,6,acyclic_ali,c1ccccc1
Ac647,CC1=C2[C@H](/C=C(\C)C(=O)O)CC[C@@H](C)[C@H]2CC1,234.339,17,2,other,C1=C2CCCCC2CC1
Ac648,CCCCCCCCOc1ccc(/C=C/C(=O)O)cc1,276.376,20,10,other,c1ccccc1
Ac653,O=C(O)/C=C/c1ccc(OC(F)(F)F)cc1,232.157,16,3,other,c1ccccc1
Ac654,O=C(O)c1ccc2c(c1)OCCOCCOCCOCCO2,312.318,22,1,benzoic,c1ccc2c(c1)OCCOCCOCCOCCO2
Ac655,O=C(O)C1(c2ccc(Cl)cc2)CCCC1,224.687,15,2,alpha_quat,c1ccc(C2CCCC2)cc1
Ac657,O=C(O)COc1c(Cl)cccc1Cl,221.039,13,3,acyclic_ali,c1ccccc1
Ac658,O=C(O)C1c2ccccc2Cc2ccccc21,224.259,17,1,cyclic_ali,c1ccc2c(c1)Cc1ccccc1C2
Ac659,O=C(O)CSc1ccc2ccccc2c1,218.277,15,3,acyclic_ali,c1ccc2ccccc2c1
Ac661,O=C(O)c1ccc2c(Br)cccc2c1,251.079,14,1,benzoic,c1ccc2ccccc2c1
Ac662,N#CSc1ccc([N+](=O)[O-])c(C(=O)O)c1,224.197,15,3,benzoic,c1ccccc1
Ac663,CCC(Oc1ccc(Cl)cc1Cl)C(=O)O,249.093,15,4,acyclic_ali,c1ccccc1
Ac664,COc1cc(CC(=O)O)c([N+](=O)[O-])cc1OC,241.199,17,5,acyclic_ali,c1ccccc1
Ac665,COc1cc(OC)c(C(=O)O)cc1Br,261.071,14,3,benzoic,c1ccccc1
Ac666,COc1ccc(Br)c(CC(=O)O)c1,245.072,13,3,acyclic_ali,c1ccccc1
Ac667,CC1(C)OB(c2ccc(CC(=O)O)cc2)OC1(C)C,262.114,19,3,acyclic_ali,c1ccc(B2OCCO2)cc1
Ac668,O=C(c1ccccc1)c1cccnc1C(=O)O,227.219,17,3,heteroaryl,O=C(c1ccccc1)c1cccnc1
Ac669,Cc1nc(-c2ccccc2)sc1C(=O)O,219.265,15,2,heteroaryl,c1ccc(-c2nccs2)cc1
Ac670,Cc1nc(C(=O)O)c(-c2ccccc2)s1,219.265,15,2,heteroaryl,c1ccc(-c2cncs2)cc1
Ac671,O=C(O)c1ccc(-c2cccc([N+](=O)[O-])c2)o1,233.179,17,3,heteroaryl,c1ccc(-c2ccco2)cc1
Ac675,O=C(O)c1c(Br)cc(Br)cc1Br,358.811,12,1,benzoic,c1ccccc1
Ac676,O=C(O)c1cc(Cl)c(Cl)c(Cl)c1Cl,259.903,13,1,benzoic,c1ccccc1
Ac677,O=C(O)C1C(c2ccccc2)=C1c1ccccc1,236.27,18,3,cyclic_ali,c1ccc(C2=C(c3ccccc3)C2)cc1
Ac678,O=C(O)c1ccc(OC(=O)c2ccccc2)cc1,242.23,18,3,benzoic,O=C(Oc1ccccc1)c1ccccc1
Ac679,O=C(O)COc1ccccc1Br,231.045,12,3,acyclic_ali,c1ccccc1
Ac681,COc1cc(C(=O)C(=O)O)cc(OC)c1OC,240.211,17,5,other,c1ccccc1
Ac682,COC(=O)c1cc(C(=O)O)cc(C(=O)OC)c1,238.195,17,3,benzoic,c1ccccc1
Ac684,O=C(O)C1CCCN(C(=O)OCc2ccccc2)C1,263.293,19,3,cyclic_ali,O=C(OCc1ccccc1)N1CCCCC1
Ac685,CCCCCC12CCC(C(=O)O)(CC1)CC2,224.344,16,5,alpha_quat,C1CC2CCC1CC2
Ac686,Cc1ccc(C(=O)O)cc1B1OC(C)(C)C(C)(C)O1,262.114,19,2,benzoic,c1ccc(B2OCCO2)cc1
Ac689,O=C(O)Cc1cccc(OC(F)(F)F)c1,220.146,15,3,acyclic_ali,c1ccccc1
Ac690,CC(=O)O[C@@H]1O[C@H](C(=O)O)[C@@H](OC(C)=O)[C@H](OC(C)=O)[C@H]1OC(C)=O,362.287,25,5,cyclic_ali,C1CCOCC1
Ac691,O=C(O)C=C1c2ccccc2-c2ccccc21,222.243,17,1,other,C=C1c2ccccc2-c2ccccc21
Ac692,O=C(O)C(Br)c1ccccc1Cl,249.491,12,2,acyclic_ali,c1ccccc1
Ac693,COc1c(Br)cc(C(=O)O)cc1Br,309.941,13,2,benzoic,c1ccccc1
Ac695,O=C(O)c1cccc(C(F)(F)F)c1Cl,224.565,14,1,benzoic,c1ccccc1
Ac697,O=C(O)/C=C/C(=O)c1ccc(Br)cc1,255.067,14,3,other,c1ccccc1
Ac698,O=C(O)CCC(=O)c1ccc2ccc3cccc4ccc1c2c34,302.329,23,4,acyclic_ali,c1cc2ccc3cccc4ccc(c1)c2c34
Ac699,O=C(O)c1cnn(-c2ccccc2)c1C(F)(F)F,256.183,18,2,aryl_other,c1ccc(-n2cccn2)cc1
Ac700,O=C(O)c1cc(S(=O)(=O)Cl)ccc1F,238.623,14,2,benzoic,c1ccccc1
Ac701,CC(C)(C)[Si](C)(C)Oc1ccc(C(=O)O)cc1,252.386,17,3,benzoic,c1ccccc1
Ac702,O=C(O)c1cc(I)ccc1Br,326.915,11,1,benzoic,c1ccccc1
Ac703,O=C(O)c1ccc(Br)c(C(F)(F)F)c1,269.016,14,1,benzoic,c1ccccc1
Ac704,COc1ccc(-c2ccc(C(=O)O)o2)cc1,218.208,16,3,heteroaryl,c1ccc(-c2ccco2)cc1
Ac706,O=C(O)c1ccccc1C(=O)c1ccc(Cl)c([N+](=O)[O-])c1,305.673,21,4,benzoic,O=C(c1ccccc1)c1ccccc1
Ac707,O=C(O)c1ccc(Cl)c(I)c1,282.464,11,1,benzoic,c1ccccc1
Ac708,O=C(O)c1c(Cl)cccc1Br,235.464,11,1,benzoic,c1ccccc1
Ac709,O=C(O)c1cc(I)cc([N+](=O)[O-])c1,293.016,13,2,benzoic,c1ccccc1
Ac710,O=C(O)c1ccc(C(F)(F)F)cc1Cl,224.565,14,1,benzoic,c1ccccc1
Ac711,[N-]=[N+]=NS(=O)(=O)c1ccc(C(=O)O)cc1,227.201,15,3,benzoic,c1ccccc1
Ac712,O=C(O)c1cccc2c([N+](=O)[O-])cccc12,217.18,16,2,benzoic,c1ccc2ccccc2c1
Ac713,O=C(O)C(Sc1ccccc1)c1ccccc1,244.315,17,4,acyclic_ali,c1ccc(CSc2ccccc2)cc1
Ac714,O=C(O)c1cccc([N+](=O)[O-])c1I,293.016,13,2,benzoic,c1ccccc1
Ac715,O=C(O)c1ccc2ccc3ccccc3c2c1,222.243,17,1,benzoic,c1ccc2c(c1)ccc1ccccc12
Ac717,CC(=O)Oc1ccccc1C(=O)Oc1ccccc1C(=O)O,300.266,22,4,benzoic,O=C(Oc1ccccc1)c1ccccc1
Ac718,CCc1ccc(C(=O)c2ccccc2C(=O)O)cc1,254.285,19,4,benzoic,O=C(c1ccccc1)c1ccccc1
Ac719,O=C(O)CCCCCSC(c1ccccc1)(c1ccccc1)c1ccccc1,390.548,28,10,acyclic_ali,c1ccc(C(c2ccccc2)c2ccccc2)cc1
Ac722,O=C(O)Cn1nc(C(F)F)cc1C(F)F,226.129,15,4,acyclic_ali,c1cn[nH]c1
Ac723,O=C(O)c1ccccc1C(=O)c1cccs1,232.26,16,3,benzoic,O=C(c1ccccc1)c1cccs1
Ac724,O=C(Cc1ccccc1C(=O)O)c1ccccc1,240.258,18,4,benzoic,O=C(Cc1ccccc1)c1ccccc1
Ac725,COC(=O)c1c(C(=O)O)cccc1[N+](=O)[O-],225.156,16,3,benzoic,c1ccccc1
Ac727,O=C(O)c1cc(Cl)cc([N+](=O)[O-])c1Cl,236.01,14,2,benzoic,c1ccccc1
Ac728,C=CCc1ccc(OCC(=O)O)c(OC)c1,222.24,16,6,acyclic_ali,c1ccccc1
Ac729,O=C(O)CCCCCCCCCc1ccc2ccc3cccc4ccc1c2c34,372.508,28,10,acyclic_ali,c1cc2ccc3cccc4ccc(c1)c2c34
Ac730,O=C(O)CCCC(=O)c1ccc(Cl)cc1,226.659,15,5,acyclic_ali,c1ccccc1
Ac734,O=C(O)c1ccc([N+](=O)[O-])cc1C(F)(F)F,235.117,16,2,benzoic,c1ccccc1
Ac736,O=C(O)c1ccc2c(ccc3ccccc32)c1,222.243,17,1,benzoic,c1ccc2c(c1)ccc1ccccc12
Ac737,COc1ccc(C(=O)O)cc1S(=O)(=O)Cl,250.659,15,3,benzoic,c1ccccc1
Ac738,O=C(O)c1cc2ccccc2cc1I,298.079,14,1,benzoic,c1ccc2ccccc2c1
Ac739,COc1ccc(C(=O)CCC(=O)O)c2ccccc12,258.273,19,5,acyclic_ali,c1ccc2ccccc2c1
Ac741,CC(=O)Oc1ccc2cc(C(=O)O)ccc2c1,230.219,17,2,benzoic,c1ccc2ccccc2c1
Ac742,CC(=O)SCC(Cc1ccccc1)C(=O)O,238.308,16,5,acyclic_ali,c1ccccc1
Ac743,COC(=O)c1ccc(C(=O)O)cc1I,306.055,14,2,benzoic,c1ccccc1
Ac744,O=C(O)c1cc(-c2ccc(Cl)cc2)nc2ccccc12,283.714,20,2,aryl_other,c1ccc(-c2ccc3ccccc3n2)cc1
Ac747,COC(=O)c1cccc([N+](=O)[O-])c1C(=O)O,225.156,16,3,benzoic,c1ccccc1
Ac749,O=C(O)c1ccc(F)c(S(=O)(=O)Cl)c1,238.623,14,2,benzoic,c1ccccc1
Ac750,O=C(O)/C=C/c1c(F)c(F)c(F)c(F)c1F,238.111,16,2,other,c1ccccc1
Ac751,COc1cc(C(=O)O)c(Br)c(OC)c1OC,291.097,16,4,benzoic,c1ccccc1
Ac752,O=C(O)CCCCCC(=O)c1ccccc1,220.268,16,7,acyclic_ali,c1ccccc1
Ac754,Cc1ccc(C(=O)c2ccccc2C(=O)O)cc1C,254.285,19,3,benzoic,O=C(c1ccccc1)c1ccccc1
Ac755,O=C(O)c1ccc(C(=O)C(F)(F)F)cc1,218.13,15,2,benzoic,c1ccccc1
Ac756,Cc1ccc(S(=O)(=O)NC(C(=O)O)C(C)C)cc1,271.338,18,5,alpha_amino,c1ccccc1
Ac757,COc1cc(Br)cc(C(=O)O)c1,231.045,12,2,benzoic,c1ccccc1
Ac759,O=C(O)COc1ccc(C(F)(F)F)cc1,220.146,15,3,acyclic_ali,c1ccccc1
Ac760,CCO[C@H](COc1ccc(C(F)(F)F)cc1)CSc1ccc(OCC(=O)O)c(C)c1,444.471,30,11,acyclic_ali,c1ccc(OCCCSc2ccccc2)cc1
Ac761,Cc1nc(C(=O)O)c(-c2ccc(F)cc2)s1,237.255,16,2,heteroaryl,c1ccc(-c2cncs2)cc1
Ac762,O=C(O)Cc1ccc(Br)c(F)c1,233.036,12,2,acyclic_ali,c1ccccc1
Ac763,O=C(O)c1ncc(Br)cc1Cl,236.452,11,1,heteroaryl,c1ccncc1
Ac765,O=C(O)c1cc(Br)cc2ccccc12,251.079,14,1,benzoic,c1ccc2ccccc2c1
Ac767,COc1ccc(OC)c(CCCC(=O)O)c1,224.256,16,6,acyclic_ali,c1ccccc1
Ac769,O=C(O)/C(=C/c1ccc([N+](=O)[O-])cc1)c1ccccc1,269.256,20,4,other,C(=Cc1ccccc1)c1ccccc1
Ac770,O=C(O)COc1cccc(Br)c1,231.045,12,3,acyclic_ali,c1ccccc1
Ac771,CC(C)(C(=O)O)c1ccc(Br)cc1,243.1,13,2,alpha_quat,c1ccccc1
Ac772,O=C(O)c1ccc(S(=O)(=O)N(Cl)Cl)cc1,270.093,15,3,benzoic,c1ccccc1
Ac773,O=C(O)c1cccc(F)c1Br,219.009,11,1,benzoic,c1ccccc1
Ac775,CO[C@@H]1O[C@H](C(=O)O)[C@H]2OC(C)(C)O[C@@H]12,218.205,15,2,cyclic_ali,C1OC2COCC2O1
Ac776,O=Cc1ccc(-c2ccc(C(=O)O)cc2)o1,216.192,16,3,benzoic,c1ccc(-c2ccco2)cc1
Ac777,O=C(O)COc1ccc2ccc(=O)oc2c1,220.18,16,3,acyclic_ali,O=c1ccc2ccccc2o1
Ac778,O=C(O)c1cc2cc(Br)cc(Br)c2oc1=O,347.946,16,1,aryl_other,O=c1ccc2ccccc2o1
Ac779,O=C(O)c1cc(-c2ccccc2)n(-c2ccccc2)n1,264.284,20,3,heteroaryl,c1ccc(-c2ccnn2-c2ccccc2)cc1
Ac780,O=C(O)c1cc(Cl)c(Cl)cc1Cl,225.458,12,1,benzoic,c1ccccc1
Ac781,O=C(O)CCc1ccc(Cl)cc1Cl,219.067,13,3,acyclic_ali,c1ccccc1
Ac782,O=C(O)C(CCc1ccccc1)c1ccccc1,240.302,18,5,acyclic_ali,c1ccc(CCCc2ccccc2)cc1
Ac783,O=C(O)CCCCCCCCCc1ccccc1,248.366,18,10,acyclic_ali,c1ccccc1
Ac785,Cc1ccc(C(=O)O)cc1S(=O)(=O)Cl,234.66,14,2,benzoic,c1ccccc1
Ac786,O=C(O)Cc1ccc(Br)cc1[N+](=O)[O-],260.043,14,3,acyclic_ali,c1ccccc1
Ac787,O=C(O)COc1cccc(C(F)(F)F)c1,220.146,15,3,acyclic_ali,c1ccccc1
Ac789,O=C(O)Cc1cccc(C(=O)c2ccccc2)c1,240.258,18,4,acyclic_ali,O=C(c1ccccc1)c1ccccc1
Ac790,O=C(O)c1cccc(SC(F)(F)F)c1,222.187,14,2,benzoic,c1ccccc1
Ac791,O=C(O)/C=C/c1ccc(OCc2ccccc2)c(OCc2ccccc2)c1,360.409,27,8,other,c1ccc(COc2ccccc2OCc2ccccc2)cc1
Ac792,COc1ccc(CC(=O)O)c(Br)c1,245.072,13,3,acyclic_ali,c1ccccc1
Ac793,O=C(O)c1ccc(CN2CCOCC2)cc1,221.256,16,3,benzoic,c1ccc(CN2CCOCC2)cc1
Ac794,CCOC(=O)c1ccc(CC(=O)O)cc1OCC,252.266,18,6,acyclic_ali,c1ccccc1
Ac795,O=C(O)C1(c2ccc(-c3ccc(Cl)c(Cl)c3)c(F)c2)CC1,325.166,21,3,alpha_quat,c1ccc(-c2ccc(C3CC3)cc2)cc1
Ac796,O=C(O)c1ccc(OCC(F)(F)F)nc1,221.134,15,3,aryl_other,c1ccncc1
Ac797,CC(C)(C)OC(=O)N1CCC(c2ccc(C(=O)O)cc2)CC1,305.374,22,2,benzoic,c1ccc(C2CCNCC2)cc1
Ac802,O=C(O)c1ccc([N+](=O)[O-])c2ccccc12,217.18,16,2,benzoic,c1ccc2ccccc2c1
Ac804,O=C(O)c1ccc(Br)c(S(=O)(=O)Cl)c1,299.529,14,2,benzoic,c1ccccc1
Ac805,O=C(O)c1ccccc1CSc1ccccc1,244.315,17,4,benzoic,c1ccc(CSc2ccccc2)cc1
Ac806,CCCCCCCCCCCCc1ccc(C(=O)O)cc1,290.447,21,12,benzoic,c1ccccc1
Ac808,CCOc1ccc2ccccc2c1C(=O)O,216.236,16,3,benzoic,c1ccc2ccccc2c1
Ac811,O=C(O)c1cc2ccc(Br)cc2s1,257.108,13,1,heteroaryl,c1ccc2sccc2c1
Ac813,CCc1cc(Br)ccc1C(=O)O,229.073,12,2,benzoic,c1ccccc1
Ac814,O=C(O)c1cc(C(F)(F)F)cnc1Cl,225.553,14,1,aryl_other,c1ccncc1
Ac815,CC(C)(C(=O)O)c1cc(C(F)(F)F)cc(C(F)(F)F)c1,300.198,20,2,alpha_quat,c1ccccc1
Ac816,CC1(C)CCSc2ccc(C#Cc3ccc(C(=O)O)cn3)cc21,323.417,23,1,aryl_other,C(#Cc1ccccn1)c1ccc2c(c1)CCCS2
Ac817,CCCCCC1CC1CC1CC1CCCCCCCC(=O)O,308.506,22,14,acyclic_ali,C1CC1CC1CC1
Ac820,Cc1ccc(-c2ccc(F)cc2COc2ccc(CCC(=O)O)cc2)cc1,364.416,27,7,acyclic_ali,c1ccc(OCc2ccccc2-c2ccccc2)cc1
Ac821,O=C(O)CCOCCOCCOCCN1C(=O)C=CC1=O,301.295,21,12,acyclic_ali,O=C1C=CC(=O)N1
Ac822,O=C(O)c1c2c(nc3ccccc13)CCCC2,227.263,17,1,aryl_other,c1ccc2nc3c(cc2c1)CCCC3
Ac824,O=C(O)c1sc2cc(Cl)ccc2c1Cl,247.102,14,1,heteroaryl,c1ccc2sccc2c1
Ac825,CC1(C(=O)O)CC1(Br)Br,257.909,9,1,alpha_quat,C1CC1
Ac826,COc1c(Cl)cc(C(=O)O)cc1Cl,221.039,13,2,benzoic,c1ccccc1
Ac828,CC1(C)[C@H](C(=O)O)[C@@H]1C=C(Br)Br,297.974,12,2,cyclic_ali,C1CC1
Ac829,O=C(O)/C=C/c1ccc(Cl)c([N+](=O)[O-])c1,227.603,15,3,other,c1ccccc1
Ac831,COc1c(Br)cccc1C(=O)O,231.045,12,2,benzoic,c1ccccc1
Ac832,O=C(O)CCCCO/N=C(/c1cccnc1)c1cccc(C(F)(F)F)c1,366.339,26,8,acyclic_ali,N=C(c1ccccc1)c1cccnc1
Ac834,O=C(O)c1ccc(I)cc1F,266.009,11,1,benzoic,c1ccccc1
Ac835,CC#C[C@@H](CC(=O)O)c1ccc(OCc2cccc(-c3ccc(C(F)(F)F)cc3)c2)cc1,438.445,32,7,acyclic_ali,c1ccc(OCc2cccc(-c3ccccc3)c2)cc1
Ac836,CC(C)(C)c1ccc(CN(Cc2cccc(OCC(=O)O)c2)S(=O)(=O)c2cccnc2)cc1,468.575,33,9,acyclic_ali,O=S(=O)(c1cccnc1)N(Cc1ccccc1)Cc1ccccc1
Ac839,O=C(O)c1sccc1I,254.048,9,1,heteroaryl,c1ccsc1
Ac840,O=C(O)CN1C(=O)c2ccccc2S1(=O)=O,241.224,16,2,alpha_amino,O=C1NS(=O)(=O)c2ccccc21
Ac841,Cc1c(C(=O)O)c(=O)n(-c2ccccc2)n1C,232.239,17,2,aryl_other,O=c1cc[nH]n1-c1ccccc1
Ac842,COc1ncc(Br)cc1C(=O)O,232.033,12,2,aryl_other,c1ccncc1
Ac843,O=C(O)c1ccc2c(c1)OCCOCCOCCOCCOCCO2,356.371,25,1,benzoic,c1ccc2c(c1)OCCOCCOCCOCCOCCO2
Ac845,O=C(O)c1ccc(C(F)(F)F)cc1C(F)(F)F,258.117,17,1,benzoic,c1ccccc1
Ac846,Cc1cc(Br)cc(C)c1C(=O)O,229.073,12,1,benzoic,c1ccccc1
Ac847,C=CCCCCCCCCCOc1ccc(C(=O)O)cc1,290.403,21,12,benzoic,c1ccccc1
Ac848,O=C(O)c1ccccc1C(=O)Cc1ccccc1,240.258,18,4,benzoic,O=C(Cc1ccccc1)c1ccccc1
Ac849,O=C(O)CCOc1ccc(Cl)cc1Cl,235.066,14,4,acyclic_ali,c1ccccc1
Ac851,O=C(O)CNS(=O)(=O)c1ccc([N+](=O)[O-])cc1,260.227,17,5,alpha_amino,c1ccccc1
Ac855,CC(C)(C)c1ccc(C(=O)CCC(=O)O)cc1,234.295,17,4,acyclic_ali,c1ccccc1
Ac856,CC(C)c1cc2c(cc1S(=O)(=O)O)[C@@]1(C)CCC[C@@](C)(C(=O)O)[C@@H]1CC2,380.506,26,3,alpha_quat,c1ccc2c(c1)CCC1CCCCC21
Ac857,CC(C)(C)OC(=O)N1CCC=C(C(=O)O)C1,227.26,16,1,other,C1=CCNCC1
Ac859,O=Cc1ccc(-c2cccc(C(=O)O)c2)o1,216.192,16,3,benzoic,c1ccc(-c2ccco2)cc1
Ac861,O=C(O)c1cc(C(F)(F)F)ccc1I,316.016,14,1,benzoic,c1ccccc1
Ac862,Cc1ccc(-c2cc(C(=O)O)c3ccccc3n2)cc1,263.296,20,2,aryl_other,c1ccc(-c2ccc3ccccc3n2)cc1
Ac863,O=C(O)c1cn(-c2ccccc2)nc1-c1ccccc1,264.284,20,3,aryl_other,c1ccc(-c2ccn(-c3ccccc3)n2)cc1
Ac864,O=C(O)c1cc(Cl)c(Cl)nc1Cl,226.446,12,1,aryl_other,c1ccncc1
Ac866,O=C(O)c1ccc(-c2cccc(Cl)c2)o1,222.627,15,2,heteroaryl,c1ccc(-c2ccco2)cc1
Ac869,O=C(O)c1c(F)c(F)c(Br)c(F)c1F,272.979,14,1,benzoic,c1ccccc1
Ac871,COc1ccc(S(=O)(=O)Cl)cc1C(=O)O,250.659,15,3,benzoic,c1ccccc1
Ac872,O=C(O)C#Cc1cccc(Br)c1,225.041,12,0,other,c1ccccc1
Ac873,COc1cccc(Br)c1C(=O)O,231.045,12,2,benzoic,c1ccccc1
Ac874,O=C(O)c1cc(Cl)cc(Br)c1,235.464,11,1,benzoic,c1ccccc1
Ac876,O=C(O)c1cccc(Br)c1Cl,235.464,11,1,benzoic,c1ccccc1
Ac878,COc1cccc(C(=O)O)c1Br,231.045,12,2,benzoic,c1ccccc1
Ac879,COc1ccc2cccc(CC(=O)O)c2c1,216.236,16,3,acyclic_ali,c1ccc2ccccc2c1
Ac880,CC(=O)Oc1cccc(C(=O)O)c1OC(C)=O,238.195,17,3,benzoic,c1ccccc1
Ac883,CC(C)(C)OC(=O)N1CCC(CCCC(=O)O)CC1,271.357,19,4,acyclic_ali,C1CCNCC1
Ac884,COC(=O)c1cc(Br)cc(C(=O)O)c1,259.055,14,2,benzoic,c1ccccc1
Ac885,O=C(O)c1cc(C(F)(F)F)nn1-c1ncccc1Cl,291.616,19,2,heteroaryl,c1ccc(-n2cccn2)nc1
Ac886,CC(C)(C)OC(=O)N1CCC(c2nc(C(=O)O)cs2)CC1,312.391,21,2,heteroaryl,c1csc(C2CCNCC2)n1
Ac887,O=C(O)c1cc2cc(Br)ccc2s1,257.108,13,1,heteroaryl,c1ccc2sccc2c1
Ac890,O=C(O)C(Br)c1ccc(F)cc1,233.036,12,2,acyclic_ali,c1ccccc1
Ac891,O=C(O)c1cc(Cl)cc(Cl)c1Cl,225.458,12,1,benzoic,c1ccccc1
Ac892,O=C(O)CCCC(=O)c1ccc(Br)cc1,271.11,15,5,acyclic_ali,c1ccccc1
Ac895,COc1ccc(CC(=O)O)c(OC)c1OC,226.228,16,5,acyclic_ali,c1ccccc1
Ac897,CC1(C)CCC(C)(C)c2cc(C(=O)O)ccc21,232.323,17,1,benzoic,c1ccc2c(c1)CCCC2
Ac898,COc1ccc(C(=O)CCC(=O)O)c(OC)c1,238.239,17,6,acyclic_ali,c1ccccc1
Ac901,COc1cccc(C(=O)O)c1I,278.045,12,2,benzoic,c1ccccc1
Ac902,O=C(O)c1ccc(I)cc1Cl,282.464,11,1,benzoic,c1ccccc1
Ac903,O=C(O)CC(Br)C(=O)c1ccccc1,257.083,14,4,acyclic_ali,c1ccccc1
Ac904,O=C(O)CCCCCCCCCCC(=O)OCc1ccccc1,320.429,23,13,acyclic_ali,c1ccccc1
Ac905,COC(c1ccccc1)(c1ccccc1)C(Oc1nc(C)cc(C)n1)C(=O)O,378.428,28,7,acyclic_ali,c1ccc(C(COc2ncccn2)c2ccccc2)cc1
Ac906,Cc1nc(-c2ccc(C(F)(F)F)cc2)sc1C(=O)O,287.262,19,2,heteroaryl,c1ccc(-c2nccs2)cc1
Ac907,COCCCOc1cc(C[C@@H](C(=O)O)C(C)C)ccc1OC,310.39,22,10,acyclic_ali,c1ccccc1
Ac908,O=C(O)C1CCN(C(=O)OCc2ccccc2)C1,249.266,18,3,cyclic_ali,O=C(OCc1ccccc1)N1CCCC1
Ac909,O=C(O)c1cc2cc(C(F)(F)F)ccc2s1,246.209,16,1,heteroaryl,c1ccc2sccc2c1
Ac910,CC(C)(C)OC(=O)N1CCC(CC(=O)O)C1,229.276,16,2,acyclic_ali,C1CCNC1
Ac912,Cc1nn(-c2ccccc2)c(Cl)c1C(=O)O,236.658,16,2,aryl_other,c1ccc(-n2cccn2)cc1
Ac913,O=C(O)c1cc(-c2ccccn2)nc2ccccc12,250.257,19,2,aryl_other,c1ccc(-c2ccc3ccccc3n2)nc1
Ac914,Cc1ccc2nc(-c3ccccc3)cc(C(=O)O)c2c1,263.296,20,2,aryl_other,c1ccc(-c2ccc3ccccc3n2)cc1
Ac915,O=C(O)c1ccc(-c2cccc(C(F)(F)F)c2)o1,256.179,18,2,heteroaryl,c1ccc(-c2ccco2)cc1
Ac917,CC(Br)c1ccc(C(=O)O)cc1,229.073,12,2,benzoic,c1ccccc1
Ac919,COc1cc(C(=O)O)cc(Br)c1OC,261.071,14,3,benzoic,c1ccccc1
Ac920,CC(C)(C)CC(C)(C)c1ccc(OCC(=O)O)cc1,264.365,19,5,acyclic_ali,c1ccccc1
Ac921,O=Cc1ccc(Br)cc1C(=O)O,229.029,12,2,benzoic,c1ccccc1
Ac922,COc1ccc(C2(C(=O)O)CCCC2)cc1,220.268,16,3,alpha_quat,c1ccc(C2CCCC2)cc1
Ac925,O=C(O)Cc1ccc(C(=O)c2ccccc2)cc1,240.258,18,4,acyclic_ali,O=C(c1ccccc1)c1ccccc1
Ac926,COc1cc(C(=O)O)c([N+](=O)[O-])c(OC)c1OC,257.198,18,5,benzoic,c1ccccc1
Ac927,CCN(CC)S(=O)(=O)c1ccc(C(=O)O)cc1,257.311,17,5,benzoic,c1ccccc1
Ac929,O=C(O)Cc1ccc(S(=O)(=O)Cl)cc1,234.66,14,3,acyclic_ali,c1ccccc1
Ac930,O=C(O)c1ccc([N+](=O)[O-])c(C(F)(F)F)c1,235.117,16,2,benzoic,c1ccccc1
Ac932,O=C(O)CCc1ccccc1C(F)(F)F,218.174,15,3,acyclic_ali,c1ccccc1
Ac933,CC(C)(C)N1C[C@@H](C(=O)O)[C@H](c2ccc(F)cc2F)C1,283.318,20,2,cyclic_ali,c1ccc(C2CCNC2)cc1
Ac934,O=C(O)c1ccc(Br)cc1I,326.915,11,1,benzoic,c1ccccc1
Ac935,Cc1cc(C)n(-c2ccc(C(=O)O)cc2)n1,216.24,16,2,benzoic,c1ccc(-n2cccn2)cc1
Ac936,O=C(O)c1sc(Cl)c(Cl)c1Cl,231.487,11,1,heteroaryl,c1ccsc1
Ac937,O=C(O)c1cc(-c2cccs2)nc2ccccc12,255.298,18,2,aryl_other,c1csc(-c2ccc3ccccc3n2)c1
Ac938,O=C(O)c1cc(-c2ccc(Br)cc2)nc2ccccc12,328.165,20,2,aryl_other,c1ccc(-c2ccc3ccccc3n2)cc1
Ac939,O=C(O)C1CN(C(c2ccccc2)c2ccccc2)C1,267.328,20,4,cyclic_ali,c1ccc(C(c2ccccc2)N2CCC2)cc1
Ac940,O=C(O)c1ccc(-c2ccc(Br)cc2)o1,267.078,15,2,heteroaryl,c1ccc(-c2ccco2)cc1
Ac941,O=C(O)c1cccc2cccc(I)c12,298.079,14,1,benzoic,c1ccc2ccccc2c1
Ac942,O=C(O)CCc1ccccc1I,276.073,12,3,acyclic_ali,c1ccccc1
Ac943,COc1ccc(C(=O)CCC(=O)O)cc1C,222.24,16,5,acyclic_ali,c1ccccc1
Ac944,O=C(O)c1ccc(OCCCCc2ccccc2)cc1,270.328,20,7,benzoic,c1ccc(CCCCOc2ccccc2)cc1
Ac945,Cc1ccc(S(=O)(=O)NC(CC(C)C)C(=O)O)cc1,285.365,19,6,alpha_amino,c1ccccc1
Ac946,Cc1ccc(C(=O)O)c(I)c1,262.046,11,1,benzoic,c1ccccc1
Ac947,O=C(O)CS(=O)c1ccc(Cl)cc1,218.661,13,3,acyclic_ali,c1ccccc1
Ac949,COc1cc(Br)cc(C(=O)O)c1OC,261.071,14,3,benzoic,c1ccccc1
Ac950,O=C(O)CCCc1ccc2c(c1)CCCC2,218.296,16,4,acyclic_ali,c1ccc2c(c1)CCCC2
Ac951,CN(C)S(=O)(=O)c1ccc(C(=O)O)cc1,229.257,15,3,benzoic,c1ccccc1
Ac952,O=C(O)CCCCCCCCC(=O)OCc1ccccc1,292.375,21,11,acyclic_ali,c1ccccc1
Ac954,CC1(C)CCC(C)(C)c2cc(C3(c4ccc(C(=O)O)cc4)OCCO3)ccc21,380.484,28,3,benzoic,c1ccc(C2(c3ccc4c(c3)CCCC4)OCCO2)cc1
Ac955,Cc1ccc(-n2nnc(C(=O)O)c2C)cc1,217.228,16,2,heteroaryl,c1ccc(-n2ccnn2)cc1
Ac956,O=C(O)Cc1ccc(F)c(C(F)(F)F)c1,222.137,15,2,acyclic_ali,c1ccccc1
Ac957,O=C(O)c1cc(Cl)nn1-c1ncccc1Cl,258.064,16,2,heteroaryl,c1ccc(-n2cccn2)nc1
Ac958,O=C(O)c1ccc(F)c(Br)n1,219.997,11,1,heteroaryl,c1ccncc1
Ac960,Cc1c(-c2ccccc2)nc2ccccc2c1C(=O)O,263.296,20,2,aryl_other,c1ccc(-c2ccc3ccccc3n2)cc1
Ac963,CC(C)(C)OC(=O)N1CCCC1CC(=O)O,229.276,16,2,acyclic_ali,C1CCNC1
Ac964,O=C(O)c1nc(Cl)c(Cl)c(Cl)c1Cl,260.891,13,1,heteroaryl,c1ccncc1
Ac965,NS(=O)(=O)c1cc(C(=O)O)cc([N+](=O)[O-])c1Cl,280.645,17,3,benzoic,c1ccccc1
Ac966,O=C(O)c1cc(-c2ccc(Cl)cc2)on1,223.615,15,2,heteroaryl,c1ccc(-c2ccno2)cc1
Ac967,CC(=O)c1ccc(OCCCC(=O)O)cc1,222.24,16,6,acyclic_ali,c1ccccc1
Ac968,O=C(O)CCCCCCCCCCc1ccccc1,262.393,19,11,acyclic_ali,c1ccccc1
Ac969,COc1ccc(C(=S)SCC(=O)O)cc1,242.321,15,4,acyclic_ali,c1ccccc1
Ac970,COc1ccc2c(c1)C(CC(=O)O)CC2=O,220.224,16,3,acyclic_ali,O=C1CCc2ccccc21
Ac971,O=C(O)CCSc1ccc(Cl)cc1,216.689,13,4,acyclic_ali,c1ccccc1
Ac973,CS(=O)(=O)c1ccc(Cl)c(C(=O)O)c1,234.66,14,2,benzoic,c1ccccc1
Ac974,O=C(O)c1cc(S(=O)(=O)Cl)ccc1Cl,255.078,14,2,benzoic,c1ccccc1
Ac975,O=C(O)C(=O)c1cccc(C(F)(F)F)c1,218.13,15,2,other,c1ccccc1
Ac976,CCOc1ccc(CC(=O)O)cc1OCC,224.256,16,6,acyclic_ali,c1ccccc1
Ac977,NS(=O)(=O)c1ccc(CCC(=O)O)cc1,229.257,15,4,acyclic_ali,c1ccccc1
Ac979,O=C(O)c1cc([N+](=O)[O-])c(Cl)cc1Cl,236.01,14,2,benzoic,c1ccccc1
Ac980,Cc1oc(-c2ccccc2)nc1CC(=O)O,217.224,16,3,acyclic_ali,c1ccc(-c2ncco2)cc1
Ac982,CCCCCCCCC/C(=C\C1=C(C)C(=O)C(OC)=C(OC)C1=O)C(=O)O,378.465,27,12,other,O=C1C=CC(=O)C=C1
Ac983,O=C(O)Cc1ccc(Br)cn1,216.034,11,2,acyclic_ali,c1ccncc1
Ac985,O=C(O)c1cccc(S(=O)(=O)N2CCOCC2)c1,271.294,18,3,benzoic,O=S(=O)(c1ccccc1)N1CCOCC1
Ac986,O=C(O)c1ccc(Cl)nc1C(F)(F)F,225.553,14,1,aryl_other,c1ccncc1
Ac987,O=C(O)c1ncc(Br)cc1F,219.997,11,1,heteroaryl,c1ccncc1
Ac990,O=C(O)c1ccc(Br)c(F)c1F,236.999,12,1,benzoic,c1ccccc1
Ac991,O=C(O)c1cc(-c2ccc(F)cc2)nc2ccccc12,267.259,20,2,aryl_other,c1ccc(-c2ccc3ccccc3n2)cc1
Ac992,O=C(O)c1cc(Br)cnc1F,219.997,11,1,aryl_other,c1ccncc1
Ac997,COc1ccc(I)cc1C(=O)O,278.045,12,2,benzoic,c1ccccc1
Ac999,O=C(O)Cc1ccc(F)c(Br)c1,233.036,12,2,acyclic_ali,c1ccccc1
Ac1000,O=C(O)CS(=O)(=O)Cc1ccc(Cl)cc1,248.687,15,4,acyclic_ali,c1ccccc1
Ac1001,O=C(O)CCCCCCCCc1ccccc1,234.339,17,9,acyclic_ali,c1ccccc1
Ac1002,CCOc1ccc(C(=O)CCC(=O)O)cc1,222.24,16,6,acyclic_ali,c1ccccc1
Ac1003,O=C(O)c1cccc(S(F)(F)(F)(F)F)c1,248.172,15,2,benzoic,c1ccccc1
Ac1005,C[Si](C)(C)C#Cc1ccc(C(=O)O)cc1,218.328,15,1,benzoic,c1ccccc1
Ac1007,O=C(O)c1ccc(C(F)(F)F)c([N+](=O)[O-])c1,235.117,16,2,benzoic,c1ccccc1
Ac1008,O=C(O)Cc1cccc(CBr)c1,229.073,12,3,acyclic_ali,c1ccccc1
Ac1009,CC(C)(C)OC(=O)C[C@@H](Cc1ccccc1)C(=O)O,264.321,19,5,acyclic_ali,c1ccccc1
Ac1010,O=C(O)c1cn(C(c2ccccc2)(c2ccccc2)c2ccccc2)cn1,354.409,27,5,heteroaryl,c1ccc(C(c2ccccc2)(c2ccccc2)n2ccnc2)cc1
Ac1011,CC1=C(CC(=O)O)c2cc(F)ccc2/C1=C/c1ccc(S(C)(=O)=O)cc1,372.417,26,4,acyclic_ali,C1=Cc2ccccc2C1=Cc1ccccc1
Ac1012,O=C(O)CCc1ccc(OC(F)(F)F)cc1,234.173,16,4,acyclic_ali,c1ccccc1
Ac1013,O=C(O)c1cc(Cl)ncc1C(F)(F)F,225.553,14,1,aryl_other,c1ccncc1
Ac1014,CCCN(CCC)C(=O)c1cccc(C(=O)O)c1,249.31,18,6,benzoic,c1ccccc1
Ac1015,COC(=O)c1cc(C(=O)O)cc(N(C)S(C)(=O)=O)c1,287.293,19,4,benzoic,c1ccccc1
Ac1017,O=C(O)Cc1cc(F)ccc1Br,233.036,12,2,acyclic_ali,c1ccccc1
Ac1019,O=C(O)c1ccc(I)s1,254.048,9,1,heteroaryl,c1ccsc1
Ac1020,O=C(O)c1cccc2cc3ccccc3nc12,223.231,17,1,benzoic,c1ccc2nc3ccccc3cc2c1
Ac1024,COc1ccc(S(C)(=O)=O)cc1C(=O)O,230.241,15,3,benzoic,c1ccccc1
Ac1026,O=C(O)CCCCCCCCCCCc1ccccc1,276.42,20,12,acyclic_ali,c1ccccc1
Ac1027,CCOC(=O)c1cc(C(=O)O)cc(C(=O)OCC)c1,266.249,19,5,benzoic,c1ccccc1
Ac1028,CC(C)(C)OC(=O)c1ccccc1C(=O)O,222.24,16,2,benzoic,c1ccccc1
Ac1030,O=C(O)CCSc1ccc(Br)cc1,261.14,13,4,acyclic_ali,c1ccccc1
Ac1035,COc1cc2ccc(C(=O)O)cc2cc1OC,232.235,17,3,benzoic,c1ccc2ccccc2c1
Ac1036,COc1c(Cl)cc(Cl)cc1C(=O)O,221.039,13,2,benzoic,c1ccccc1
Ac1037,O=C(O)c1cc(S(=O)(=O)Cl)c(Cl)cc1Cl,289.523,15,2,benzoic,c1ccccc1
Ac1038,CCOP(=O)(Cc1ccc(C(=O)O)cc1)OCC,272.237,18,7,benzoic,c1ccccc1
Ac1039,Cc1c(C(=O)O)nnn1-c1ccc(Cl)cc1,237.646,16,2,heteroaryl,c1ccc(-n2ccnn2)cc1
Ac1040,Cc1ccc(S(=O)(=O)Cl)cc1C(=O)O,234.66,14,2,benzoic,c1ccccc1
Ac1041,CC(Oc1cccc2ccccc12)C(=O)O,216.236,16,3,acyclic_ali,c1ccc2ccccc2c1
Ac1042,O=C(O)c1ccc(Br)cc1C(F)(F)F,269.016,14,1,benzoic,c1ccccc1
Ac1043,CCC(C)(C)c1ccc(OCC(=O)O)c(C(C)(C)CC)c1,292.419,21,7,acyclic_ali,c1ccccc1
Ac1044,O=Cc1cc(Br)ccc1C(=O)O,229.029,12,2,benzoic,c1ccccc1
Ac1048,O=C(O)c1cc(Br)ncc1F,219.997,11,1,aryl_other,c1ccncc1
Ac1049,CC(C)(C)OC(=O)N1CCN(c2ccc(C(=O)O)cn2)CC1,307.35,22,2,aryl_other,c1ccc(N2CCNCC2)nc1
Ac1051,O=C(O)c1cc(Cl)cc(C(F)(F)F)c1,224.565,14,1,benzoic,c1ccccc1
Ac1052,CC(C)(C)OC(=O)N1CC2(CC(C(=O)O)C2)C1,241.287,17,1,cyclic_ali,C1CC2(C1)CNC2
Ac1055,O=C(O)/C=C/c1ccc(Br)s1,233.086,11,2,other,c1ccsc1
Ac1056,COc1ccc2nc(-c3ccccc3)cc(C(=O)O)c2c1,279.295,21,3,aryl_other,c1ccc(-c2ccc3ccccc3n2)cc1
Ac1057,Cc1noc(-c2ccc(Br)cc2)c1C(=O)O,282.093,16,2,aryl_other,c1ccc(-c2ccno2)cc1
Ac1059,O=C(O)CCCCCCCCCCN1C(=O)C=CC1=O,281.352,20,11,acyclic_ali,O=C1C=CC(=O)N1
Ac1060,O=C(O)Cc1ccccc1CBr,229.073,12,3,acyclic_ali,c1ccccc1
Ac1061,O=C(O)COc1cc(Cl)cc(Cl)c1,221.039,13,3,acyclic_ali,c1ccccc1
Ac1062,O=C(O)CC(c1ccc(Cl)cc1)(c1ccc(Cl)cc1)c1ccc(Cl)cc1,405.708,26,5,acyclic_ali,c1ccc(C(c2ccccc2)c2ccccc2)cc1
Ac1063,O=C(O)CSc1cccc(Br)c1,247.113,12,3,acyclic_ali,c1ccccc1
Ac1065,O=C(O)CCCCCCCCCCCc1ccc2ccc3cccc4ccc1c2c34,400.562,30,12,acyclic_ali,c1cc2ccc3cccc4ccc(c1)c2c34
Ac1066,CC(C)(Oc1ccc(Br)cc1)C(=O)O,259.099,14,3,acyclic_ali,c1ccccc1
Ac1067,Cc1ccc(C)c(C(=O)c2ccccc2C(=O)O)c1,254.285,19,3,benzoic,O=C(c1ccccc1)c1ccccc1
Ac1069,CC(C)c1ccc(C(=O)CCC(=O)O)cc1,220.268,16,5,acyclic_ali,c1ccccc1
Ac1070,O=C(O)/C=C(\I)c1ccccc1,274.057,12,2,other,c1ccccc1
Ac1071,O=C(O)c1cc(C(F)(F)F)cc([N+](=O)[O-])c1Cl,269.562,17,2,benzoic,c1ccccc1
Ac1073,O=C(O)/C=C/c1cc(Br)cs1,233.086,11,2,other,c1ccsc1
Ac1074,COc1ccc(C(=O)O)cc1C(F)(F)F,220.146,15,2,benzoic,c1ccccc1
Ac1075,CS(=O)(=O)c1cc(C(F)(F)F)ccc1C(=O)O,268.212,17,2,benzoic,c1ccccc1
Ac1076,CSc1nc(Cl)c(C(=O)O)c(Cl)n1,239.083,13,2,aryl_other,c1cncnc1
Ac1077,O=C(O)c1cc(Br)cc(OC(F)(F)F)c1,285.015,15,2,benzoic,c1ccccc1
Ac1079,O=C(O)c1cc(F)c(Br)cc1[N+](=O)[O-],264.006,14,2,benzoic,c1ccccc1
Ac1080,O=C(O)c1ccc(I)nc1,249.007,10,1,aryl_other,c1ccncc1
Ac1081,O=C(O)c1sc2ccccc2c1Br,257.108,13,1,heteroaryl,c1ccc2sccc2c1
Ac1082,Cc1nn(-c2ccccc2)c(C)c1C(=O)O,216.24,16,2,aryl_other,c1ccc(-n2cccn2)cc1
Ac1084,O=C(O)CC(Br)C(=O)c1ccc(Cl)cc1,291.528,15,4,acyclic_ali,c1ccccc1
Ac1088,O=C(O)c1c(Cl)cccc1I,282.464,11,1,benzoic,c1ccccc1
Ac1090,O=C(O)COc1ccc(C(=O)c2ccccc2)cc1,256.257,19,5,acyclic_ali,O=C(c1ccccc1)c1ccccc1
Ac1092,COc1ccc(Br)cc1CC(=O)O,245.072,13,3,acyclic_ali,c1ccccc1
Ac1093,COc1cc(C(=O)O)ccc1I,278.045,12,2,benzoic,c1ccccc1
Ac1094,CN(C)S(=O)(=O)c1cccc(C(=O)O)c1,229.257,15,3,benzoic,c1ccccc1
Ac1095,O=C(O)c1ccc(S(F)(F)(F)(F)F)cc1,248.172,15,2,benzoic,c1ccccc1
Ac1097,COc1ccc(C(=O)O)c(Cl)c1OC,216.62,14,3,benzoic,c1ccccc1
Ac1098,O=C(O)c1ccccc1Sc1ccccc1[N+](=O)[O-],275.285,19,4,benzoic,c1ccc(Sc2ccccc2)cc1
Ac1099,O=C(O)/C=C/c1cc(Cl)cc(Cl)c1,217.051,13,2,other,c1ccccc1
Ac1100,O=C(O)c1cccc(Cl)c1Br,235.464,11,1,benzoic,c1ccccc1
Ac1101,O=C(O)c1cccc(C(=O)CBr)c1,243.056,13,3,benzoic,c1ccccc1
Ac1103,COc1cc(C(=O)O)cc([N+](=O)[O-])c1OC,227.172,16,4,benzoic,c1ccccc1
Ac1105,CC(C)(C)[Si](OCCC(=O)O)(c1ccccc1)c1ccccc1,328.484,23,6,acyclic_ali,c1ccc([SiH2]c2ccccc2)cc1
Ac1106,C=C(C)C(=O)OCCCCCCOc1ccc(C(=O)O)cc1,306.358,22,10,benzoic,c1ccccc1
Ac1107,O=C(O)c1cc([N+](=O)[O-])c(F)c(F)c1F,221.09,15,2,benzoic,c1ccccc1
Ac1108,C=CC(=O)OCCCCOc1ccc(C(=O)O)cc1,264.277,19,8,benzoic,c1ccccc1
Ac1109,CS(=O)(=O)c1cc(Br)ccc1C(=O)O,279.111,14,2,benzoic,c1ccccc1
Ac1110,O=C(O)C1(c2ccc(Br)cc2)CCC1,255.111,14,2,alpha_quat,c1ccc(C2CCC2)cc1
Ac1111,Cc1c(F)cc(C(=O)O)cc1I,280.036,12,1,benzoic,c1ccccc1
Ac1112,CC(C)(C)OC(=O)N1CCc2ccc(C(=O)O)cc2C1,277.32,20,1,benzoic,c1ccc2c(c1)CCNC2
Ac1114,Cc1cc(Br)cnc1C(=O)O,216.034,11,1,heteroaryl,c1ccncc1
Ac1116,CC(C)(Sc1ccncc1-c1ccc(C#N)c2ccccc12)C(=O)O,348.427,25,4,acyclic_ali,c1cncc(-c2cccc3ccccc23)c1
Ac1117,O=C(O)/C=C\n1cnc(-c2cc(C(F)(F)F)cc(C(F)(F)F)c2)n1,351.206,24,3,other,c1ccc(-c2nc[nH]n2)cc1
Ac1119,O=C(O)c1ccncc1I,249.007,10,1,aryl_other,c1ccncc1
Ac1120,O=C(O)c1cc(-c2ccco2)nc2ccccc12,239.23,18,2,aryl_other,c1coc(-c2ccc3ccccc3n2)c1
Ac1121,O=C(O)c1cccnc1Oc1cccc(C(F)(F)F)c1,283.205,20,3,aryl_other,c1ccc(Oc2ccccn2)cc1
Ac1122,O=C(O)CCC1CCc2ccccc2C1=O,218.252,16,3,acyclic_ali,O=C1CCCc2ccccc21
Ac1124,O=C(O)c1cc(-c2ccc(Br)cc2)on1,268.066,15,2,heteroaryl,c1ccc(-c2ccno2)cc1
Ac1125,O=C(O)c1sc2cc(F)ccc2c1Cl,230.647,14,1,heteroaryl,c1ccc2sccc2c1
Ac1128,CC(Sc1ccc(Cl)cc1)C(=O)O,216.689,13,3,acyclic_ali,c1ccccc1
Ac1129,O=C(O)CCCS(=O)(=O)c1ccccc1,228.269,15,5,acyclic_ali,c1ccccc1
Ac1130,COc1c(Br)cc(Br)cc1C(=O)O,309.941,13,2,benzoic,c1ccccc1
Ac1134,Cc1ccc(S(=O)(=O)N(C)CC(=O)O)cc1,243.284,16,4,alpha_amino,c1ccccc1
Ac1135,CC(Oc1ccc(Br)cc1)C(=O)O,245.072,13,3,acyclic_ali,c1ccccc1
Ac1137,O=C(O)c1ccc([N+](=O)[O-])c(Br)c1,246.016,13,2,benzoic,c1ccccc1
Ac1139,O=C(O)Cc1ccc(OCc2ccccc2)c(OCc2ccccc2)c1,348.398,26,8,acyclic_ali,c1ccc(COc2ccccc2OCc2ccccc2)cc1
Ac1140,CCCCCCCCCc1ccc(C(=O)O)cc1,248.366,18,9,benzoic,c1ccccc1
Ac1141,COc1ccc(C(=O)O)c([N+](=O)[O-])c1OC,227.172,16,4,benzoic,c1ccccc1
Ac1144,CS(=O)(=O)c1ccc(/C=C/C(=O)O)cc1,226.253,15,3,other,c1ccccc1
Ac1145,CC(C)[C@@H]1CC[C@@H](C)C[C@H]1OC(=O)c1ccccc1C(=O)O,304.386,22,4,benzoic,O=C(OC1CCCCC1)c1ccccc1
Ac1146,O=C(O)COc1ccc(Br)cc1Br,309.941,13,3,acyclic_ali,c1ccccc1
Ac1147,CC(C(=O)O)c1ccc(C(F)(F)F)cc1,218.174,15,2,acyclic_ali,c1ccccc1
Ac1148,CC(=O)SCC(CC(=O)c1ccc(C)cc1)C(=O)O,280.345,19,6,acyclic_ali,c1ccccc1
Ac1149,CO[C@H](C(=O)O)c1ccc2ccccc2c1,216.236,16,3,acyclic_ali,c1ccc2ccccc2c1
Ac1150,CCN(CC)C(=O)c1cccc(C(=O)O)n1,222.244,16,4,heteroaryl,c1ccncc1
Ac1151,O=C(O)C/C=C/c1ccc(Br)cc1,241.084,13,3,acyclic_ali,c1ccccc1
Ac1152,CC(C)(C)OC(=O)N1CCc2sc(C(=O)O)cc2C1,283.349,19,1,heteroaryl,c1cc2c(s1)CCNC2
Ac1153,O=C(O)Cc1cc(Br)cc(Br)c1,293.942,12,2,acyclic_ali,c1ccccc1
Ac1155,Cc1ccn(-c2ccc(C(=O)O)c(Cl)c2)n1,236.658,16,2,benzoic,c1ccc(-n2cccn2)cc1
Ac1156,O=C(O)c1cc(Cl)nc(C(F)(F)F)c1,225.553,14,1,aryl_other,c1ccncc1
Ac1157,O=C(O)CCCN1C(=O)c2cccc3cccc(c23)C1=O,283.283,21,4,acyclic_ali,O=C1NC(=O)c2cccc3cccc1c23
Ac1158,CC(C)Oc1ccc(C(=O)O)cc1C(F)(F)F,248.2,17,3,benzoic,c1ccccc1
Ac1159,C=C1C(=O)O[C@H](CCCCCCCC)[C@H]1C(=O)O,254.326,18,8,cyclic_ali,C=C1CCOC1=O
Ac1160,O=C(O)c1ccc(Cl)cc1C(F)(F)F,224.565,14,1,benzoic,c1ccccc1
Ac1162,Cc1cc(F)c(C(=O)O)cc1Br,233.036,12,1,benzoic,c1ccccc1
Ac1163,Cc1cc(Br)cc(F)c1C(=O)O,233.036,12,1,benzoic,c1ccccc1
Ac1166,Cc1sc(C(=O)O)cc1Br,221.075,10,1,heteroaryl,c1ccsc1
Ac1168,O=C(O)C(Br)CCN1C(=O)c2ccccc2C1=O,312.119,18,4,acyclic_ali,O=C1NC(=O)c2ccccc21
Ac1170,O=C(O)c1cc(-c2ccccc2)nn1-c1ccccc1,264.284,20,3,heteroaryl,c1ccc(-c2ccn(-c3ccccc3)n2)cc1
Ac1171,O=C(O)c1cc2c(Br)cccc2s1,257.108,13,1,heteroaryl,c1ccc2sccc2c1
Ac1173,O=C(O)c1cc(Br)c(F)cc1F,236.999,12,1,benzoic,c1ccccc1
Ac1175,CC(=O)Oc1ccc([N+](=O)[O-])cc1C(=O)O,225.156,16,3,benzoic,c1ccccc1
Ac1176,O=C(O)CCOc1ccc(Br)cc1,245.072,13,4,acyclic_ali,c1ccccc1
Ac1177,O=C(O)CCSc1ccc2ccccc2c1,232.304,16,4,acyclic_ali,c1ccc2ccccc2c1
Ac1178,Cc1ccc(S(=O)(=O)CCC(=O)O)cc1,228.269,15,4,acyclic_ali,c1ccccc1
Ac1179,Cc1cc(C(=O)O)cc(C)c1Br,229.073,12,1,benzoic,c1ccccc1
Ac1182,COc1ccc(C(=O)CCCCC(=O)O)cc1,236.267,17,7,acyclic_ali,c1ccccc1
Ac1183,COc1c(Cl)cc(Cl)c(OC)c1C(=O)O,251.065,15,3,benzoic,c1ccccc1
Ac1186,O=C(O)c1ccc(S(=O)(=O)C(F)(F)F)cc1,254.185,16,2,benzoic,c1ccccc1
Ac1189,CCCCC(=O)Oc1ccccc1C(=O)O,222.24,16,5,benzoic,c1ccccc1
Ac1191,COC(=O)c1ccc(C(=O)O)c([N+](=O)[O-])c1,225.156,16,3,benzoic,c1ccccc1
Ac1192,O=C(O)c1ccc(NS(=O)(=O)Cc2ccccc2)cc1,291.328,20,5,benzoic,O=S(=O)(Cc1ccccc1)Nc1ccccc1
Ac1193,O=C(O)CNS(=O)(=O)c1ccc2ccccc2c1,265.29,18,4,alpha_amino,c1ccc2ccccc2c1
Ac1194,Cn1nc(C(F)(F)F)c(C(=O)O)c1Cl,228.557,14,1,aryl_other,c1cn[nH]c1
Ac1195,O=C(O)CC(=O)OCc1ccc([N+](=O)[O-])cc1,239.183,17,5,acyclic_ali,c1ccccc1
Ac1196,COc1cc(C(=O)O)c(OC)c2ccccc12,232.235,17,3,benzoic,c1ccc2ccccc2c1
Ac1197,CN(CCCC(=O)O)C(=O)OCc1ccccc1,251.282,18,6,acyclic_ali,c1ccccc1
Ac1198,CC(=O)Oc1cc(C)cc(C)c1C(C)(C)CC(=O)O,264.321,19,4,acyclic_ali,c1ccccc1
Ac1201,CC(C)(C)OC(=O)N1CCC(OCC(=O)O)CC1,259.302,18,3,acyclic_ali,C1CCNCC1
Ac1202,CC(C)(C)OC(=O)N1CCC(Oc2ccc(C(=O)O)cc2)CC1,321.373,23,3,benzoic,c1ccc(OC2CCNCC2)cc1
Ac1203,CC(C)(C)OC(=O)N1CCC(C(=O)O)(c2ccc(Cl)cc2)CC1,339.819,23,2,alpha_quat,c1ccc(C2CCNCC2)cc1
Ac1204,Cc1c(S(C)(=O)=O)ccc(C(=O)O)c1Cl,248.687,15,2,benzoic,c1ccccc1
Ac1206,O=C(O)C(F)(F)c1ccc(Br)cc1,251.026,13,2,acyclic_ali,c1ccccc1
Ac1208,O=C(O)c1nc(Cl)ccc1Br,236.452,11,1,heteroaryl,c1ccncc1
Ac1209,O=C(O)c1ccc(F)c(F)c1CSc1ccccc1,280.295,19,4,benzoic,c1ccc(CSc2ccccc2)cc1
Ac1211,Cc1ccc(-c2nc(C(=O)O)cs2)cc1,219.265,15,2,heteroaryl,c1ccc(-c2nccs2)cc1
Ac1212,Cc1nc(-c2ccc(Cl)cc2)sc1C(=O)O,253.71,16,2,heteroaryl,c1ccc(-c2nccs2)cc1
Ac1216,O=C(O)Cc1ccc(Br)c2ccccc12,265.106,15,2,acyclic_ali,c1ccc2ccccc2c1
Ac1217,O=C(O)CS(=O)c1ccc([N+](=O)[O-])cc1,229.213,15,4,acyclic_ali,c1ccccc1
Ac1218,O=C(O)C(c1ccccc1)S(=O)(=O)O,216.214,14,3,acyclic_ali,c1ccccc1
Ac1219,O=C(O)Cc1ccccc1Sc1ccccc1,244.315,17,4,acyclic_ali,c1ccc(Sc2ccccc2)cc1
Ac1220,O=C(O)c1cc([N+](=O)[O-])c(Cl)cc1F,219.555,14,2,benzoic,c1ccccc1
Ac1221,O=C(O)Cc1ccc(Cl)cc1Br,249.491,12,2,acyclic_ali,c1ccccc1
Ac1224,O=C(O)CNS(=O)(=O)c1ccccc1[N+](=O)[O-],260.227,17,5,alpha_amino,c1ccccc1
Ac1225,O=C(O)CSc1cccc2ccccc12,218.277,15,3,acyclic_ali,c1ccc2ccccc2c1
Ac1226,O=C(O)/C(=C/c1cccc([N+](=O)[O-])c1)c1ccccc1,269.256,20,4,other,C(=Cc1ccccc1)c1ccccc1
Ac1227,C=C(CC(=O)OCc1ccc(OC)cc1)C(=O)O,250.25,18,6,other,c1ccccc1
Ac1228,O=C(O)Cc1ccc(C(F)(F)F)cc1[N+](=O)[O-],249.144,17,3,acyclic_ali,c1ccccc1
Ac1229,COc1ccc2cc(CCC(=O)O)ccc2c1,230.263,17,4,acyclic_ali,c1ccc2ccccc2c1
Ac1233,COc1ccccc1/C=C(/C(=O)O)c1ccccc1,254.285,19,4,other,C(=Cc1ccccc1)c1ccccc1
Ac1234,CCOc1ccc(C(=O)O)c2ccccc12,216.236,16,3,benzoic,c1ccc2ccccc2c1
Ac1235,COc1cc(C(=O)O)cc(C(F)(F)F)c1,220.146,15,2,benzoic,c1ccccc1
Ac1236,CC(NS(=O)(=O)c1ccccc1)C(=O)O,229.257,15,4,alpha_amino,c1ccccc1
Ac1237,O=C(O)c1cccc(Br)c1Br,279.915,11,1,benzoic,c1ccccc1
Ac1238,O=C(O)c1cccc(Br)c1[N+](=O)[O-],246.016,13,2,benzoic,c1ccccc1
Ac1239,CN(CC(=O)O)S(=O)(=O)c1ccccc1,229.257,15,4,alpha_amino,c1ccccc1
Ac1240,O=C(O)c1ccc(Br)cc1C(=O)c1ccccc1,305.127,18,3,benzoic,O=C(c1ccccc1)c1ccccc1
Ac1245,CC(CSC(=O)c1ccccc1)C(=O)O,224.281,15,4,acyclic_ali,c1ccccc1
Ac1246,O=C(O)CCc1cc(Cl)cc(Cl)c1,219.067,13,3,acyclic_ali,c1ccccc1
Ac1247,CCC[C@H]1CC[C@H]([C@H]2CC[C@H](C(=O)O)CC2)CC1,252.398,18,4,cyclic_ali,C1CCC(C2CCCCC2)CC1
Ac1248,O=C(O)c1ccc2cc(OCc3ccccc3)ccc2c1,278.307,21,4,benzoic,c1ccc(COc2ccc3ccccc3c2)cc1
Ac1249,O=C(O)c1cn(Cc2c(F)cccc2F)nn1,239.181,17,3,heteroaryl,c1ccc(Cn2ccnn2)cc1
Ac1250,O=C(O)CCc1cn(C(c2ccccc2)(c2ccccc2)c2ccccc2)cn1,382.463,29,7,acyclic_ali,c1ccc(C(c2ccccc2)(c2ccccc2)n2ccnc2)cc1
Ac1252,CC1(C)CCC(C)(C)c2cc(Cn3cccn3)c(/C=C/c3ccc(C(=O)O)cc3)cc21,414.549,31,5,benzoic,C(=Cc1cc2c(cc1Cn1cccn1)CCCC2)c1ccccc1
Ac1253,CS(=O)(=O)Nc1ccc(-c2coc3cc(OCc4cccc(C(=O)O)c4)ccc3c2=O)cc1,465.483,33,7,benzoic,O=c1c(-c2ccccc2)coc2cc(OCc3ccccc3)ccc12
Ac1254,CS(=O)(=O)c1ccc(F)c(C(=O)O)c1,218.205,14,2,benzoic,c1ccccc1
Ac1255,Cc1cc(C(=O)O)ccc1B1OC(C)(C)C(C)(C)O1,262.114,19,2,benzoic,c1ccc(B2OCCO2)cc1
Ac1257,CC(C)(C)OC(=O)N1CCc2c(cccc2C(=O)O)C1,277.32,20,1,benzoic,c1ccc2c(c1)CCNC2
Ac1258,COc1ccc(Br)c(C(=O)O)c1F,249.035,13,2,benzoic,c1ccccc1
Ac1259,COc1ccc2cc(OCC3(C(=O)O)CN(C(=O)c4ccc(F)cc4)C3)ccc2c1,409.413,30,6,alpha_quat,O=C(c1ccccc1)N1CC(COc2ccc3ccccc3c2)C1
Ac1260,CC(C)(C)OC(=O)N1CCc2cccc(C(=O)O)c2C1,277.32,20,1,benzoic,c1ccc2c(c1)CCNC2
Ac1261,O=C(O)c1csc(-c2c(F)cccc2F)n1,241.218,16,2,heteroaryl,c1ccc(-c2nccs2)cc1
Ac1262,O=C(O)/C=C(/CCc1ccc(Cl)cc1)c1ccccc1,286.758,20,5,other,C=C(CCc1ccccc1)c1ccccc1
Ac1263,O=C(O)c1ccc(OCC(F)(F)F)cn1,221.134,15,3,heteroaryl,c1ccncc1
Ac1264,CC(C)(C)OC(=O)N1CCC(F)(C(=O)O)C1,233.239,16,1,cyclic_ali,C1CCNC1
Ac1265,O=C(O)c1sc(Br)cc1Br,285.944,10,1,heteroaryl,c1ccsc1
Ac1266,Cc1ncc(Br)c(C(=O)O)n1,217.022,11,1,heteroaryl,c1cncnc1
Ac1267,O=C(O)Cc1csc(-c2ccccc2)n1,219.265,15,3,acyclic_ali,c1ccc(-c2nccs2)cc1
Ac1269,Cc1c(C(=O)O)c(-c2ccccc2)nn1-c1ccccc1,278.311,21,3,aryl_other,c1ccc(-c2ccn(-c3ccccc3)n2)cc1
Ac1271,Cc1cc(Br)sc1C(=O)O,221.075,10,1,heteroaryl,c1ccsc1
Ac1276,CC(Cc1ccc(C(C)(C)C)cc1)C(=O)O,220.312,16,3,acyclic_ali,c1ccccc1
Ac1278,Cc1ccc(C(=S)SCC(=O)O)cc1,226.322,14,3,acyclic_ali,c1ccccc1
Ac1279,COc1cc(Cl)c(C(=O)O)cc1OC,216.62,14,3,benzoic,c1ccccc1
Ac1280,CC(Oc1ccc2ccccc2c1)C(=O)O,216.236,16,3,acyclic_ali,c1ccc2ccccc2c1
Ac1281,O=C(O)c1c(Cl)cccc1C(F)(F)F,224.565,14,1,benzoic,c1ccccc1
Ac1282,O=C(O)c1cc(I)c(I)c(I)c1,499.811,12,1,benzoic,c1ccccc1
Ac1283,O=C(O)c1cccc(OC(F)(F)C(F)F)c1,238.136,16,4,benzoic,c1ccccc1
Ac1285,COc1ccc([N+](=O)[O-])c(OC)c1C(=O)O,227.172,16,4,benzoic,c1ccccc1
Ac1286,O=C(O)c1ccc(OC(F)(F)F)c([N+](=O)[O-])c1,251.116,17,3,benzoic,c1ccccc1
Ac1287,COc1ccc(C(=O)O)c(Br)c1OC,261.071,14,3,benzoic,c1ccccc1
Ac1288,COc1ccc(C(=O)CCC(=O)O)c(C)c1,222.24,16,5,acyclic_ali,c1ccccc1
Ac1289,O=C(O)c1cccc(S(=O)(=O)C(F)(F)F)c1,254.185,16,2,benzoic,c1ccccc1
Ac1290,COc1ccc(C(=O)CC(C)C(=O)O)cc1,222.24,16,5,acyclic_ali,c1ccccc1
Ac1293,CCCCC[C@H]1CC[C@H](c2ccc(C(=O)O)cc2)CC1,274.404,20,6,benzoic,c1ccc(C2CCCCC2)cc1
Ac1294,O=C(O)c1cc(F)c(Cl)c([N+](=O)[O-])c1Cl,254.0,15,2,benzoic,c1ccccc1
Ac1297,O=C(O)C1(c2cccc(C(F)(F)F)c2)CC1,230.185,16,2,alpha_quat,c1ccc(C2CC2)cc1
Ac1298,CC(C)(C)OC(=O)C[C@@H](CC1CCCC1)C(=O)O,256.342,18,5,acyclic_ali,C1CCCC1
Ac1299,O=C(O)C1CCCN(C(=O)OCC2c3ccccc3-c3ccccc32)C1,351.402,26,3,cyclic_ali,O=C(OCC1c2ccccc2-c2ccccc21)N1CCCCC1
Ac1300,O=C(O)c1cn(S(=O)(=O)c2ccccc2)c2ccccc12,301.323,21,3,aryl_other,O=S(=O)(c1ccccc1)n1ccc2ccccc21
Ac1301,O=C(O)c1cc(Br)c(F)c(F)c1F,254.989,13,1,benzoic,c1ccccc1
Ac1304,O=C(O)c1cc(S(=O)(=O)Cl)ccc1Br,299.529,14,2,benzoic,c1ccccc1
Ac1306,COc1ccc(COc2ccc(C(=O)O)c(Cl)c2OCc2ccc(OC)cc2)cc1,428.868,30,9,benzoic,c1ccc(COc2ccccc2OCc2ccccc2)cc1
Ac1307,O=C(O)c1nc(-c2ccccc2)oc1C(F)(F)F,257.167,18,2,heteroaryl,c1ccc(-c2ncco2)cc1
Ac1308,Cc1nc(C(=O)O)c(-c2cccc(F)c2)s1,237.255,16,2,heteroaryl,c1ccc(-c2cncs2)cc1
Ac1309,COc1cc(Br)ccc1CC(=O)O,245.072,13,3,acyclic_ali,c1ccccc1
Ac1310,COc1ccc(Cn2cc(C(=O)O)cn2)cc1,232.239,17,4,aryl_other,c1ccc(Cn2cccn2)cc1
Ac1311,O=C(O)c1ccc(C(F)(F)F)cc1I,316.016,14,1,benzoic,c1ccccc1
Ac1312,O=C(O)c1cc(Cl)ncc1Br,236.452,11,1,aryl_other,c1ccncc1
Ac1313,Cc1ccc(S(=O)(=O)CC(CS(=O)(=O)c2ccc(C)cc2)C(=O)c2ccc(C(=O)O)cc2)cc1,500.594,34,9,benzoic,O=C(c1ccccc1)C(CS(=O)(=O)c1ccccc1)CS(=O)(=O)c1ccccc1
Ac1314,O=C(O)CCSc1nc2ccccc2s1,239.321,15,4,acyclic_ali,c1ccc2scnc2c1
Ac1315,O=C(O)c1ccc2oc3ccccc3c(=O)c2c1,240.214,18,1,benzoic,O=c1c2ccccc2oc2ccccc12
Ac1316,COc1ccc(-c2cc(C(=O)O)c3ccccc3n2)cc1OC,309.321,23,4,aryl_other,c1ccc(-c2ccc3ccccc3n2)cc1
Ac1317,O=C(O)c1ccc(S(=O)(=O)N2CCOCC2)cc1,271.294,18,3,benzoic,O=S(=O)(c1ccccc1)N1CCOCC1
Ac1318,COc1ccc(-n2nnc(C(=O)O)c2C)cc1,233.227,17,3,heteroaryl,c1ccc(-n2ccnn2)cc1
Ac1319,CCOc1c(OC)cc(C(=O)O)cc1OC,226.228,16,5,benzoic,c1ccccc1
Ac1321,O=C1C=CC(=O)N1C[C@H]1CC[C@H](C(=O)O)CC1,237.255,17,3,cyclic_ali,O=C1C=CC(=O)N1CC1CCCCC1
Ac1322,O=C(O)COCCN1C(=O)c2ccccc2C1=O,249.222,18,5,acyclic_ali,O=C1NC(=O)c2ccccc21
Ac1325,CC(Oc1ccc(C(C)(C)C)cc1)C(=O)O,222.284,16,3,acyclic_ali,c1ccccc1
Ac1326,O=C(O)CSc1cc(Cl)ccc1Cl,237.107,13,3,acyclic_ali,c1ccccc1
Ac1327,O=C(O)/C(=C/c1ccccc1Cl)c1ccccc1,258.704,18,3,other,C(=Cc1ccccc1)c1ccccc1
Ac1328,O=C(O)CCCCCCCCCCCCCCc1ccccc1,318.501,23,15,acyclic_ali,c1ccccc1
Ac1329,O=C(O)CCCc1ccc(Cl)c(Cl)c1,233.094,14,4,acyclic_ali,c1ccccc1
Ac1330,O=C(O)c1ccc2c3cccc4cccc(c5cccc1c52)c43,296.325,23,1,benzoic,c1cc2cccc3c4cccc5cccc(c(c1)c23)c54
Ac1334,O=C(O)CS(=O)(=O)c1ccc([N+](=O)[O-])cc1,245.212,16,4,acyclic_ali,c1ccccc1
Ac1337,COc1cccc(I)c1C(=O)O,278.045,12,2,benzoic,c1ccccc1
Ac1338,O=C(O)c1cc(Br)c(Br)c(Br)c1,358.811,12,1,benzoic,c1ccccc1
Ac1339,O=C(O)CCC(=O)CCC(=O)c1ccccc1,234.251,17,7,acyclic_ali,c1ccccc1
Ac1340,COc1cc(C(F)(F)F)ccc1C(=O)O,220.146,15,2,benzoic,c1ccccc1
Ac1341,COc1cc(OC)c([N+](=O)[O-])cc1C(=O)O,227.172,16,4,benzoic,c1ccccc1
Ac1342,O=C(O)CCCCCCC(=O)c1ccccc1,234.295,17,8,acyclic_ali,c1ccccc1
Ac1343,O=C(O)c1cc(OCC(F)(F)F)ccc1OCC(F)(F)F,318.169,21,5,benzoic,c1ccccc1
Ac1344,COc1ccc(C)cc1C(=O)CCC(=O)O,222.24,16,5,acyclic_ali,c1ccccc1
Ac1345,O=C(O)CCNS(=O)(=O)c1ccccc1,229.257,15,5,acyclic_ali,c1ccccc1
Ac1347,Cc1cc(C)c(C(=O)O)cc1Br,229.073,12,1,benzoic,c1ccccc1
Ac1348,O=C(O)CCc1cccc(I)c1,276.073,12,3,acyclic_ali,c1ccccc1
Ac1349,O=C(O)c1cc(Cl)c(Cl)c(Cl)c1,225.458,12,1,benzoic,c1ccccc1
Ac1350,O=C(O)CCSc1ccccc1Cl,216.689,13,4,acyclic_ali,c1ccccc1
Ac1352,O=C(O)C1(c2ccc(Cl)cc2)CCCCC1,238.714,16,2,alpha_quat,c1ccc(C2CCCCC2)cc1
Ac1355,O=C(O)c1ccc(-c2ccccc2C(F)(F)F)o1,256.179,18,2,heteroaryl,c1ccc(-c2ccco2)cc1
Ac1356,CCC[C@H]1CC[C@H](c2ccc(C(=O)O)cc2)CC1,246.35,18,4,benzoic,c1ccc(C2CCCCC2)cc1
Ac1358,Cc1noc(NS(=O)(=O)c2ccsc2C(=O)O)c1Cl,322.751,19,4,heteroaryl,O=S(=O)(Nc1ccno1)c1ccsc1
Ac1361,CC(C)(Oc1ccc(C(F)(F)F)cn1)C(=O)O,249.188,17,3,acyclic_ali,c1ccncc1
Ac1362,O=C(O)CC[C@H]1CC[C@@](c2cc(F)ccc2F)(S(=O)(=O)c2ccc(Cl)cc2)CC1,442.911,29,6,acyclic_ali,O=S(=O)(c1ccccc1)C1(c2ccccc2)CCCCC1
Ac1364,O=C(O)Cc1cc(Br)cs1,221.075,10,2,acyclic_ali,c1ccsc1
Ac1365,O=C(O)c1cc2cccc(Br)c2s1,257.108,13,1,heteroaryl,c1ccc2sccc2c1
Ac1366,CC(C)(C)OC(=O)N1CCC(F)(C(=O)O)CC1,247.266,17,1,cyclic_ali,C1CCNCC1
Ac1367,CC(C)(C)OC(=O)N1CCN(c2ncc(C(=O)O)cn2)CC1,308.338,22,2,aryl_other,c1cnc(N2CCNCC2)nc1
Ac1368,CN1CCN(C(=O)C2C(C(=O)O)[C@H]3CC[C@@H]2O3)CC1,268.313,19,2,cyclic_ali,O=C(C1CC2CCC1O2)N1CCNCC1
Ac1372,O=C(O)c1cc(-c2ccncc2)nc2ccccc12,250.257,19,2,aryl_other,c1ccc2nc(-c3ccncc3)ccc2c1
Ac1373,O=C(O)c1ccc(I)cn1,249.007,10,1,heteroaryl,c1ccncc1
Ac1374,Cc1c(Br)csc1C(=O)O,221.075,10,1,heteroaryl,c1ccsc1
Ac1375,O=C(O)CC1c2ccccc2Oc2ccccc21,240.258,18,2,acyclic_ali,c1ccc2c(c1)Cc1ccccc1O2
Ac1376,O=C(O)c1cc(-c2ccc([N+](=O)[O-])cc2)on1,234.167,17,3,heteroaryl,c1ccc(-c2ccno2)cc1
Ac1377,COc1ccc(C(=O)O)nc1Br,232.033,12,2,heteroaryl,c1ccncc1
Ac1379,Cc1nc(-c2cccnc2)sc1C(=O)O,220.253,15,2,heteroaryl,c1cncc(-c2nccs2)c1
Ac1380,COc1ccc(-c2cc(C(=O)O)no2)cc1,219.196,16,3,heteroaryl,c1ccc(-c2ccno2)cc1
Ac1381,O=C(O)Cc1csc2ccc(Cl)cc12,226.684,14,2,acyclic_ali,c1ccc2sccc2c1
Ac1382,Cc1cc(C(=O)O)sc1Br,221.075,10,1,heteroaryl,c1ccsc1
Ac1383,O=C(O)C(Br)CCc1ccccc1,243.1,13,4,acyclic_ali,c1ccccc1
Ac1384,O=C(O)CSCc1ccc(Cl)cc1,216.689,13,4,acyclic_ali,c1ccccc1
Ac1385,O=C(O)C12CCC(c3ccccc3)(CC1)CC2,230.307,17,2,alpha_quat,c1ccc(C23CCC(CC2)CC3)cc1
Ac1386,COc1cc(C(=O)O)c(OC)cc1Br,261.071,14,3,benzoic,c1ccccc1
Ac1387,NS(=O)(=O)c1ccc(Cl)c(C(=O)O)c1,235.648,14,2,benzoic,c1ccccc1
Ac1388,O=C(O)/C(=C/c1ccccc1)c1ccc(Cl)cc1,258.704,18,3,other,C(=Cc1ccccc1)c1ccccc1
Ac1389,Cc1ccc(S(=O)(=O)OCC(=O)O)cc1,230.241,15,4,acyclic_ali,c1ccccc1
Ac1391,CCCCCCCCCc1ccc(OCC(=O)O)cc1,278.392,20,11,acyclic_ali,c1ccccc1
Ac1392,O=C(O)CC(Sc1ccccc1)c1ccccc1,258.342,18,5,acyclic_ali,c1ccc(CSc2ccccc2)cc1
Ac1393,O=C(O)CCCc1ccccc1Br,243.1,13,4,acyclic_ali,c1ccccc1
Ac1394,O=C(O)c1cc(Cl)ccc1C(F)(F)F,224.565,14,1,benzoic,c1ccccc1
Ac1396,Cc1cc(C)c(C(=O)CCC(=O)O)c(C)c1,220.268,16,4,acyclic_ali,c1ccccc1
Ac1397,O=C(O)c1ccccc1C(=O)c1ccc(Cl)c(Cl)c1,295.121,19,3,benzoic,O=C(c1ccccc1)c1ccccc1
Ac1398,COc1cc(I)ccc1C(=O)O,278.045,12,2,benzoic,c1ccccc1
Ac1399,CC(C)(C)c1ccc(C(=O)O)cc1Br,257.127,14,1,benzoic,c1ccccc1
Ac1400,COc1ccc(OC)c([N+](=O)[O-])c1C(=O)O,227.172,16,4,benzoic,c1ccccc1
Ac1401,CS(=O)(=O)Nc1ccc(Cl)cc1C(=O)O,249.675,15,3,benzoic,c1ccccc1
Ac1403,COc1ccc(C(=O)CCCC(=O)O)cc1OC,252.266,18,7,acyclic_ali,c1ccccc1
Ac1405,O=C(O)CCCC(=O)c1ccc2ccccc2c1,242.274,18,5,acyclic_ali,c1ccc2ccccc2c1
Ac1406,Cc1cc(Br)c(C(=O)O)cc1Br,293.942,12,1,benzoic,c1ccccc1
Ac1407,O=Cc1cc(Br)ccc1OCC(=O)O,259.055,14,4,acyclic_ali,c1ccccc1
Ac1408,COc1ccc(S(=O)(=O)NCC(=O)O)cc1,245.256,16,5,alpha_amino,c1ccccc1
Ac1410,Cn1ncc(I)c1C(=O)O,252.011,10,1,heteroaryl,c1cn[nH]c1
Ac1413,CC(C)(C)OC(=O)N1CC=C(C(=O)O)CC1,227.26,16,1,other,C1=CCNCC1
Ac1414,O=C(O)c1cnn(-c2ccc(Cl)cc2)c1C(F)(F)F,290.628,19,2,aryl_other,c1ccc(-n2cccn2)cc1
Ac1415,O=C(O)c1cc2ccccc2c(-c2ccccc2Cl)n1,283.714,20,2,heteroaryl,c1ccc(-c2nccc3ccccc23)cc1
Ac1416,O=Cc1cc(OCCCC(=O)O)ccc1[N+](=O)[O-],253.21,18,7,acyclic_ali,c1ccccc1
Ac1423,COc1cc(OCCCC(=O)O)ccc1C=O,238.239,17,7,acyclic_ali,c1ccccc1
Ac1424,O=C(O)COc1ccc(OC(F)(F)F)cc1,236.145,16,4,acyclic_ali,c1ccccc1
Ac1425,O=C(O)c1ccc(-c2cc(Cl)ccc2Cl)o1,257.072,16,2,heteroaryl,c1ccc(-c2ccco2)cc1
Ac1426,O=C(O)c1ccc(CBr)c(C(F)(F)F)c1,283.043,15,2,benzoic,c1ccccc1
Ac1427,CCCCOCCOc1nc(-c2ccc(C(=O)O)c(F)c2)sc1C,353.415,24,9,benzoic,c1ccc(-c2nccs2)cc1
Ac1428,O=C(O)Cc1ccccc1OC(F)(F)F,220.146,15,3,acyclic_ali,c1ccccc1
Ac1429,O=C(O)C1(c2ccc(Cl)cc2Cl)CC1,231.078,14,2,alpha_quat,c1ccc(C2CC2)cc1
Ac1430,COc1cc(C(=O)O)c(Br)cc1F,249.035,13,2,benzoic,c1ccccc1
Ac1431,CC(C)(C)OC(=O)N1CCCC(F)(C(=O)O)C1,247.266,17,1,cyclic_ali,C1CCNCC1
Ac1432,CC[C@@H]1CN(C(=O)OCc2ccccc2)C[C@@H]1C(=O)O,277.32,20,4,cyclic_ali,O=C(OCc1ccccc1)N1CCCC1
Ac1434,CC(CC(=O)O)N1C(=O)c2ccccc2C1=O,233.223,17,3,acyclic_ali,O=C1NC(=O)c2ccccc21
Ac1435,O=C(O)c1cc([N+](=O)[O-])c(Br)s1,252.045,12,2,heteroaryl,c1ccsc1
Ac1437,Cc1nc(-c2ccccc2)c(C(=O)O)s1,219.265,15,2,heteroaryl,c1ccc(-c2cscn2)cc1
Ac1438,Cc1c(C(=O)O)nnn1Cc1ccccc1,217.228,16,3,heteroaryl,c1ccc(Cn2ccnn2)cc1
Ac1439,O=C(O)c1cc(-c2ccccc2)nc2ccc(Cl)cc12,283.714,20,2,aryl_other,c1ccc(-c2ccc3ccccc3n2)cc1
Ac1440,O=C(O)c1cc(-c2ccc(-c3ccccc3)cc2)nc2ccccc12,325.367,25,3,aryl_other,c1ccc(-c2ccc(-c3ccc4ccccc4n3)cc2)cc1
Ac1441,Cn1cc(I)c(C(=O)O)n1,252.011,10,1,heteroaryl,c1cn[nH]c1
Ac1442,O=C(O)c1csc(-c2ccc(Cl)cc2)n1,239.683,15,2,heteroaryl,c1ccc(-c2nccs2)cc1
Ac1443,O=C(O)c1sc(Cl)nc1C(F)(F)F,231.582,13,1,heteroaryl,c1cscn1
Ac1444,O=C(O)Cc1ccc2oc(-c3ccccc3)nc2c1,253.257,19,3,acyclic_ali,c1ccc(-c2nc3ccccc3o2)cc1
Ac1445,O=C(O)c1ccc(C(=O)N2CCCCC2)cc1,233.267,17,2,benzoic,O=C(c1ccccc1)N1CCCCC1
Ac1446,O=C(O)C1CC1(Br)Br,243.882,8,1,cyclic_ali,C1CC1
Ac1447,CC(C(=O)O)c1cccc(Br)c1,229.073,12,2,acyclic_ali,c1ccccc1
Ac1448,O=C(O)c1c(Cl)c(Cl)cc(Cl)c1Cl,259.903,13,1,benzoic,c1ccccc1
Ac1449,COc1ccc(S(=O)(=O)CC(=O)O)cc1,230.241,15,4,acyclic_ali,c1ccccc1
Ac1451,CC(C)(C)c1ccc(C(=O)O)c([N+](=O)[O-])c1,223.228,16,2,benzoic,c1ccccc1
Ac1452,Cc1ccc(S(=O)(=O)NCCCC(=O)O)cc1,257.311,17,6,acyclic_ali,c1ccccc1
Ac1453,O=C(O)c1ccccc1Sc1ccc([N+](=O)[O-])cc1,275.285,19,4,benzoic,c1ccc(Sc2ccccc2)cc1
Ac1455,COc1ccc(CCC(=O)O)cc1Br,259.099,14,4,acyclic_ali,c1ccccc1
Ac1457,O=C(O)c1cccc(Cl)c1I,282.464,11,1,benzoic,c1ccccc1
Ac1458,Cc1cc(Cl)cc(Cl)c1OCC(=O)O,235.066,14,3,acyclic_ali,c1ccccc1
Ac1459,O=C(O)CSc1ccccc1Br,247.113,12,3,acyclic_ali,c1ccccc1
Ac1461,O=C(O)c1ccc(F)c(I)c1,266.009,11,1,benzoic,c1ccccc1
Ac1462,O=Cc1ccc(C(=O)O)cc1Br,229.029,12,2,benzoic,c1ccccc1
Ac1463,COc1cc(C(=O)O)c(Br)cc1Br,309.941,13,2,benzoic,c1ccccc1
Ac1464,Cc1ccc(C(=O)CCCCC(=O)O)cc1,220.268,16,6,acyclic_ali,c1ccccc1
Ac1465,COc1ccc2ccccc2c1CCC(=O)O,230.263,17,4,acyclic_ali,c1ccc2ccccc2c1
Ac1467,COc1cc(C(=O)CCC(=O)O)cc(OC)c1OC,268.265,19,7,acyclic_ali,c1ccccc1
Ac1468,CC(C)(CC(=O)O)CC(=O)c1ccccc1,220.268,16,5,acyclic_ali,c1ccccc1
Ac1470,COc1ccc(CCCCCC(=O)O)cc1,222.284,16,7,acyclic_ali,c1ccccc1
Ac1471,O=C(O)CNS(=O)(=O)c1ccc(Cl)cc1,249.675,15,4,alpha_amino,c1ccccc1
Ac1473,O=C(O)c1ccc(OCC(F)(F)F)cc1,220.146,15,3,benzoic,c1ccccc1
Ac1474,COc1ccc(C2(C(=O)O)CCCCC2)cc1,234.295,17,3,alpha_quat,c1ccc(C2CCCCC2)cc1
Ac1475,O=C(O)c1ccc(OC2CCCCC2)cc1,220.268,16,3,benzoic,c1ccc(OC2CCCCC2)cc1
Ac1477,COc1ccc(CCC(=O)O)c(OC)c1OC,240.255,17,6,acyclic_ali,c1ccccc1
Ac1478,O=C(O)c1c(F)c(F)c(F)c(F)c1[N+](=O)[O-],239.08,16,2,benzoic,c1ccccc1
Ac1479,O=C(O)/C=C/c1cccc(Cl)c1Cl,217.051,13,2,other,c1ccccc1
Ac1480,COc1ccc(C(=O)CCC(=O)O)cc1F,226.203,16,5,acyclic_ali,c1ccccc1
Ac1483,O=C(O)c1cn(-c2ccccc2)nc1C(F)(F)F,256.183,18,2,aryl_other,c1ccc(-n2cccn2)cc1
Ac1484,CSc1ccc(CC(=O)O)cc1Cl,216.689,13,3,acyclic_ali,c1ccccc1
Ac1487,CCCCC(CC)COC(=O)c1ccc(C(=O)O)cc1,278.348,20,8,benzoic,c1ccccc1
Ac1488,C/C(=C\C(=O)O)c1ccc(C(F)(F)F)cc1,230.185,16,2,other,c1ccccc1
Ac1489,O=C(O)c1cn(-c2ccccc2)nc1-c1ccc(Cl)cc1,298.729,21,3,aryl_other,c1ccc(-c2ccn(-c3ccccc3)n2)cc1
Ac1490,O=C(O)c1ccc(CBr)cc1F,233.036,12,2,benzoic,c1ccccc1
Ac1491,O=C(O)c1ccc(C(=O)N2CCCC2)cc1,219.24,16,2,benzoic,O=C(c1ccccc1)N1CCCC1
Ac1492,O=C(O)CCCSC(c1ccccc1)(c1ccccc1)c1ccccc1,362.494,26,8,acyclic_ali,c1ccc(C(c2ccccc2)c2ccccc2)cc1
Ac1493,O=C(O)/C=C/c1cccc(OC(F)(F)F)c1,232.157,16,3,other,c1ccccc1
Ac1494,O=C(O)/C=C/c1ccc(S(=O)(=O)Cl)cc1,246.671,15,3,other,c1ccccc1
Ac1498,O=C(O)c1ccc(C(F)(F)F)c(Br)c1,269.016,14,1,benzoic,c1ccccc1
Ac1499,O=C(O)c1ccc(Br)cc1OC(F)(F)F,285.015,15,2,benzoic,c1ccccc1
Ac1500,O=Cc1ccc(-c2ccc(Cl)c(C(=O)O)c2)o1,250.637,17,3,benzoic,c1ccc(-c2ccco2)cc1
Ac1501,O=C(O)Cc1cc(Br)ccc1F,233.036,12,2,acyclic_ali,c1ccccc1
Ac1502,CC(C)(C)OC(=O)N1CCC(c2ccccc2C(=O)O)CC1,305.374,22,2,benzoic,c1ccc(C2CCNCC2)cc1
Ac1503,O=C(O)c1nc(F)ccc1Br,219.997,11,1,heteroaryl,c1ccncc1
Ac1505,O=C(O)c1cnc(Br)cc1Cl,236.452,11,1,aryl_other,c1ccncc1
Ac1506,O=C(O)/C=C/c1ccc(-c2ccc(Cl)cc2)o1,248.665,17,3,other,c1ccc(-c2ccco2)cc1
Ac1507,O=C(O)c1nn(-c2ccccc2)c(=O)c2ccccc12,266.256,20,2,heteroaryl,O=c1c2ccccc2cnn1-c1ccccc1
Ac1508,Cc1nn(C)c(C(=O)O)c1Br,219.038,11,1,heteroaryl,c1cn[nH]c1
Ac1509,O=C(O)c1ccc(-c2ccc(Cl)cc2)s1,238.695,15,2,heteroaryl,c1ccc(-c2cccs2)cc1
Ac1512,O=C(O)c1cc(-c2ccccc2Cl)nc2ccccc12,283.714,20,2,aryl_other,c1ccc(-c2ccc3ccccc3n2)cc1
Ac1513,CC(=O)Oc1ccc2c(c1)Oc1cc(OC(C)=O)ccc1C2c1ccccc1C(=O)O,418.401,31,4,benzoic,c1ccc(C2c3ccccc3Oc3ccccc32)cc1
Ac1514,O=C(O)c1cc(OCc2ccccc2)no1,219.196,16,4,heteroaryl,c1ccc(COc2ccon2)cc1
Ac1516,CC1=CC[C@H]2C(C)(C)CCC[C@]2(C)[C@@]12CC[C@@](C)(CC(=O)O)O2,320.473,23,2,acyclic_ali,C1=CC2(CCCO2)C2CCCCC2C1
Ac1521,COc1cc(CC(=O)O)c(C(C)=O)cc1OC,238.239,17,5,acyclic_ali,c1ccccc1
Ac1522,O=C(O)C(Oc1ccc(Cl)cc1)Oc1ccc(Cl)cc1,313.136,20,5,acyclic_ali,c1ccc(OCOc2ccccc2)cc1
Ac1523,O=C(O)CCSc1cccc(Cl)c1,216.689,13,4,acyclic_ali,c1ccccc1
Ac1524,O=C(O)CS(=O)(=O)c1ccc(Br)cc1,279.111,14,3,acyclic_ali,c1ccccc1
Ac1526,O=C(O)CSCc1ccc([N+](=O)[O-])cc1,227.241,15,5,acyclic_ali,c1ccccc1
Ac1530,Cc1ccc(S(=O)(=O)NCCCCCC(=O)O)cc1,285.365,19,8,acyclic_ali,c1ccccc1
Ac1532,O=C(O)c1cccc2cc(Br)ccc12,251.079,14,1,benzoic,c1ccc2ccccc2c1
Ac1533,O=C(O)CS(=O)(=O)c1ccccc1[N+](=O)[O-],245.212,16,4,acyclic_ali,c1ccccc1
Ac1534,O=C(O)CCCCc1ccc(Br)cc1,257.127,14,5,acyclic_ali,c1ccccc1
Ac1537,COc1cc(C(=O)O)cc(Cl)c1OC,216.62,14,3,benzoic,c1ccccc1
Ac1538,O=C(O)C=P(c1ccccc1)(c1ccccc1)c1ccccc1,320.328,23,4,other,C=P(c1ccccc1)(c1ccccc1)c1ccccc1
Ac1540,COc1cc(OC)c(Br)c(C(=O)O)c1,261.071,14,3,benzoic,c1ccccc1
Ac1541,COc1ccc2ccccc2c1CC(=O)O,216.236,16,3,acyclic_ali,c1ccc2ccccc2c1
Ac1543,C=CCOc1cc(OCC=C)cc(C(=O)O)c1,234.251,17,7,benzoic,c1ccccc1
Ac1544,NS(=O)(=O)c1ccc(C(=O)O)c(Cl)c1,235.648,14,2,benzoic,c1ccccc1
Ac1547,O=Cc1cc([N+](=O)[O-])ccc1OCC(=O)O,225.156,16,5,acyclic_ali,c1ccccc1
Ac1549,Cc1ccc(Br)cc1CC(=O)O,229.073,12,2,acyclic_ali,c1ccccc1
Ac1550,O=C(O)COCc1ccc(Br)cc1,245.072,13,4,acyclic_ali,c1ccccc1
Ac1551,COC(=O)c1ccc(C(=O)O)cc1Br,259.055,14,2,benzoic,c1ccccc1
Ac1553,O=C(O)CCC(=O)c1ccc2c(c1)CCC2,218.252,16,4,acyclic_ali,c1ccc2c(c1)CCC2
Ac1554,CCOC(=O)c1cccc([N+](=O)[O-])c1C(=O)O,239.183,17,4,benzoic,c1ccccc1
Ac1555,CC(C)COc1cc(C(=O)O)ccc1[N+](=O)[O-],239.227,17,5,benzoic,c1ccccc1
Ac1556,O=C(O)c1cc([N+](=O)[O-])c(F)c([N+](=O)[O-])c1,230.107,16,3,benzoic,c1ccccc1
Ac1557,CCCCCCC[C@H]1CC[C@H](c2ccc(C(=O)O)cc2)CC1,302.458,22,8,benzoic,c1ccc(C2CCCCC2)cc1
Ac1559,CC(C)Cc1ccc(C(=O)CCC(=O)O)cc1,234.295,17,6,acyclic_ali,c1ccccc1
Ac1560,COc1ccc2cc([C@H](C)C(=O)O)ccc2c1Br,309.159,18,3,acyclic_ali,c1ccc2ccccc2c1
Ac1564,O=C(O)c1ccc(CN2CCCCC2)cc1,219.284,16,3,benzoic,c1ccc(CN2CCCCC2)cc1
Ac1565,O=C(O)c1cccnc1SCc1ccccc1,245.303,17,4,aryl_other,c1ccc(CSc2ccccn2)cc1
Ac1566,O=C(O)c1ccc2c(c1)S(=O)(=O)c1ccccc1C2=O,288.28,20,1,benzoic,O=C1c2ccccc2S(=O)(=O)c2ccccc21
Ac1567,COc1cc(OCCCC(=O)O)cc(OC)c1C=O,268.265,19,8,acyclic_ali,c1ccccc1
Ac1568,CC(C)[C@@H]1CC[C@@H](C)C[C@H]1OC(=O)[C@H]1C[C@@H]1C(=O)O,268.353,19,4,cyclic_ali,O=C(OC1CCCCC1)C1CC1
Ac1569,CC(C)(C)OC(=O)N1CCCC(CC(=O)O)C1,243.303,17,2,acyclic_ali,C1CCNCC1
Ac1571,O=C(O)c1ccc(-c2ccc(Cl)cc2Cl)o1,257.072,16,2,heteroaryl,c1ccc(-c2ccco2)cc1
Ac1573,COCCCOc1cc(/C=C(/C(=O)O)C(C)C)ccc1OC,308.374,22,9,other,c1ccccc1
Ac1575,CS(=O)(=O)Nc1ccc(CC(=O)O)cc1,229.257,15,4,acyclic_ali,c1ccccc1
Ac1576,Cc1cc(COc2ccc(C(=O)O)cc2)c2ccccc2n1,293.322,22,4,benzoic,c1ccc(OCc2ccnc3ccccc23)cc1
Ac1577,O=C(O)Cc1cc(Br)ccc1Br,293.942,12,2,acyclic_ali,c1ccccc1
Ac1580,NS(=O)(=O)c1ccc(C(=O)O)c(F)c1,219.193,14,2,benzoic,c1ccccc1
Ac1581,CC(C)(C)OC(=O)N1CCc2c(cc(Cl)c(C(=O)O)c2Cl)C1,346.21,22,1,benzoic,c1ccc2c(c1)CCNC2
Ac1582,O=C(O)c1cc2ccc(C(F)(F)F)cc2s1,246.209,16,1,heteroaryl,c1ccc2sccc2c1
Ac1583,CC1(C)OB(c2ccc(C(=O)O)c(F)c2)OC1(C)C,266.077,19,2,benzoic,c1ccc(B2OCCO2)cc1
Ac1584,CC1(C)CC=C(C#Cc2ccccc2)c2cc(/C=C/c3ccc(C(=O)O)cc3)ccc21,404.509,31,3,benzoic,C(#Cc1ccccc1)C1=CCCc2ccc(C=Cc3ccccc3)cc21
Ac1585,O=C(O)c1ccc(NS(=O)(=O)c2cccc3cccnc23)cc1,328.349,23,4,benzoic,O=S(=O)(Nc1ccccc1)c1cccc2cccnc12
Ac1586,CC1(C)OB(c2ccc(C(=O)O)s2)OC1(C)C,254.116,17,2,heteroaryl,c1csc(B2OCCO2)c1
Ac1588,O=C(O)CCCCCCCCCCSC(c1ccccc1)(c1ccccc1)c1ccccc1,460.683,33,15,acyclic_ali,c1ccc(C(c2ccccc2)c2ccccc2)cc1
Ac1589,COc1cc(C(=O)O)cc(C2CCCC2)n1,221.256,16,3,aryl_other,c1ccc(C2CCCC2)nc1
Ac1590,CC1(C)OB(c2ccc(C(=O)O)cc2F)OC1(C)C,266.077,19,2,benzoic,c1ccc(B2OCCO2)cc1
Ac1592,COc1nc(C(=O)O)ccc1Br,232.033,12,2,heteroaryl,c1ccncc1
Ac1593,CCc1ccc(C(C)(C)C(=O)O)cc1I,318.154,15,3,alpha_quat,c1ccccc1
Ac1594,O=C(O)C1(c2ccc(Cl)nc2)CCOCC1,241.674,16,2,alpha_quat,c1cncc(C2CCOCC2)c1
Ac1595,O=C(O)c1occ(Br)c1Br,269.876,10,1,heteroaryl,c1ccoc1
Ac1596,O=C(O)CCCc1nc2ccccc2s1,221.281,15,4,acyclic_ali,c1ccc2scnc2c1
Ac1598,Cc1cccc2c(C(=O)O)cc(-c3ccccc3)nc12,263.296,20,2,aryl_other,c1ccc(-c2ccc3ccccc3n2)cc1
Ac1600,COc1ccc(-c2noc(CCC(=O)O)n2)cc1,248.238,18,5,acyclic_ali,c1ccc(-c2ncon2)cc1
Ac1602,O=C(O)c1cc(=O)n(-c2ccc(S(=O)(=O)O)cc2)[nH]1,284.249,19,3,heteroaryl,O=c1cc[nH]n1-c1ccccc1
Ac1603,COc1c(C)c2c(c(OC)c1C/C=C(\C)CCC(=O)O)C(=O)OC2,334.368,24,7,acyclic_ali,O=C1OCc2ccccc21
Ac1604,O=C(O)c1ccnc(I)c1,249.007,10,1,aryl_other,c1ccncc1
Ac1605,O=C(O)C1CCCN(C(=O)c2ccccc2)C1,233.267,17,2,cyclic_ali,O=C(c1ccccc1)N1CCCCC1
Ac1607,COc1ccc(-n2cc(C(=O)O)nn2)cc1,219.2,16,3,heteroaryl,c1ccc(-n2ccnn2)cc1
Ac1608,CS(=O)(=O)c1ncc(Cl)c(C(=O)O)n1,236.636,14,2,heteroaryl,c1cncnc1
Ac1609,COc1ccc(-c2cc(C(=O)O)no2)cc1OC,249.222,18,4,heteroaryl,c1ccc(-c2ccno2)cc1
Ac1610,O=C(O)CCCN1C(=O)CSC1=S,219.287,13,4,acyclic_ali,O=C1CSC(=S)N1
Ac1611,CC(C)(Oc1ccc([N+](=O)[O-])cc1)C(=O)O,225.2,16,4,acyclic_ali,c1ccccc1
Ac1612,O=C(O)c1cccc2ccc(Br)cc12,251.079,14,1,benzoic,c1ccc2ccccc2c1
Ac1613,O=C(O)Cc1ccc(Cl)c(C(F)(F)F)c1,238.592,15,2,acyclic_ali,c1ccccc1
Ac1614,O=C(O)Cc1cccc(C(F)(F)F)c1Cl,238.592,15,2,acyclic_ali,c1ccccc1
Ac1615,CC(Oc1ccc(C(F)(F)F)cc1)C(=O)O,234.173,16,3,acyclic_ali,c1ccccc1
Ac1616,O=C(O)c1c(F)c(F)c(C(F)(F)F)c(F)c1F,262.08,17,1,benzoic,c1ccccc1
Ac1617,O=C(O)c1c(I)cc(I)cc1I,499.811,12,1,benzoic,c1ccccc1
Ac1618,CC(CC(=O)c1ccc(Cl)cc1)C(=O)O,226.659,15,4,acyclic_ali,c1ccccc1
Ac1619,O=C(O)c1ccc2ccc(Br)cc2c1,251.079,14,1,benzoic,c1ccc2ccccc2c1
Ac1620,O=C(O)CCCCCCCC(=O)OCc1ccccc1,278.348,20,10,acyclic_ali,c1ccccc1
Ac1621,O=C(O)COc1ccc(Br)cc1Cl,265.49,13,3,acyclic_ali,c1ccccc1
Ac1623,O=C(O)CCOc1cccc(Br)c1,245.072,13,4,acyclic_ali,c1ccccc1
Ac1624,O=C(O)CCOc1ccc2ccccc2c1,216.236,16,4,acyclic_ali,c1ccc2ccccc2c1
Ac1625,CC(C)(C)c1ccc(SCC(=O)O)cc1,224.325,15,3,acyclic_ali,c1ccccc1
Ac1626,O=C(O)/C=C/c1ccc(I)cc1,274.057,12,2,other,c1ccccc1
Ac1628,CCc1ccc(C(=O)O)cc1Br,229.073,12,2,benzoic,c1ccccc1
Ac1629,Cc1cc(I)ccc1C(=O)O,262.046,11,1,benzoic,c1ccccc1
Ac1630,O=C(O)c1ccc(I)cc1Br,326.915,11,1,benzoic,c1ccccc1
Ac1631,COc1ccccc1/C(=C\c1ccccc1)C(=O)O,254.285,19,4,other,C(=Cc1ccccc1)c1ccccc1
Ac1632,COc1cc(Br)c(CCC(=O)O)cc1OC,289.125,16,5,acyclic_ali,c1ccccc1
Ac1633,CS(=O)(=O)c1cc(C(=O)O)ccc1Cl,234.66,14,2,benzoic,c1ccccc1
Ac1634,CCN(CC)S(=O)(=O)c1cccc(C(=O)O)c1,257.311,17,5,benzoic,c1ccccc1
Ac1635,CCCCN(CCCC)S(=O)(=O)c1ccc(C(=O)O)cc1,313.419,21,9,benzoic,c1ccccc1
Ac1636,COc1cc(C(=O)O)c(Br)cc1C,245.072,13,2,benzoic,c1ccccc1
Ac1637,CCOc1ccc(C(=O)/C=C/C(=O)O)cc1,220.224,16,5,other,c1ccccc1
Ac1639,CC(C)(C)c1ccc(C(=O)/C=C/C(=O)O)cc1,232.279,17,3,other,c1ccccc1
Ac1640,Cc1c(C(=O)O)nnn1-c1ccc(Br)cc1,282.097,16,2,heteroaryl,c1ccc(-n2ccnn2)cc1
Ac1641,O=C(O)c1ccc(SCc2ccccc2)cc1,244.315,17,4,benzoic,c1ccc(CSc2ccccc2)cc1
Ac1642,CC(C)(Oc1ccc(Cl)cc1Cl)C(=O)O,249.093,15,3,acyclic_ali,c1ccccc1
Ac1644,COC(C)(C(=O)O)c1cccc2ccccc12,230.263,17,3,acyclic_ali,c1ccc2ccccc2c1
Ac1646,O=C(O)c1cc(CBr)cc(CBr)c1,307.969,13,3,benzoic,c1ccccc1
Ac1647,O=C(O)CS(=O)(=O)Cc1ccc(F)cc1,232.232,15,4,acyclic_ali,c1ccccc1
Ac1648,O=C(O)COc1cc(=O)oc2ccccc12,220.18,16,3,acyclic_ali,O=c1ccc2ccccc2o1
Ac1649,C[C@H](c1ccccc1)N1C[C@H](C(=O)O)CC1=O,233.267,17,3,cyclic_ali,O=C1CCCN1Cc1ccccc1
Ac1650,CC(C(=O)O)c1ccccc1Br,229.073,12,2,acyclic_ali,c1ccccc1
Ac1651,O=C(O)CCCOc1cccc(Br)c1,259.099,14,5,acyclic_ali,c1ccccc1
Ac1653,NS(=O)(=O)c1ccc(-n2nc(C(=O)O)cc2-c2ccc(Cl)cc2)cc1,377.809,25,4,heteroaryl,c1ccc(-c2ccnn2-c2ccccc2)cc1
Ac1654,O=C(O)C[C@@H]1CCCN1C(=O)OCC1c2ccccc2-c2ccccc21,351.402,26,4,acyclic_ali,O=C(OCC1c2ccccc2-c2ccccc21)N1CCCC1
Ac1655,N#Cc1ccccc1Sc1ccccc1C(=O)O,255.298,18,3,benzoic,c1ccc(Sc2ccccc2)cc1
Ac1656,CS(=O)(=O)c1ccc(C(=O)O)cc1[N+](=O)[O-],245.212,16,3,benzoic,c1ccccc1
Ac1658,CC(C)(C)OC(=O)N1CCCCC1CC(=O)O,243.303,17,2,acyclic_ali,C1CCNCC1
Ac1659,CC(Oc1ccc(Oc2cnc3ccc(Cl)cc3n2)cc1)C(=O)O,344.754,24,5,acyclic_ali,c1ccc(Oc2cnc3ccccc3n2)cc1
Ac1660,O=C(O)c1cc(Br)ccc1OC(F)(F)F,285.015,15,2,benzoic,c1ccccc1
Ac1661,O=C(O)CC1CCN(C(=O)OCc2ccccc2)CC1,277.32,20,4,acyclic_ali,O=C(OCc1ccccc1)N1CCCCC1
Ac1662,O=C(O)c1cc(I)cc(F)c1F,283.999,12,1,benzoic,c1ccccc1
Ac1664,C=CCC1(C(=O)O)CCN(C(=O)OC(C)(C)C)CC1,269.341,19,3,alpha_quat,C1CCNCC1
Ac1665,O=C(O)c1c(I)ccnc1Cl,283.452,11,1,aryl_other,c1ccncc1
Ac1666,O=C(O)c1cnc(Cl)cc1C(F)(F)F,225.553,14,1,aryl_other,c1ccncc1
Ac1667,O=C(O)c1ccc(-c2cc(C(F)(F)F)ccc2Cl)o1,290.624,19,2,heteroaryl,c1ccc(-c2ccco2)cc1
Ac1671,O=C(O)C1(c2ccc(I)cc2)CC1,288.084,13,2,alpha_quat,c1ccc(C2CC2)cc1
Ac1672,Cc1nc(-c2ccc(C(=O)O)cc2)cs1,219.265,15,2,benzoic,c1ccc(-c2cscn2)cc1
Ac1675,C[C@H]1COCCN1c1nc(N2CCOC[C@@H]2C)c2ccc(-c3cccc(C(=O)O)c3)nc2n1,449.511,33,4,benzoic,c1ccc(-c2ccc3c(N4CCOCC4)nc(N4CCOCC4)nc3n2)cc1
Ac1676,O=C(O)Cc1ccc(C(F)(F)F)c(F)c1,222.137,15,2,acyclic_ali,c1ccccc1
Ac1677,O=C(O)c1cc(F)c(F)cc1I,283.999,12,1,benzoic,c1ccccc1
Ac1679,O=C(O)c1cc(OC(F)(F)F)ccc1[N+](=O)[O-],251.116,17,3,benzoic,c1ccccc1
Ac1680,O=C(O)c1ccc(-c2ccc(F)cc2)s1,222.24,15,2,heteroaryl,c1ccc(-c2cccs2)cc1
Ac1681,CC(C)NS(=O)(=O)c1cccc(C(=O)O)c1,243.284,16,4,benzoic,c1ccccc1
Ac1682,Cc1c(Br)cncc1C(=O)O,216.034,11,1,aryl_other,c1ccncc1
Ac1684,COc1ccc(CS(=O)(=O)CC(=O)O)cc1[N+](=O)[O-],289.265,19,6,acyclic_ali,c1ccccc1
Ac1686,CC(C)(Cc1ccc(Br)cc1)C(=O)O,257.127,14,3,alpha_quat,c1ccccc1
Ac1688,CC(C)(C)OC(=O)N1CCC(n2cc(C(=O)O)cn2)CC1,295.339,21,2,aryl_other,c1cnn(C2CCNCC2)c1
Ac1689,O=C(O)Cc1ccc(Br)cc1Cl,249.491,12,2,acyclic_ali,c1ccccc1
Ac1690,O=C(O)/C=C/c1c(-n2cnnn2)ccc(Cl)c1F,268.635,18,3,other,c1ccc(-n2cnnn2)cc1
Ac1691,O=C(O)c1ccc(CN(Cc2ccccn2)Cc2ccccn2)nc1,334.379,25,7,aryl_other,c1ccc(CN(Cc2ccccn2)Cc2ccccn2)nc1
Ac1692,CC(C)(C)OC(=O)N1CCC2(CC1)CC(C(=O)O)C2,269.341,19,1,cyclic_ali,C1CC2(C1)CCNCC2
Ac1693,Cc1cc(C(=O)O)ncc1Br,216.034,11,1,heteroaryl,c1ccncc1
Ac1694,O=C(O)c1ccc(Br)c(Cl)n1,236.452,11,1,heteroaryl,c1ccncc1
Ac1695,O=C(O)c1cnc(C(F)(F)F)cc1Cl,225.553,14,1,aryl_other,c1ccncc1
Ac1696,O=C(O)c1ccc(F)c(F)c1Br,236.999,12,1,benzoic,c1ccccc1
Ac1697,O=C(O)c1cc(Br)c(C(F)(F)F)cc1F,287.006,15,1,benzoic,c1ccccc1
Ac1699,O=C(O)/C=C/c1ccc(-c2ccc([N+](=O)[O-])cc2)o1,259.217,19,4,other,c1ccc(-c2ccco2)cc1
Ac1700,O=C(O)c1ccc(I)o1,237.98,9,1,heteroaryl,c1ccoc1
Ac1701,O=C(O)c1c(Cl)c(Cl)nc(Cl)c1Cl,260.891,13,1,aryl_other,c1ccncc1
Ac1702,Cc1c(C(=O)O)nnn1-c1ccccc1Cl,237.646,16,2,heteroaryl,c1ccc(-n2ccnn2)cc1
Ac1703,Cc1ccc(-c2noc(CCC(=O)O)n2)cc1,232.239,17,4,acyclic_ali,c1ccc(-c2ncon2)cc1
Ac1704,O=C(O)CCCCCCN1C(=O)c2ccccc2C1=O,275.304,20,7,acyclic_ali,O=C1NC(=O)c2ccccc21
Ac1705,O=C(O)c1nnn(-c2ccccc2)c1-c1ccccc1,265.272,20,3,heteroaryl,c1ccc(-c2cnnn2-c2ccccc2)cc1
Ac1707,O=C(O)c1cccnc1Oc1ccc(F)cc1,233.198,17,3,aryl_other,c1ccc(Oc2ccccn2)cc1
Ac1708,O=C(O)c1ccc(-c2nnc(-c3ccccc3)o2)cc1,266.256,20,3,benzoic,c1ccc(-c2nnc(-c3ccccc3)o2)cc1
Ac1709,Cc1ccc2c(Cl)c(C(=O)O)sc2c1,226.684,14,1,heteroaryl,c1ccc2sccc2c1
Ac1715,CC(C)C(Oc1ccc(Cl)cc1)C(=O)O,228.675,15,4,acyclic_ali,c1ccccc1
Ac1720,CCC(Oc1ccc(Cl)cc1C)C(=O)O,228.675,15,4,acyclic_ali,c1ccccc1
Ac1722,NS(=O)(=O)c1cc(C(=O)O)ccc1F,219.193,14,2,benzoic,c1ccccc1
Ac1723,COc1ccc2c(c1)CCCC2CC(=O)O,220.268,16,3,acyclic_ali,c1ccc2c(c1)CCCC2
Ac1725,O=C(O)C[C@H]1CC[C@H](c2ccccc2)CC1,218.296,16,3,acyclic_ali,c1ccc(C2CCCCC2)cc1
Ac1726,O=C(O)C12C3C4C1C1C2C3C41Br,227.057,12,1,alpha_quat,C12C3C4C1C1C2C3C41
Ac1727,CC(CC(=O)O)C(=O)c1ccc(Cl)cc1,226.659,15,4,acyclic_ali,c1ccccc1
Ac1730,CC(C)C[C@H](NSc1ccccc1[N+](=O)[O-])C(=O)O,284.337,19,7,alpha_amino,c1ccccc1
Ac1731,CC(C)(C)c1ccc(C(=O)O)cc1[N+](=O)[O-],223.228,16,2,benzoic,c1ccccc1
Ac1733,CC/C(=C\c1cccc([N+](=O)[O-])c1)C(=O)O,221.212,16,4,other,c1ccccc1
Ac1735,O=C(O)c1cc(Br)ccc1C(F)(F)F,269.016,14,1,benzoic,c1ccccc1
Ac1738,O=C(O)c1ccc(C(=O)c2ccc([N+](=O)[O-])cc2)cc1,271.228,20,4,benzoic,O=C(c1ccccc1)c1ccccc1
Ac1739,NS(=O)(=O)c1cc(C(=O)O)c(Cl)cc1F,253.638,15,2,benzoic,c1ccccc1
Ac1741,CCCc1ccc(C(=O)CCC(=O)O)cc1,220.268,16,6,acyclic_ali,c1ccccc1
Ac1742,COc1ccc(I)c(C(=O)O)c1OC,308.071,14,3,benzoic,c1ccccc1
Ac1743,O=C(O)c1cccc(F)c1I,266.009,11,1,benzoic,c1ccccc1
Ac1744,O=C(O)c1cc(Br)c(Cl)cc1Cl,269.909,12,1,benzoic,c1ccccc1
Ac1745,Cc1cc(SCC(=O)O)c(C)cc1Cl,230.716,14,3,acyclic_ali,c1ccccc1
Ac1747,COC(=O)c1ccc([N+](=O)[O-])c(C(=O)O)c1,225.156,16,3,benzoic,c1ccccc1
Ac1748,CC(=O)Oc1ccc(CC(=O)O)cc1OC(C)=O,252.222,18,4,acyclic_ali,c1ccccc1
Ac1750,O=C(O)C1(c2ccc(Cl)c(Cl)c2)CC1,231.078,14,2,alpha_quat,c1ccc(C2CC2)cc1
Ac1751,Cc1ccnc(-c2cc(CCCC(=O)O)ccn2)c1,256.305,19,5,acyclic_ali,c1ccc(-c2ccccn2)nc1
Ac1753,CC(C)(C)S(=O)(=O)CC(Cc1ccccc1)C(=O)O,284.377,19,5,acyclic_ali,c1ccccc1
Ac1754,CS(=O)(=O)Nc1cccc(CC(=O)O)c1,229.257,15,4,acyclic_ali,c1ccccc1
Ac1755,CCOC(=O)C(Cc1cccs1)C(=O)O,228.269,15,5,acyclic_ali,c1ccsc1
Ac1756,NS(=O)(=O)c1ccc(F)c(C(=O)O)c1,219.193,14,2,benzoic,c1ccccc1
Ac1758,O=C(O)C1(c2ccc([N+](=O)[O-])cc2)CCC1,221.212,16,3,alpha_quat,c1ccc(C2CCC2)cc1
Ac1759,O=C(O)c1c(I)ccc(Br)c1F,344.905,12,1,benzoic,c1ccccc1
Ac1760,Cc1c(C(=O)O)cnn1-c1ccc(Cl)cc1,236.658,16,2,aryl_other,c1ccc(-n2cccn2)cc1
Ac1761,Cc1c(CC(=O)O)sc2ccc(Cl)cc12,240.711,15,2,acyclic_ali,c1ccc2sccc2c1
Ac1762,CC(C)(C)c1ccc(C(=O)O)c(Br)c1,257.127,14,1,benzoic,c1ccccc1
Ac1763,O=C(O)c1c(Cl)cc(C(F)(F)F)cc1Cl,259.01,15,1,benzoic,c1ccccc1
Ac1764,CC(C)(C)OC(=O)COc1ccc(C(=O)O)cc1,252.266,18,4,benzoic,c1ccccc1
Ac1765,COc1ccc(-n2nc(C(F)(F)F)cc2C(=O)O)cc1,286.209,20,3,heteroaryl,c1ccc(-n2cccn2)cc1
Ac1767,CCC1(C(=O)O)CCN(C(=O)OC(C)(C)C)CC1,257.33,18,2,alpha_quat,C1CCNCC1
Ac1768,Cc1ccn(-c2ccc(C(=O)O)c(C(F)(F)F)c2)n1,270.21,19,2,benzoic,c1ccc(-n2cccn2)cc1
Ac1771,CCOc1ccc(S(=O)(=O)Cl)cc1C(=O)O,264.686,16,4,benzoic,c1ccccc1
Ac1772,O=C(O)C1(c2ccc(C(F)(F)F)cc2)CC1,230.185,16,2,alpha_quat,c1ccc(C2CC2)cc1
Ac1773,N#Cc1ccc(Br)c(C(=O)O)c1,226.029,12,1,benzoic,c1ccccc1
Ac1775,CSc1cc(C(F)(F)F)ccc1C(=O)O,236.214,15,2,benzoic,c1ccccc1
Ac1777,O=C(O)c1ccc(OC(F)(F)F)c(Br)c1,285.015,15,2,benzoic,c1ccccc1
Ac1778,CS(=O)(=O)c1ccc(C(=O)O)c(F)c1,218.205,14,2,benzoic,c1ccccc1
Ac1779,O=C(O)Cc1cc(F)ccc1C(F)(F)F,222.137,15,2,acyclic_ali,c1ccccc1
Ac1780,N#Cc1cc(OC(F)(F)F)cc(C(=O)O)c1,231.129,16,2,benzoic,c1ccccc1
Ac1782,O=C(O)Cc1ccc(C(F)(F)F)cc1Cl,238.592,15,2,acyclic_ali,c1ccccc1
Ac1784,O=C(O)CCCCCCCCCCCCCCC(=O)OCc1ccccc1,376.537,27,17,acyclic_ali,c1ccccc1
Ac1785,COc1cccc(-c2cc(C(=O)O)no2)c1,219.196,16,3,heteroaryl,c1ccc(-c2ccno2)cc1
Ac1786,O=C(O)c1nn(-c2ccccc2)cc1[N+](=O)[O-],233.183,17,3,heteroaryl,c1ccc(-n2cccn2)cc1
Ac1787,Cc1ccc(C(=O)O)c(F)c1I,280.036,12,1,benzoic,c1ccccc1
Ac1788,O=C(O)c1cc(F)c(Br)cc1Cl,253.454,12,1,benzoic,c1ccccc1
Ac1789,O=C(O)c1cc2cccnc2c2ncccc12,224.219,17,1,benzoic,c1cnc2c(c1)ccc1cccnc12
Ac1793,O=C(O)c1c(Br)cccc1I,326.915,11,1,benzoic,c1ccccc1
Ac1794,C=CC1(C(=O)O)CCN(C(=O)OC(C)(C)C)CC1,255.314,18,2,alpha_quat,C1CCNCC1
Ac1798,O=C(O)c1ncccc1OCC(F)(F)F,221.134,15,3,heteroaryl,c1ccncc1
Ac1799,CCOc1cc(C(=O)O)ccc1Br,245.072,13,3,benzoic,c1ccccc1
Ac1801,O=C(O)Cc1ccc(-c2nncnn2)cc1,216.2,16,3,acyclic_ali,c1ccc(-c2nncnn2)cc1
Ac1802,O=C(O)c1ncc(Cl)cc1Br,236.452,11,1,heteroaryl,c1ccncc1
Ac1803,O=C(O)c1cc(Cl)c(Br)cc1F,253.454,12,1,benzoic,c1ccccc1
Ac1804,Cc1cc(F)c(Br)cc1C(=O)O,233.036,12,1,benzoic,c1ccccc1
Ac1805,O=C(O)c1n[nH]cc1I,237.984,9,1,heteroaryl,c1cn[nH]c1
Ac1806,O=C(O)c1ncccc1I,249.007,10,1,heteroaryl,c1ccncc1
Ac1807,O=C(O)CCc1ccc(-c2ccccc2)o1,216.236,16,4,acyclic_ali,c1ccc(-c2ccco2)cc1
Ac1812,O=C(O)CCCCCN1C(=O)CSC1=S,247.341,15,6,acyclic_ali,O=C1CSC(=S)N1
Ac1813,CS(=O)(=O)Nc1nc(CC(=O)O)cs1,236.274,14,4,acyclic_ali,c1cscn1
Ac1814,O=C(O)c1cc2sc3ccccc3c2s1,234.301,15,1,heteroaryl,c1ccc2c(c1)sc1ccsc12
Ac1817,Cc1cc(C)c(Br)c(C(=O)O)c1,229.073,12,1,benzoic,c1ccccc1
Ac1818,O=C(O)c1c(F)ccc(Br)c1F,236.999,12,1,benzoic,c1ccccc1
Ac1819,O=C(O)CCc1cccc(Cl)c1Cl,219.067,13,3,acyclic_ali,c1ccccc1
Ac1821,CC(C)(Oc1cccc2ccccc12)C(=O)O,230.263,17,3,acyclic_ali,c1ccc2ccccc2c1
Ac1823,CCOC(=O)C12CCC(C(=O)O)(CC1)CC2,226.272,16,3,alpha_quat,C1CC2CCC1CC2
Ac1824,O=C(O)COc1ccc2ccccc2c1Br,281.105,16,3,acyclic_ali,c1ccc2ccccc2c1
Ac1825,C=C(C)[C@@H]1CC[C@]2(C)[C@H](CC=C3[C@@H]4[C@@H](C)[C@H](C)CC[C@]4(C)CC[C@]32C)[C@@]1(C)CCC(=O)O,440.712,32,4,acyclic_ali,C1=C2C3CCCCC3CCC2C2CCCCC2C1
Ac1826,O=C(O)COc1cccc(I)c1,278.045,12,3,acyclic_ali,c1ccccc1
Ac1827,O=C(O)CCS(=O)(=O)Cc1ccccc1,228.269,15,5,acyclic_ali,c1ccccc1
Ac1828,O=C(O)CCC1(c2ccccc2)CCCCC1=O,246.306,18,4,acyclic_ali,O=C1CCCCC1c1ccccc1
Ac1830,COc1ccc(Br)cc1/C=C/C(=O)O,257.083,14,3,other,c1ccccc1
Ac1833,COc1cc(Cl)c([N+](=O)[O-])cc1C(=O)O,231.591,15,3,benzoic,c1ccccc1
Ac1836,CC(C)C(=O)c1ccc(C(C)C(=O)O)cc1,220.268,16,4,acyclic_ali,c1ccccc1
Ac1837,O=C(O)c1ccc(OCCc2ccccc2)cc1,242.274,18,5,benzoic,c1ccc(CCOc2ccccc2)cc1
Ac1839,O=C(O)C(=O)Cc1ccc(Br)cc1,243.056,13,3,other,c1ccccc1
Ac1840,CCCCc1ccc(C(=O)CCC(=O)O)cc1,234.295,17,7,acyclic_ali,c1ccccc1
Ac1842,COc1ccc(C(=O)O)cc1S(N)(=O)=O,231.229,15,3,benzoic,c1ccccc1
Ac1843,COc1cc(/C=C/C(=O)O)c([N+](=O)[O-])cc1OC,253.21,18,5,other,c1ccccc1
Ac1845,CC(Oc1ccc(Cl)c(Cl)c1)C(=O)O,235.066,14,3,acyclic_ali,c1ccccc1
Ac1846,CCOc1ccc(/C=C/C(=O)O)cc1OC,222.24,16,5,other,c1ccccc1
Ac1847,O=C(O)c1ccc(I)c(Br)c1,326.915,11,1,benzoic,c1ccccc1
Ac1848,O=C(O)c1cccc(Br)c1I,326.915,11,1,benzoic,c1ccccc1
Ac1849,O=C(O)c1ccc(I)cc1[N+](=O)[O-],293.016,13,2,benzoic,c1ccccc1
Ac1850,O=C(O)c1c(Br)cccc1[N+](=O)[O-],246.016,13,2,benzoic,c1ccccc1
Ac1853,O=C(O)c1cc([N+](=O)[O-])cc([N+](=O)[O-])c1F,230.107,16,3,benzoic,c1ccccc1
Ac1854,COc1ccc(C(=O)O)c(C(F)(F)F)c1,220.146,15,2,benzoic,c1ccccc1
Ac1855,O=C(O)C1CCN(C(=O)C(F)(F)F)CC1,225.166,15,1,cyclic_ali,C1CCNCC1
Ac1857,O=C(O)Cc1cc(Br)sc1Br,299.971,11,2,acyclic_ali,c1ccsc1
Ac1858,O=C(O)CCc1cn(-c2ccccc2)nc1-c1ccccc1,292.338,22,5,acyclic_ali,c1ccc(-c2ccn(-c3ccccc3)n2)cc1
Ac1860,O=C(O)c1cc(Cl)c(Br)s1,241.493,10,1,heteroaryl,c1ccsc1
Ac1861,CCCCCCOc1ccccc1C(=O)O,222.284,16,7,benzoic,c1ccccc1
Ac1862,CC(C)C(NS(=O)(=O)c1ccccc1)C(=O)O,257.311,17,5,alpha_amino,c1ccccc1
Ac1863,O=C(O)c1c(F)c(F)c(F)c(F)c1I,319.979,14,1,benzoic,c1ccccc1
Ac1865,O=Cc1ccc(-c2ccc(C(=O)O)cc2)s1,232.26,16,3,benzoic,c1ccc(-c2cccs2)cc1
Ac1866,O=C(O)c1cccc(C(F)(F)F)c1Br,269.016,14,1,benzoic,c1ccccc1
Ac1867,O=C(O)CCc1cc(C(F)(F)F)cc(C(F)(F)F)c1,286.171,19,3,acyclic_ali,c1ccccc1
Ac1868,Cc1cc(Cl)c(S(C)(=O)=O)cc1C(=O)O,248.687,15,2,benzoic,c1ccccc1
Ac1869,C=CCOc1ccc(/C=C/C(=O)O)cc1OC,234.251,17,6,other,c1ccccc1
Ac1872,COc1ccccc1-n1nnc(C(=O)O)c1C,233.227,17,3,heteroaryl,c1ccc(-n2ccnn2)cc1
Ac1874,O=C(O)c1ccc2cncc(Br)c2n1,253.055,14,1,heteroaryl,c1cnc2ccncc2c1
Ac1876,O=C(O)c1cn(-c2ccccc2)nc1-c1ccc(F)cc1,282.274,21,3,aryl_other,c1ccc(-c2ccn(-c3ccccc3)n2)cc1
Ac1877,O=C(O)c1c(Cl)cc(Br)cc1Cl,269.909,12,1,benzoic,c1ccccc1
Ac1878,COc1ccc(OC(F)(F)F)cc1C(=O)O,236.145,16,3,benzoic,c1ccccc1
Ac1880,O=C(O)c1ccc2nc(-c3ccccc3)oc2c1,239.23,18,2,benzoic,c1ccc(-c2nc3ccccc3o2)cc1
Ac1882,O=C(O)c1cc(F)c(Br)c(F)c1,236.999,12,1,benzoic,c1ccccc1
Ac1883,O=C(O)/C=C/c1ccc(Br)cc1F,245.047,13,2,other,c1ccccc1
Ac1884,O=C(O)[C@@H]1CCCC[C@H]1N1C(=O)c2cc3cc4ccccc4cc3cc2C1=O,373.408,28,2,cyclic_ali,O=C1c2cc3cc4ccccc4cc3cc2C(=O)N1C1CCCCC1
Ac1886,O=C(O)C1(c2ccc(Br)c(F)c2)CC1,259.074,14,2,alpha_quat,c1ccc(C2CC2)cc1
Ac1889,CC1(C)OB(c2cccc(CC(=O)O)c2)OC1(C)C,262.114,19,3,acyclic_ali,c1ccc(B2OCCO2)cc1
Ac1890,CC(C)(C)OC(=O)N1CCc2ccc(C(=O)O)cc2CC1,291.347,21,1,benzoic,c1ccc2c(c1)CCNCC2
Ac1891,O=C(O)Cc1cc(Br)ccc1Cl,249.491,12,2,acyclic_ali,c1ccccc1
Ac1893,O=C(O)c1cccc(Oc2cccc(C(F)(F)F)c2)n1,283.205,20,3,heteroaryl,c1ccc(Oc2ccccn2)cc1
Ac1894,COc1cc2cc(C(=O)CCC(=O)O)sc2cc1OC,294.328,20,6,acyclic_ali,c1ccc2sccc2c1
Ac1895,O=C(O)CCCN1CCC(OC(c2ccc(Cl)cc2)c2ccccn2)CC1,388.895,27,8,acyclic_ali,c1ccc(C(OC2CCNCC2)c2ccccn2)cc1
Ac1900,CC(C)(C)OC(=O)N1CCN(c2ncc(C(=O)O)s2)CC1,313.379,21,2,heteroaryl,c1csc(N2CCNCC2)n1
Ac1901,CC(C)(C)OC(=O)N1CCCC(C(=O)O)CC1,243.303,17,1,cyclic_ali,C1CCCNCC1
Ac1902,COc1ccc(CSCC(=O)O)cc1[N+](=O)[O-],257.267,17,6,acyclic_ali,c1ccccc1
Ac1904,CC(C)N(CC(C(=O)O)c1ccc(Cl)cc1)C(=O)OC(C)(C)C,341.835,23,5,acyclic_ali,c1ccccc1
Ac1905,O=C(O)Cn1nc(C(F)(F)F)c2c1CCCC2,248.204,17,2,acyclic_ali,c1n[nH]c2c1CCCC2
Ac1906,COc1ccc(Cn2cc(C(=O)O)nn2)cc1,233.227,17,4,heteroaryl,c1ccc(Cn2ccnn2)cc1
Ac1907,Cc1nc(C(=O)O)c(-c2ccccc2F)s1,237.255,16,2,heteroaryl,c1ccc(-c2cncs2)cc1
Ac1909,O=C(O)c1cc([N+](=O)[O-])c(F)cc1Br,264.006,14,2,benzoic,c1ccccc1
Ac1911,Cc1ccc(S(=O)(=O)OCCOCCOCCOCC(=O)O)cc1,362.4,24,13,acyclic_ali,c1ccccc1
Ac1913,O=C(O)c1ccc(Br)c(OCC(F)(F)F)c1,299.042,16,3,benzoic,c1ccccc1
Ac1914,O=C(O)c1c(F)cccc1-c1ncccn1,218.187,16,2,benzoic,c1ccc(-c2ncccn2)cc1
Ac1916,O=C(O)c1cnn2c(C(F)(F)F)cc(-c3ccc(F)cc3)nc12,325.221,23,2,aryl_other,c1ccc(-c2ccn3nccc3n2)cc1
Ac1918,Cc1cc(C(=O)O)c(F)cc1Br,233.036,12,1,benzoic,c1ccccc1
Ac1919,O=C(O)c1ccc(OC(F)(F)F)c(F)c1,224.109,15,2,benzoic,c1ccccc1
Ac1924,O=C(O)c1cccc(S(=O)(=O)NC2CCCC2)c1,269.322,18,4,benzoic,O=S(=O)(NC1CCCC1)c1ccccc1
Ac1925,O=C(O)c1cc(-c2ccc(F)cc2F)on1,225.15,16,2,heteroaryl,c1ccc(-c2ccno2)cc1
Ac1926,CC(C)(C)OC(=O)N1CCc2c(C(=O)O)csc2C1,283.349,19,1,aryl_other,c1cc2c(s1)CNCC2
Ac1927,O=C(O)c1nnc2ccc(Br)cn12,242.032,13,1,heteroaryl,c1ccn2cnnc2c1
Ac1930,CC(C)(C)OC(=O)N1CCC(CC(=O)O)C(F)(F)C1,279.283,19,2,acyclic_ali,C1CCNCC1
Ac1932,CS(=O)(=O)N(CC(=O)O)c1ccc(F)cc1,247.247,16,4,alpha_amino,c1ccccc1
Ac1933,O=C(O)/C=C/c1ccc(Br)o1,217.018,11,2,other,c1ccoc1
Ac1934,O=C(O)c1nn(Cc2ccccc2)c2ccccc12,252.273,19,3,heteroaryl,c1ccc(Cn2ncc3ccccc32)cc1
Ac1935,O=C(O)c1cncc(I)c1,249.007,10,1,aryl_other,c1ccncc1
Ac1936,CCc1sc(C(=O)O)cc1Br,235.102,11,2,heteroaryl,c1ccsc1
Ac1939,O=C(O)c1ccc2c(c1)S(=O)(=O)NC2=O,227.197,15,1,benzoic,O=C1NS(=O)(=O)c2ccccc21
Ac1941,O=C(O)c1cc(-c2ccccc2)nc2ccc(F)cc12,267.259,20,2,aryl_other,c1ccc(-c2ccc3ccccc3n2)cc1
Ac1942,O=C(O)c1cnn(-c2ccccc2)c1-c1ccccc1,264.284,20,3,aryl_other,c1ccc(-c2ccnn2-c2ccccc2)cc1
Ac1943,Cc1c(Cl)ccc2c(C(=O)O)cc(-c3ccccc3)nc12,297.741,21,2,aryl_other,c1ccc(-c2ccc3ccccc3n2)cc1
Ac1944,O=C(O)c1cc(-c2ccc3ccccc3c2)nc2ccccc12,299.329,23,2,aryl_other,c1ccc2cc(-c3ccc4ccccc4n3)ccc2c1
Ac1947,O=C(O)CCc1nnc(-c2ccccc2)o1,218.212,16,4,acyclic_ali,c1ccc(-c2nnco2)cc1
Ac1949,O=C(O)CCc1ncc(-c2ccccc2)o1,217.224,16,4,acyclic_ali,c1ccc(-c2cnco2)cc1
Ac1950,O=C(O)CSc1nnnn1-c1ccccc1,236.256,16,4,acyclic_ali,c1ccc(-n2cnnn2)cc1
Ac1951,O=C(O)c1csc(-c2ccc([N+](=O)[O-])cc2)n1,250.235,17,3,heteroaryl,c1ccc(-c2nccs2)cc1
Ac1953,O=C(O)c1oc(=O)c2ccccc2c1-c1ccccc1,266.252,20,2,heteroaryl,O=c1occ(-c2ccccc2)c2ccccc12
Ac1958,O=C(O)CCSc1ccc(C(F)(F)F)cc1,250.241,16,4,acyclic_ali,c1ccccc1
Ac1959,O=C(O)CCCSc1ccc(Cl)cc1,230.716,14,5,acyclic_ali,c1ccccc1
Ac1960,CC(=O)c1cc(Br)ccc1OCC(=O)O,273.082,15,4,acyclic_ali,c1ccccc1
Ac1962,O=C(O)c1ccc(CBr)c2ccccc12,265.106,15,2,benzoic,c1ccc2ccccc2c1
Ac1963,Cc1ccc(OCC(=O)O)c(Br)c1,245.072,13,3,acyclic_ali,c1ccccc1
Ac1966,O=C(O)CCc1c(F)c(F)c(F)c(F)c1F,240.127,16,3,acyclic_ali,c1ccccc1
Ac1967,O=C(O)c1cc([N+](=O)[O-])c([N+](=O)[O-])cc1Cl,246.562,16,3,benzoic,c1ccccc1
Ac1968,COc1ccc(/C=C(\C(=O)O)c2ccccc2)cc1,254.285,19,4,other,C(=Cc1ccccc1)c1ccccc1
Ac1969,O=C(O)C12CCC(Br)(CC1)CC2,233.105,12,1,alpha_quat,C1CC2CCC1CC2
Ac1970,O=C(O)C(Br)c1cccc(Cl)c1,249.491,12,2,acyclic_ali,c1ccccc1
Ac1971,Cc1cc(I)c(C(=O)O)cc1C,276.073,12,1,benzoic,c1ccccc1
Ac1972,O=C(O)c1ccc(Br)c(I)c1,326.915,11,1,benzoic,c1ccccc1
Ac1973,O=C(O)[C@H]1CC[C@H](c2ccc(Cl)cc2)CC1,238.714,16,2,cyclic_ali,c1ccc(C2CCCCC2)cc1
Ac1974,O=C(O)CS(=O)(=O)c1ccc(F)cc1,218.205,14,3,acyclic_ali,c1ccccc1
Ac1975,O=C(O)CCCOc1cccc2ccccc12,230.263,17,5,acyclic_ali,c1ccc2ccccc2c1
Ac1976,COc1cc(Cl)ccc1OCC(=O)O,216.62,14,4,acyclic_ali,c1ccccc1
Ac1977,CC(C)(Oc1ccc2ccccc2c1)C(=O)O,230.263,17,3,acyclic_ali,c1ccc2ccccc2c1
Ac1978,Cc1cc(C)c(C(=O)O)c(C)c1Br,243.1,13,1,benzoic,c1ccccc1
Ac1979,O=C(O)CC(Cc1ccccc1)Cc1ccccc1,254.329,19,6,acyclic_ali,c1ccc(CCCc2ccccc2)cc1
Ac1980,O=C(O)c1cc(Br)c2ccccc2c1,251.079,14,1,benzoic,c1ccc2ccccc2c1
Ac1981,O=C(O)CC(Br)C(=O)c1ccc(F)cc1,275.073,15,4,acyclic_ali,c1ccccc1
Ac1982,O=C(O)CCCCC(=O)c1ccc(Cl)cc1,240.686,16,6,acyclic_ali,c1ccccc1
Ac1983,CCCCCCOc1ccc(CC(=O)O)cc1,236.311,17,8,acyclic_ali,c1ccccc1
Ac1984,CCNS(=O)(=O)c1ccc(C(=O)O)cc1,229.257,15,4,benzoic,c1ccccc1
Ac1987,COc1cc(C(=O)O)cc(OCc2ccccc2)c1OCc1ccccc1,364.397,27,8,benzoic,c1ccc(COc2ccccc2OCc2ccccc2)cc1
Ac1988,COc1ccc(Cl)cc1C(=O)CCC(=O)O,242.658,16,5,acyclic_ali,c1ccccc1
Ac1989,O=C(O)c1ccc(CBr)c(CBr)c1,307.969,13,3,benzoic,c1ccccc1
Ac1990,O=C(O)/C=C/c1cccc(I)c1,274.057,12,2,other,c1ccccc1
Ac1991,COC(=O)/C(=C/c1ccc(OC)cc1)CC(=O)O,250.25,18,5,acyclic_ali,c1ccccc1
Ac1992,O=C(O)COc1ccc([N+](=O)[O-])cc1[N+](=O)[O-],242.143,17,5,acyclic_ali,c1ccccc1
Ac1993,COc1ccc(/C=C(\C)C(=O)O)cc1OC,222.24,16,4,other,c1ccccc1
Ac1994,CSCCC(NS(=O)(=O)c1ccc(C)cc1)C(=O)O,303.405,19,7,alpha_amino,c1ccccc1
Ac1995,O=C(O)c1ccc(I)c(I)c1,373.915,11,1,benzoic,c1ccccc1
Ac1996,CCC(C(=O)O)c1ccc(Br)cc1,243.1,13,3,acyclic_ali,c1ccccc1
Ac1997,O=C(O)CCCCc1ccc(I)cc1,304.127,14,5,acyclic_ali,c1ccccc1
Ac1998,Cc1c(Br)cc(C(=O)O)cc1[N+](=O)[O-],260.043,14,2,benzoic,c1ccccc1
Ac1999,O=C(O)C(CCc1ccccc1)Cc1ccccc1,254.329,19,6,acyclic_ali,c1ccc(CCCCc2ccccc2)cc1
Ac2000,COC(=O)c1cc(C(=O)O)ccc1[N+](=O)[O-],225.156,16,3,benzoic,c1ccccc1
Ac2001,CCCCOc1ccc(C(=O)O)cc1OCCCC,266.337,19,9,benzoic,c1ccccc1
Ac2002,CC(C)(C(=O)O)c1ccccc1Br,243.1,13,2,alpha_quat,c1ccccc1
Ac2003,CCN(CC)C(=O)c1ccc(C(=O)O)cc1,221.256,16,4,benzoic,c1ccccc1
Ac2004,O=C(O)C(F)(F)c1ccc(C(F)(F)F)cc1,240.127,16,2,acyclic_ali,c1ccccc1
Ac2005,Cc1nc(C(=O)O)ccc1Br,216.034,11,1,heteroaryl,c1ccncc1
Ac2006,O=C(O)C1CCc2cc(Br)ccc21,241.084,13,1,cyclic_ali,c1ccc2c(c1)CCC2
Ac2007,CC(C)(C)[C@@H]1OC(=O)[C@](C)(CC(=O)O)O1,216.233,15,2,acyclic_ali,O=C1COCO1
Ac2008,COc1ccc2cc([C@H](C)C(=O)O)ccc2c1Cl,264.708,18,3,acyclic_ali,c1ccc2ccccc2c1
Ac2012,O=C(O)CCN1C(=O)c2ccccc2S1(=O)=O,255.251,17,3,acyclic_ali,O=C1NS(=O)(=O)c2ccccc21
Ac2013,O=C(O)CS(=O)(=O)Cc1ccc(Br)cc1,293.138,15,4,acyclic_ali,c1ccccc1
Ac2014,O=C(O)CCC(=O)OCCc1ccccc1,222.24,16,6,acyclic_ali,c1ccccc1
Ac2015,COc1cc(OC)c(/C=C/C(=O)O)c(OC)c1,238.239,17,5,other,c1ccccc1
Ac2016,COc1cccc(C(F)(F)F)c1C(=O)O,220.146,15,2,benzoic,c1ccccc1
Ac2018,Cc1c(F)c([N+](=O)[O-])cc(C(=O)O)c1Cl,233.582,15,2,benzoic,c1ccccc1
Ac2020,Cc1ccccc1-c1cc(C(=O)O)c2ccccc2n1,263.296,20,2,aryl_other,c1ccc(-c2ccc3ccccc3n2)cc1
Ac2021,O=C(O)C(F)(F)c1ccc([N+](=O)[O-])cc1,217.127,15,3,acyclic_ali,c1ccccc1
Ac2022,O=C(O)c1cc2cc(F)c(O)c(F)c2oc1=O,242.133,17,1,aryl_other,O=c1ccc2ccccc2o1
Ac2023,Cc1c(C(=O)O)nnn1-c1cccc(Cl)c1,237.646,16,2,heteroaryl,c1ccc(-n2ccnn2)cc1
Ac2026,CC(C)(C)OC(=O)N1CCC(/C=C/C(=O)O)CC1,255.314,18,2,other,C1CCNCC1
Ac2027,O=C(O)CNS(=O)(=O)c1ccc(F)cc1,233.22,15,4,alpha_amino,c1ccccc1
Ac2029,COc1ccc(-c2nn(-c3ccccc3)cc2C(=O)O)cc1,294.31,22,4,aryl_other,c1ccc(-c2ccn(-c3ccccc3)n2)cc1
Ac2031,Cc1ccc(S(=O)(=O)n2ccc(C(=O)O)c2)cc1,265.29,18,3,aryl_other,O=S(=O)(c1ccccc1)n1cccc1
Ac2032,O=C(O)c1ccnc(C(F)(F)F)c1Cl,225.553,14,1,aryl_other,c1ccncc1
Ac2033,O=C(O)c1cc(C(F)(F)F)ncc1Br,270.004,14,1,aryl_other,c1ccncc1
Ac2034,O=C(O)/C=C/c1cc(C(F)(F)F)cc(C(F)(F)F)c1,284.155,19,2,other,c1ccccc1
Ac2035,O=C(O)c1cc(I)c(F)c(I)c1,391.905,12,1,benzoic,c1ccccc1
Ac2036,O=C(O)c1cc(C(F)(F)F)nn1-c1ccccc1,256.183,18,2,heteroaryl,c1ccc(-n2cccn2)cc1
Ac2037,O=C(O)CCCCc1cccc(Br)c1,257.127,14,5,acyclic_ali,c1ccccc1
Ac2038,CC(C)(C)OC(=O)N1Cc2ccccc2C[C@H]1CC(=O)O,291.347,21,2,acyclic_ali,c1ccc2c(c1)CCNC2
Ac2040,O=C(O)c1ccc(CN2C(=O)c3ccccc3C2=O)cc1,281.267,21,3,benzoic,O=C1c2ccccc2C(=O)N1Cc1ccccc1
Ac2042,CN1CCC(c2ccc(C(=O)O)cc2)CC1,219.284,16,2,benzoic,c1ccc(C2CCNCC2)cc1
Ac2044,O=C(O)c1cc(C(F)(F)F)cc(Cl)c1F,242.555,15,1,benzoic,c1ccccc1
Ac2046,O=C(O)Cc1ccc(I)cc1F,280.036,12,2,acyclic_ali,c1ccccc1
Ac2047,CCOc1cccc2cc(C(=O)O)c(=O)oc12,234.207,17,3,aryl_other,O=c1ccc2ccccc2o1
Ac2048,COc1cc(I)c(Cl)cc1C(=O)O,312.49,13,2,benzoic,c1ccccc1
Ac2049,N#Cc1cc(Br)cc(C(=O)O)c1,226.029,12,1,benzoic,c1ccccc1
Ac2051,O=C(O)c1cc(-c2ccccc2Cl)on1,223.615,15,2,heteroaryl,c1ccc(-c2ccno2)cc1
Ac2052,O=Cc1cc(C(=O)O)ccc1Br,229.029,12,2,benzoic,c1ccccc1
Ac2053,Cc1cc(C(=O)O)nn1-c1ccc(Cl)cc1,236.658,16,2,heteroaryl,c1ccc(-n2cccn2)cc1
Ac2055,COc1cc(C(=O)O)ccc1C(F)(F)F,220.146,15,2,benzoic,c1ccccc1
Ac2056,CC1(C(=O)O)CCN(C(=O)OCc2ccccc2)C1,263.293,19,3,alpha_quat,O=C(OCc1ccccc1)N1CCCC1
Ac2058,CC(C)(C)OC(=O)N1CCCC(C)(C(=O)O)C1,243.303,17,1,alpha_quat,C1CCNCC1
Ac2060,O=C(O)c1cnn2cc(Br)cnc12,242.032,13,1,aryl_other,c1cnc2ccnn2c1
Ac2061,COc1ccc(C2(C(=O)O)CCOCC2)cc1,236.267,17,3,alpha_quat,c1ccc(C2CCOCC2)cc1
Ac2062,Cc1c(C(=O)O)nnn1-c1ccc(F)cc1,221.191,16,2,heteroaryl,c1ccc(-n2ccnn2)cc1
Ac2063,CC(C)(C)OC(=O)N1CCSC(C(=O)O)C1,247.316,16,1,cyclic_ali,C1CSCCN1
Ac2065,CNS(=O)(=O)c1ccc(CC(=O)O)cc1,229.257,15,4,acyclic_ali,c1ccccc1
Ac2066,CC(C)(C)OC(=O)N1CCn2cc(C(=O)O)nc2C1,267.285,19,1,heteroaryl,c1cn2c(n1)CNCC2
Ac2067,Cn1nc(C(F)(F)C(F)(F)F)c(C(F)(F)F)c1C(=O)O,312.116,20,2,heteroaryl,c1cn[nH]c1
Ac2068,CCOC(=O)c1ncc(C(=O)O)cc1Cl,229.619,15,3,aryl_other,c1ccncc1
Ac2069,O=C(O)c1c(F)cc(Br)cc1Cl,253.454,12,1,benzoic,c1ccccc1
Ac2070,CC(C)(C)OC(=O)N1CCN(c2cnc(C(=O)O)cn2)CC1,308.338,22,2,heteroaryl,c1cnc(N2CCNCC2)cn1
Ac2071,O=C(O)C1(c2ccc(Br)cc2)COC1,257.083,14,2,alpha_quat,c1ccc(C2COC2)cc1
Ac2072,O=C(O)c1cccnc1OCC(F)(F)F,221.134,15,3,aryl_other,c1ccncc1
Ac2073,O=C(O)c1ccc(C(F)(F)F)c(F)c1Cl,242.555,15,1,benzoic,c1ccccc1
Ac2074,O=C(O)c1ccc(Br)nc1F,219.997,11,1,aryl_other,c1ccncc1
Ac2079,Cc1c(Br)c(C(=O)O)nn1C,219.038,11,1,heteroaryl,c1cn[nH]c1
Ac2080,O=C(O)c1scc(Br)c1Br,285.944,10,1,heteroaryl,c1ccsc1
Ac2086,Cc1cc(=O)n(-c2ccc(C(=O)O)cc2)[nH]1,218.212,16,2,benzoic,O=c1cc[nH]n1-c1ccccc1
Ac2087,Cc1nn(-c2ccccc2)c(C)c1CC(=O)O,230.267,17,3,acyclic_ali,c1ccc(-n2cccn2)cc1
Ac2089,O=C(O)c1nc(-c2ccccc2)nc2ccccc12,250.257,19,2,heteroaryl,c1ccc(-c2ncc3ccccc3n2)cc1
Ac2091,CCCOc1ccc2cc(C(=O)O)c(=O)oc2c1,248.234,18,4,aryl_other,O=c1ccc2ccccc2o1
Ac2093,COc1ccc2c(C)c(CC(=O)O)c(=O)oc2c1,248.234,18,3,acyclic_ali,O=c1ccc2ccccc2o1
Ac2094,Cc1ccc(-c2cc(C(=O)O)c3ccccc3n2)o1,253.257,19,2,aryl_other,c1coc(-c2ccc3ccccc3n2)c1
Ac2097,O=C(O)c1cc(-c2ccc(Cl)c(Cl)c2)nc2ccccc12,318.159,21,2,aryl_other,c1ccc(-c2ccc3ccccc3n2)cc1
Ac2098,O=C(O)CCC1CCN(C(=O)c2ccccc2)CC1,261.321,19,4,acyclic_ali,O=C(c1ccccc1)N1CCCCC1
Ac2099,O=C(O)c1cccc(CN2C(=O)c3ccccc3C2=O)c1,281.267,21,3,benzoic,O=C1c2ccccc2C(=O)N1Cc1ccccc1
Ac2101,O=C(O)c1c(Cl)cc(Cl)nc1Cl,226.446,12,1,aryl_other,c1ccncc1
Ac2102,CCCCOc1ccc(-c2cc(C(=O)O)c3ccccc3n2)cc1,321.376,24,6,aryl_other,c1ccc(-c2ccc3ccccc3n2)cc1
Ac2103,O=C(O)c1ccc2c(c1)C(=O)N(Cc1ccccc1)C2=O,281.267,21,3,benzoic,O=C1c2ccccc2C(=O)N1Cc1ccccc1
Ac2104,O=C(O)CCC1CCN(C(=O)OCc2ccccc2)CC1,291.347,21,5,acyclic_ali,O=C(OCc1ccccc1)N1CCCCC1
Ac2105,O=C(O)c1nc(Cl)c(Cl)cc1Cl,226.446,12,1,heteroaryl,c1ccncc1
Ac2106,O=C(O)c1cc(-c2ccccc2F)nc2ccccc12,267.259,20,2,aryl_other,c1ccc(-c2ccc3ccccc3n2)cc1
Ac2107,CN1CCN(C(=O)c2ccccc2C(=O)O)CC1,248.282,18,2,benzoic,O=C(c1ccccc1)N1CCNCC1
Ac2109,O=C(O)c1ccc(S(=O)(=O)NC2CCCCC2)cc1,283.349,19,4,benzoic,O=S(=O)(NC1CCCCC1)c1ccccc1
Ac2110,Cn1c(=O)c2c(ncn2CCCC(=O)O)n(C)c1=O,266.257,19,4,acyclic_ali,O=c1[nH]c(=O)c2[nH]cnc2[nH]1
Ac2111,O=C(O)Cc1sc(-c2ccccc2)nc1-c1ccccc1,295.363,21,4,acyclic_ali,c1ccc(-c2csc(-c3ccccc3)n2)cc1
Ac2112,COc1ccc(-c2nc(C(=O)O)cs2)cc1,235.264,16,3,heteroaryl,c1ccc(-c2nccs2)cc1
Ac2113,O=C(O)c1cc2cccc(Br)c2oc1=O,269.05,15,1,aryl_other,O=c1ccc2ccccc2o1
Ac2114,O=C(O)c1ccc(-c2ccc(Cl)c(Cl)c2)o1,257.072,16,2,heteroaryl,c1ccc(-c2ccco2)cc1
Ac2115,O=C(O)c1ccc(-c2ccc(Br)s2)s1,289.175,14,2,heteroaryl,c1csc(-c2cccs2)c1
Ac2116,O=C(O)c1ccc(OCc2ccccn2)cc1,229.235,17,4,benzoic,c1ccc(OCc2ccccn2)cc1
Ac2117,O=C(O)Cc1ccc(Br)s1,221.075,10,2,acyclic_ali,c1ccsc1
Ac2118,O=C(O)c1ccccc1C(=O)N1CCCC1,219.24,16,2,benzoic,O=C(c1ccccc1)N1CCCC1
Ac2119,O=C(O)CCc1cc(Cl)sc1Cl,225.096,12,3,acyclic_ali,c1ccsc1
Ac2122,CC(Cc1ccc(Br)cc1)C(=O)O,243.1,13,3,acyclic_ali,c1ccccc1
Ac2123,CC(Oc1cc(Cl)cc(Cl)c1)C(=O)O,235.066,14,3,acyclic_ali,c1ccccc1
Ac2125,CC(C)(C(=O)O)S(=O)(=O)c1ccc(Cl)cc1,262.714,16,3,acyclic_ali,c1ccccc1
Ac2126,O=C(O)COc1ccc(Cl)cc1[N+](=O)[O-],231.591,15,4,acyclic_ali,c1ccccc1
Ac2130,O=C(O)Cc1cc(C(F)(F)F)ccc1Cl,238.592,15,2,acyclic_ali,c1ccccc1
Ac2133,CCS(=O)(=O)c1ccc(OC)c(C(=O)O)c1,244.268,16,4,benzoic,c1ccccc1
Ac2134,CCC(NS(=O)(=O)c1ccc(C)cc1)C(=O)O,257.311,17,5,alpha_amino,c1ccccc1
Ac2137,O=C(O)C(F)(F)c1ccc(Cl)c(Cl)c1,241.02,14,2,acyclic_ali,c1ccccc1
Ac2138,CCC(Oc1cc(Cl)cc(Cl)c1)C(=O)O,249.093,15,4,acyclic_ali,c1ccccc1
Ac2139,COc1ccc(C(=O)CCCCCCC(=O)O)cc1,264.321,19,9,acyclic_ali,c1ccccc1
Ac2144,O=C(O)Cc1ccc(C2CCCCC2)cc1,218.296,16,3,acyclic_ali,c1ccc(C2CCCCC2)cc1
Ac2145,Cc1cc(Br)ccc1OCC(=O)O,245.072,13,3,acyclic_ali,c1ccccc1
Ac2146,O=C(O)c1ccc(I)c(F)c1,266.009,11,1,benzoic,c1ccccc1
Ac2147,Cc1c(Br)cc(C(=O)O)cc1Br,293.942,12,1,benzoic,c1ccccc1
Ac2152,Cc1ccc(C(=O)CCC(=O)O)cc1Cl,226.659,15,4,acyclic_ali,c1ccccc1
Ac2153,COc1ccc(CC(C)C(=O)O)cc1OC,224.256,16,5,acyclic_ali,c1ccccc1
Ac2155,O=C(O)c1cc([N+](=O)[O-])ccc1Sc1ccccc1,275.285,19,4,benzoic,c1ccc(Sc2ccccc2)cc1
Ac2157,O=C(O)c1ccccc1OCC(F)(F)F,220.146,15,3,benzoic,c1ccccc1
Ac2159,O=C(CSc1ccccc1C(=O)O)c1ccccc1,272.325,19,5,benzoic,O=C(CSc1ccccc1)c1ccccc1
Ac2160,COc1ccc2c(c1)C(CC(=O)O)=C(C)C2,218.252,16,3,acyclic_ali,C1=Cc2ccccc2C1
Ac2161,Cc1cc(Br)ccc1CC(=O)O,229.073,12,2,acyclic_ali,c1ccccc1
Ac2162,COc1cc(C)c(C(=O)O)cc1Br,245.072,13,2,benzoic,c1ccccc1
Ac2163,O=C(O)c1ccccc1S(=O)(=O)Cl,220.633,13,2,benzoic,c1ccccc1
Ac2164,O=C(O)c1cc(I)ccc1[N+](=O)[O-],293.016,13,2,benzoic,c1ccccc1
Ac2166,CCCCCCCCOc1ccc(C(=O)O)cc1F,268.328,19,9,benzoic,c1ccccc1
Ac2167,COc1ccc(CCCC(=O)O)c(OC)c1,224.256,16,6,acyclic_ali,c1ccccc1
Ac2170,COc1cc(C(=O)O)c(Cl)cc1[N+](=O)[O-],231.591,15,3,benzoic,c1ccccc1
Ac2172,O=C(O)c1cc([N+](=O)[O-])cc(S(=O)(=O)Cl)c1,265.63,16,3,benzoic,c1ccccc1
Ac2173,COc1ccc(C(=O)CCC(=O)O)c(OC)c1OC,268.265,19,7,acyclic_ali,c1ccccc1
Ac2176,O=C(O)CCC(=O)CC(=O)c1ccc(Cl)cc1,254.669,17,6,acyclic_ali,c1ccccc1
Ac2178,Cc1ccccc1-c1noc(CCC(=O)O)n1,232.239,17,4,acyclic_ali,c1ccc(-c2ncon2)cc1
Ac2179,COc1cc(I)cc(C(=O)O)c1OC,308.071,14,3,benzoic,c1ccccc1
Ac2183,O=C(O)C1(c2ccc(Br)cc2)CCCC1,269.138,15,2,alpha_quat,c1ccc(C2CCCC2)cc1
Ac2186,CC(CC(=O)O)C(=O)c1ccc(Cl)c([N+](=O)[O-])c1,271.656,18,5,acyclic_ali,c1ccccc1
Ac2187,CCOc1ccc2cc(C(=O)O)c(=O)oc2c1,234.207,17,3,aryl_other,O=c1ccc2ccccc2o1
Ac2188,C=CC(=O)OCCCCCCCCCCCOc1ccc(C(=O)O)cc1,362.466,26,15,benzoic,c1ccccc1
Ac2189,O=C(O)CC(c1ccccc1)C(F)(F)F,218.174,15,3,acyclic_ali,c1ccccc1
Ac2190,COc1ccc(-c2cc(C(=O)O)c3cc(Cl)ccc3n2)cc1,313.74,22,3,aryl_other,c1ccc(-c2ccc3ccccc3n2)cc1
Ac2193,O=C(O)CC1CCN(Cc2ccccc2)CC1,233.311,17,4,acyclic_ali,c1ccc(CN2CCCCC2)cc1
Ac2194,COc1cc(C(F)(F)F)cc(C(F)(F)F)c1C(=O)O,288.143,19,2,benzoic,c1ccccc1
Ac2195,CCCC(Oc1ccc(Cl)cc1)C(=O)O,228.675,15,5,acyclic_ali,c1ccccc1
Ac2196,COc1cc(C=O)c([N+](=O)[O-])cc1OCC(=O)O,255.182,18,6,acyclic_ali,c1ccccc1
Ac2197,O=C(O)Cc1ccc(C(F)(F)F)cc1C(F)(F)F,272.144,18,2,acyclic_ali,c1ccccc1
Ac2198,Cc1c(C(=O)O)cnn1-c1ccc(C(F)(F)F)cc1,270.21,19,2,aryl_other,c1ccc(-n2cccn2)cc1
Ac2199,Cc1c(C(=O)O)cnn1-c1ccc(F)cc1,220.203,16,2,aryl_other,c1ccc(-n2cccn2)cc1
Ac2202,CCC(C(=O)O)c1cc(OC)c(OC)c(OC)c1,254.282,18,6,acyclic_ali,c1ccccc1
Ac2204,CC(C)(C)Oc1ccc(CCC(=O)O)cc1,222.284,16,4,acyclic_ali,c1ccccc1
Ac2205,O=C(O)c1c(P(c2ccccc2)c2ccccc2)ccc2ccccc12,356.361,26,4,benzoic,c1ccc(P(c2ccccc2)c2ccc3ccccc3c2)cc1
Ac2206,O=C(O)c1cc(OC(F)(F)F)ccc1Br,285.015,15,2,benzoic,c1ccccc1
Ac2208,CC(C)(C)OC(=O)N1CCC2(CCC(C(=O)O)CC2)CC1,297.395,21,1,cyclic_ali,C1CCC2(CC1)CCNCC2
Ac2209,Cc1cc(C(=O)O)c(Br)s1,221.075,10,1,aryl_other,c1ccsc1
Ac2210,C#CCOc1ccccc1CCCCCC(=O)O,246.306,18,8,acyclic_ali,c1ccccc1
Ac2211,O=C(O)CCc1ccc(F)cc1Br,247.063,13,3,acyclic_ali,c1ccccc1
Ac2212,O=C(O)COC1CCN(C(=O)OCc2ccccc2)CC1,293.319,21,5,acyclic_ali,O=C(OCc1ccccc1)N1CCCCC1
Ac2213,Cc1ncc(Br)cc1C(=O)O,216.034,11,1,aryl_other,c1ccncc1
Ac2214,O=C(O)CCCCCN1C(=O)c2cccc3cccc(c23)C1=O,311.337,23,6,acyclic_ali,O=C1NC(=O)c2cccc3cccc1c23
Ac2215,O=C(O)c1ccc(OC(F)=C(F)F)cc1,218.13,15,3,benzoic,c1ccccc1
Ac2216,O=C(O)C1CC(=O)N(Cc2ccc(Cl)cc2)C1,253.685,17,3,cyclic_ali,O=C1CCCN1Cc1ccccc1
Ac2217,O=C(O)c1ccnc2c1ccc1cccnc12,224.219,17,1,aryl_other,c1cnc2c(c1)ccc1cccnc12
Ac2221,CC(C)(C)OC(=O)N1CCN(c2ncc(C(=O)O)cc2Cl)CC1,341.795,23,2,aryl_other,c1ccc(N2CCNCC2)nc1
Ac2222,Cc1c(C(=O)O)sc2c(Br)csc12,277.164,13,1,heteroaryl,c1cc2sccc2s1
Ac2223,CN(Cc1ccc(C(=O)O)cc1)C(=O)OC(C)(C)C,265.309,19,3,benzoic,c1ccccc1
Ac2224,O=C(O)c1cnn(Cc2cccc(C(F)(F)F)c2)c1,270.21,19,3,aryl_other,c1ccc(Cn2cccn2)cc1
Ac2225,Cc1ccc(I)c(C(=O)O)c1F,280.036,12,1,benzoic,c1ccccc1
Ac2226,CCOC(=O)c1cc2ccc(C(=O)O)cc2s1,250.275,17,3,benzoic,c1ccc2sccc2c1
Ac2227,Cc1cc(OC(F)(F)F)ccc1C(=O)O,220.146,15,2,benzoic,c1ccccc1
Ac2228,O=C(O)c1ccc(OCCCC(F)(F)F)cc1,248.2,17,5,benzoic,c1ccccc1
Ac2229,Cc1cc(C)c(C(=O)O)cc1I,276.073,12,1,benzoic,c1ccccc1
Ac2231,CC(C)(C(=O)O)S(=O)(=O)C1CCOCC1,236.289,15,3,acyclic_ali,C1CCOCC1
Ac2232,Cn1cc(C(=O)O)c(I)n1,252.011,10,1,aryl_other,c1cn[nH]c1
Ac2233,O=C(O)c1c(Cl)nc(Cl)nc1Cl,227.434,12,1,aryl_other,c1cncnc1
Ac2234,CC(C)(C)OC(=O)N1CCc2nc(C(=O)O)sc2C1,284.337,19,1,heteroaryl,c1nc2c(s1)CNCC2
Ac2235,CS(=O)(=O)Nc1ccc(C(=O)O)c(Cl)c1,249.675,15,3,benzoic,c1ccccc1
Ac2236,O=C(O)CCc1cccc(OC(F)(F)F)c1,234.173,16,4,acyclic_ali,c1ccccc1
Ac2239,O=C(O)C1CCN(Cc2ccccc2)C1=O,219.24,16,3,cyclic_ali,O=C1CCCN1Cc1ccccc1
Ac2240,COc1ccccc1-c1cc(C(=O)O)no1,219.196,16,3,heteroaryl,c1ccc(-c2ccno2)cc1
Ac2242,CCOc1cc(Br)ccc1C(=O)O,245.072,13,3,benzoic,c1ccccc1
Ac2243,O=C(O)C1CN(Cc2ccccc2)CCO1,221.256,16,3,cyclic_ali,c1ccc(CN2CCOCC2)cc1
Ac2244,O=C(O)C(F)(F)c1cccc(Br)c1,251.026,13,2,acyclic_ali,c1ccccc1
Ac2245,O=C(O)Cc1ccc(C(F)(F)F)cc1F,222.137,15,2,acyclic_ali,c1ccccc1
Ac2246,Cc1c(B2OC(C)(C)C(C)(C)O2)cccc1C(=O)O,262.114,19,2,benzoic,c1ccc(B2OCCO2)cc1
Ac2247,O=C(O)c1ccc(CN2CCS(=O)(=O)CC2)cc1,269.322,18,3,benzoic,O=S1(=O)CCN(Cc2ccccc2)CC1
Ac2248,O=C(O)CCCc1cccc(Br)c1,243.1,13,4,acyclic_ali,c1ccccc1
Ac2251,O=C(O)/C=C/c1cccc(Br)n1,228.045,12,2,other,c1ccncc1
Ac2252,COC(=O)C1(C(=O)O)CC1c1ccccc1,220.224,16,3,alpha_quat,c1ccc(C2CC2)cc1
Ac2254,Cc1c(C(=O)O)nnn1-c1ccccc1F,221.191,16,2,heteroaryl,c1ccc(-n2ccnn2)cc1
Ac2256,O=C(O)c1cn(-c2ccc(Cl)cc2)nn1,223.619,15,2,heteroaryl,c1ccc(-n2ccnn2)cc1
Ac2257,O=C(O)c1cnn(-c2ncccc2Cl)c1C(F)(F)F,291.616,19,2,aryl_other,c1ccc(-n2cccn2)nc1
Ac2258,CC(C)(C)OC(=O)N1[C@@H]2CC[C@H]1C[C@@H](C(=O)O)C2,255.314,18,1,cyclic_ali,C1CC2CCC(C1)N2
Ac2259,O=C(O)CCCC(=O)c1ccc(C(F)(F)F)cc1,260.211,18,5,acyclic_ali,c1ccccc1
Ac2260,CS(=O)(=O)Nc1cc(F)ccc1C(=O)O,233.22,15,3,benzoic,c1ccccc1
Ac2261,O=C(O)c1cc2c(Br)sc(Br)c2s1,342.033,13,1,heteroaryl,c1cc2cscc2s1
Ac2262,O=C(O)c1cn(-c2cccc(Cl)c2)nn1,223.619,15,2,heteroaryl,c1ccc(-n2ccnn2)cc1
Ac2264,O=C(O)c1cc([N+](=O)[O-])cc(F)c1Cl,219.555,14,2,benzoic,c1ccccc1
Ac2265,Cc1ccc(Br)c(C(=O)O)n1,216.034,11,1,heteroaryl,c1ccncc1
Ac2266,CC(C)(C)C1CCc2[nH]nc(C(=O)O)c2C1,222.288,16,1,heteroaryl,c1n[nH]c2c1CCCC2
Ac2267,Cc1ccc(C(=O)O)cc1C#Cc1cnc2cccnn12,277.283,21,1,benzoic,C(#Cc1cnc2cccnn12)c1ccccc1
Ac2268,CC(C)(C)OC(=O)N1CCc2c(C(=O)O)n[nH]c2C1,267.285,19,1,heteroaryl,c1n[nH]c2c1CCNC2
Ac2270,CC(C)(C)OC(=O)N1CCCOC(C(=O)O)C1,245.275,17,1,cyclic_ali,C1CNCCOC1
Ac2271,CC(C)Cc1ccc(-c2nc(-c3ccc(CN4CC(C(=O)O)C4)c(F)c3)no2)cc1,409.461,30,7,cyclic_ali,c1ccc(-c2nc(-c3ccc(CN4CCC4)cc3)no2)cc1
Ac2272,COc1cc(C(=O)O)ncc1Br,232.033,12,2,heteroaryl,c1ccncc1
Ac2273,O=C(O)c1cn(Cc2ccc(F)c(F)c2)cn1,238.193,17,3,heteroaryl,c1ccc(Cn2ccnc2)cc1
Ac2275,O=C(O)c1cc(C2CC2)cc(C(F)(F)F)c1,230.185,16,2,benzoic,c1ccc(C2CC2)cc1
Ac2276,CC(C)(C)OC(=O)N1[C@H]2C[C@H]([C@H](O)C2)[C@H]1C(=O)O,257.286,18,1,alpha_amino,C1CC2CC1CN2
Ac2278,C[Si]1(C)CC(C(=O)O)C[Si](C)(C)O1,218.401,13,1,cyclic_ali,C1C[SiH2]O[SiH2]C1
Ac2279,CCn1nc(C)c(Br)c1C(=O)O,233.065,12,2,heteroaryl,c1cn[nH]c1
Ac2280,O=C(O)CCCCCCCCCc1cccs1,254.395,17,10,acyclic_ali,c1ccsc1
Ac2281,O=C(c1ccccc1)c1ccsc1C(=O)O,232.26,16,3,heteroaryl,O=C(c1ccccc1)c1ccsc1
Ac2282,O=C(O)c1cccnc1Sc1ccccc1,231.276,16,3,aryl_other,c1ccc(Sc2ccccn2)cc1
Ac2284,Cc1cc(C(=O)O)n(Cc2ccccc2)n1,216.24,16,3,heteroaryl,c1ccc(Cn2cccn2)cc1
Ac2285,O=C(O)CSc1nnc(-c2ccccc2)o1,236.252,16,4,acyclic_ali,c1ccc(-c2nnco2)cc1
Ac2286,O=C(O)c1cc(-c2ccccc2)nc2c(Cl)cccc12,283.714,20,2,aryl_other,c1ccc(-c2ccc3ccccc3n2)cc1
Ac2287,Cc1ccc2nc(-c3ccco3)cc(C(=O)O)c2c1,253.257,19,2,aryl_other,c1coc(-c2ccc3ccccc3n2)c1
Ac2288,O=C(O)CCC(=O)c1ccc2c(c1)OCCO2,236.223,17,4,acyclic_ali,c1ccc2c(c1)OCCO2
Ac2289,O=C(O)c1cnc(Cl)c(I)c1,283.452,11,1,aryl_other,c1ccncc1
Ac2290,O=C(O)c1ccc(Br)nc1Br,280.903,11,1,aryl_other,c1ccncc1
Ac2295,O=C(O)c1cnn(-c2cccc(Cl)c2)n1,223.619,15,2,heteroaryl,c1ccc(-n2nccn2)cc1
Ac2296,O=C(O)c1nn(Cc2ccc(F)cc2)c2ccccc12,270.263,20,3,heteroaryl,c1ccc(Cn2ncc3ccccc32)cc1
Ac2297,O=C(O)C(=O)c1ccc(Br)s1,235.058,11,2,other,c1ccsc1
Ac2298,O=C(O)CCc1ncc(-c2ccc(Cl)cc2)o1,251.669,17,4,acyclic_ali,c1ccc(-c2cnco2)cc1
Ac2299,Cc1snc(-c2ccccc2)c1C(=O)O,219.265,15,2,aryl_other,c1ccc(-c2ccsn2)cc1
Ac2301,Cc1c(C(=O)O)sc2ccc(Cl)cc12,226.684,14,1,heteroaryl,c1ccc2sccc2c1
Ac2302,O=C(O)c1ccc2nc(Br)sc2c1,258.096,13,1,benzoic,c1ccc2scnc2c1
Ac2307,O=C(O)c1ccccc1N/N=C/c1ccccc1,240.262,18,4,benzoic,C(=NNc1ccccc1)c1ccccc1
Ac2309,O=C(O)Cc1cc(Cl)c(Cl)cc1[N+](=O)[O-],250.037,15,3,acyclic_ali,c1ccccc1
Ac2310,CCOC(=O)c1cc(C(=O)O)cc([N+](=O)[O-])c1,239.183,17,4,benzoic,c1ccccc1
Ac2311,O=C(O)CCc1c(Cl)cccc1Cl,219.067,13,3,acyclic_ali,c1ccccc1
Ac2312,CC(C(=O)O)c1c(Cl)cccc1Cl,219.067,13,2,acyclic_ali,c1ccccc1
Ac2313,O=C(O)CCOc1cccc2ccccc12,216.236,16,4,acyclic_ali,c1ccc2ccccc2c1
Ac2316,O=C(O)c1cc(C(F)(F)F)ccc1C(F)(F)F,258.117,17,1,benzoic,c1ccccc1
Ac2317,COc1cc(OC)c(C(=O)CCC(=O)O)cc1OC,268.265,19,7,acyclic_ali,c1ccccc1
Ac2318,CC(C)C(C(=O)O)c1ccc(Br)cc1,257.127,14,3,acyclic_ali,c1ccccc1
Ac2321,NS(=O)(=O)c1cc(C(=O)O)ccc1Br,280.099,14,2,benzoic,c1ccccc1
Ac2322,O=C(O)c1cc(S(=O)(=O)Cl)c(F)cc1Cl,273.068,15,2,benzoic,c1ccccc1
Ac2326,Cc1cc(Br)c(F)c(C(=O)O)c1,233.036,12,1,benzoic,c1ccccc1
Ac2327,CC(C)(C)OC(=O)c1cccc(C(=O)O)c1,222.24,16,2,benzoic,c1ccccc1
Ac2328,C=C(CC(=O)OCc1ccccc1)C(=O)O,220.224,16,5,other,c1ccccc1
Ac2329,CC(C)(C(=O)O)c1ccc(C(F)(F)F)cc1,232.201,16,2,alpha_quat,c1ccccc1
Ac2330,O=C(O)CCCOc1cccc([N+](=O)[O-])c1,225.2,16,6,acyclic_ali,c1ccccc1
Ac2331,CC(C)(Oc1ccc(C(F)(F)F)cc1)C(=O)O,248.2,17,3,acyclic_ali,c1ccccc1
Ac2332,COC(=O)Cc1ccc([N+](=O)[O-])cc1C(=O)O,239.183,17,4,benzoic,c1ccccc1
Ac2333,O=C(O)c1c(C(F)(F)F)cc(C(F)(F)F)cc1C(F)(F)F,326.114,21,1,benzoic,c1ccccc1
Ac2334,CC(C)CCOC(=O)c1ccccc1C(=O)O,236.267,17,5,benzoic,c1ccccc1
Ac2338,O=C(O)[C@@H]1C[C@H]1c1ccc(Br)cc1,241.084,13,2,cyclic_ali,c1ccc(C2CC2)cc1
Ac2339,Cc1ccc(C(=O)CCCC(=O)O)cc1C,220.268,16,5,acyclic_ali,c1ccccc1
Ac2340,CCCCOc1ccc(C(=O)O)cc1OC,224.256,16,6,benzoic,c1ccccc1
Ac2341,O=C(O)CC(Br)C(=O)c1ccc(Br)cc1,335.979,15,4,acyclic_ali,c1ccccc1
Ac2344,O=C(O)CCC(=O)c1cccc(Br)c1,257.083,14,4,acyclic_ali,c1ccccc1
Ac2345,NS(=O)(=O)c1cc(C(=O)O)c(F)cc1Cl,253.638,15,2,benzoic,c1ccccc1
Ac2346,O=C(O)COc1ccc(S(=O)(=O)Cl)cc1,250.659,15,4,acyclic_ali,c1ccccc1
Ac2347,COc1cc(C(=O)O)c(OC)c([N+](=O)[O-])c1,227.172,16,4,benzoic,c1ccccc1
Ac2349,O=C(O)c1c(Cl)ccc(S(=O)(=O)Cl)c1Cl,289.523,15,2,benzoic,c1ccccc1
Ac2350,O=C(O)CSCc1ccc(Br)cc1,261.14,13,4,acyclic_ali,c1ccccc1
Ac2351,Cc1ccc(C)c(C(=O)CCCC(=O)O)c1,220.268,16,5,acyclic_ali,c1ccccc1
Ac2352,O=C(O)CCCCC(=O)c1ccc(F)cc1,224.231,16,6,acyclic_ali,c1ccccc1
Ac2353,CC(C)c1ccc(C(=O)CCCC(=O)O)cc1,234.295,17,6,acyclic_ali,c1ccccc1
Ac2355,CC(NS(=O)(=O)c1ccc(Cl)cc1)C(=O)O,263.702,16,4,alpha_amino,c1ccccc1
Ac2357,CC(C)S(=O)(=O)c1ccc(C(=O)O)cc1,228.269,15,3,benzoic,c1ccccc1
Ac2359,O=Cc1c(OCC(=O)O)ccc2ccccc12,230.219,17,4,acyclic_ali,c1ccc2ccccc2c1
Ac2360,O=C(O)c1cc(Cl)cc(Cl)c1[N+](=O)[O-],236.01,14,2,benzoic,c1ccccc1
Ac2361,COc1ccc(/C=C/C(=O)CCC(=O)O)cc1,234.251,17,6,acyclic_ali,c1ccccc1
Ac2362,O=C(O)/C=C/c1cc([N+](=O)[O-])ccc1Cl,227.603,15,3,other,c1ccccc1
Ac2363,O=C(O)CCCNS(=O)(=O)c1ccccc1,243.284,16,6,acyclic_ali,c1ccccc1
Ac2364,CC(Oc1cc(Cl)ccc1Cl)C(=O)O,235.066,14,3,acyclic_ali,c1ccccc1
Ac2365,CC(Oc1c(Cl)cccc1Cl)C(=O)O,235.066,14,3,acyclic_ali,c1ccccc1
Ac2366,Cc1cc(C(=O)O)c(C)cc1Br,229.073,12,1,benzoic,c1ccccc1
Ac2367,O=C(O)c1cccc(I)c1Br,326.915,11,1,benzoic,c1ccccc1
Ac2368,Cc1cc(CC(=O)O)ccc1Br,229.073,12,2,acyclic_ali,c1ccccc1
Ac2369,Cc1ccc(Br)c(CC(=O)O)c1,229.073,12,2,acyclic_ali,c1ccccc1
Ac2370,CCOc1ccc(C(=O)O)cc1Br,245.072,13,3,benzoic,c1ccccc1
Ac2371,CC(C)c1ccc(C(=O)O)cc1Br,243.1,13,2,benzoic,c1ccccc1
Ac2372,CC(C)Oc1ccc(C(=O)O)cc1Br,259.099,14,3,benzoic,c1ccccc1
Ac2374,Cc1ccc(C(=O)C(Br)CC(=O)O)cc1,271.11,15,4,acyclic_ali,c1ccccc1
Ac2375,CS(=O)(=O)c1ccc(CCC(=O)O)cc1,228.269,15,4,acyclic_ali,c1ccccc1
Ac2376,COc1cc(CC(=O)O)c(OC)cc1Br,275.098,15,4,acyclic_ali,c1ccccc1
Ac2377,COc1ccc(SCC(=O)O)cc1OC,228.269,15,5,acyclic_ali,c1ccccc1
Ac2379,CCCOc1ccc(C(=O)O)cc1OCCC,238.283,17,7,benzoic,c1ccccc1
Ac2380,O=C(O)c1c(Cl)cc(Cl)c([N+](=O)[O-])c1Cl,270.455,15,2,benzoic,c1ccccc1
Ac2384,CCCc1c(C(=O)O)cnn1-c1ccccc1,230.267,17,4,aryl_other,c1ccc(-n2cccn2)cc1
Ac2385,O=C(O)COCCOCCOCc1ccccc1,254.282,18,10,acyclic_ali,c1ccccc1
Ac2386,Cc1cccc(-c2noc(CCC(=O)O)n2)c1,232.239,17,4,acyclic_ali,c1ccc(-c2ncon2)cc1
Ac2387,O=C(O)CCC(=O)c1cccc(C(F)(F)F)c1,246.184,17,4,acyclic_ali,c1ccccc1
Ac2388,O=C(O)CCCc1ccc(C(F)(F)F)cc1,232.201,16,4,acyclic_ali,c1ccccc1
Ac2389,O=C(O)c1c(-c2ccccc2)nc2sccn12,244.275,17,2,heteroaryl,c1ccc(-c2cn3ccsc3n2)cc1
Ac2390,CC(C)(C)n1ncc(C(=O)O)c1C(F)(F)F,236.193,16,1,aryl_other,c1cn[nH]c1
Ac2391,O=C(O)Cc1coc2ccc3ccccc3c12,226.231,17,2,acyclic_ali,c1ccc2c(c1)ccc1occc12
Ac2392,O=C(O)CSc1ccc(C(F)(F)F)cc1,236.214,15,3,acyclic_ali,c1ccccc1
Ac2393,O=C(O)c1ccccc1C(=O)Cc1ccc(Cl)cc1,274.703,19,4,benzoic,O=C(Cc1ccccc1)c1ccccc1
Ac2395,CC1(C)[C@H](C(=O)O)[C@@H]1/C=C(\Cl)C(F)(F)F,242.624,15,2,cyclic_ali,C1CC1
Ac2396,O=C(O)c1c(Br)cccc1C(F)(F)F,269.016,14,1,benzoic,c1ccccc1
Ac2397,O=C(O)CCCCCCN1C(=O)C=CC1=O,225.244,16,7,acyclic_ali,O=C1C=CC(=O)N1
Ac2398,Cc1ccc(S(=O)(=O)Nc2cc(OCC(=O)O)cc3ccc(C)nc23)cc1,386.429,27,6,acyclic_ali,O=S(=O)(Nc1cccc2cccnc12)c1ccccc1
Ac2399,CC(C)(C)OC(=O)N1CCc2cc(C(=O)O)sc2C1,283.349,19,1,heteroaryl,c1cc2c(s1)CNCC2
Ac2400,O=C(O)c1cccc(C(=O)N2CCCCC2)c1,233.267,17,2,benzoic,O=C(c1ccccc1)N1CCCCC1
Ac2401,CC(C)c1ccc(C(=O)O)cc1S(=O)(=O)Cl,262.714,16,3,benzoic,c1ccccc1
Ac2404,O=C(O)c1cc2cccc(Cl)c2oc1=O,224.599,15,1,aryl_other,O=c1ccc2ccccc2o1
Ac2405,O=C(O)c1ccc(C(F)(F)F)c(C(F)(F)F)c1,258.117,17,1,benzoic,c1ccccc1
Ac2406,Cc1c(C(=O)O)nnn1-c1ccccc1Br,282.097,16,2,heteroaryl,c1ccc(-n2ccnn2)cc1
Ac2408,O=C(O)c1ccc(-c2ccnc(Cl)n2)cc1,234.642,16,2,benzoic,c1ccc(-c2ccncn2)cc1
Ac2410,O=C(O)c1c(I)cc(Cl)nc1Cl,317.897,12,1,aryl_other,c1ccncc1
Ac2411,O=C(O)c1cc(-c2ccc(Br)cc2)nc2ccc(Cl)cc12,362.61,21,2,aryl_other,c1ccc(-c2ccc3ccccc3n2)cc1
Ac2412,O=Cc1cc(Br)cc(C(=O)O)c1,229.029,12,2,benzoic,c1ccccc1
Ac2413,COc1ccccc1C(=O)CCCC(=O)O,222.24,16,6,acyclic_ali,c1ccccc1
Ac2415,CC(C)CC(C(=O)O)c1cccc(Br)c1,271.154,15,4,acyclic_ali,c1ccccc1
Ac2416,O=C(O)[C@H]1CCCC[C@H]1C(=O)OCc1ccccc1,262.305,19,4,cyclic_ali,O=C(OCc1ccccc1)C1CCCCC1
Ac2417,O=C(O)CCC(=O)c1ccc(C(F)(F)F)cc1,246.184,17,4,acyclic_ali,c1ccccc1
Ac2418,O=C(O)c1nc(Cl)ccc1C(F)(F)F,225.553,14,1,heteroaryl,c1ccncc1
Ac2419,CC(C)(C)OC(=O)N1CCC(C(=O)O)(C2CCCCC2)CC1,311.422,22,2,alpha_quat,C1CCC(C2CCNCC2)CC1
Ac2420,O=Cc1ccc(-c2cccc(C(=O)O)c2)s1,232.26,16,3,benzoic,c1ccc(-c2cccs2)cc1
Ac2421,O=C(O)c1cc(Cl)c([N+](=O)[O-])c(Cl)n1,236.998,14,2,heteroaryl,c1ccncc1
Ac2422,C[C@@H](C(=O)O)c1ccc(OS(=O)(=O)C(F)(F)F)cc1,298.238,19,4,acyclic_ali,c1ccccc1
Ac2426,O=C(O)Cc1c([N+](=O)[O-])ccc(F)c1F,217.127,15,3,acyclic_ali,c1ccccc1
Ac2427,O=C(O)c1ccc(-n2ccc(C(F)(F)F)n2)cc1,256.183,18,2,benzoic,c1ccc(-n2cccn2)cc1
Ac2428,CC(C)(C(=O)O)c1ccc(C(=O)C2CC2)cc1,232.279,17,4,alpha_quat,O=C(c1ccccc1)C1CC1
Ac2429,COc1cc(OC)c(F)c(C(=O)O)c1F,218.155,15,3,benzoic,c1ccccc1
Ac2430,O=C(O)Cc1cc(Br)ccc1I,340.942,12,2,acyclic_ali,c1ccccc1
Ac2431,CC(C)(C)OC(=O)N1CCC(C(=O)O)(c2ccc(F)cc2)CC1,323.364,23,2,alpha_quat,c1ccc(C2CCNCC2)cc1
Ac2435,CC(C)(C)OC(=O)N1CCC(Oc2cccc(C(=O)O)c2)CC1,321.373,23,3,benzoic,c1ccc(OC2CCNCC2)cc1
Ac2436,COc1ccc(C(=O)O)cc1B1OC(C)(C)C(C)(C)O1,278.113,20,3,benzoic,c1ccc(B2OCCO2)cc1
Ac2437,CC(C)(C)n1cc(Br)c(C(=O)O)n1,247.092,13,1,heteroaryl,c1cn[nH]c1
Ac2441,O=CC(C=O)c1cccc(C(=O)O)c1[N+](=O)[O-],237.167,17,5,benzoic,c1ccccc1
Ac2443,O=C(O)c1c(Cl)cc(I)cc1Cl,316.909,12,1,benzoic,c1ccccc1
Ac2444,COc1cc(Br)cc(C)c1C(=O)O,245.072,13,2,benzoic,c1ccccc1
Ac2445,C/C(=C\C(=O)O)c1cccc(Br)c1,241.084,13,2,other,c1ccccc1
Ac2446,CC1(C)OB(c2ccc(C(=O)O)c(Cl)c2)OC1(C)C,282.532,19,2,benzoic,c1ccc(B2OCCO2)cc1
Ac2447,O=C(O)c1c(I)ccnc1F,266.997,11,1,aryl_other,c1ccncc1
Ac2448,O=C(O)COCCOCCOCCOCc1ccccc1,298.335,21,13,acyclic_ali,c1ccccc1
Ac2449,O=C(O)COc1ccccc1C(F)(F)F,220.146,15,3,acyclic_ali,c1ccccc1
Ac2453,O=C(O)c1oc(COC2CCCCO2)cc(=O)c1OCc1ccccc1,360.362,26,7,heteroaryl,O=c1cc(COC2CCCCO2)occ1OCc1ccccc1
Ac2454,CC(C)(C)OC(=O)N1CCC(C#N)(C(=O)O)CC1,254.286,18,1,alpha_quat,C1CCNCC1
Ac2458,CC(C)(Cc1ccc(C(F)(F)F)cc1)C(=O)O,246.228,17,3,alpha_quat,c1ccccc1
Ac2459,O=C(O)c1cc(F)cc([N+](=O)[O-])c1Br,264.006,14,2,benzoic,c1ccccc1
Ac2461,O=C(O)Cc1cc(Br)cc(C(F)(F)F)c1,283.043,15,2,acyclic_ali,c1ccccc1
Ac2462,O=C(O)c1c(F)ccc([N+](=O)[O-])c1Cl,219.555,14,2,benzoic,c1ccccc1
Ac2463,CC1(C)OB(c2ccc(CCC(=O)O)cc2)OC1(C)C,276.141,20,4,acyclic_ali,c1ccc(B2OCCO2)cc1
Ac2464,O=C(O)c1ccc(C(F)(F)F)cc1C1CC1,230.185,16,2,benzoic,c1ccc(C2CC2)cc1
Ac2465,CC1(C)OB(c2ccccc2C(=O)O)OC1(C)C,248.087,18,2,benzoic,c1ccc(B2OCCO2)cc1
Ac2466,O=C(O)C1(c2ccc(Br)cc2)CCOCC1,285.137,16,2,alpha_quat,c1ccc(C2CCOCC2)cc1
Ac2467,CS(=O)(=O)Nc1ccc(Br)cc1C(=O)O,294.126,15,3,benzoic,c1ccccc1
Ac2469,O=C(O)c1cc([N+](=O)[O-])c(F)c(C(F)(F)F)c1,253.107,17,2,benzoic,c1ccccc1
Ac2470,Cc1nnc(-c2ccc(CC(=O)O)cc2)nn1,230.227,17,3,acyclic_ali,c1ccc(-c2nncnn2)cc1
Ac2471,O=C(O)C1(c2ccc(Br)cn2)CCC1,256.099,14,2,alpha_quat,c1ccc(C2CCC2)nc1
Ac2472,O=C(O)c1cc(Br)c(F)c([N+](=O)[O-])c1,264.006,14,2,benzoic,c1ccccc1
Ac2473,O=C(O)c1ccc(C(F)(F)F)c(Cl)c1,224.565,14,1,benzoic,c1ccccc1
Ac2475,O=C(O)c1cn(-c2ccc(Br)cc2)nn1,268.07,15,2,heteroaryl,c1ccc(-n2ccnn2)cc1
Ac2477,O=C(O)c1cc2ccc(Br)cc2oc1=O,269.05,15,1,aryl_other,O=c1ccc2ccccc2o1
Ac2478,Cc1c(Br)ccc(F)c1C(=O)O,233.036,12,1,benzoic,c1ccccc1
Ac2479,O=C(O)c1cnn2cc(Br)ccc12,241.044,13,1,aryl_other,c1ccn2nccc2c1
Ac2481,O=C(O)c1ncc(F)cc1Br,219.997,11,1,heteroaryl,c1ccncc1
Ac2483,O=C(O)c1csc(-c2ccc(F)cc2)n1,223.228,15,2,heteroaryl,c1ccc(-c2nccs2)cc1
Ac2484,O=C(O)CCOCCOCCN1C(=O)C=CC1=O,257.242,18,9,acyclic_ali,O=C1C=CC(=O)N1
Ac2485,O=C(O)c1ncn(Cc2ccc(Cl)cc2)n1,237.646,16,3,heteroaryl,c1ccc(Cn2cncn2)cc1
Ac2489,O=C(O)Cc1ccc(C2(C(F)(F)F)CC2)cc1,244.212,17,3,acyclic_ali,c1ccc(C2CC2)cc1
Ac2490,C[C@@H]1CN(C(=O)OC(C)(C)C)C[C@H]1C(=O)O,229.276,16,1,cyclic_ali,C1CCNC1
Ac2491,O=C(O)C(F)(F)Oc1ccc(Br)cc1,267.025,14,3,acyclic_ali,c1ccccc1
Ac2492,COc1ccc(Br)cc1C1(C(=O)O)CC1,271.11,15,3,alpha_quat,c1ccc(C2CC2)cc1
Ac2494,CC(C)(C)OC(=O)N1CC2(C(=O)O)CC1C2,227.26,16,1,alpha_quat,C1NC2CC1C2
Ac2495,O=C(O)c1cn2c(n1)CCC(C(F)(F)F)C2,234.177,16,1,heteroaryl,c1cn2c(n1)CCCC2
Ac2499,O=C(O)c1cc(C2CC2)nc(C(F)(F)F)c1,231.173,16,2,aryl_other,c1ccc(C2CC2)nc1
Ac2500,Cc1ccc(NS(=O)(=O)c2ccc3c(c2)C2C=CCC2C(c2ccc(C(=O)O)cc2)N3)cc1C,474.582,34,5,benzoic,O=S(=O)(Nc1ccccc1)c1ccc2c(c1)C1C=CCC1C(c1ccccc1)N2
Ac2501,O=C(O)c1cc(-c2cccc3ccccc23)nc2ccccc12,299.329,23,2,aryl_other,c1ccc2nc(-c3cccc4ccccc34)ccc2c1
Ac2502,Cn1c(=O)c2c(ncn2CCC(=O)O)n(C)c1=O,252.23,18,3,acyclic_ali,O=c1[nH]c(=O)c2[nH]cnc2[nH]1
Ac2503,O=C(O)CCc1cc(Br)no1,220.022,11,3,acyclic_ali,c1cnoc1
Ac2504,Cc1c(C(=O)O)sc(Br)c1Br,299.971,11,1,heteroaryl,c1ccsc1
Ac2505,O=C(O)c1ncc(Cl)c(Cl)c1Cl,226.446,12,1,heteroaryl,c1ccncc1
Ac2507,O=C(O)c1cnn(-c2ccc(Br)cc2)n1,268.07,15,2,heteroaryl,c1ccc(-n2nccn2)cc1
Ac2509,N#Cc1c(Cl)cc(C(=O)O)nc1Cl,217.011,13,1,heteroaryl,c1ccncc1
Ac2511,Cc1ccc(C(=O)c2ccccc2C(=O)O)s1,246.287,17,3,benzoic,O=C(c1ccccc1)c1cccs1
Ac2512,O=C(O)c1ccccc1C(=O)N1CCCCC1,233.267,17,2,benzoic,O=C(c1ccccc1)N1CCCCC1
Ac2513,O=C(O)c1ccc(CSCc2ccccc2)o1,248.303,17,5,heteroaryl,c1ccc(CSCc2ccco2)cc1
Ac2514,O=C(O)c1ccc2c(c1)C(=O)NS2(=O)=O,227.197,15,1,benzoic,O=C1NS(=O)(=O)c2ccccc21
Ac2515,O=C(O)c1c2c(nc3ccccc13)CCCCC2,241.29,18,1,aryl_other,c1ccc2nc3c(cc2c1)CCCCC3
Ac2516,O=C(O)c1cc(-c2cccc(Cl)c2)nc2ccccc12,283.714,20,2,aryl_other,c1ccc(-c2ccc3ccccc3n2)cc1
Ac2518,Cc1ccc(-c2cc(C(=O)O)c3cc(Cl)ccc3n2)cc1,297.741,21,2,aryl_other,c1ccc(-c2ccc3ccccc3n2)cc1
Ac2519,COc1ccc(-c2cc(C(=O)O)c3cc(C)ccc3n2)cc1,293.322,22,3,aryl_other,c1ccc(-c2ccc3ccccc3n2)cc1
Ac2522,Cc1cccc(-c2cc(C(=O)O)c3ccccc3n2)c1,263.296,20,2,aryl_other,c1ccc(-c2ccc3ccccc3n2)cc1
Ac2523,O=C(CC(C(=O)O)c1ccc(Cl)cc1)c1ccccc1,288.73,20,5,acyclic_ali,O=C(CCc1ccccc1)c1ccccc1
Ac2524,CC(C)(C)c1cc(C(=O)O)n(-c2ccccc2)n1,244.294,18,2,heteroaryl,c1ccc(-n2cccn2)cc1
Ac2525,CC(C)Cc1cc(C(=O)O)nn1-c1ccccc1,244.294,18,4,heteroaryl,c1ccc(-n2cccn2)cc1
Ac2526,Cc1nn(-c2ccccc2)c2sc(C(=O)O)cc12,258.302,18,2,heteroaryl,c1ccc(-n2ncc3ccsc32)cc1
Ac2527,CCOc1ccc(Br)cc1C(=O)O,245.072,13,3,benzoic,c1ccccc1
Ac2528,O=C(O)c1cc(-c2ccc(Cl)cc2)[nH]n1,222.631,15,2,heteroaryl,c1ccc(-c2ccn[nH]2)cc1
Ac2530,O=C(O)c1cnn(-c2ccc(Cl)cc2)n1,223.619,15,2,heteroaryl,c1ccc(-n2nccn2)cc1
Ac2531,O=C(O)c1ccc2noc(-c3ccccc3)c2c1,239.23,18,2,benzoic,c1ccc(-c2onc3ccccc23)cc1
Ac2532,O=C(O)Cc1sc(-c2ccc(Cl)cc2)nc1-c1ccccc1,329.808,22,4,acyclic_ali,c1ccc(-c2csc(-c3ccccc3)n2)cc1
Ac2534,O=C(O)/C(=C/c1cccs1)c1cccs1,236.317,15,3,other,C(=Cc1cccs1)c1cccs1
Ac2538,Cc1cc(OCCCC(=O)O)ccc1Cl,228.675,15,5,acyclic_ali,c1ccccc1
Ac2540,N#Cc1ccc(C(=O)O)cc1Br,226.029,12,1,benzoic,c1ccccc1
Ac2544,O=C(O)Cc1ccc([N+](=O)[O-])cc1Br,260.043,14,3,acyclic_ali,c1ccccc1
Ac2545,O=C(O)c1ccccc1SC(F)(F)F,222.187,14,2,benzoic,c1ccccc1
Ac2547,O=C(O)COc1ccc(C(=O)c2ccc(Cl)cc2)cc1,290.702,20,5,acyclic_ali,O=C(c1ccccc1)c1ccccc1
Ac2548,COc1ccc(/C=C(\C#N)C(=O)O)cc1OC,233.223,17,4,other,c1ccccc1
Ac2549,CNS(=O)(=O)c1cc(C(=O)O)ccc1Cl,249.675,15,3,benzoic,c1ccccc1
Ac2550,CC(CC(=O)O)c1ccc(Br)cc1,243.1,13,3,acyclic_ali,c1ccccc1
Ac2551,COc1ccc(SCCCC(=O)O)cc1,226.297,15,6,acyclic_ali,c1ccccc1
Ac2552,CC(=O)Oc1cc(C(=O)O)ccc1[N+](=O)[O-],225.156,16,3,benzoic,c1ccccc1
Ac2554,O=C(O)C1CCc2ccc(Br)cc21,241.084,13,1,cyclic_ali,c1ccc2c(c1)CCC2
Ac2555,Cc1cc(OC(C)(C)C(=O)O)ccc1Cl,228.675,15,3,acyclic_ali,c1ccccc1
Ac2558,O=C(O)c1ccc(OC(F)(F)C(F)F)cc1,238.136,16,4,benzoic,c1ccccc1
Ac2559,COc1ccc2c(c1)CCC(CC(=O)O)C2,220.268,16,3,acyclic_ali,c1ccc2c(c1)CCCC2
Ac2560,COc1cc(OC)c(CCC(=O)O)c(OC)c1,240.255,17,6,acyclic_ali,c1ccccc1
Ac2561,C/C(=C\C(=O)O)C(=O)c1ccc(Br)cc1,269.094,15,3,other,c1ccccc1
Ac2562,COc1cc(OC)c(Cl)c(C(=O)O)c1,216.62,14,3,benzoic,c1ccccc1
Ac2563,O=C(O)Cc1ccc(SC(F)(F)F)cc1,236.214,15,3,acyclic_ali,c1ccccc1
Ac2564,CCCCCCOc1ccc(CCC(=O)O)cc1,250.338,18,9,acyclic_ali,c1ccccc1
Ac2565,COc1ccc(C(F)(F)F)c(C(=O)O)c1,220.146,15,2,benzoic,c1ccccc1
Ac2566,O=C(O)c1ccc(S(=O)(=O)Cl)s1,226.662,12,2,heteroaryl,c1ccsc1
Ac2567,O=C(O)Cc1ccc(Sc2ccccc2)cc1,244.315,17,4,acyclic_ali,c1ccc(Sc2ccccc2)cc1
Ac2569,CCNS(=O)(=O)c1cccc(C(=O)O)c1,229.257,15,4,benzoic,c1ccccc1
Ac2570,COc1ccc(C(=O)CCCCCC(=O)O)cc1,250.294,18,8,acyclic_ali,c1ccccc1
Ac2572,COc1ccc(C(=O)CCCC(=O)O)c(OC)c1OC,282.292,20,8,acyclic_ali,c1ccccc1
Ac2573,O=C(O)CCCCNS(=O)(=O)c1ccccc1,257.311,17,7,acyclic_ali,c1ccccc1
Ac2574,COc1cc(Cl)c(C(=O)O)cc1[N+](=O)[O-],231.591,15,3,benzoic,c1ccccc1
Ac2575,CC(Sc1ccc(Br)cc1)C(=O)O,261.14,13,3,acyclic_ali,c1ccccc1
Ac2576,O=C(O)CCCCC(=O)c1ccc2ccccc2c1,256.301,19,6,acyclic_ali,c1ccc2ccccc2c1
Ac2577,CC(C)(C)c1ccc([N+](=O)[O-])cc1C(=O)O,223.228,16,2,benzoic,c1ccccc1
Ac2579,COc1ccc(/C=C/C(=O)O)cc1Br,257.083,14,3,other,c1ccccc1
Ac2580,COc1cc(Br)c(OC)c(C(=O)O)c1,261.071,14,3,benzoic,c1ccccc1
Ac2581,CCC(C)C(NS(=O)(=O)c1ccc(C)cc1)C(=O)O,285.365,19,6,alpha_amino,c1ccccc1
Ac2582,O=C(O)C12CCC(CC1Br)C2,219.078,11,1,alpha_quat,C1CC2CCC1C2
Ac2583,O=C(O)Cc1ccc2cc(Br)ccc2c1,265.106,15,2,acyclic_ali,c1ccc2ccccc2c1
Ac2584,O=C(O)CCOc1ccccc1Br,245.072,13,4,acyclic_ali,c1ccccc1
Ac2586,CC(Cl)C(=O)c1ccc(CC(=O)O)cc1,226.659,15,4,acyclic_ali,c1ccccc1
Ac2587,Cc1cc(OCC(=O)O)c(C(C)C)cc1Cl,242.702,16,4,acyclic_ali,c1ccccc1
Ac2589,O=C(O)Cc1ccc(Br)c([N+](=O)[O-])c1,260.043,14,3,acyclic_ali,c1ccccc1
Ac2590,O=C(O)CCc1ccc(S(=O)(=O)Cl)cc1,248.687,15,4,acyclic_ali,c1ccccc1
Ac2591,COc1cc2c(OC)cccc2cc1C(=O)O,232.235,17,3,benzoic,c1ccc2ccccc2c1
Ac2592,CCCCCOc1ccc(C(=O)O)cc1OC,238.283,17,7,benzoic,c1ccccc1
Ac2593,CCCCCCOc1ccc(C(=O)O)cc1OC,252.31,18,8,benzoic,c1ccccc1
Ac2595,CC(C)(C(=O)O)C(=O)OCc1ccccc1,222.24,16,4,alpha_quat,c1ccccc1
Ac2597,O=C(O)c1cccc(C(F)(F)F)c1I,316.016,14,1,benzoic,c1ccccc1
Ac2599,O=C(O)C(=O)Cc1cccc(C(F)(F)F)c1,232.157,16,3,other,c1ccccc1
Ac2600,Cc1ccc(C(=O)O)c(I)c1C,276.073,12,1,benzoic,c1ccccc1
Ac2602,O=C(O)c1cc2scc(Br)c2s1,263.137,12,1,heteroaryl,c1cc2sccc2s1
Ac2603,O=C(O)C(F)(F)c1cccc2ccccc12,222.19,16,2,acyclic_ali,c1ccc2ccccc2c1
Ac2604,COc1ccc(-n2ncc(C(=O)O)c2C(F)(F)F)cc1,286.209,20,3,aryl_other,c1ccc(-n2cccn2)cc1
Ac2605,O=C(O)CNS(=O)(=O)c1ccc(Br)cc1,294.126,15,4,alpha_amino,c1ccccc1
Ac2606,O=C(O)CCc1cn(-c2ccccc2)nc1-c1ccc(Cl)cc1,326.783,23,5,acyclic_ali,c1ccc(-c2ccn(-c3ccccc3)n2)cc1
Ac2608,O=C(O)c1ccc(CSc2ccccc2)cc1,244.315,17,4,benzoic,c1ccc(CSc2ccccc2)cc1
Ac2610,O=C(O)c1ccoc1I,237.98,9,1,aryl_other,c1ccoc1
Ac2611,O=C(O)C1Cc2ccc(Br)cc2C1,241.084,13,1,cyclic_ali,c1ccc2c(c1)CCC2
Ac2612,CCCC[C@H]1CC[C@H](c2ccc(C(=O)O)cc2)CC1,260.377,19,5,benzoic,c1ccc(C2CCCCC2)cc1
Ac2613,O=C(O)c1cn2cc(Br)sc2n1,247.073,12,1,heteroaryl,c1cn2ccsc2n1
Ac2614,CCCC[C@H]1CC[C@H]([C@H]2CC[C@H](C(=O)O)CC2)CC1,266.425,19,5,cyclic_ali,C1CCC(C2CCCCC2)CC1
Ac2617,CC(C(=O)O)c1cccc(C(=O)c2cccs2)c1,260.314,18,4,acyclic_ali,O=C(c1ccccc1)c1cccs1
Ac2618,Cc1c(F)c(F)c([N+](=O)[O-])c(C(=O)O)c1F,235.117,16,2,benzoic,c1ccccc1
Ac2619,O=C(O)c1cc(S(=O)(=O)Cl)c(F)cc1F,256.613,15,2,benzoic,c1ccccc1
Ac2620,CC(C)(C)OC(=O)N1CCN(C(=O)CCC(=O)O)CC1,286.328,20,3,acyclic_ali,C1CNCCN1
Ac2621,CC(Oc1ccc(Br)cc1C=O)C(=O)O,273.082,15,4,acyclic_ali,c1ccccc1
Ac2622,O=C(O)c1cnn(-c2ccc(Cl)cc2)c1,222.631,15,2,aryl_other,c1ccc(-n2cccn2)cc1
Ac2623,Cc1c(C(=O)O)cnn1-c1ccc(Br)cc1,281.109,16,2,aryl_other,c1ccc(-n2cccn2)cc1
Ac2624,CCCCc1ncc(C=O)n1Cc1ccc(C(=O)O)cc1,286.331,21,7,benzoic,c1ccc(Cn2ccnc2)cc1
Ac2625,Cc1cccc(-n2nnc(C(=O)O)c2C)c1,217.228,16,2,heteroaryl,c1ccc(-n2ccnn2)cc1
Ac2626,Cc1nc(-c2ccc(-c3ccc(C(=O)O)cc3)c(C)c2)no1,294.31,22,3,benzoic,c1ccc(-c2ccc(-c3ncon3)cc2)cc1
Ac2628,COc1ccc(CSC(C)(C)CC(=O)O)cc1,254.351,17,6,acyclic_ali,c1ccccc1
Ac2629,CC(C)(C)OC(=O)N(CCC(=O)O)Cc1ccccc1,279.336,20,5,acyclic_ali,c1ccccc1
Ac2630,O=C(O)c1cccc(I)c1F,266.009,11,1,benzoic,c1ccccc1
Ac2631,O=C(O)c1ccc(F)c(S(=O)(=O)N2CCOCC2)c1,289.284,19,3,benzoic,O=S(=O)(c1ccccc1)N1CCOCC1
Ac2632,Cc1ccc(-c2nn(-c3ccccc3)cc2C(=O)O)cc1,278.311,21,3,aryl_other,c1ccc(-c2ccn(-c3ccccc3)n2)cc1
Ac2633,O=C(O)C1(c2ccc(Cl)c([N+](=O)[O-])c2)CC1,241.63,16,3,alpha_quat,c1ccc(C2CC2)cc1
Ac2634,O=C(O)c1csc2ccc(Br)cc12,257.108,13,1,aryl_other,c1ccc2sccc2c1
Ac2637,O=C(O)/C=C/c1cn(-c2ccccc2)nc1-c1ccccc1,290.322,22,4,other,c1ccc(-c2ccn(-c3ccccc3)n2)cc1
Ac2638,O=C(O)c1cc(C(F)(F)F)ncc1Cl,225.553,14,1,aryl_other,c1ccncc1
Ac2639,O=C(O)Cc1ccc(Br)nc1,216.034,11,2,acyclic_ali,c1ccncc1
Ac2640,O=C(O)c1cccc(CN2CCOCC2)c1,221.256,16,3,benzoic,c1ccc(CN2CCOCC2)cc1
Ac2641,Cc1c(CC(=O)O)c(=O)oc2cc3occ(C(C)(C)C)c3cc12,314.337,23,2,acyclic_ali,O=c1ccc2cc3ccoc3cc2o1
Ac2642,CCOc1ccc(-n2nnc(C(=O)O)c2C)cc1,247.254,18,4,heteroaryl,c1ccc(-n2ccnn2)cc1
Ac2643,O=C(O)c1cc(Cl)ccc1-n1cnnn1,224.607,15,2,benzoic,c1ccc(-n2cnnn2)cc1
Ac2645,O=C(O)C1(c2ccc(F)cc2)CCCCC1,222.259,16,2,alpha_quat,c1ccc(C2CCCCC2)cc1
Ac2646,Cc1cccc(CC(=O)O)c1Br,229.073,12,2,acyclic_ali,c1ccccc1
Ac2647,CC(C)(C)OC(=O)N1C[C@@H](C(=O)O)[C@H](c2ccc(Cl)cc2)C1,325.792,22,2,cyclic_ali,c1ccc(C2CCNC2)cc1
Ac2648,CC(C)(CO[Si](c1ccccc1)(c1ccccc1)C(C)(C)C)C(=O)O,356.538,25,6,alpha_quat,c1ccc([SiH2]c2ccccc2)cc1
Ac2649,O=C(O)c1cc(CBr)ccc1Cl,249.491,12,2,benzoic,c1ccccc1
Ac2650,O=C(O)[C@H]1C[C@@H]1C(=O)c1ccc(Cl)c(Cl)c1,259.088,16,3,cyclic_ali,O=C(c1ccccc1)C1CC1
Ac2652,C[C@@H](Oc1ccc(S(C)(=O)=O)cc1C(=O)O)C(F)(F)F,312.265,20,4,benzoic,c1ccccc1
Ac2654,O=C(O)/C=C/c1csc(Br)c1,233.086,11,2,other,c1ccsc1
Ac2655,CC(C)CC(C(=O)O)C(C(=O)OCc1ccccc1)C(=O)OCc1ccccc1,398.455,29,10,acyclic_ali,O=C(CC(=O)OCc1ccccc1)OCc1ccccc1
Ac2656,CC(C)(C(=O)O)c1cccc(C(F)(F)F)c1,232.201,16,2,alpha_quat,c1ccccc1
Ac2657,CC(C)(C)OC(=O)N1CCN(CCC(=O)O)CC1,258.318,18,3,acyclic_ali,C1CNCCN1
Ac2658,O=C(O)C1CCc2cc(Br)ccc2O1,257.083,14,1,cyclic_ali,c1ccc2c(c1)CCCO2
Ac2659,Cc1ccc(S(=O)(=O)N2CC(C(=O)O)C2)cc1,255.295,17,3,cyclic_ali,O=S(=O)(c1ccccc1)N1CCC1
Ac2663,O=C(O)Cc1cc(F)cc(C(F)(F)F)c1,222.137,15,2,acyclic_ali,c1ccccc1
Ac2665,O=C(O)CCCc1cccc(C(F)(F)F)c1,232.201,16,4,acyclic_ali,c1ccccc1
Ac2667,CN1CCN(c2ccc(C(=O)O)cn2)CC1,221.26,16,2,aryl_other,c1ccc(N2CCNCC2)nc1
Ac2668,O=C(O)c1sc(Br)c(Br)c1Cl,320.389,11,1,heteroaryl,c1ccsc1
Ac2670,CCOc1c(Cl)cc(C(=O)O)cc1Cl,235.066,14,3,benzoic,c1ccccc1
Ac2671,O=C(O)c1cc(Cl)cc(OC(F)(F)F)c1,240.564,15,2,benzoic,c1ccccc1
Ac2672,Cc1c(Cl)c(C(F)(F)F)nn1CC(=O)O,242.584,15,2,acyclic_ali,c1cn[nH]c1
Ac2674,O=C(O)c1cc(-c2ccc3c(c2)OCO3)on1,233.179,17,2,heteroaryl,c1cc(-c2ccc3c(c2)OCO3)on1
Ac2676,CN(CC(=O)O)S(=O)(=O)c1ccc(F)cc1,247.247,16,4,alpha_amino,c1ccccc1
Ac2677,O=C(O)C1(c2ccc(Br)cc2)CCCCC1,283.165,16,2,alpha_quat,c1ccc(C2CCCCC2)cc1
Ac2678,Cc1cc([N+](=O)[O-])cc(C(=O)O)c1Br,260.043,14,2,benzoic,c1ccccc1
Ac2679,N#Cc1ccc(I)c(C(=O)O)c1,273.029,12,1,benzoic,c1ccccc1
Ac2681,CC(C)(C)OC(=O)N1CCCCC1CCC(=O)O,257.33,18,3,acyclic_ali,C1CCNCC1
Ac2682,O=C(O)CCc1ccc(C(F)(F)F)nc1,219.162,15,3,acyclic_ali,c1ccncc1
Ac2684,O=C(O)CCOCCOCCOCCOCCN1C(=O)C=CC1=O,345.348,24,15,acyclic_ali,O=C1C=CC(=O)N1
Ac2686,COc1ccc(Br)nc1C(=O)O,232.033,12,2,heteroaryl,c1ccncc1
Ac2687,CC(C)(C)OC(=O)N1Cc2ccccc2C(C(=O)O)C1,277.32,20,1,cyclic_ali,c1ccc2c(c1)CCNC2
Ac2688,CCOc1cc(C(C)(C)C)ccc1C(=O)O,222.284,16,3,benzoic,c1ccccc1
Ac2689,COc1cc(C(=O)O)n(-c2ncccc2Cl)n1,253.645,17,3,heteroaryl,c1ccc(-n2cccn2)nc1
Ac2691,O=C(O)c1c(F)cncc1Br,219.997,11,1,aryl_other,c1ccncc1
Ac2693,COC(=O)C1(C(=O)O)CCN(C(=O)OC(C)(C)C)CC1,287.312,20,2,alpha_quat,C1CCNCC1
Ac2694,O=C(O)c1c(Cl)ccnc1C(F)(F)F,225.553,14,1,aryl_other,c1ccncc1
Ac2695,O=C(O)c1ccc(C2CCCCC2)c(C(F)(F)F)c1,272.266,19,2,benzoic,c1ccc(C2CCCCC2)cc1
Ac2696,Cn1ncc(Cl)c1-c1cc(C(=O)O)sc1Cl,277.132,16,2,heteroaryl,c1cc(-c2ccsc2)[nH]n1
Ac2697,O=C(O)c1ccc(OCCC(F)(F)F)nc1,235.161,16,4,aryl_other,c1ccncc1
Ac2699,CS(=O)(=O)Nc1ccc(C(=O)O)cn1,216.218,14,3,aryl_other,c1ccncc1
Ac2700,O=C(O)c1cccc(-c2noc(C(F)(F)F)n2)c1,258.155,18,2,benzoic,c1ccc(-c2ncon2)cc1
Ac2701,CCCCS(=O)(=O)Nc1ccc(F)c(C(=O)O)c1F,293.291,19,6,benzoic,c1ccccc1
Ac2702,CC(C)(C)[Si](C)(C)OCc1ccc(CC(=O)O)cc1,280.44,19,5,acyclic_ali,c1ccccc1
Ac2703,O=C(O)c1ccc(OC(F)(F)F)cc1F,224.109,15,2,benzoic,c1ccccc1
Ac2704,O=C(O)c1nc2ccc(Br)cc2s1,258.096,13,1,heteroaryl,c1ccc2scnc2c1
Ac2706,O=C(O)c1coc(-c2ccc(Cl)cc2)n1,223.615,15,2,heteroaryl,c1ccc(-c2ncco2)cc1
Ac2709,CC(C)(C)OC(=O)N1CCCCC(C(=O)O)C1,243.303,17,1,cyclic_ali,C1CCCNCC1
Ac2710,Cc1ccccc1-n1ncc(C(=O)O)c1C(F)(F)F,270.21,19,2,aryl_other,c1ccc(-n2cccn2)cc1
Ac2711,CC1CC(C(=O)O)CN(C(=O)OC(C)(C)C)C1,243.303,17,1,cyclic_ali,C1CCNCC1
Ac2713,Cc1cc(C(=O)O)ccc1S(=O)(=O)C(C)C,242.296,16,3,benzoic,c1ccccc1
Ac2714,Cc1ccc(NS(C)(=O)=O)c(C(=O)O)c1,229.257,15,3,benzoic,c1ccccc1
Ac2715,O=C(O)c1sc2cc(C(F)(F)F)ccc2c1Cl,280.654,17,1,heteroaryl,c1ccc2sccc2c1
Ac2716,O=C(O)CSc1ncnc2c(C3CC3)c(Cl)sc12,300.792,18,4,acyclic_ali,c1ncc2scc(C3CC3)c2n1
Ac2717,O=C(O)c1nn(-c2c[n+]([O-])ccn2)c2c1C[C@@H]1C[C@H]21,258.237,19,2,heteroaryl,c1c[nH+]cc(-n2ncc3c2C2CC2C3)n1
Ac2718,CC1(C)OB(c2ccc(F)c(C(=O)O)c2)OC1(C)C,266.077,19,2,benzoic,c1ccc(B2OCCO2)cc1
Ac2719,O=C(O)c1ccc(C2(C(F)(F)F)CC2)cc1,230.185,16,2,benzoic,c1ccc(C2CC2)cc1
Ac2720,O=C(O)c1csc(-c2ccc(C(F)(F)F)cc2)n1,273.235,18,2,heteroaryl,c1ccc(-c2nccs2)cc1
Ac2721,O=C(O)c1cc(OC(F)(F)F)ccc1F,224.109,15,2,benzoic,c1ccccc1
Ac2722,CC(C)(C)OC(=O)N1CCCn2nc(C(=O)O)cc2C1,281.312,20,1,heteroaryl,c1cc2n(n1)CCCNC2
Ac2723,CC(C)(C)OC(=O)N1Cc2[nH]nc(C(=O)O)c2C1,253.258,18,1,heteroaryl,c1n[nH]c2c1CNC2
Ac2724,O=C(O)c1c(Br)ccc(C(F)(F)F)c1F,287.006,15,1,benzoic,c1ccccc1
Ac2726,C[C@H](NC(=O)OCC1c2ccccc2-c2ccccc21)C(=O)N1[C@H](C(=O)O)COC1(C)C,438.48,32,5,alpha_amino,O=C(NCC(=O)N1CCOC1)OCC1c2ccccc2-c2ccccc21
Ac2727,CC(C)(C)OC(=O)N1CCC(C)(C(=O)O)C1,229.276,16,1,alpha_quat,C1CCNC1
Ac2728,Cc1cc(F)c(C(=O)O)cc1I,280.036,12,1,benzoic,c1ccccc1
Ac2729,O=C(O)CCOCCOCCOCCOCCOCCOCCN1C(=O)C=CC1=O,433.454,30,21,acyclic_ali,O=C1C=CC(=O)N1
Ac2730,Cc1cc(C)n(-c2cccc(C(=O)O)c2)n1,216.24,16,2,benzoic,c1ccc(-n2cccn2)cc1
Ac2731,C[C@H](Oc1ccc(Cl)c2ccccc12)C(=O)O,250.681,17,3,acyclic_ali,c1ccc2ccccc2c1
Ac2732,O=C(O)c1ncn(Cc2cccc(F)c2F)n1,239.181,17,3,heteroaryl,c1ccc(Cn2cncn2)cc1
Ac2733,O=C(O)c1ncn(Cc2ccc(F)cc2)n1,221.191,16,3,heteroaryl,c1ccc(Cn2cncn2)cc1
Ac2734,O=C(O)c1ncn(Cc2cccc(F)c2)n1,221.191,16,3,heteroaryl,c1ccc(Cn2cncn2)cc1
Ac2735,O=C(O)c1ncn(Cc2ccc(F)cc2F)n1,239.181,17,3,heteroaryl,c1ccc(Cn2cncn2)cc1
Ac2736,O=C(O)c1ncn(Cc2cccc(Cl)c2Cl)n1,272.091,17,3,heteroaryl,c1ccc(Cn2cncn2)cc1
Ac2737,O=C(O)c1ncn(Cc2ccc(F)c(F)c2)n1,239.181,17,3,heteroaryl,c1ccc(Cn2cncn2)cc1
Ac2739,O=C(O)COCCOCCOCCOC1CCCCO1,292.328,20,12,acyclic_ali,C1CCOCC1
Ac2740,O=C(O)Cc1ccc(Br)cc1OC(F)(F)F,299.042,16,3,acyclic_ali,c1ccccc1
Ac2741,O=C(O)Cc1ccc(Br)cc1C(F)(F)F,283.043,15,2,acyclic_ali,c1ccccc1
Ac2742,COc1ccc(C2(C(=O)O)CC2)cc1Br,271.11,15,3,alpha_quat,c1ccc(C2CC2)cc1
Ac2743,CC(C)(C)OC(=O)N1C[C@@H](c2ccccc2)C[C@@H]1C(=O)O,291.347,21,2,alpha_amino,c1ccc(C2CCNC2)cc1
Ac2744,Cc1nc2cc(C(=O)O)cc(Br)c2o1,256.055,14,1,benzoic,c1ccc2ocnc2c1
Ac2747,O=C(N[C@@H](Cc1c(F)cccc1F)C(=O)O)OCC1c2ccccc2-c2ccccc21,423.415,31,6,alpha_amino,O=C(NCCc1ccccc1)OCC1c2ccccc2-c2ccccc21
Ac2748,O=C(N[C@@H](Cc1cc(F)ccc1F)C(=O)O)OCC1c2ccccc2-c2ccccc21,423.415,31,6,alpha_amino,O=C(NCCc1ccccc1)OCC1c2ccccc2-c2ccccc21
Ac2749,O=C(O)CCC(=O)c1csc2ccccc12,234.276,16,4,acyclic_ali,c1ccc2sccc2c1
Ac2752,O=C(O)c1ncc(Br)cc1Br,280.903,11,1,heteroaryl,c1ccncc1
Ac2754,O=C(O)CCC(=O)c1ccc(Cl)s1,218.661,13,4,acyclic_ali,c1ccsc1
Ac2759,O=C(O)Cc1cc(=O)n(-c2ccccc2)[nH]1,218.212,16,3,acyclic_ali,O=c1cc[nH]n1-c1ccccc1
Ac2760,O=C(O)c1nc2ccccc2nc1-c1ccccc1,250.257,19,2,heteroaryl,c1ccc(-c2cnc3ccccc3n2)cc1
Ac2761,O=C(O)c1nc2ccc([N+](=O)[O-])cc2s1,224.197,15,2,heteroaryl,c1ccc2scnc2c1
Ac2762,O=C(O)c1cnn(-c2ccc([N+](=O)[O-])cc2)c1,233.183,17,3,aryl_other,c1ccc(-n2cccn2)cc1
Ac2763,CCOc1oc(-c2ccccc2)nc1C(=O)O,233.223,17,4,heteroaryl,c1ccc(-c2ncco2)cc1
Ac2764,Cc1ccc2nc(-c3cccs3)cc(C(=O)O)c2c1,269.325,19,2,aryl_other,c1csc(-c2ccc3ccccc3n2)c1
Ac2765,Cc1ccc(-c2nc3ccccc3c(C(=O)O)c2C)cc1,277.323,21,2,aryl_other,c1ccc(-c2ccc3ccccc3n2)cc1
Ac2766,Cc1cc(-c2ccccc2)n(-c2ccc(C(=O)O)cc2)n1,278.311,21,3,benzoic,c1ccc(-c2ccnn2-c2ccccc2)cc1
Ac2768,COc1ccc(-c2cc(C(=O)O)nn2-c2ccccc2)cc1,294.31,22,4,heteroaryl,c1ccc(-c2ccnn2-c2ccccc2)cc1
Ac2770,Cc1ccnc(Br)c1C(=O)O,216.034,11,1,aryl_other,c1ccncc1
Ac2771,O=C(O)c1cc(I)cnc1Cl,283.452,11,1,aryl_other,c1ccncc1
Ac2773,O=C(O)c1cccnc1Sc1ccc(Cl)cc1,265.721,17,3,aryl_other,c1ccc(Sc2ccccn2)cc1
Ac2774,CSc1nsc(SC)c1C(=O)O,221.328,12,3,aryl_other,c1cnsc1
Ac2777,CC(C)(C)c1cc(C(=O)O)n(Cc2ccccc2)n1,258.321,19,3,heteroaryl,c1ccc(Cn2cccn2)cc1
Ac2778,CN1CCN(c2ncccc2C(=O)O)CC1,221.26,16,2,aryl_other,c1ccc(N2CCNCC2)nc1
Ac2779,Cc1cc(C(=O)CCC(=O)O)ccc1Cl,226.659,15,4,acyclic_ali,c1ccccc1
Ac2780,CC(c1ccccc1)n1cncc1C(=O)O,216.24,16,3,heteroaryl,c1ccc(Cn2ccnc2)cc1
Ac2783,Cc1ccc(-n2nc(C)c(C(=O)O)n2)cc1,217.228,16,2,heteroaryl,c1ccc(-n2nccn2)cc1
Ac2784,Cc1nn(Cc2ccccc2)c(C)c1CC(=O)O,244.294,18,4,acyclic_ali,c1ccc(Cn2cccn2)cc1
Ac2785,O=C(O)c1nc(-c2ccccc2)cc(-c2ccccc2)n1,276.295,21,3,heteroaryl,c1ccc(-c2cc(-c3ccccc3)ncn2)cc1
Ac2786,O=C(O)CC1SC(=S)N(Cc2ccccc2)C1=O,281.358,18,4,acyclic_ali,O=C1CSC(=S)N1Cc1ccccc1
Ac2787,O=C(O)Cc1sc(-c2ccccc2Cl)nc1-c1ccccc1,329.808,22,4,acyclic_ali,c1ccc(-c2csc(-c3ccccc3)n2)cc1
Ac2788,O=C(O)c1csc(-c2ccc(Br)cc2)n1,284.134,15,2,heteroaryl,c1ccc(-c2nccs2)cc1
Ac2789,Cc1cc(=O)oc2ccc(OCC(=O)O)cc12,234.207,17,3,acyclic_ali,O=c1ccc2ccccc2o1
Ac2790,O=C(O)c1cc(Br)c(Cl)s1,241.493,10,1,heteroaryl,c1ccsc1
Ac2791,COc1cccc(-c2ccc(C(=O)O)o2)c1,218.208,16,3,heteroaryl,c1ccc(-c2ccco2)cc1
Ac2796,O=C(O)C12CCC(C(F)(F)F)(CC1)CC2,222.206,15,1,alpha_quat,C1CC2CCC1CC2
Ac2797,O=C(O)CCOc1cccc(Cl)c1Cl,235.066,14,4,acyclic_ali,c1ccccc1
Ac2798,CCOC(=O)C(OCc1ccccc1)(C(=O)O)C(C)C,280.32,20,7,acyclic_ali,c1ccccc1
Ac2799,O=C(O)c1ccc(C(F)(C(F)(F)F)C(F)(F)F)cc1,290.134,19,2,benzoic,c1ccccc1
Ac2800,O=C(O)CSc1cc(Cl)cc(Cl)c1,237.107,13,3,acyclic_ali,c1ccccc1
Ac2802,O=C(O)c1ccc(S(=O)(=O)Cl)c(Cl)c1,255.078,14,2,benzoic,c1ccccc1
Ac2803,CS(=O)(=O)c1cc(C(=O)O)cc([N+](=O)[O-])c1,245.212,16,3,benzoic,c1ccccc1
Ac2804,CN(C)S(=O)(=O)c1cc(C(=O)O)ccc1Cl,263.702,16,3,benzoic,c1ccccc1
Ac2805,CS(=O)(=O)c1ccc(C(=O)CCC(=O)O)cc1,256.279,17,5,acyclic_ali,c1ccccc1
Ac2806,CS(=O)(=O)c1cc(C(=O)O)cc([N+](=O)[O-])c1Cl,279.657,17,3,benzoic,c1ccccc1
Ac2807,CN(C)S(=O)(=O)c1cc(C(=O)O)c(Cl)cc1Cl,298.147,17,3,benzoic,c1ccccc1
Ac2810,O=C(O)CSCc1ccc(Cl)c(Cl)c1,251.134,14,4,acyclic_ali,c1ccccc1
Ac2811,CC(C)(C)c1ccc(CSCC(=O)O)cc1,238.352,16,4,acyclic_ali,c1ccccc1
Ac2812,O=C(O)c1c(I)cccc1[N+](=O)[O-],293.016,13,2,benzoic,c1ccccc1
Ac2813,O=C(O)c1ccc(C(F)(F)C(F)(F)F)cc1,240.127,16,2,benzoic,c1ccccc1
Ac2814,CC(Oc1cccc(C(F)(F)F)c1)C(=O)O,234.173,16,3,acyclic_ali,c1ccccc1
Ac2815,CC(C)(C)c1cc(CCC(=O)O)cc(C(C)(C)C)c1,262.393,19,3,acyclic_ali,c1ccccc1
Ac2817,O=C(O)CCS(=O)(=O)c1ccc(Cl)cc1,248.687,15,4,acyclic_ali,c1ccccc1
Ac2818,CC(C)(Oc1ccccc1[N+](=O)[O-])C(=O)O,225.2,16,4,acyclic_ali,c1ccccc1
Ac2819,Cc1cc(Br)cc(C(=O)O)c1C,229.073,12,1,benzoic,c1ccccc1
Ac2820,CCCCOc1ccc(CCC(=O)O)cc1,222.284,16,7,acyclic_ali,c1ccccc1
Ac2822,O=C(O)/C=C(/c1ccccc1)C(F)(F)F,216.158,15,2,other,c1ccccc1
Ac2823,C=CCOc1c(Cl)cc(C(=O)O)cc1Cl,247.077,15,4,benzoic,c1ccccc1
Ac2824,O=C(O)c1ccc(OCCOc2ccccc2)cc1,258.273,19,6,benzoic,c1ccc(OCCOc2ccccc2)cc1
Ac2827,COC(=O)c1cc2ccccc2cc1C(=O)O,230.219,17,2,benzoic,c1ccc2ccccc2c1
Ac2828,O=C(O)Cc1ccc([N+](=O)[O-])c2ccccc12,231.207,17,3,acyclic_ali,c1ccc2ccccc2c1
Ac2829,COc1cc(C)c(Br)cc1C(=O)O,245.072,13,2,benzoic,c1ccccc1
Ac2830,COc1cccc2c1CC(C(=O)O)CC2=O,220.224,16,2,cyclic_ali,O=C1CCCc2ccccc21
Ac2831,CCOc1cc(CCC(=O)O)ccc1OC,224.256,16,6,acyclic_ali,c1ccccc1
Ac2832,CCCOc1ccc(C(=O)CCC(=O)O)cc1,236.267,17,7,acyclic_ali,c1ccccc1
Ac2833,COc1cc2ccccc2c(OC)c1C(=O)O,232.235,17,3,benzoic,c1ccc2ccccc2c1
Ac2835,O=C(O)c1c(OCc2ccccc2)ccc2ccccc12,278.307,21,4,benzoic,c1ccc(COc2ccc3ccccc3c2)cc1
Ac2837,Cc1cc(C)c(C(=O)CCC(=O)O)cc1C,220.268,16,4,acyclic_ali,c1ccccc1
Ac2838,CCC(C(=O)O)c1ccc(OC)c(OC)c1,224.256,16,5,acyclic_ali,c1ccccc1
Ac2839,O=C(O)c1ccc(S(=O)C(F)(F)F)cc1,238.186,15,2,benzoic,c1ccccc1
Ac2840,COc1ccc(OC)c(C(=O)CCCC(=O)O)c1,252.266,18,7,acyclic_ali,c1ccccc1
Ac2842,CCCOc1ccc(C(=O)O)cc1Br,259.099,14,4,benzoic,c1ccccc1
Ac2843,CCOc1cc2ccccc2cc1C(=O)O,216.236,16,3,benzoic,c1ccc2ccccc2c1
Ac2844,COc1ccc2cc(C(C)(C)C(=O)O)ccc2c1,244.29,18,3,alpha_quat,c1ccc2ccccc2c1
Ac2845,O=C(O)c1cc(Cl)ccc1Sc1ccccc1,264.733,17,3,benzoic,c1ccc(Sc2ccccc2)cc1
Ac2846,CCCNS(=O)(=O)c1cccc(C(=O)O)c1,243.284,16,5,benzoic,c1ccccc1
Ac2847,CCCNS(=O)(=O)c1ccc(C(=O)O)cc1,243.284,16,5,benzoic,c1ccccc1
Ac2849,CCCCNS(=O)(=O)c1cccc(C(=O)O)c1,257.311,17,6,benzoic,c1ccccc1
Ac2850,CCCCCOc1ccc(CC(=O)O)cc1,222.284,16,7,acyclic_ali,c1ccccc1
Ac2851,COc1ccc(C(=O)CC(C)(C)C(=O)O)cc1,236.267,17,5,alpha_quat,c1ccccc1
Ac2853,NS(=O)(=O)c1cc(C(=O)c2ccccc2C(=O)O)ccc1Cl,339.756,22,4,benzoic,O=C(c1ccccc1)c1ccccc1
Ac2854,O=C(O)c1cccc(OCC(F)(F)F)c1,220.146,15,3,benzoic,c1ccccc1
Ac2855,CNS(=O)(=O)c1ccc(Cl)c(C(=O)O)c1,249.675,15,3,benzoic,c1ccccc1
Ac2856,COc1c(C)cc(C(=O)CCC(=O)O)cc1C,236.267,17,5,acyclic_ali,c1ccccc1
Ac2857,O=C(O)CCc1ccccc1OC(=O)c1ccccc1,270.284,20,5,acyclic_ali,O=C(Oc1ccccc1)c1ccccc1
Ac2858,CCN(CC)S(=O)(=O)c1ccc(Cl)c(C(=O)O)c1,291.756,18,5,benzoic,c1ccccc1
Ac2860,O=C(O)c1cc([N+](=O)[O-])ccc1Sc1ccc(Cl)cc1,309.73,20,4,benzoic,c1ccc(Sc2ccccc2)cc1
Ac2861,CCOc1ccc(C(=O)CCCC(=O)O)cc1,236.267,17,7,acyclic_ali,c1ccccc1
Ac2862,NS(=O)(=O)c1ccc(Cl)c(C(=O)O)c1Cl,270.093,15,2,benzoic,c1ccccc1
Ac2863,O=C(O)CCCC(=O)c1cccc2ccccc12,242.274,18,5,acyclic_ali,c1ccc2ccccc2c1
Ac2864,CC(C)S(=O)(=O)c1cccc(C(=O)O)c1,228.269,15,3,benzoic,c1ccccc1
Ac2865,COc1cc(Br)c(/C=C/C(=O)O)cc1OC,287.109,16,4,other,c1ccccc1
Ac2866,O=C(O)/C=C/c1cc(Cl)ccc1Cl,217.051,13,2,other,c1ccccc1
Ac2867,CCC(Oc1ccc2ccccc2c1)C(=O)O,230.263,17,4,acyclic_ali,c1ccc2ccccc2c1
Ac2868,N#Cc1cc(C(=O)O)ccc1Br,226.029,12,1,benzoic,c1ccccc1
Ac2869,Cc1cc(Br)c(C(=O)O)c(Br)c1,293.942,12,1,benzoic,c1ccccc1
Ac2870,CC(C(=O)O)c1ccc(Cl)c(Cl)c1,219.067,13,2,acyclic_ali,c1ccccc1
Ac2871,COc1c(Cl)ccc(C(=O)O)c1Cl,221.039,13,2,benzoic,c1ccccc1
Ac2873,O=C(O)CCC(=O)c1ccc(I)cc1,304.083,14,4,acyclic_ali,c1ccccc1
Ac2874,CCCCCc1ccc(OCC(=O)O)cc1,222.284,16,7,acyclic_ali,c1ccccc1
Ac2875,O=C(O)COc1ccc2cc(Br)ccc2c1,281.105,16,3,acyclic_ali,c1ccc2ccccc2c1
Ac2876,COc1ccc(Br)cc1CCC(=O)O,259.099,14,4,acyclic_ali,c1ccccc1
Ac2877,O=C(O)CCC(=O)c1ccc(Cl)cc1Cl,247.077,15,4,acyclic_ali,c1ccccc1
Ac2878,O=C(O)C1(CCc2ccccc2)CCCCC1,232.323,17,4,alpha_quat,c1ccc(CCC2CCCCC2)cc1
Ac2879,O=C(O)COc1ccc(Cl)cc1Br,265.49,13,3,acyclic_ali,c1ccccc1
Ac2880,Cc1cc(C(=O)O)cc([N+](=O)[O-])c1Br,260.043,14,2,benzoic,c1ccccc1
Ac2881,O=C(O)c1cc(Cl)c(Cl)cc1[N+](=O)[O-],236.01,14,2,benzoic,c1ccccc1
Ac2882,O=C(O)c1ccc(S(=O)(=O)Cl)cc1Cl,255.078,14,2,benzoic,c1ccccc1
Ac2884,CC(C)C(Oc1cccc2ccccc12)C(=O)O,244.29,18,4,acyclic_ali,c1ccc2ccccc2c1
Ac2885,CC(CC(=O)c1ccc2ccccc2c1)C(=O)O,242.274,18,4,acyclic_ali,c1ccc2ccccc2c1
Ac2886,CCOc1ccc(C(=O)c2ccccc2C(=O)O)cc1,270.284,20,5,benzoic,O=C(c1ccccc1)c1ccccc1
Ac2887,CCOc1ccc(CCC(=O)O)cc1OCC,238.283,17,7,acyclic_ali,c1ccccc1
Ac2889,CC(C)Oc1ccc(C(=O)O)cc1[N+](=O)[O-],225.2,16,4,benzoic,c1ccccc1
Ac2890,O=C(O)c1ccccc1OCCOc1ccccc1,258.273,19,6,benzoic,c1ccc(OCCOc2ccccc2)cc1
Ac2891,CCCOc1ccc(CC(=O)O)cc1OCCC,252.31,18,8,acyclic_ali,c1ccccc1
Ac2893,COc1cc(C(=O)CCCC(=O)O)cc(OC)c1OC,282.292,20,8,acyclic_ali,c1ccccc1
Ac2894,O=C(O)COc1cc(F)c([N+](=O)[O-])cc1[N+](=O)[O-],260.133,18,5,acyclic_ali,c1ccccc1
Ac2896,O=C(O)c1cc(S(=O)(=O)F)ccc1Cl,238.623,14,2,benzoic,c1ccccc1
Ac2897,O=C(O)C1CCCN(Cc2ccccc2)C1,219.284,16,3,cyclic_ali,c1ccc(CN2CCCCC2)cc1
Ac2899,O=C(O)c1c(F)c(Cl)c(F)c(F)c1[N+](=O)[O-],255.535,16,2,benzoic,c1ccccc1
Ac2900,CCCCCc1ccc(/C=C/C(=O)O)cc1,218.296,16,6,other,c1ccccc1
Ac2901,Cc1sc(-c2ccccc2)nc1C(=O)O,219.265,15,2,heteroaryl,c1ccc(-c2nccs2)cc1
Ac2902,O=C(O)C1(S(=O)(=O)c2ccccc2)CC1,226.253,15,3,cyclic_ali,O=S(=O)(c1ccccc1)C1CC1
Ac2904,O=C(O)c1cccc(-c2ccc3ccccc3c2)c1,248.281,19,2,benzoic,c1ccc(-c2ccc3ccccc3c2)cc1
Ac2905,CC(=O)OC(C(=O)O)c1ccc(Cl)cc1,228.631,15,3,acyclic_ali,c1ccccc1
Ac2906,O=C(O)C1=Cc2ccccc2Oc2ccccc21,238.242,18,1,other,C1=Cc2ccccc2Oc2ccccc21
Ac2907,O=C(O)c1ccc(-c2ccc(Cl)cc2[N+](=O)[O-])o1,267.624,18,3,heteroaryl,c1ccc(-c2ccco2)cc1
Ac2908,O=C(O)CS(=O)(=O)CCCc1ccccc1,242.296,16,6,acyclic_ali,c1ccccc1
Ac2912,COc1cccc(C(=O)c2ccc(C(=O)O)cc2)c1,256.257,19,4,benzoic,O=C(c1ccccc1)c1ccccc1
Ac2913,COC(=O)c1ccnc(-c2cc(C(=O)O)ccn2)c1,258.233,19,3,aryl_other,c1ccc(-c2ccccn2)nc1
Ac2914,O=C(O)c1ccc(-c2ccc(C(F)(F)F)cc2)o1,256.179,18,2,heteroaryl,c1ccc(-c2ccco2)cc1
Ac2915,COc1cc(C=O)c([N+](=O)[O-])cc1OCCCC(=O)O,283.236,20,8,acyclic_ali,c1ccccc1
Ac2916,O=C(O)c1cccc(C2(C(F)(F)F)N=N2)c1,230.145,16,2,benzoic,c1ccc(C2N=N2)cc1
Ac2919,O=C(O)c1c(Br)ccc(F)c1F,236.999,12,1,benzoic,c1ccccc1
Ac2922,Cc1nc(-c2cccc(C(F)(F)F)c2)sc1C(=O)O,287.262,19,2,heteroaryl,c1ccc(-c2nccs2)cc1
Ac2925,O=C(O)c1c(C(F)(F)F)cc(Br)cc1C(F)(F)F,337.013,18,1,benzoic,c1ccccc1
Ac2926,O=C(O)c1ccc(-c2ccc([N+](=O)[O-])cc2Cl)o1,267.624,18,3,heteroaryl,c1ccc(-c2ccco2)cc1
Ac2927,Cc1c(C(=O)O)nnn1-c1cccc(Br)c1,282.097,16,2,heteroaryl,c1ccc(-n2ccnn2)cc1
Ac2928,CC(C)(C)NS(=O)(=O)c1cccc(C(=O)O)c1,257.311,17,3,benzoic,c1ccccc1
Ac2929,O=C(O)/C=C/c1ccc(CBr)cc1,241.084,13,3,other,c1ccccc1
Ac2930,O=C(O)c1c(F)ccc(I)c1F,283.999,12,1,benzoic,c1ccccc1
Ac2934,O=C(O)c1ccc(-n2cccn2)cc1Cl,222.631,15,2,benzoic,c1ccc(-n2cccn2)cc1
Ac2935,O=C(O)/C=C/c1ccc(F)c(Br)c1,245.047,13,2,other,c1ccccc1
Ac2937,O=C(O)CCN(Cc1ccccc1)C(=O)OCc1ccccc1,313.353,23,7,acyclic_ali,O=C(NCc1ccccc1)OCc1ccccc1
Ac2938,COc1cccc(C(=O)CCCC(=O)O)c1,222.24,16,6,acyclic_ali,c1ccccc1
Ac2939,O=C(O)c1ccc(CBr)c(F)c1,233.036,12,2,benzoic,c1ccccc1
Ac2940,O=C(O)c1cc([N+](=O)[O-])cc(Br)n1,247.004,13,2,heteroaryl,c1ccncc1
Ac2941,Cc1ccc(Br)c(C)c1C(=O)O,229.073,12,1,benzoic,c1ccccc1
Ac2942,O=C(O)C(F)(F)Sc1ccc(F)cc1,222.187,14,3,acyclic_ali,c1ccccc1
Ac2943,O=C(O)C(F)(F)Sc1ccc(Br)cc1,283.093,14,3,acyclic_ali,c1ccccc1
Ac2946,O=C(O)c1ccc(F)c(Br)c1F,236.999,12,1,benzoic,c1ccccc1
Ac2948,CN(C)S(=O)(=O)c1ccc(CC(=O)O)cc1,243.284,16,4,acyclic_ali,c1ccccc1
Ac2950,Cc1coc2cc3oc(=O)c(CCC(=O)O)c(C)c3cc12,286.283,21,3,acyclic_ali,O=c1ccc2cc3ccoc3cc2o1
Ac2951,Cc1c(CCC(=O)O)c(=O)oc2cc3occ(C(C)(C)C)c3cc12,328.364,24,3,acyclic_ali,O=c1ccc2cc3ccoc3cc2o1
Ac2952,Cc1ccc(S(=O)(=O)N/N=C/C(=O)O)cc1,242.256,16,4,other,c1ccccc1
Ac2953,Cc1c(CC(=O)O)c(=O)oc2c(C)c3occ(C(C)(C)C)c3cc12,328.364,24,2,acyclic_ali,O=c1ccc2cc3ccoc3cc2o1
Ac2954,CCOC(=O)CCc1cccc(C(=O)O)c1,222.24,16,5,benzoic,c1ccccc1
Ac2955,O=C(O)Cc1cc(C(F)(F)F)ccc1C(F)(F)F,272.144,18,2,acyclic_ali,c1ccccc1
Ac2956,O=C(O)c1sc(Br)cc1[N+](=O)[O-],252.045,12,2,heteroaryl,c1ccsc1
Ac2957,COc1c(Br)ccc(C(=O)O)c1F,249.035,13,2,benzoic,c1ccccc1
Ac2959,CN(CCC(=O)O)C(=O)OCc1ccccc1,237.255,17,5,acyclic_ali,c1ccccc1
Ac2960,O=C(O)c1ccc(OC(F)(F)F)c(Cl)c1,240.564,15,2,benzoic,c1ccccc1
Ac2961,CCCCC/C=C/CC1OC1C/C=C/C/C=C/CCCC(=O)O,320.473,23,14,acyclic_ali,C1CO1
Ac2963,Cc1ccc(C(=O)O)cc1S(=O)(=O)N1CCOCC1,285.321,19,3,benzoic,O=S(=O)(c1ccccc1)N1CCOCC1
Ac2964,CC(C)c1cc(Br)ccc1C(=O)O,243.1,13,2,benzoic,c1ccccc1
Ac2965,CCc1cc(C(=O)O)ccc1Br,229.073,12,2,benzoic,c1ccccc1
Ac2966,O=C(O)/C=C/c1ccc(Cl)c(C(F)(F)F)c1,250.603,16,2,other,c1ccccc1
Ac2972,CCOc1ncc(I)cc1C(=O)O,293.06,13,3,aryl_other,c1ccncc1
Ac2973,COc1ccc(CN2CC(C(=O)O)CC2=O)cc1,249.266,18,4,cyclic_ali,O=C1CCCN1Cc1ccccc1
Ac2974,O=C(O)C1CC(=O)N(Cc2ccc(F)cc2)C1,237.23,17,3,cyclic_ali,O=C1CCCN1Cc1ccccc1
Ac2975,O=C(O)c1ccc(OCCCCCCOC2CCCCO2)cc1,322.401,23,10,benzoic,c1ccc(OCCCCCCOC2CCCCO2)cc1
Ac2976,Cc1nc(C(=O)O)c(-c2ccccc2Cl)s1,253.71,16,2,heteroaryl,c1ccc(-c2cncs2)cc1
Ac2977,CC1(C)C(/C=C(\Cl)c2ccc(Cl)cc2)C1C(=O)O,285.17,18,3,cyclic_ali,C(=CC1CC1)c1ccccc1
Ac2978,O=C(O)C1(Cc2ccccc2)CCCCC1,218.296,16,3,alpha_quat,c1ccc(CC2CCCCC2)cc1
Ac2979,O=C(O)c1ccnc(OCC(F)(F)F)c1,221.134,15,3,aryl_other,c1ccncc1
Ac2982,COc1cc(Cl)c(Cl)cc1C(=O)O,221.039,13,2,benzoic,c1ccccc1
Ac2983,O=C(O)Cc1sccc1Br,221.075,10,2,acyclic_ali,c1ccsc1
Ac2984,N#Cc1c(Cl)c(F)cc(C(=O)O)c1Cl,234.013,14,1,benzoic,c1ccccc1
Ac2985,O=C(O)C1CCN(C(=O)c2ccc(F)cc2)CC1,251.257,18,2,cyclic_ali,O=C(c1ccccc1)N1CCCCC1
Ac2986,COC(=O)c1cc(I)cc(C(=O)O)c1,306.055,14,2,benzoic,c1ccccc1
Ac2987,CN(c1ccc(C(=O)O)c(Cl)c1)S(C)(=O)=O,263.702,16,3,benzoic,c1ccccc1
Ac2989,Cc1nc(C2CCCCC2)sc1C(=O)O,225.313,15,2,heteroaryl,c1csc(C2CCCCC2)n1
Ac2990,O=C(O)c1cnn(-c2ccc(F)cc2)c1C(F)(F)F,274.173,19,2,aryl_other,c1ccc(-n2cccn2)cc1
Ac2991,Cc1ccc(-n2ncc(C(=O)O)c2C(F)(F)F)cc1,270.21,19,2,aryl_other,c1ccc(-n2cccn2)cc1
Ac2993,CS(=O)(=O)N1CCC(CC(=O)O)CC1,221.278,14,3,acyclic_ali,C1CCNCC1
Ac2994,O=C(O)c1cccc(N2CCCS2(=O)=O)c1,241.268,16,2,benzoic,O=S1(=O)CCCN1c1ccccc1
Ac3000,O=C(O)C1(c2ccc(Br)cc2F)CC1,259.074,14,2,alpha_quat,c1ccc(C2CC2)cc1
Ac3002,O=C(O)Cc1c(F)cc(Br)cc1F,251.026,13,2,acyclic_ali,c1ccccc1
Ac3003,CC1(CC(=O)O)CCN(C(=O)OC(C)(C)C)CC1,257.33,18,2,acyclic_ali,C1CCNCC1
Ac3004,O=C(O)c1cc2ccc(Br)cn2n1,241.044,13,1,heteroaryl,c1ccn2nccc2c1
Ac3005,Cc1cc(Br)cc(Cl)c1C(=O)O,249.491,12,1,benzoic,c1ccccc1
Ac3006,CN(c1ccc(C(=O)O)cc1)S(C)(=O)=O,229.257,15,3,benzoic,c1ccccc1
Ac3007,Cc1cc(B2OC(C)(C)C(C)(C)O2)ccc1C(=O)O,262.114,19,2,benzoic,c1ccc(B2OCCO2)cc1
Ac3008,O=C(O)c1ccc(-c2ccc3c(c2)OCO3)cc1,242.23,18,2,benzoic,c1ccc(-c2ccc3c(c2)OCO3)cc1
Ac3009,CC(C)(C)OC(=O)N1CCCC(Cc2ccc(Cl)cc2)(C(=O)O)C1,353.846,24,3,alpha_quat,c1ccc(CC2CCCNC2)cc1
Ac3010,O=C(O)C1CC(c2ccc(Br)cc2)C1,255.111,14,2,cyclic_ali,c1ccc(C2CCC2)cc1
Ac3011,COc1ccccc1C1OC(=O)CC1C(=O)O,236.223,17,3,cyclic_ali,O=C1CCC(c2ccccc2)O1
Ac3014,CCNS(=O)(=O)c1ccc(CC(=O)O)cc1,243.284,16,5,acyclic_ali,c1ccccc1
Ac3015,O=C(O)c1nc(Br)cnc1Br,281.891,11,1,heteroaryl,c1cnccn1
Ac3018,O=C(O)c1c([N+](=O)[O-])ccc(F)c1Br,264.006,14,2,benzoic,c1ccccc1
Ac3020,O=C(O)c1ccc(-c2ccc3ncc(Br)n3n2)cc1,318.13,19,2,benzoic,c1ccc(-c2ccc3nccn3n2)cc1
Ac3023,O=C(O)c1sc2cccnc2c1Br,258.096,13,1,heteroaryl,c1cnc2ccsc2c1
Ac3024,O=C(O)CCc1nc(-c2ccc(F)cc2)no1,236.202,17,4,acyclic_ali,c1ccc(-c2ncon2)cc1
Ac3025,CC(C)(C)OC(=O)N1CCC(Br)(C(=O)O)CC1,308.172,17,1,cyclic_ali,C1CCNCC1
Ac3026,O=C(O)c1ccc(OC(F)(F)F)nc1Cl,241.552,15,2,aryl_other,c1ccncc1
Ac3029,COc1cc(C(=O)O)c(Br)cc1Cl,265.49,13,2,benzoic,c1ccccc1
Ac3031,CC(C)(Oc1ccc(F)cc1F)C(=O)O,216.183,15,3,acyclic_ali,c1ccccc1
Ac3033,C[C@@H]1CC[C@@H](C(=O)O)CN1C(=O)OC(C)(C)C,243.303,17,1,cyclic_ali,C1CCNCC1
Ac3034,C#CCOc1ccc(C(=O)c2ccc(C(=O)O)cc2)cc1,280.279,21,5,benzoic,O=C(c1ccccc1)c1ccccc1
Ac3035,O=C(O)c1cc(Br)cc(S(F)(F)(F)(F)F)c1,327.068,16,2,benzoic,c1ccccc1
Ac3036,O=C(O)c1ccc2c(Cl)c3c(nc2c1)CCCC3,261.708,18,1,benzoic,c1ccc2nc3c(cc2c1)CCCC3
Ac3037,O=C(O)/C(F)=C/c1ccc(C(F)(F)F)cc1,234.148,16,2,other,c1ccccc1
Ac3038,O=C(O)c1cc(Br)cc(C(F)(F)F)n1,270.004,14,1,heteroaryl,c1ccncc1
Ac3040,O=C(O)c1ccc(Br)c(OC(F)(F)F)c1,285.015,15,2,benzoic,c1ccccc1
Ac3041,CS(=O)(=O)Nc1ccc(F)cc1C(=O)O,233.22,15,3,benzoic,c1ccccc1
Ac3042,Cc1ccc(F)c(C(=O)O)c1Br,233.036,12,1,benzoic,c1ccccc1
Ac3043,O=C(O)Cc1ccc(F)c(OC(F)(F)F)c1,238.136,16,3,acyclic_ali,c1ccccc1
Ac3044,COC(=O)[C@H]1[C@H](C(=O)O)[C@@H]2CC[C@H]1C21CC1,224.256,16,2,cyclic_ali,C1CC2CCC1C21CC1
Ac3045,O=C(O)c1nc(Br)ccc1Cl,236.452,11,1,heteroaryl,c1ccncc1
Ac3046,O=C(O)c1n[nH]c2ccc(OCc3ccccc3)cc12,268.272,20,4,heteroaryl,c1ccc(COc2ccc3[nH]ncc3c2)cc1
Ac3048,O=C(O)c1cn(-c2cccc(Cl)c2F)nn1,241.609,16,2,heteroaryl,c1ccc(-n2ccnn2)cc1
Ac3050,O=C(O)Cc1ccc(C(F)(F)F)cc1Br,283.043,15,2,acyclic_ali,c1ccccc1
Ac3052,O=C(O)c1ccc(C#CBr)cc1,225.041,12,1,benzoic,c1ccccc1
Ac3053,Cc1nc(Br)ccc1C(=O)O,216.034,11,1,aryl_other,c1ccncc1
Ac3054,COc1cc(C(=O)O)c(Br)cn1,232.033,12,2,aryl_other,c1ccncc1
Ac3056,CC1(C)OB(c2ccc(CC(=O)O)c(F)c2)OC1(C)C,280.104,20,3,acyclic_ali,c1ccc(B2OCCO2)cc1
Ac3058,COc1cnc(Br)cc1C(=O)O,232.033,12,2,aryl_other,c1ccncc1
Ac3060,CC(Cc1ccc(OC(F)(F)F)cc1)C(=O)O,248.2,17,4,acyclic_ali,c1ccccc1
Ac3062,CCOc1cc(B2OC(C)(C)C(C)(C)O2)ccc1C(=O)O,292.14,21,4,benzoic,c1ccc(B2OCCO2)cc1
Ac3063,O=C(O)c1ccccc1NS(=O)(=O)C(F)(F)F,269.2,17,3,benzoic,c1ccccc1
Ac3065,O=C(O)c1cc(F)c(F)c(Br)c1,236.999,12,1,benzoic,c1ccccc1
Ac3067,O=C(O)c1cc(-c2ccc(F)cc2)ccn1,217.199,16,2,heteroaryl,c1ccc(-c2ccncc2)cc1
Ac3070,CN1CCN(c2ncc(C(=O)O)s2)CC1,227.289,15,2,heteroaryl,c1csc(N2CCNCC2)n1
Ac3072,CC(C)(C)OC(=O)N1CC2(CC2C(=O)O)C1,227.26,16,1,cyclic_ali,C1CC12CNC2
Ac3074,CC(C)(CCC(=O)O)SSc1ccccn1,257.38,16,6,acyclic_ali,c1ccncc1
Ac3075,O=C(O)c1cc(-c2ccc(Cl)cc2Cl)on1,258.06,16,2,heteroaryl,c1ccc(-c2ccno2)cc1
Ac3077,O=C(O)Cc1cc(F)c(Br)cc1F,251.026,13,2,acyclic_ali,c1ccccc1
Ac3079,O=C(NC1(C(=O)O)COC1)OCc1ccccc1,251.238,18,4,alpha_amino,O=C(NC1COC1)OCc1ccccc1
Ac3080,O=C(O)c1cccc(-n2ccc(C(F)(F)F)n2)c1,256.183,18,2,benzoic,c1ccc(-n2cccn2)cc1
Ac3085,O=C(O)Cc1scnc1-c1ccccc1,219.265,15,3,acyclic_ali,c1ccc(-c2cscn2)cc1
Ac3087,Cc1ccc(-n2ncc(C(=O)O)c2C)cc1,216.24,16,2,aryl_other,c1ccc(-n2cccn2)cc1
Ac3089,O=C(O)CCn1cnc2ccccc2c1=O,218.212,16,3,acyclic_ali,O=c1[nH]cnc2ccccc12
Ac3090,Cc1cc(C(=O)O)n(-c2ccc(Br)cc2)n1,281.109,16,2,heteroaryl,c1ccc(-n2cccn2)cc1
Ac3091,O=C(O)c1nn(-c2ccccc2)c2ccccc12,238.246,18,2,heteroaryl,c1ccc(-n2ncc3ccccc32)cc1
Ac3093,Cc1[nH]n(-c2ccccc2)c(=O)c1CC(=O)O,232.239,17,3,acyclic_ali,O=c1cc[nH]n1-c1ccccc1
Ac3094,O=C(O)CCc1nnnn1-c1ccccc1,218.216,16,4,acyclic_ali,c1ccc(-n2cnnn2)cc1
Ac3095,O=C(O)CCc1nc(-c2cccnc2)no1,219.2,16,4,acyclic_ali,c1cncc(-c2ncon2)c1
Ac3096,O=C(O)C1CC(=O)N(CCc2ccccc2)C1,233.267,17,4,cyclic_ali,O=C1CCCN1CCc1ccccc1
Ac3097,O=C(O)c1cc(-c2ccccc2)nc2ccc(Br)cc12,328.165,20,2,aryl_other,c1ccc(-c2ccc3ccccc3n2)cc1
Ac3098,O=C(O)c1nn(-c2ccccc2)c2c1CCC2,228.251,17,2,heteroaryl,c1ccc(-n2ncc3c2CCC3)cc1
Ac3099,COc1ccc(-c2ccc(CCC(=O)O)o2)cc1,246.262,18,5,acyclic_ali,c1ccc(-c2ccco2)cc1
Ac3100,Cc1ccc(-c2cc(C(=O)O)c3ccccc3n2)s1,269.325,19,2,aryl_other,c1csc(-c2ccc3ccccc3n2)c1
Ac3103,Cc1ccc(-c2cc(C(=O)O)c3ccccc3n2)c(C)c1,277.323,21,2,aryl_other,c1ccc(-c2ccc3ccccc3n2)cc1
Ac3104,CCOc1ccc(-c2cc(C(=O)O)c3ccccc3n2)cc1,293.322,22,4,aryl_other,c1ccc(-c2ccc3ccccc3n2)cc1
Ac3106,O=C1OC(c2ccccc2)C(C(=O)O)c2ccccc21,268.268,20,2,cyclic_ali,O=C1OC(c2ccccc2)Cc2ccccc21
Ac3107,O=C(O)c1nn(-c2ccccc2)c2c1CCCC2,242.278,18,2,heteroaryl,c1ccc(-n2ncc3c2CCCC3)cc1
Ac3108,COc1ccc2cc(C(=O)O)sc(=O)c2c1OC,266.274,18,3,heteroaryl,O=c1sccc2ccccc12
Ac3109,COc1ccc(-c2cc(C(=O)O)c3cccc(C)c3n2)cc1,293.322,22,3,aryl_other,c1ccc(-c2ccc3ccccc3n2)cc1
Ac3110,O=C(O)c1cc(-c2ccc(F)cc2)nc2ccc(Br)cc12,346.155,21,2,aryl_other,c1ccc(-c2ccc3ccccc3n2)cc1
Ac3111,O=C(O)CSc1nc2ccc([N+](=O)[O-])cc2s1,270.291,17,4,acyclic_ali,c1ccc2scnc2c1
Ac3112,O=C(O)c1ccc2nc(-c3ccco3)c(-c3ccco3)nc2c1,306.277,23,3,benzoic,c1coc(-c2nc3ccccc3nc2-c2ccco2)c1
Ac3113,O=C(O)c1cc(Cl)cnc1Br,236.452,11,1,aryl_other,c1ccncc1
Ac3116,CC(C)(C)OC(=O)N1CCCC1CCC(=O)O,243.303,17,3,acyclic_ali,C1CCNC1
Ac3118,CC(=O)N1CCc2ccccc2C1CC(=O)O,233.267,17,2,acyclic_ali,c1ccc2c(c1)CCNC2
Ac3119,Cc1nc(-c2cccc(C(=O)O)c2)cs1,219.265,15,2,benzoic,c1ccc(-c2cscn2)cc1
Ac3123,O=C(O)Cn1nc(-c2ccccc2)cc1-c1ccccc1,278.311,21,4,acyclic_ali,c1ccc(-c2cc(-c3ccccc3)[nH]n2)cc1
Ac3125,COc1ccc(-n2nc(C(=O)O)c3ccccc3c2=O)cc1,296.282,22,3,heteroaryl,O=c1c2ccccc2cnn1-c1ccccc1
Ac3126,Cc1cccc(-c2nc(C(=O)O)cs2)c1,219.265,15,2,heteroaryl,c1ccc(-c2nccs2)cc1
Ac3128,COc1cc(C(=O)O)nn1-c1ccccc1,218.212,16,3,heteroaryl,c1ccc(-n2cccn2)cc1
Ac3130,Cc1nn(-c2cccc(Cl)c2)nc1C(=O)O,237.646,16,2,heteroaryl,c1ccc(-n2nccn2)cc1
Ac3132,O=C(O)CCc1ncc(-c2ccc(Br)cc2)o1,296.12,17,4,acyclic_ali,c1ccc(-c2cnco2)cc1
Ac3133,Cc1ccc(-c2nc(-c3ccccc3)sc2CC(=O)O)cc1,309.39,22,4,acyclic_ali,c1ccc(-c2csc(-c3ccccc3)n2)cc1
Ac3134,O=C(O)c1ccc(N2CCCS2(=O)=O)cc1,241.268,16,2,benzoic,O=S1(=O)CCCN1c1ccccc1
Ac3135,COc1ccc(-c2nc(C(=O)O)c(C)o2)cc1,233.223,17,3,heteroaryl,c1ccc(-c2ncco2)cc1
Ac3136,O=C(O)CCCN1C(=O)c2ccccc2S1(=O)=O,269.278,18,4,acyclic_ali,O=C1NS(=O)(=O)c2ccccc21
Ac3137,COc1ccc(C(=O)SCC(=O)O)cc1,226.253,15,4,acyclic_ali,c1ccccc1
Ac3138,Cc1ccc(-c2ccc(CCC(=O)O)o2)cc1,230.263,17,4,acyclic_ali,c1ccc(-c2ccco2)cc1
Ac3139,O=C1OC(C(=O)O)c2ccc3c(c21)OCO3,222.152,16,1,cyclic_ali,O=C1OCc2ccc3c(c21)OCO3
Ac3141,O=C(O)c1ccsc1I,254.048,9,1,aryl_other,c1ccsc1
Ac3142,COc1ccc2c(C)c(C(=O)O)sc2c1,222.265,15,2,heteroaryl,c1ccc2sccc2c1
Ac3143,O=C(O)c1cc2c([N+](=O)[O-])cccc2s1,223.209,15,2,heteroaryl,c1ccc2sccc2c1
Ac3144,O=C(O)c1cc2ccc([N+](=O)[O-])cc2s1,223.209,15,2,heteroaryl,c1ccc2sccc2c1
Ac3146,CC1CCN(C(=S)SCC(=O)O)CC1,233.358,14,2,acyclic_ali,C1CCNCC1
Ac3151,CC(Oc1cccc(C(C)(C)C)c1)C(=O)O,222.284,16,3,acyclic_ali,c1ccccc1
Ac3154,O=C(O)CCOc1ccc(Cl)c(Cl)c1,235.066,14,4,acyclic_ali,c1ccccc1
Ac3155,NS(=O)(=O)c1ccc(C(=O)O)cc1Cl,235.648,14,2,benzoic,c1ccccc1
Ac3156,O=C(O)CCCC(=O)c1ccc(Cl)c(Cl)c1,261.104,16,5,acyclic_ali,c1ccccc1
Ac3157,O=C(O)CC1Cc2cc(Br)ccc2C1=O,269.094,15,2,acyclic_ali,O=C1CCc2ccccc21
Ac3158,O=C(O)c1ccc(C2CCCCC2)c(Cl)c1,238.714,16,2,benzoic,c1ccc(C2CCCCC2)cc1
Ac3160,CCOc1cc(C=O)ccc1OCC(=O)O,224.212,16,6,acyclic_ali,c1ccccc1
Ac3161,COc1cc(Cl)c(S(=O)(=O)Cl)cc1C(=O)O,285.104,16,3,benzoic,c1ccccc1
Ac3162,CNS(=O)(=O)c1cc(C(=O)O)c(Cl)cc1Cl,284.12,16,3,benzoic,c1ccccc1
Ac3164,Cc1cc(C(=O)O)cc(Br)c1C,229.073,12,1,benzoic,c1ccccc1
Ac3165,O=C(O)C1(c2ccccc2)CC1(Cl)Cl,231.078,14,2,alpha_quat,c1ccc(C2CC2)cc1
Ac3168,CCCCOc1ccc(C(=O)CCC(=O)O)cc1,250.294,18,8,acyclic_ali,c1ccccc1
Ac3170,O=C(O)Cc1ccc(Br)c(Br)c1,293.942,12,2,acyclic_ali,c1ccccc1
Ac3172,CCCCOc1ccc(OCC(=O)O)cc1,224.256,16,7,acyclic_ali,c1ccccc1
Ac3174,O=C(O)CS(=O)(=O)Cc1cccc(Br)c1,293.138,15,4,acyclic_ali,c1ccccc1
Ac3175,Cc1cc(OCC(=O)O)c(Cl)c(C)c1Cl,249.093,15,3,acyclic_ali,c1ccccc1
Ac3176,CC(Oc1cccc(Br)c1)C(=O)O,245.072,13,3,acyclic_ali,c1ccccc1
Ac3177,O=C(O)CS(=O)(=O)c1cccc(Br)c1,279.111,14,3,acyclic_ali,c1ccccc1
Ac3178,Cc1ccc(C(C)C)c(OC(C)(C)C(=O)O)c1,236.311,17,4,acyclic_ali,c1ccccc1
Ac3180,O=C(O)c1ccc(S(=O)(=O)C(F)F)cc1,236.195,15,3,benzoic,c1ccccc1
Ac3181,O=C(O)c1cc2c(c3c1CCCC3)CCCC2,230.307,17,1,benzoic,c1cc2c(c3c1CCCC3)CCCC2
Ac3182,O=C(O)c1ccccc1SCc1ccc(Cl)cc1,278.76,18,4,benzoic,c1ccc(CSc2ccccc2)cc1
Ac3184,CC(C)COc1ccc(CCC(=O)O)cc1,222.284,16,6,acyclic_ali,c1ccccc1
Ac3185,CCCS(=O)(=O)c1ccc(C(=O)O)cc1,228.269,15,4,benzoic,c1ccccc1
Ac3186,Cc1ccc(C(=O)C(CC(=O)O)c2ccccc2)cc1,268.312,20,5,acyclic_ali,O=C(Cc1ccccc1)c1ccccc1
Ac3188,CSc1cc(C(=O)O)cc(C(F)(F)F)c1,236.214,15,2,benzoic,c1ccccc1
Ac3190,O=C(O)CCC(=O)c1ccc(F)c(Cl)c1,230.622,15,4,acyclic_ali,c1ccccc1
Ac3191,COc1cc(C(=O)O)ccc1OCC(C)C,224.256,16,5,benzoic,c1ccccc1
Ac3193,COc1cc(C(=O)O)cc([N+](=O)[O-])c1Cl,231.591,15,3,benzoic,c1ccccc1
Ac3196,NS(=O)(=O)c1ccc(C(=O)O)cc1[N+](=O)[O-],246.2,16,3,benzoic,c1ccccc1
Ac3198,CS(=O)(=O)c1ccc(C(=O)O)c(Br)c1,279.111,14,2,benzoic,c1ccccc1
Ac3200,COc1ccc(C(=O)CCC(=O)CCC(=O)O)cc1,264.277,19,8,acyclic_ali,c1ccccc1
Ac3204,O=C(O)CCCCC(=O)c1cccc2ccccc12,256.301,19,6,acyclic_ali,c1ccc2ccccc2c1
Ac3205,CN(C)S(=O)(=O)c1ccc(Br)c(C(=O)O)c1,308.153,16,3,benzoic,c1ccccc1
Ac3206,COc1cc(OC)c(C(=O)O)cc1Cl,216.62,14,3,benzoic,c1ccccc1
Ac3207,O=C(O)Cc1c(Br)cccc1[N+](=O)[O-],260.043,14,3,acyclic_ali,c1ccccc1
Ac3209,N#C/C(=C\c1ccc(Br)cc1)C(=O)O,252.067,14,2,other,c1ccccc1
Ac3211,COc1ccc(/C(C)=C/C(=O)O)c(OC)c1,222.24,16,4,other,c1ccccc1
Ac3212,COc1ccc(/C=C/C(=O)O)cc1[N+](=O)[O-],223.184,16,4,other,c1ccccc1
Ac3213,O=C(O)C(Cc1ccccc1)NS(=O)(=O)c1ccc2ccccc2c1,355.415,25,6,alpha_amino,O=S(=O)(NCCc1ccccc1)c1ccc2ccccc2c1
Ac3214,CC(Oc1cccc(Cl)c1Cl)C(=O)O,235.066,14,3,acyclic_ali,c1ccccc1
Ac3215,O=C(O)c1cc(Cl)cc(I)c1,282.464,11,1,benzoic,c1ccccc1
Ac3216,CC(C)(C)c1ccc(CCCCC(=O)O)cc1,234.339,17,5,acyclic_ali,c1ccccc1
Ac3217,CCCCCCCCOc1cccc(C(=O)O)c1,250.338,18,9,benzoic,c1ccccc1
Ac3219,COc1ccc(CCC(=O)O)c(Br)c1,259.099,14,4,acyclic_ali,c1ccccc1
Ac3220,COC(=O)c1ccc(C(=O)O)c(Br)c1,259.055,14,2,benzoic,c1ccccc1
Ac3221,O=C(O)CCCCC(=O)c1ccc(Br)cc1,285.137,16,6,acyclic_ali,c1ccccc1
Ac3222,Cc1cc(Br)c([N+](=O)[O-])cc1C(=O)O,260.043,14,2,benzoic,c1ccccc1
Ac3223,CCC(Cc1ccc([N+](=O)[O-])cc1)C(=O)O,223.228,16,5,acyclic_ali,c1ccccc1
Ac3226,CCCCCCc1ccc(C(=O)CCC(=O)O)cc1,262.349,19,9,acyclic_ali,c1ccccc1
Ac3227,O=C(O)c1ccccc1C(=O)c1ccc2c(c1)CCC2,266.296,20,3,benzoic,O=C(c1ccccc1)c1ccc2c(c1)CCC2
Ac3228,CC(C)(C)c1ccc(OCC(=O)O)c(C(C)(C)C)c1,264.365,19,3,acyclic_ali,c1ccccc1
Ac3229,O=C(O)Cc1c([N+](=O)[O-])cccc1[N+](=O)[O-],226.144,16,4,acyclic_ali,c1ccccc1
Ac3231,O=C(O)c1cc(S(=O)(=O)Cl)ccc1[N+](=O)[O-],265.63,16,3,benzoic,c1ccccc1
Ac3232,O=C(O)CCCCCCNS(=O)(=O)c1ccccc1,285.365,19,9,acyclic_ali,c1ccccc1
Ac3233,CCOc1ccc(C(=O)CCC(=O)O)cc1OCC,266.293,19,8,acyclic_ali,c1ccccc1
Ac3234,O=C(O)c1c(F)c(F)cc(Br)c1F,254.989,13,1,benzoic,c1ccccc1
Ac3235,O=C(O)CCC(=O)CC(=O)c1ccccc1,220.224,16,6,acyclic_ali,c1ccccc1
Ac3236,CC(Oc1ccccc1Br)C(=O)O,245.072,13,3,acyclic_ali,c1ccccc1
Ac3237,O=C(O)CC1SC2(CCCC2)OC1=O,216.258,14,2,acyclic_ali,O=C1CSC2(CCCC2)O1
Ac3238,CN(C(=O)OC(C)(C)C)c1ccc(C(=O)O)s1,257.311,17,2,heteroaryl,c1ccsc1
Ac3239,Cn1nc([N+](=O)[O-])c(Br)c1C(=O)O,250.008,13,2,heteroaryl,c1cn[nH]c1
Ac3240,O=C(O)CCc1ccc(Br)cc1F,247.063,13,3,acyclic_ali,c1ccccc1
Ac3241,O=C(O)c1sc(Br)nc1Br,286.932,10,1,heteroaryl,c1cscn1
Ac3242,O=C(O)c1c[nH]nc1-c1ccc(Cl)cc1,222.631,15,2,aryl_other,c1ccc(-c2cc[nH]n2)cc1
Ac3243,O=C(O)CCCOc1cccc(C(F)(F)F)c1,248.2,17,5,acyclic_ali,c1ccccc1
Ac3244,O=C(O)c1cnn(-c2cccc(Cl)c2)c1C(F)(F)F,290.628,19,2,aryl_other,c1ccc(-n2cccn2)cc1
Ac3245,O=C(O)CCn1sc2ccccc2c1=O,223.253,15,3,acyclic_ali,O=c1[nH]sc2ccccc12
Ac3246,CN(C)C(=O)[C@H](OC(=O)c1ccccc1)[C@@H](OC(=O)c1ccccc1)C(=O)O,385.372,28,7,acyclic_ali,O=C(OCCOC(=O)c1ccccc1)c1ccccc1
Ac3247,COc1c(C)c(C)c2c(c1C)CC[C@@](C)(C(=O)O)O2,264.321,19,2,cyclic_ali,c1ccc2c(c1)CCCO2
Ac3248,COC(=O)c1ccc(OCCC(=O)O)cc1,224.212,16,5,acyclic_ali,c1ccccc1
Ac3249,O=C(O)C1(c2cccc(Br)c2)CCCC1,269.138,15,2,alpha_quat,c1ccc(C2CCCC2)cc1
Ac3253,CCCCCCCCc1ccc(C(=O)O)s1,240.368,16,8,heteroaryl,c1ccsc1
Ac3254,O=C(O)c1cc(S(=O)(=O)Cl)cs1,226.662,12,2,heteroaryl,c1ccsc1
Ac3255,O=C(O)Cc1cc(Br)ccc1[N+](=O)[O-],260.043,14,3,acyclic_ali,c1ccccc1
Ac3257,CN(C)S(=O)(=O)Nc1ccc(C(=O)O)cc1,244.272,16,4,benzoic,c1ccccc1
Ac3259,O=C(O)CSCC(=O)c1ccc(Cl)cc1,244.699,15,5,acyclic_ali,c1ccccc1
Ac3261,COc1ccc2c(OC)ccc(C(=O)O)c2c1,232.235,17,3,benzoic,c1ccc2ccccc2c1
Ac3262,Cc1oc(-c2ccc(Cl)cc2)cc1C(=O)O,236.654,16,2,aryl_other,c1ccc(-c2ccco2)cc1
Ac3263,COc1cc(C)c(Br)c(C(=O)O)c1,245.072,13,2,benzoic,c1ccccc1
Ac3264,CC1(C(=O)O)CCCN(C(=O)OCc2ccccc2)C1,277.32,20,3,alpha_quat,O=C(OCc1ccccc1)N1CCCCC1
Ac3265,O=C(O)c1cc(F)c(F)c(Br)c1F,254.989,13,1,benzoic,c1ccccc1
Ac3267,O=C(O)c1c(F)cc(Br)cc1Br,297.905,12,1,benzoic,c1ccccc1
Ac3268,CCS(=O)(=O)Nc1cccc(C(=O)O)c1,229.257,15,4,benzoic,c1ccccc1
Ac3270,CC(C)c1cccc(C(C)C)c1CC(=O)O,220.312,16,4,acyclic_ali,c1ccccc1
Ac3271,O=C(O)/C(=C/c1ccccc1)C(F)(F)F,216.158,15,2,other,c1ccccc1
Ac3272,O=C(O)C1CN(C(=O)OCC2c3ccccc3-c3ccccc32)C1,323.348,24,3,cyclic_ali,O=C(OCC1c2ccccc2-c2ccccc21)N1CCC1
Ac3273,COc1ccc(S(=O)(=O)NC(C(=O)O)C(C)C)cc1,287.337,19,6,alpha_amino,c1ccccc1
Ac3274,C[C@@H](C(=O)O)N(Cc1ccccc1)NC(=O)OC(C)(C)C,294.351,21,5,alpha_amino,c1ccccc1
Ac3276,O=C(O)C[C@H]1CCCCN1C(=O)OCC1c2ccccc2-c2ccccc21,365.429,27,4,acyclic_ali,O=C(OCC1c2ccccc2-c2ccccc21)N1CCCCC1
Ac3277,O=C(O)c1ccccc1C(=O)C(F)(F)F,218.13,15,2,benzoic,c1ccccc1
Ac3278,O=C(O)c1cc(-c2cccc([N+](=O)[O-])c2)on1,234.167,17,3,heteroaryl,c1ccc(-c2ccno2)cc1
Ac3279,COc1ccc(-n2ncc(C(=O)O)c2C)cc1,232.239,17,3,aryl_other,c1ccc(-n2cccn2)cc1
Ac3280,C=CCOc1cc(C(=O)O)cc(C(=O)OC)c1,236.223,17,5,benzoic,c1ccccc1
Ac3281,Cc1c(C(=O)O)cnn1-c1ccc(F)cc1F,238.193,17,2,aryl_other,c1ccc(-n2cccn2)cc1
Ac3285,O=C(O)c1cc2cc(Cl)cc(Br)c2oc1=O,303.495,16,1,aryl_other,O=c1ccc2ccccc2o1
Ac3290,O=C(O)CNS(=O)(=O)c1cccs1,221.259,13,4,alpha_amino,c1ccsc1
Ac3291,COC(=O)c1cc(Br)cc(C(=O)O)n1,260.043,14,2,heteroaryl,c1ccncc1
Ac3292,COc1c(Cl)cc([N+](=O)[O-])c(OC)c1C(=O)O,261.617,17,4,benzoic,c1ccccc1
Ac3295,O=C(O)C1CCN(Cc2ccc(F)cc2)CC1,237.274,17,3,cyclic_ali,c1ccc(CN2CCCCC2)cc1
Ac3297,O=C(O)c1cc(Br)cnc1C(F)(F)F,270.004,14,1,aryl_other,c1ccncc1
Ac3300,O=C(O)c1cc(-c2ccco2)nc2ccc(Br)cc12,318.126,19,2,aryl_other,c1coc(-c2ccc3ccccc3n2)c1
Ac3301,CC(=O)O[C@@H]1CC[C@]2(C)C3=CC=C4[C@@H]5[C@@H](C)[C@H](C)CC[C@]5(C)CC[C@@]4(C)[C@]3(C)CC[C@H]2[C@@]1(C)C(=O)O,496.732,36,2,alpha_quat,C1=C2C3CCCCC3CCC2C2CCC3CCCCC3C2=C1
Ac3302,O=C(O)c1csc(-c2ccccc2Cl)n1,239.683,15,2,heteroaryl,c1ccc(-c2nccs2)cc1
Ac3303,COc1ccc2cc(/C=C/C(=O)O)ccc2c1,228.247,17,3,other,c1ccc2ccccc2c1
Ac3305,CC(C)(C)OC(=O)N1C[C@H](C(=O)O)[C@@H](c2ccccc2)C1,291.347,21,2,cyclic_ali,c1ccc(C2CCNC2)cc1
Ac3306,CN(Cc1ccccc1)C(=O)/C=C/C(=O)O,219.24,16,4,other,c1ccccc1
Ac3309,O=C(O)C(=O)Cc1cccc(Br)c1,243.056,13,3,other,c1ccccc1
Ac3310,Cc1nc(Cl)c(C(=O)O)c(C)c1Cl,220.055,13,1,aryl_other,c1ccncc1
Ac3311,O=C(O)C1CCCN1S(=O)(=O)c1ccc2ccccc2c1,305.355,21,3,alpha_amino,O=S(=O)(c1ccc2ccccc2c1)N1CCCC1
Ac3314,O=C(O)/C=C/c1ccc(F)cc1C(F)(F)F,234.148,16,2,other,c1ccccc1
Ac3316,Cc1oc2c(C)c3oc(=O)c(CCC(=O)O)c(C)c3cc2c1C,314.337,23,3,acyclic_ali,O=c1ccc2cc3ccoc3cc2o1
Ac3318,O=C(O)CCP(=O)(OCc1ccccc1)OCc1ccccc1,334.308,23,9,acyclic_ali,O=[PH](OCc1ccccc1)OCc1ccccc1
Ac3319,O=C(O)c1cc(C(F)(F)F)nn1-c1ccccc1Cl,290.628,19,2,heteroaryl,c1ccc(-n2cccn2)cc1
Ac3320,Cc1coc2cc3oc(=O)c(CC(=O)O)c(C)c3cc12,272.256,20,2,acyclic_ali,O=c1ccc2cc3ccoc3cc2o1
Ac3321,CC(=O)OC/C(=C(\C(=O)O)c1ccccc1)c1ccc(S(C)(=O)=O)cc1,374.414,26,6,other,C(=Cc1ccccc1)c1ccccc1
Ac3322,O=C(O)COCCOCCOCCOCCOCCOCc1ccccc1,386.441,27,19,acyclic_ali,c1ccccc1
Ac3323,O=C(O)COCCOCCOCCOCCOCCOCCOCc1ccccc1,430.494,30,22,acyclic_ali,c1ccccc1
Ac3324,COc1cc(C(=O)O)cc(Br)n1,232.033,12,2,aryl_other,c1ccncc1
Ac3325,O=C(O)c1cnc(Cl)c(Cl)c1Cl,226.446,12,1,aryl_other,c1ccncc1
Ac3327,CC(C)(Cc1cccc(Br)c1)C(=O)O,257.127,14,3,alpha_quat,c1ccccc1
Ac3329,COc1ccc(I)c(C(=O)O)c1F,296.035,13,2,benzoic,c1ccccc1
Ac3330,O=C(O)CC[C@H]1CC[C@](c2cc(F)ccc2F)(S(=O)(=O)c2ccc(Cl)cc2)CC1,442.911,29,6,acyclic_ali,O=S(=O)(c1ccccc1)C1(c2ccccc2)CCCCC1
Ac3331,O=C(O)c1csc(I)n1,255.036,9,1,heteroaryl,c1cscn1
Ac3332,O=C(O)/C=C/c1ccc(Br)nc1,228.045,12,2,other,c1ccncc1
Ac3333,O=C(O)/C=C/c1ccc(C(F)(F)F)cc1F,234.148,16,2,other,c1ccccc1
Ac3334,O=C(O)c1ccc(OC(F)F)c(OC(F)F)c1,254.135,17,5,benzoic,c1ccccc1
Ac3336,O=C(O)C1(c2ccc(Cl)cc2)CCOCC1,240.686,16,2,alpha_quat,c1ccc(C2CCOCC2)cc1
Ac3338,COc1ccc(-c2cc(C(F)(F)F)n3nc(C(=O)O)cc3n2)cc1,337.257,24,3,heteroaryl,c1ccc(-c2ccn3nccc3n2)cc1
Ac3339,CC(C)c1ccc(COC(=O)N2CCC[C@@H](c3cccc(OC(C)(C)C(=O)O)c3)C2)cc1,439.552,32,7,acyclic_ali,O=C(OCc1ccccc1)N1CCCC(c2ccccc2)C1
Ac3340,COc1ccccc1-c1cc(C(=O)O)n[nH]1,218.212,16,3,heteroaryl,c1ccc(-c2ccn[nH]2)cc1
Ac3343,O=C(O)c1cnn(-c2ccc(Cl)cc2Cl)c1C(F)(F)F,325.073,20,2,aryl_other,c1ccc(-n2cccn2)cc1
Ac3344,O=C(O)C1(c2ccccc2I)CC1,288.084,13,2,alpha_quat,c1ccc(C2CC2)cc1
Ac3345,CC(C(C(=O)O)c1ccc(Cl)cc1)C(F)(F)F,266.646,17,3,acyclic_ali,c1ccccc1
Ac3346,Cc1ccc(S(=O)(=O)Cl)c(C)c1C(=O)O,248.687,15,2,benzoic,c1ccccc1
Ac3347,O=C(O)c1c(C(F)(F)F)ccc(Cl)c1F,242.555,15,1,benzoic,c1ccccc1
Ac3348,CC(C)Oc1ccc([N+](=O)[O-])cc1C(=O)O,225.2,16,4,benzoic,c1ccccc1
Ac3350,O=Cc1c(Cl)cc(C(=O)O)cc1Cl,219.023,13,2,benzoic,c1ccccc1
Ac3352,O=C(O)c1cnn(-c2ccccc2)c1C1CC1,228.251,17,3,aryl_other,c1ccc(-n2nccc2C2CC2)cc1
Ac3354,O=C(O)Cc1ccc(Cl)cc1C(F)(F)F,238.592,15,2,acyclic_ali,c1ccccc1
Ac3355,O=C(O)Cc1c(F)cc([N+](=O)[O-])cc1F,217.127,15,3,acyclic_ali,c1ccccc1
Ac3357,Cc1nc(-c2ccccc2Cl)sc1C(=O)O,253.71,16,2,heteroaryl,c1ccc(-c2nccs2)cc1
Ac3359,Cc1c(C(=O)O)cccc1S(=O)(=O)Cl,234.66,14,2,benzoic,c1ccccc1
Ac3360,O=C(O)c1cc([N+](=O)[O-])cc2c1OCCO2,225.156,16,2,benzoic,c1ccc2c(c1)OCCO2
Ac3361,CN(c1cccc(C(=O)O)c1)S(C)(=O)=O,229.257,15,3,benzoic,c1ccccc1
Ac3362,O=C(O)c1ccc(Br)cc1OC(F)F,267.025,14,3,benzoic,c1ccccc1
Ac3363,O=C(O)CCCOc1ccc(I)cc1,306.099,14,5,acyclic_ali,c1ccccc1
Ac3364,COc1nccc(I)c1C(=O)O,279.033,12,2,aryl_other,c1ccncc1
Ac3365,O=C(O)Cc1cc(F)c([N+](=O)[O-])cc1F,217.127,15,3,acyclic_ali,c1ccccc1
Ac3366,NS(=O)(=O)c1ccc(C(=O)O)cc1F,219.193,14,2,benzoic,c1ccccc1
Ac3367,CNS(=O)(=O)c1ccc(F)c(C(=O)O)c1,233.22,15,3,benzoic,c1ccccc1
Ac3371,CC(C)(C)OC(=O)N1CCC(c2cccc(C(=O)O)c2)CC1,305.374,22,2,benzoic,c1ccc(C2CCNCC2)cc1
Ac3372,O=C(O)c1cc([N+](=O)[O-])ccc1C(F)(F)F,235.117,16,2,benzoic,c1ccccc1
Ac3373,CCCS(=O)(=O)Nc1cccc(C(=O)O)c1,243.284,16,5,benzoic,c1ccccc1
Ac3375,C[C@H]1[C@@H](C(=O)O)CCN1C(=O)OC(C)(C)C,229.276,16,1,cyclic_ali,C1CCNC1
Ac3376,O=C(O)C1CCN(C(=O)c2ccc(C(F)(F)F)cc2)CC1,301.264,21,2,cyclic_ali,O=C(c1ccccc1)N1CCCCC1
Ac3377,CC(C)(C)OC(=O)N1CCC(C(=O)O)(C(F)(F)F)CC1,297.273,20,1,alpha_quat,C1CCNCC1
Ac3378,CC(C)(C)OC(=O)N1CCCCC1c1ccc(C(=O)O)cc1,305.374,22,2,benzoic,c1ccc(C2CCCCN2)cc1
Ac3379,CC(C)(C)OC(=O)N1CCC(C(C)(C)C(=O)O)CC1,271.357,19,2,alpha_quat,C1CCNCC1
Ac3380,Cn1ncc(C(=O)O)c1I,252.011,10,1,aryl_other,c1cn[nH]c1
Ac3381,O=C(O)c1cccc(S(=O)(=O)NC2CC2)c1,241.268,16,4,benzoic,O=S(=O)(NC1CC1)c1ccccc1
Ac3382,Cc1nc(N2CCOCC2)ncc1C(=O)O,223.232,16,2,aryl_other,c1cnc(N2CCOCC2)nc1
Ac3383,O=C(O)c1ccc(CBr)nc1,216.034,11,2,aryl_other,c1ccncc1
Ac3385,O=C(O)c1ccc(Br)c(CBr)c1,293.942,12,2,benzoic,c1ccccc1
Ac3386,Cc1cc(B2OC(C)(C)C(C)(C)O2)cc(C)c1C(=O)O,276.141,20,2,benzoic,c1ccc(B2OCCO2)cc1
Ac3387,Cc1nc(C(=O)O)c(Br)s1,222.063,10,1,heteroaryl,c1cscn1
Ac3388,CCS(=O)(=O)c1ccc(F)c(C(=O)O)c1,232.232,15,3,benzoic,c1ccccc1
Ac3389,O=C(O)c1cccc(I)c1Cl,282.464,11,1,benzoic,c1ccccc1
Ac3390,O=C(O)c1ccc(-c2ccccc2Cl)s1,238.695,15,2,heteroaryl,c1ccc(-c2cccs2)cc1
Ac3391,COc1ccccc1C(Br)C(=O)O,245.072,13,3,acyclic_ali,c1ccccc1
Ac3393,CC1(C(=O)O)CCN(C(=O)c2ccccc2)CC1,247.294,18,2,alpha_quat,O=C(c1ccccc1)N1CCCCC1
Ac3394,COc1nc(C(F)(F)F)ccc1C(=O)O,221.134,15,2,aryl_other,c1ccncc1
Ac3395,Cc1ccc(B2OC(C)(C)C(C)(C)O2)cc1C(=O)O,262.114,19,2,benzoic,c1ccc(B2OCCO2)cc1
Ac3396,CC(C)(C)OC(=O)N1CCc2onc(C(=O)O)c2C1,268.269,19,1,heteroaryl,c1noc2c1CNCC2
Ac3398,O=C(O)c1cc(-c2ccc(Cl)cc2)n(-c2ccc(Cl)cc2)n1,333.174,22,3,heteroaryl,c1ccc(-c2ccnn2-c2ccccc2)cc1
Ac3399,CC1(C)OB(c2cc(C(=O)O)ccc2Cl)OC1(C)C,282.532,19,2,benzoic,c1ccc(B2OCCO2)cc1
Ac3400,CS(=O)(=O)c1ccc(C(=O)O)cc1F,218.205,14,2,benzoic,c1ccccc1
Ac3403,O=C(O)/C=C/c1cc(F)ccc1Br,245.047,13,2,other,c1ccccc1
Ac3404,O=C(O)CCc1cc(Cl)ccc1Br,263.518,13,3,acyclic_ali,c1ccccc1
Ac3405,CS(=O)(=O)NCc1ccc(C(=O)O)cc1,229.257,15,4,benzoic,c1ccccc1
Ac3406,O=C(O)CCCc1nc(-c2ccccc2)no1,232.239,17,5,acyclic_ali,c1ccc(-c2ncon2)cc1
Ac3407,O=C(O)CCc1ccc(C(F)(F)F)cc1F,236.164,16,3,acyclic_ali,c1ccccc1
Ac3408,O=C(O)c1ccc(F)c(OC(F)(F)F)c1,224.109,15,2,benzoic,c1ccccc1
Ac3409,O=C(O)C1CCc2cc(I)ccc2O1,304.083,14,1,cyclic_ali,c1ccc2c(c1)CCCO2
Ac3410,O=C(O)Cc1ccc(Cl)cc1I,296.491,12,2,acyclic_ali,c1ccccc1
Ac3411,O=C(O)Cc1cc(F)c(F)cc1Br,251.026,13,2,acyclic_ali,c1ccccc1
Ac3412,O=C(O)c1csc(-c2ccc3c(c2)CCO3)n1,247.275,17,2,heteroaryl,c1csc(-c2ccc3c(c2)CCO3)n1
Ac3414,O=C(O)C=Cc1ccc(C(F)(F)F)c(F)c1,234.148,16,2,other,c1ccccc1
Ac3415,O=C(O)CCc1ccc(C(F)(F)F)c(F)c1,236.164,16,3,acyclic_ali,c1ccccc1
Ac3416,O=C(O)c1ccc(-c2ccc3nccn3n2)cc1,239.234,18,2,benzoic,c1ccc(-c2ccc3nccn3n2)cc1
Ac3417,CC(=O)CCc1ccc(OCCC(=O)O)cc1,236.267,17,7,acyclic_ali,c1ccccc1
Ac3418,CCOC(=O)C1(C(=O)O)CCN(C(=O)OC(C)(C)C)CC1,301.339,21,3,alpha_quat,C1CCNCC1
Ac3419,O=C(O)c1cnc(Cl)c(C(F)(F)F)c1,225.553,14,1,aryl_other,c1ccncc1
Ac3420,CSc1c(C(F)(F)F)ccc(C(=O)O)c1C,250.241,16,2,benzoic,c1ccccc1
Ac3422,O=C(O)c1ccc(I)cc1C(F)(F)F,316.016,14,1,benzoic,c1ccccc1
Ac3423,O=C(O)c1ccc(OC(F)(F)F)cc1Br,285.015,15,2,benzoic,c1ccccc1
Ac3429,O=C(O)c1ccc(CN(Cc2ccccc2)S(=O)(=O)c2ccc(Cl)cc2)cc1,415.898,28,7,benzoic,O=S(=O)(c1ccccc1)N(Cc1ccccc1)Cc1ccccc1
Ac3431,CCCOc1c(Cl)cc(C(=O)O)cc1Cl,249.093,15,4,benzoic,c1ccccc1
Ac3433,Cc1cc(-c2ccc(CC(=O)O)cc2)ccn1,227.263,17,3,acyclic_ali,c1ccc(-c2ccncc2)cc1
Ac3434,COCC1(C(=O)O)CCN(C(=O)OC(C)(C)C)C1,259.302,18,3,alpha_quat,C1CCNC1
Ac3435,COc1ncc(C(=O)O)cc1C(F)(F)F,221.134,15,2,aryl_other,c1ccncc1
Ac3436,CC(C)(C)OC(=O)N1C2CCC(C(=O)O)C1CC2,255.314,18,1,cyclic_ali,C1CC2CCC(C1)N2
Ac3437,CC(C)(C)OC(=O)N1CCOCC(C(=O)O)C1,245.275,17,1,cyclic_ali,C1CNCCOC1
Ac3438,CC(C)(C)OC(=O)N1CC(C(=O)O)CCC1(C)C,257.33,18,1,cyclic_ali,C1CCNCC1
Ac3439,O=C(O)[C@H]1CN(C(=O)OCc2ccccc2)C[C@H]1F,267.256,19,3,cyclic_ali,O=C(OCc1ccccc1)N1CCCC1
Ac3440,Cc1nc(-c2cn3c(n2)-c2ccc(-c4cnn(C(C)(C)C(=O)O)c4)cc2OCC3)n(C(C)C)n1,461.526,34,5,acyclic_ali,c1n[nH]c(-c2cn3c(n2)-c2ccc(-c4cn[nH]c4)cc2OCC3)n1
Ac3442,O=C(O)C1(c2ccccc2Br)CC1,241.084,13,2,alpha_quat,c1ccc(C2CC2)cc1
Ac3445,Cc1sc(Br)cc1C(=O)O,221.075,10,1,aryl_other,c1ccsc1
Ac3446,CCc1ncc(Br)c(C(=O)O)n1,231.049,12,2,heteroaryl,c1cncnc1
Ac3447,COc1ccc(/C=C(/C(=O)O)C(F)(F)F)cc1,246.184,17,3,other,c1ccccc1
Ac3449,CCCOc1ccc(/C=C/C(=O)O)cc1OC,236.267,17,6,other,c1ccccc1
Ac3450,O=C(O)Cc1cccc(Br)n1,216.034,11,2,acyclic_ali,c1ccncc1
Ac3451,CC1(C)OB(c2cnn(CC(=O)O)c2)OC1(C)C,252.079,18,3,acyclic_ali,c1n[nH]cc1B1OCCO1
Ac3452,CCc1nc(-c2ccc(C(=O)O)cc2)no1,218.212,16,3,benzoic,c1ccc(-c2ncon2)cc1
Ac3453,O=C(O)c1cccc(S(=O)(=O)N2CCCc3ccccc32)c1,317.366,22,3,benzoic,O=S(=O)(c1ccccc1)N1CCCc2ccccc21
Ac3455,Cc1nsc(I)c1C(=O)O,269.063,10,1,aryl_other,c1cnsc1
Ac3456,CCS(=O)(=O)c1ccc(CCC(=O)O)cc1,242.296,16,5,acyclic_ali,c1ccccc1
Ac3457,Cc1nc(-c2ccccc2F)sc1C(=O)O,237.255,16,2,heteroaryl,c1ccc(-c2nccs2)cc1
Ac3464,CC1(C)OB(CCCCCC(=O)O)OC1(C)C,242.124,17,6,acyclic_ali,B1OCCO1
Ac3466,Cc1c(N2C(=O)c3ccc(C(=O)O)cc3C2=O)c(=O)n(-c2ccccc2)n1C,377.356,28,3,benzoic,O=C1c2ccccc2C(=O)N1c1c[nH]n(-c2ccccc2)c1=O
Ac3467,COc1cccc(-n2cc(C(=O)O)nn2)c1,219.2,16,3,heteroaryl,c1ccc(-n2ccnn2)cc1
Ac3468,COC(=O)c1cc(-c2c(OC)cccc2OC)n(-c2ccc(C(=O)O)cc2C(C)C)n1,424.453,31,7,benzoic,c1ccc(-c2ccnn2-c2ccccc2)cc1
Ac3469,CC[C@H]1CC[C@H](c2ccc(C(=O)O)cc2)CC1,232.323,17,3,benzoic,c1ccc(C2CCCCC2)cc1
Ac3470,CC(C)(C)OC(=O)N1CCC2(CC2C(=O)O)C1,241.287,17,1,cyclic_ali,C1CC2(CC2)CN1
Ac3472,CC(C)(C)OC(=O)N1CCC(C(=O)O)C(F)(F)C1,265.256,18,1,cyclic_ali,C1CCNCC1
Ac3475,O=C(O)c1sc(C(F)(F)F)nc1Br,276.033,13,1,heteroaryl,c1cscn1
Ac3477,C#CCOc1ccc(/C=C/C(=O)O)cc1OC,232.235,17,5,other,c1ccccc1
Ac3479,CC(C)(C)OC(=O)N1CCC(CC#N)(C(=O)O)CC1,268.313,19,2,alpha_quat,C1CCNCC1
Ac3482,O=C(CCCl)OCCCCCCOc1ccc(C(=O)O)cc1,328.792,22,11,benzoic,c1ccccc1
Ac3484,O=C(O)c1cc(-c2ccc(Cl)cc2)ccn1,233.654,16,2,heteroaryl,c1ccc(-c2ccncc2)cc1
Ac3485,O=C(O)c1cc(-c2ccc(F)cc2F)ccn1,235.189,17,2,heteroaryl,c1ccc(-c2ccncc2)cc1
Ac3487,COC1CC(C(=O)O)CN(C(=O)OC(C)(C)C)C1,259.302,18,2,cyclic_ali,C1CCNCC1
Ac3489,CC(C(=O)O)S(=O)(=O)c1ccc(F)cc1,232.232,15,3,acyclic_ali,c1ccccc1
Ac3491,CC1Cc2cc(C(=O)O)sc2C2(CCN(C(=O)OC(C)(C)C)CC2)O1,367.467,25,1,heteroaryl,c1cc2c(s1)C1(CCNCC1)OCC2
Ac3492,CC(C)(C(=O)O)n1cc(Br)cn1,233.065,12,2,acyclic_ali,c1cn[nH]c1
Ac3493,CC1(C)CC[C@]2(C(=O)O)CC[C@]3(C)[C@H](C(=O)C=C4[C@@]5(C)C=C(C#N)C(=O)C(C)(C)C5CC[C@]43C)[C@H]2C1,491.672,36,1,alpha_quat,O=C1C=CC2C3=CC(=O)C4C5CCCCC5CCC4C3CCC2C1
Ac3494,N[C@H](Cc1c[nH]c2ccc(F)cc12)C(=O)O,222.219,16,3,alpha_amino,c1ccc2[nH]ccc2c1
Ac3495,CC(C)(C)OC(=O)N1CC(c2nc(C(=O)O)cs2)C1,284.337,19,2,heteroaryl,c1csc(C2CNC2)n1
Ac3500,C=CCn1nc2c(c1C(=O)O)CN(C(=O)OC(C)(C)C)CC2,307.35,22,3,heteroaryl,c1[nH]nc2c1CNCC2
Ac3501,C[C@@H]1CN(C(=O)OC(C)(C)C)CC[C@@H]1C(=O)O,243.303,17,1,cyclic_ali,C1CCNCC1
Ac3503,O=C(O)c1c(Br)cnc(Cl)c1F,254.442,12,1,aryl_other,c1ccncc1
Ac3504,Cc1ccc(CC(=O)O)cc1C(F)(F)F,218.174,15,2,acyclic_ali,c1ccccc1
Ac3506,O=C(O)c1c(F)ccc(C(F)(F)F)c1F,226.1,15,1,benzoic,c1ccccc1
Ac3508,COc1cccc(-n2ccc(C(=O)O)n2)c1,218.212,16,3,heteroaryl,c1ccc(-n2cccn2)cc1
Ac3509,Cc1cc(C(=O)O)nn1-c1ccc(F)cc1F,238.193,17,2,heteroaryl,c1ccc(-n2cccn2)cc1
Ac3510,O=C(O)c1cc(C(F)(F)F)nn1C1CC1,220.15,15,2,heteroaryl,c1cnn(C2CC2)c1
Ac3511,CC(C)(C)OC(=O)N1CC(C(=O)O)C2(CC2)C1,241.287,17,1,cyclic_ali,C1CC2(CC2)CN1
Ac3512,CC(C)(C)OC(=O)N1CC2(CC(CC(=O)O)C2)C1,255.314,18,2,acyclic_ali,C1CC2(C1)CNC2
Ac3515,O=C(O)c1c(F)ccc(OC(F)F)c1F,224.109,15,3,benzoic,c1ccccc1
Ac3517,CC(C)(C)OC(=O)N1CCS(=O)(=O)C(CC(=O)O)C1,293.341,19,2,acyclic_ali,O=S1(=O)CCNCC1
Ac3518,O=C(O)/C=C/c1ccc(I)o1,264.018,11,2,other,c1ccoc1
Ac3521,Cc1cc(C)c2nc(-c3ccccc3)cc(C(=O)O)c2c1,277.323,21,2,aryl_other,c1ccc(-c2ccc3ccccc3n2)cc1
Ac3522,O=C(O)c1c(Cl)cnc(Cl)c1Cl,226.446,12,1,aryl_other,c1ccncc1
Ac3523,O=C(O)CCCCCCC(=O)c1cccs1,240.324,16,8,acyclic_ali,c1ccsc1
Ac3524,Cc1ccc(-c2ccc(C(=O)O)s2)s1,224.306,14,2,heteroaryl,c1csc(-c2cccs2)c1
Ac3527,Cc1sc(-c2ccccc2)nc1CC(=O)O,233.292,16,3,acyclic_ali,c1ccc(-c2nccs2)cc1
Ac3528,O=C(O)CCCCc1nc2ccccc2s1,235.308,16,5,acyclic_ali,c1ccc2scnc2c1
Ac3529,O=C(O)CSC(O)C(=O)c1ccccc1,226.253,15,5,acyclic_ali,c1ccccc1
Ac3532,O=C(O)Cn1nc(-c2ccccc2)ccc1=O,230.223,17,3,acyclic_ali,O=c1ccc(-c2ccccc2)n[nH]1
Ac3533,O=C(O)c1ccccc1C(=O)c1ccc(Br)s1,311.156,17,3,benzoic,O=C(c1ccccc1)c1cccs1
Ac3534,CCOc1nc2ccccc2nc1C(=O)O,218.212,16,3,heteroaryl,c1ccc2nccnc2c1
Ac3535,O=C(O)c1ccc(-c2cc3ccccc3oc2=O)cc1,266.252,20,2,benzoic,O=c1oc2ccccc2cc1-c1ccccc1
Ac3536,Cc1ccc(-c2cc(C(=O)O)c3ccccc3n2)cc1C,277.323,21,2,aryl_other,c1ccc(-c2ccc3ccccc3n2)cc1
Ac3538,Cc1ccc(C)c(-c2cc(C(=O)O)c3ccccc3n2)c1,277.323,21,2,aryl_other,c1ccc(-c2ccc3ccccc3n2)cc1
Ac3539,Cc1ccc2nc(-c3ccc(Cl)cc3)cc(C(=O)O)c2c1,297.741,21,2,aryl_other,c1ccc(-c2ccc3ccccc3n2)cc1
Ac3541,Cc1ccc2nc(-c3ccc(C)o3)cc(C(=O)O)c2c1,267.284,20,2,aryl_other,c1coc(-c2ccc3ccccc3n2)c1
Ac3542,COc1ccc(-c2nc3ccccc3c(C(=O)O)c2C)cc1,293.322,22,3,aryl_other,c1ccc(-c2ccc3ccccc3n2)cc1
Ac3543,O=C(O)c1cc(-c2ccc(Cl)cc2)nc2ccc(Cl)cc12,318.159,21,2,aryl_other,c1ccc(-c2ccc3ccccc3n2)cc1
Ac3544,COc1ccc(CCN2CC(C(=O)O)CC2=O)cc1OC,293.319,21,6,cyclic_ali,O=C1CCCN1CCc1ccccc1
Ac3545,O=C(O)c1cc(-c2ccc(-c3ccccc3)cc2)nc2ccc(Br)cc12,404.263,26,3,aryl_other,c1ccc(-c2ccc(-c3ccc4ccccc4n3)cc2)cc1
Ac3546,COc1ccc(C(=O)O)cc1S(=O)(=O)N1CCOCC1,301.32,20,4,benzoic,O=S(=O)(c1ccccc1)N1CCOCC1
Ac3547,O=C(O)c1cnc(Br)c(F)c1,219.997,11,1,aryl_other,c1ccncc1
Ac3548,O=C(O)c1cc(Br)cnc1Br,280.903,11,1,aryl_other,c1ccncc1
Ac3549,O=C(O)c1c(Br)cncc1Br,280.903,11,1,aryl_other,c1ccncc1
Ac3550,Cc1ccc(Sc2ncccc2C(=O)O)cc1,245.303,17,3,aryl_other,c1ccc(Sc2ccccn2)cc1
Ac3551,O=C(O)C1CCC(=O)N(Cc2ccccc2)C1,233.267,17,3,cyclic_ali,O=C1CCCCN1Cc1ccccc1
Ac3552,COc1ccc2nc(-c3ccc(Br)cc3)cc(C(=O)O)c2c1,358.191,22,3,aryl_other,c1ccc(-c2ccc3ccccc3n2)cc1
Ac3553,O=C(O)c1cnc(Br)c(Br)c1,280.903,11,1,aryl_other,c1ccncc1
Ac3554,O=C(O)c1cc(Cl)c(Br)nc1Br,315.348,12,1,aryl_other,c1ccncc1
Ac3555,O=C(O)c1cnc(Br)cc1[N+](=O)[O-],247.004,13,2,aryl_other,c1ccncc1
Ac3557,O=C(O)C=C1CCN(C(=O)OCc2ccccc2)CC1,275.304,20,3,other,C=C1CCN(C(=O)OCc2ccccc2)CC1
Ac3558,O=C(O)c1cc(-c2ccc(Cl)cc2)nc2ccc(F)cc12,301.704,21,2,aryl_other,c1ccc(-c2ccc3ccccc3n2)cc1
Ac3560,O=C(O)CCn1ncc2ccccc2c1=O,218.212,16,3,acyclic_ali,O=c1[nH]ncc2ccccc12
Ac3561,Cc1cccc2c(C(=O)O)cc(-c3cccs3)nc12,269.325,19,2,aryl_other,c1csc(-c2ccc3ccccc3n2)c1
Ac3562,O=C(O)CSc1nnc(-c2ccc(Cl)cc2)o1,270.697,17,4,acyclic_ali,c1ccc(-c2nnco2)cc1
Ac3563,O=C(O)Cc1csc2nc(-c3ccc(Cl)cc3)cn12,292.747,19,3,acyclic_ali,c1ccc(-c2cn3ccsc3n2)cc1
Ac3564,O=C(O)c1cc2c(-c3ccccc3)nn(-c3ccccc3)c2s1,320.373,23,3,heteroaryl,c1ccc(-c2nn(-c3ccccc3)c3sccc23)cc1
Ac3565,CCCOc1ccc(Br)cc1C(=O)O,259.099,14,4,benzoic,c1ccccc1
Ac3566,O=C(O)CSc1cnc2ccccc2n1,220.253,15,3,acyclic_ali,c1ccc2nccnc2c1
Ac3567,O=C(O)c1cnn(-c2ccccc2)c1Cl,222.631,15,2,aryl_other,c1ccc(-n2cccn2)cc1
Ac3569,O=C(O)c1cnc(-c2ccccc2)nc1-c1ccccc1,276.295,21,3,aryl_other,c1ccc(-c2ccnc(-c3ccccc3)n2)cc1
Ac3570,COc1ccc(Cn2nc(C(=O)O)c3ccccc32)cc1,282.299,21,4,heteroaryl,c1ccc(Cn2ncc3ccccc32)cc1
Ac3571,O=C(O)CCn1[nH]c(=O)c2ccccc2c1=O,234.211,17,3,acyclic_ali,O=c1[nH][nH]c(=O)c2ccccc12
Ac3572,COc1ccc(-c2cc(C(=O)O)[nH]n2)cc1,218.212,16,3,heteroaryl,c1ccc(-c2cc[nH]n2)cc1
Ac3573,O=C(O)Cc1coc(-c2ccc(Cl)cc2)n1,237.642,16,3,acyclic_ali,c1ccc(-c2ncco2)cc1
Ac3574,CSc1ncc(C(=O)O)c(SC)n1,216.287,13,3,aryl_other,c1cncnc1
Ac3575,O=C(O)c1cc2cc3ccccc3nc2s1,229.26,16,1,heteroaryl,c1ccc2nc3sccc3cc2c1
Ac3576,Cc1oc(-c2ccc(Cl)cc2)nc1C(=O)O,237.642,16,2,heteroaryl,c1ccc(-c2ncco2)cc1
Ac3577,COc1ccc(-c2nnc(SCC(=O)O)o2)cc1,266.278,18,5,acyclic_ali,c1ccc(-c2nnco2)cc1
Ac3578,O=C(O)Cc1nc(-c2ccccc2)cs1,219.265,15,3,acyclic_ali,c1ccc(-c2cscn2)cc1
Ac3579,O=C(O)c1ccccc1-c1csc(-c2ccccc2)n1,281.336,20,3,benzoic,c1ccc(-c2csc(-c3ccccc3)n2)cc1
Ac3584,O=C(O)Cc1csc2ccc(Br)cc12,271.135,14,2,acyclic_ali,c1ccc2sccc2c1
Ac3585,CCOC(=O)c1sc(C(=O)O)c(C)c1C,228.269,15,3,heteroaryl,c1ccsc1
Ac3586,COc1c2occc2c(OC)c2c(=O)cc(C(=O)O)oc12,290.227,21,3,heteroaryl,O=c1ccoc2cc3occc3cc12
Ac3587,O=C(O)c1csc(I)c1,254.048,9,1,aryl_other,c1ccsc1
Ac3589,CC(=O)c1ccc(-c2ccc(C(=O)O)o2)cc1,230.219,17,3,heteroaryl,c1ccc(-c2ccco2)cc1
Ac3590,O=C(O)c1sc2cc([N+](=O)[O-])ccc2c1Cl,257.654,16,2,heteroaryl,c1ccc2sccc2c1
Ac3591,Cc1oc2c(c1C(=O)O)C(=O)c1ccccc1C2=O,256.213,19,1,aryl_other,O=C1c2ccccc2C(=O)c2occc21
Ac3592,O=C(O)CCN1C(=O)c2cccc([N+](=O)[O-])c2C1=O,264.193,19,4,acyclic_ali,O=C1NC(=O)c2ccccc21
Ac3593,O=C(O)c1ccn(-c2ccc(Cl)cc2)n1,222.631,15,2,heteroaryl,c1ccc(-n2cccn2)cc1
Ac3594,Cc1ccc(-n2cc(C(=O)O)c(-c3ccccc3)n2)cc1,278.311,21,3,aryl_other,c1ccc(-c2ccn(-c3ccccc3)n2)cc1
Ac3595,O=C(O)c1cc(Br)cc2c1OCCO2,259.055,14,1,benzoic,c1ccc2c(c1)OCCO2
Ac3596,O=C(O)CCCc1cc(Cl)sc1Cl,239.123,13,4,acyclic_ali,c1ccsc1
Ac3598,O=C(O)c1c(Cl)ccc(C(F)(F)F)c1Cl,259.01,15,1,benzoic,c1ccccc1
Ac3599,O=C(O)c1cc(I)cc(C(F)(F)F)c1,316.016,14,1,benzoic,c1ccccc1
Ac3600,O=C(O)CCc1ccc(C(F)(F)F)cc1Br,297.07,16,3,acyclic_ali,c1ccccc1
Ac3602,COc1cc(C(C)=O)ccc1OCC(=O)O,224.212,16,5,acyclic_ali,c1ccccc1
Ac3603,O=C(O)Cc1ccc(S(=O)(=O)O)cc1,216.214,14,3,acyclic_ali,c1ccccc1
Ac3604,O=C(O)c1c(F)c(F)c(F)c(F)c1Cl,228.528,14,1,benzoic,c1ccccc1
Ac3605,Cc1cc(OC(C)C(=O)O)cc(C)c1Cl,228.675,15,3,acyclic_ali,c1ccccc1
Ac3606,COc1ccc(CC(=O)C(=O)O)cc1Br,273.082,15,4,other,c1ccccc1
Ac3607,O=C(O)CCCCCCC(=O)c1ccc(Br)cc1,313.191,18,8,acyclic_ali,c1ccccc1
Ac3609,NS(=O)(=O)c1ccc(C(=O)O)c([N+](=O)[O-])c1,246.2,16,3,benzoic,c1ccccc1
Ac3613,O=C(O)COc1ccc(Cl)cc1CCl,235.066,14,4,acyclic_ali,c1ccccc1
Ac3614,CCc1ccc(C(=O)O)cc1I,276.073,12,2,benzoic,c1ccccc1
Ac3615,O=C(O)CCCSc1ccc(Br)cc1,275.167,14,5,acyclic_ali,c1ccccc1
Ac3616,O=C(O)c1cccc(C(F)(F)C(F)(F)F)c1,240.127,16,2,benzoic,c1ccccc1
Ac3617,O=C(O)c1cc(Br)cc([N+](=O)[O-])c1Cl,280.461,14,2,benzoic,c1ccccc1
Ac3618,O=C(O)C(OC1CCCC1)c1ccccc1,220.268,16,4,acyclic_ali,c1ccc(COC2CCCC2)cc1
Ac3620,O=C(O)CCC(=O)c1cc2ccccc2c2ccccc12,278.307,21,4,acyclic_ali,c1ccc2c(c1)ccc1ccccc12
Ac3622,COc1cc(Br)cc(C=O)c1OCC(=O)O,289.081,16,5,acyclic_ali,c1ccccc1
Ac3624,CC(C)(C)c1c([N+](=O)[O-])cc(C(=O)O)cc1[N+](=O)[O-],268.225,19,3,benzoic,c1ccccc1
Ac3625,CC(C)(Oc1ccc(C(C)(C)C)cc1)C(=O)O,236.311,17,3,acyclic_ali,c1ccccc1
Ac3626,CCC(C)(C)c1ccc(OCC(=O)O)cc1,222.284,16,5,acyclic_ali,c1ccccc1
Ac3627,COc1ccc(S(=O)(=O)CCC(=O)O)cc1,244.268,16,5,acyclic_ali,c1ccccc1
Ac3629,CC(Oc1ccc(Cl)cc1[N+](=O)[O-])C(=O)O,245.618,16,4,acyclic_ali,c1ccccc1
Ac3631,O=C(O)C1(c2ccc(-c3ccccc3)cc2)CC1,238.286,18,3,alpha_quat,c1ccc(-c2ccc(C3CC3)cc2)cc1
Ac3632,O=C(O)c1cc(I)cc2ccccc12,298.079,14,1,benzoic,c1ccc2ccccc2c1
Ac3633,O=C(O)c1cc([N+](=O)[O-])c2ccccc2c1,217.18,16,2,benzoic,c1ccc2ccccc2c1
Ac3634,COc1cc(Br)cc(OC)c1C(=O)O,261.071,14,3,benzoic,c1ccccc1
Ac3635,Cc1cc(C)c(C)c(C(=O)CCC(=O)O)c1C,234.295,17,4,acyclic_ali,c1ccccc1
Ac3636,COc1cccc(C(=O)CCCCC(=O)O)c1,236.267,17,7,acyclic_ali,c1ccccc1
Ac3637,CC(C)Oc1ccc2ccccc2c1C(=O)O,230.263,17,3,benzoic,c1ccc2ccccc2c1
Ac3638,CCCCS(=O)(=O)c1ccc(C(=O)O)cc1,242.296,16,5,benzoic,c1ccccc1
Ac3639,O=C(O)c1ccc(SCc2ccccc2)c([N+](=O)[O-])c1,289.312,20,5,benzoic,c1ccc(CSc2ccccc2)cc1
Ac3641,O=C(O)CC1(CCc2ccccc2)CCCC1,232.323,17,5,acyclic_ali,c1ccc(CCC2CCCC2)cc1
Ac3642,COc1ccc(C(=O)CCCC(=O)O)c(C)c1,236.267,17,6,acyclic_ali,c1ccccc1
Ac3643,COc1cccc(/C=C/c2ccccc2C(=O)O)c1,254.285,19,4,benzoic,C(=Cc1ccccc1)c1ccccc1
Ac3644,COc1ccc(C(=O)CCCC(=O)O)cc1C,236.267,17,6,acyclic_ali,c1ccccc1
Ac3646,CSc1ccc(Br)cc1C(=O)O,247.113,12,2,benzoic,c1ccccc1
Ac3647,CC(C)Oc1ccc(Br)cc1C(=O)O,259.099,14,3,benzoic,c1ccccc1
Ac3648,COc1ccc(Cl)c(C(=O)O)c1Cl,221.039,13,2,benzoic,c1ccccc1
Ac3649,O=C(O)CCC(=O)c1cccc(Cl)c1Cl,247.077,15,4,acyclic_ali,c1ccccc1
Ac3650,COCCOc1ccc(Cl)cc1C(=O)O,230.647,15,5,benzoic,c1ccccc1
Ac3651,CCc1ccc(C(=O)CCCC(=O)O)cc1,220.268,16,6,acyclic_ali,c1ccccc1
Ac3652,Cc1ccc(C(=O)CCC(=O)O)cc1Br,271.11,15,4,acyclic_ali,c1ccccc1
Ac3653,O=C(O)c1ccc(OCC(F)(F)C(F)F)cc1,252.163,17,5,benzoic,c1ccccc1
Ac3655,COc1c(C(=O)O)cc(Br)cc1[N+](=O)[O-],276.042,15,3,benzoic,c1ccccc1
Ac3656,CS(=O)(=O)c1cc(C(=O)O)c(Cl)cc1Cl,269.105,15,2,benzoic,c1ccccc1
Ac3657,O=C(O)C1(Oc2ccc(Cl)cc2)CCCCC1,254.713,17,3,cyclic_ali,c1ccc(OC2CCCCC2)cc1
Ac3658,O=C(O)CCNS(=O)(=O)c1ccc(Cl)cc1,263.702,16,5,acyclic_ali,c1ccccc1
Ac3662,CC(C)Oc1ccc([N+](=O)[O-])c(C(=O)O)c1,225.2,16,4,benzoic,c1ccccc1
Ac3663,CS(=O)(=O)Oc1ccc(CC(=O)O)cc1,230.241,15,4,acyclic_ali,c1ccccc1
Ac3664,CCOc1ccc(C2(C(=O)O)CCCCC2)cc1,248.322,18,4,alpha_quat,c1ccc(C2CCCCC2)cc1
Ac3665,CCCCS(=O)(=O)c1ccccc1C(=O)O,242.296,16,5,benzoic,c1ccccc1
Ac3666,CC(C)NS(=O)(=O)c1ccc(C(=O)O)cc1,243.284,16,4,benzoic,c1ccccc1
Ac3667,CN(C)S(=O)(=O)c1ccc(Cl)c(C(=O)O)c1,263.702,16,3,benzoic,c1ccccc1
Ac3668,O=C(O)c1ccc(Sc2ccc([N+](=O)[O-])cc2)cc1,275.285,19,4,benzoic,c1ccc(Sc2ccccc2)cc1
Ac3669,COc1ccc(S(=O)(=O)NC(C)C(=O)O)cc1,259.283,17,5,alpha_amino,c1ccccc1
Ac3671,O=C(O)c1cc(OCC(F)(F)F)cc(OCC(F)(F)F)c1,318.169,21,5,benzoic,c1ccccc1
Ac3675,CC(=O)Oc1cc(C(=O)O)c2ccccc2c1,230.219,17,2,benzoic,c1ccc2ccccc2c1
Ac3677,CCCCC(NS(=O)(=O)c1ccc(C)cc1)C(=O)O,285.365,19,7,alpha_amino,c1ccccc1
Ac3678,CN(CC(=O)O)S(=O)(=O)c1ccc2ccccc2c1,279.317,19,4,alpha_amino,c1ccc2ccccc2c1
Ac3679,CC(=O)O[C@@H]1CC(C)=C2[C@H]1[C@H](C)CC[C@H]2/C=C(\C)C(=O)O,292.375,21,3,other,C1=C2CCCCC2CC1
Ac3680,O=C(O)C[C@H]1CC[C@@H](c2ccccc2)CC1,218.296,16,3,acyclic_ali,c1ccc(C2CCCCC2)cc1
Ac3681,CCOc1cc(Br)cc(C(=O)O)c1,245.072,13,3,benzoic,c1ccccc1
Ac3682,Cc1cc(Cl)c(C(=O)O)cc1Br,249.491,12,1,benzoic,c1ccccc1
Ac3683,CC(CC(=O)O)c1ccccc1Br,243.1,13,3,acyclic_ali,c1ccccc1
Ac3684,O=C(O)c1cc(Br)cc(Br)c1Cl,314.36,12,1,benzoic,c1ccccc1
Ac3685,CCOc1ccc2cc(C(=O)O)ccc2c1,216.236,16,3,benzoic,c1ccc2ccccc2c1
Ac3686,O=C(O)CCCCCc1ccc(I)cc1,318.154,15,6,acyclic_ali,c1ccccc1
Ac3687,COc1cc(CC(=O)O)ccc1Br,245.072,13,3,acyclic_ali,c1ccccc1
Ac3688,COc1cc(OC)cc(C(C)(C)C(=O)O)c1,224.256,16,4,alpha_quat,c1ccccc1
Ac3689,CC(Oc1ccc(Br)cc1Br)C(=O)O,323.968,14,3,acyclic_ali,c1ccccc1
Ac3690,Cc1ccc(C2(C(=O)O)CCCCC2)cc1,218.296,16,2,alpha_quat,c1ccc(C2CCCCC2)cc1
Ac3691,Cc1cc(Cl)ccc1OC(C)(C)C(=O)O,228.675,15,3,acyclic_ali,c1ccccc1
Ac3693,O=C(O)COc1ccc(F)cc1Br,249.035,13,3,acyclic_ali,c1ccccc1
Ac3694,O=C(O)CSc1cccc2cccc(Cl)c12,252.722,16,3,acyclic_ali,c1ccc2ccccc2c1
Ac3695,COc1ccccc1C(=O)CCCCC(=O)O,236.267,17,7,acyclic_ali,c1ccccc1
Ac3696,Cc1cc(Br)c(C(=O)O)cc1[N+](=O)[O-],260.043,14,2,benzoic,c1ccccc1
Ac3697,CC(C)(C)c1cc(C(=O)O)cc([N+](=O)[O-])c1,223.228,16,2,benzoic,c1ccccc1
Ac3698,O=C(O)CCOc1cc(Cl)ccc1Cl,235.066,14,4,acyclic_ali,c1ccccc1
Ac3702,CCS(=O)(=O)Nc1ccc(C(=O)O)cc1,229.257,15,4,benzoic,c1ccccc1
Ac3703,O=C(O)CNS(=O)(=O)Cc1ccccc1,229.257,15,5,alpha_amino,c1ccccc1
Ac3704,COc1ccc2cc(C(=O)O)ccc2c1Cl,236.654,16,2,benzoic,c1ccc2ccccc2c1
Ac3705,Cc1ccc(C(C)C)c(OC(C)C(=O)O)c1,222.284,16,4,acyclic_ali,c1ccccc1
Ac3706,CC(C)(C)c1ccc(C(=O)CCCC(=O)O)cc1,248.322,18,5,acyclic_ali,c1ccccc1
Ac3707,COc1cc(OC)c(Cl)c(C(=O)O)c1Cl,251.065,15,3,benzoic,c1ccccc1
Ac3708,O=C(O)CS(=O)c1ccccc1[N+](=O)[O-],229.213,15,4,acyclic_ali,c1ccccc1
Ac3709,COc1ccc(C(=O)O)cc1S(C)(=O)=O,230.241,15,3,benzoic,c1ccccc1
Ac3711,COc1cc(C(=O)O)ccc1S(N)(=O)=O,231.229,15,3,benzoic,c1ccccc1
Ac3712,COc1ccc(C(C(=O)O)C2CCCCC2)cc1,248.322,18,4,acyclic_ali,c1ccc(CC2CCCCC2)cc1
Ac3713,O=C(O)COc1ccc(Cl)c(C(F)(F)F)c1,254.591,16,3,acyclic_ali,c1ccccc1
Ac3714,COc1ccc(C2CCC(CC(=O)O)CC2)cc1,248.322,18,4,acyclic_ali,c1ccc(C2CCCCC2)cc1
Ac3717,COc1ccc(C(=O)CC(=O)C(=O)O)cc1OC,252.222,18,6,other,c1ccccc1
Ac3720,O=C(O)CCCc1ccc([N+](=O)[O-])cc1[N+](=O)[O-],254.198,18,6,acyclic_ali,c1ccccc1
Ac3722,O=C(O)c1c(F)ccc(F)c1Br,236.999,12,1,benzoic,c1ccccc1
Ac3723,COc1cc(Br)c(OC)c(C(=O)O)c1OC,291.097,16,4,benzoic,c1ccccc1
Ac3725,COc1ccc(C(=O)CC(=O)CCC(=O)O)cc1,250.25,18,7,acyclic_ali,c1ccccc1
Ac3727,COc1ccc(Br)c(C(=O)O)c1[N+](=O)[O-],276.042,15,3,benzoic,c1ccccc1
Ac3730,CCc1c(C(=O)O)cnn1-c1ccccc1,216.24,16,3,aryl_other,c1ccc(-n2cccn2)cc1
Ac3731,CCOC(=O)CSc1ccccc1C(=O)O,240.28,16,5,benzoic,c1ccccc1
Ac3732,O=C(O)c1nn(-c2ccc(Cl)cc2)c(=O)c2ccccc12,300.701,21,2,heteroaryl,O=c1c2ccccc2cnn1-c1ccccc1
Ac3733,O=C(O)COCCOCCOCCOCCOCc1ccccc1,342.388,24,16,acyclic_ali,c1ccccc1
Ac3734,O=C(O)CCSc1nc2ccccc2o1,223.253,15,4,acyclic_ali,c1ccc2ocnc2c1
Ac3737,COc1ccc(-c2ccc(C(=O)O)s2)cc1,234.276,16,3,heteroaryl,c1ccc(-c2cccs2)cc1
Ac3740,CCCCOc1cccc(C2(C(=O)O)CCCC2)c1,262.349,19,6,alpha_quat,c1ccc(C2CCCC2)cc1
Ac3742,O=C(O)C(F)c1ccc(C(F)(F)F)cc1,222.137,15,2,acyclic_ali,c1ccccc1
Ac3743,O=C(O)c1cnn(-c2ccc([N+](=O)[O-])cc2)c1C(F)(F)F,301.18,21,3,aryl_other,c1ccc(-n2cccn2)cc1
Ac3745,O=C(O)CCCSc1nc2ccccc2s1,253.348,16,5,acyclic_ali,c1ccc2scnc2c1
Ac3747,O=C(O)CCc1cn(-c2ccccc2)nc1-c1ccc(Br)cc1,371.234,23,5,acyclic_ali,c1ccc(-c2ccn(-c3ccccc3)n2)cc1
Ac3748,O=C(O)C1(c2cccc(Cl)c2)CCCC1,224.687,15,2,alpha_quat,c1ccc(C2CCCC2)cc1
Ac3749,O=C(O)c1c(F)c(F)c(S(=O)(=O)O)c(F)c1F,274.147,17,2,benzoic,c1ccccc1
Ac3752,Cc1c(C(=O)O)c(I)nn1C,266.038,11,1,aryl_other,c1cn[nH]c1
Ac3753,O=C(O)c1ccc(CSc2ccc(Cl)cc2)cc1,278.76,18,4,benzoic,c1ccc(CSc2ccccc2)cc1
Ac3754,O=C(O)COc1ccc([N+](=O)[O-])c(C(F)(F)F)c1,265.143,18,4,acyclic_ali,c1ccccc1
Ac3755,CCCCCCCCCCOc1ccc(C(=O)O)cn1,279.38,20,11,aryl_other,c1ccncc1
Ac3758,CCN1C(=O)c2ccc(C(=O)O)cc2C1=O,219.196,16,2,benzoic,O=C1NC(=O)c2ccccc21
Ac3759,Cc1c(-c2ccccc2)nc2ccc(Cl)cc2c1C(=O)O,297.741,21,2,aryl_other,c1ccc(-c2ccc3ccccc3n2)cc1
Ac3760,O=C(O)C(Br)c1ccc(C(F)(F)F)cc1,283.043,15,2,acyclic_ali,c1ccccc1
Ac3761,O=C(O)C(=O)c1cc(Cl)cc(Cl)c1,219.023,13,2,other,c1ccccc1
Ac3764,CC(Oc1ccc(F)cc1Cl)C(=O)O,218.611,14,3,acyclic_ali,c1ccccc1
Ac3766,CN(C)S(=O)(=O)c1ccc(F)c(C(=O)O)c1,247.247,16,3,benzoic,c1ccccc1
Ac3767,O=C(O)c1ccc(/C=C/c2ccc(Br)cc2)cc1,303.155,18,3,benzoic,C(=Cc1ccccc1)c1ccccc1
Ac3768,O=C(O)CCCC(=O)c1cccc(Cl)c1,226.659,15,5,acyclic_ali,c1ccccc1
Ac3769,CCC(Oc1ccc(Br)cc1)C(=O)O,259.099,14,4,acyclic_ali,c1ccccc1
Ac3772,CS(=O)(=O)c1cc(C(=O)O)ccc1F,218.205,14,2,benzoic,c1ccccc1
Ac3773,COc1ccccc1-c1cc(C(=O)O)c2ccccc2n1,279.295,21,3,aryl_other,c1ccc(-c2ccc3ccccc3n2)cc1
Ac3778,Cn1nc(C(F)(F)F)c(Cl)c1C(=O)O,228.557,14,1,heteroaryl,c1cn[nH]c1
Ac3780,CC(C)(C)OC(=O)N1CCC2(CC1)CC(C(=O)O)c1ccccc12,331.412,24,1,cyclic_ali,c1ccc2c(c1)CCC21CCNCC1
Ac3781,CC(C)Oc1ccc(Br)c(C(=O)O)c1,259.099,14,3,benzoic,c1ccccc1
Ac3782,CC(C)(CC(=O)c1ccc(Cl)cc1)C(=O)O,240.686,16,4,alpha_quat,c1ccccc1
Ac3783,CC(C)(C)OC(=O)N1CC[C@H](c2ccccc2)[C@H](C(=O)O)C1,305.374,22,2,cyclic_ali,c1ccc(C2CCNCC2)cc1
Ac3785,O=C(O)/C=C/c1sccc1Br,233.086,11,2,other,c1ccsc1
Ac3786,CC(C)(C)OC(=O)C[C@H](C(=O)O)c1ccccc1,250.294,18,4,acyclic_ali,c1ccccc1
Ac3788,O=C(O)CSc1nnc(-c2ccccc2Cl)o1,270.697,17,4,acyclic_ali,c1ccc(-c2nnco2)cc1
Ac3789,COc1ccc(COc2cc(C(=O)O)on2)cc1,249.222,18,5,heteroaryl,c1ccc(COc2ccon2)cc1
Ac3792,O=C(O)COc1ccc2c(-c3ccccc3)cc(=O)oc2c1,296.278,22,4,acyclic_ali,O=c1cc(-c2ccccc2)c2ccccc2o1
Ac3794,O=C(O)c1cc(Cl)ccc1OCCF,218.611,14,4,benzoic,c1ccccc1
Ac3796,O=C(O)c1cn(-c2ccccc2)nc1-c1cccs1,270.313,19,3,aryl_other,c1ccc(-n2ccc(-c3cccs3)n2)cc1
Ac3797,CCc1ccc(-c2nn(-c3ccccc3)cc2C(=O)O)cc1,292.338,22,4,aryl_other,c1ccc(-c2ccn(-c3ccccc3)n2)cc1
Ac3798,O=C(O)c1cn(-c2ccccc2)nc1-c1ccc(Br)cc1,343.18,21,3,aryl_other,c1ccc(-c2ccn(-c3ccccc3)n2)cc1
Ac3799,COc1ccc(C(SCCC(=O)O)(c2ccccc2)c2ccccc2)cc1,378.493,27,8,acyclic_ali,c1ccc(C(c2ccccc2)c2ccccc2)cc1
Ac3800,COc1cccc(-n2nnc(C(=O)O)c2C)c1,233.227,17,3,heteroaryl,c1ccc(-n2ccnn2)cc1
Ac3802,CN(C)S(=O)(=O)c1cc(C(=O)O)ccc1F,247.247,16,3,benzoic,c1ccccc1
Ac3803,CCOC(=O)COc1cccc(C(=O)O)c1,224.212,16,5,benzoic,c1ccccc1
Ac3804,Cc1ccc(C)c(OCCCCC(=O)O)c1,222.284,16,6,acyclic_ali,c1ccccc1
Ac3805,COc1cc(C(=O)O)c([N+](=O)[O-])cc1OCCCBr,334.122,19,7,benzoic,c1ccccc1
Ac3806,CC(Cc1ccc(Cl)cc1Cl)C(=O)O,233.094,14,3,acyclic_ali,c1ccccc1
Ac3807,Cn1nc(C(F)(F)F)c(Br)c1C(=O)O,273.008,14,1,heteroaryl,c1cn[nH]c1
Ac3808,O=C(O)c1c(Br)cc(F)c(F)c1F,254.989,13,1,benzoic,c1ccccc1
Ac3809,O=C(O)c1c(C(F)(F)F)ccnc1Cl,225.553,14,1,aryl_other,c1ccncc1
Ac3811,CCCc1cc(=O)oc2cc(OCC(=O)O)ccc12,262.261,19,5,acyclic_ali,O=c1ccc2ccccc2o1
Ac3812,O=C(O)c1c(C(F)(F)F)cc(Cl)nc1Cl,259.998,15,1,aryl_other,c1ccncc1
Ac3813,Cc1ccc(-c2nn(-c3ccccc3)cc2/C=C/C(=O)O)cc1,304.349,23,4,other,c1ccc(-c2ccn(-c3ccccc3)n2)cc1
Ac3814,Cc1oc2cc3oc(=O)c(CCC(=O)O)c(C)c3cc2c1C,300.31,22,3,acyclic_ali,O=c1ccc2cc3ccoc3cc2o1
Ac3815,Cc1ccc(CN2CC(C(=O)O)CC2=O)cc1,233.267,17,3,cyclic_ali,O=C1CCCN1Cc1ccccc1
Ac3816,O=C(O)CCCc1nc(-c2ccc(Cl)cc2)no1,266.684,18,5,acyclic_ali,c1ccc(-c2ncon2)cc1
Ac3817,COc1ccc(CN2CC(C(=O)O)CC2=O)c(OC)c1,279.292,20,5,cyclic_ali,O=C1CCCN1Cc1ccccc1
Ac3818,COc1ccc(Br)c(C)c1C(=O)O,245.072,13,2,benzoic,c1ccccc1
Ac3819,O=C(O)c1ccc(C(F)(F)F)nc1Br,270.004,14,1,aryl_other,c1ccncc1
Ac3822,O=C(O)c1cc(C(F)(F)F)c(Cl)cn1,225.553,14,1,heteroaryl,c1ccncc1
Ac3823,O=C(O)Cc1c(F)cccc1C(F)(F)F,222.137,15,2,acyclic_ali,c1ccccc1
Ac3824,COc1cc(/C=C/C(=O)O)ccc1OS(=O)(=O)c1ccc(C)cc1,348.376,24,6,other,O=S(=O)(Oc1ccccc1)c1ccccc1
Ac3828,Cc1coc2c(C)c3oc(=O)c(CCC(=O)O)c(C)c3cc12,300.31,22,3,acyclic_ali,O=c1ccc2cc3ccoc3cc2o1
Ac3829,Cc1c(CCC(=O)O)c(=O)oc2c(C)c3occ(C(C)(C)C)c3cc12,342.391,25,3,acyclic_ali,O=c1ccc2cc3ccoc3cc2o1
Ac3830,Cc1c(CCC(=O)O)c(=O)oc2c(C)c3oc4c(c3cc12)CCCC4,340.375,25,3,acyclic_ali,O=c1ccc2cc3c4c(oc3cc2o1)CCCC4
Ac3831,Cc1c(CCC(=O)O)c(=O)oc2c(C)c3occ(-c4ccc(Cl)cc4)c3cc12,396.826,28,4,acyclic_ali,O=c1ccc2cc3c(-c4ccccc4)coc3cc2o1
Ac3832,CC(C)C(NS(=O)(=O)c1ccc(F)cc1)C(=O)O,275.301,18,5,alpha_amino,c1ccccc1
Ac3833,O=C(O)C1(c2cccc(Br)c2)CCOCC1,285.137,16,2,alpha_quat,c1ccc(C2CCOCC2)cc1
Ac3834,Cc1cc(C)c(C(=O)CCCC(=O)O)c(C)c1,234.295,17,5,acyclic_ali,c1ccccc1
Ac3835,Cn1cc(Br)cc(C(=O)O)c1=O,232.033,12,1,aryl_other,O=c1cccc[nH]1
Ac3837,CCCCn1nnc2cc(C(=O)O)ccc21,219.244,16,4,benzoic,c1ccc2[nH]nnc2c1
Ac3838,COc1ccc(C(=O)O)cc1OC(F)(F)F,236.145,16,3,benzoic,c1ccccc1
Ac3839,CCOc1ccc(C(=O)O)cc1C(F)(F)F,234.173,16,3,benzoic,c1ccccc1
Ac3840,COCCNS(=O)(=O)c1cccc(C(=O)O)c1,259.283,17,6,benzoic,c1ccccc1
Ac3842,N#Cc1cc(C(=O)O)ccc1OCC(F)(F)F,245.156,17,3,benzoic,c1ccccc1
Ac3844,CC(C)(Oc1ccc(Cl)cc1F)C(=O)O,232.638,15,3,acyclic_ali,c1ccccc1
Ac3846,CC(C)(C)OC(=O)COc1cccc(C(=O)O)c1,252.266,18,4,benzoic,c1ccccc1
Ac3851,COc1cc(C(=O)O)ccc1CBr,245.072,13,3,benzoic,c1ccccc1
Ac3852,Cc1cc(=O)oc2c3c(cc(OCC(=O)O)c12)OC(C)(C)CC3,318.325,23,3,acyclic_ali,O=c1ccc2ccc3c(c2o1)CCCO3
Ac3853,O=C(O)CCc1cn(-c2ccc(Br)cc2)nc1-c1ccc(Cl)cc1,405.679,24,5,acyclic_ali,c1ccc(-c2ccn(-c3ccccc3)n2)cc1
Ac3854,O=C(O)CCCc1ccc2c(c1)OCCO2,222.24,16,4,acyclic_ali,c1ccc2c(c1)OCCO2
Ac3855,O=C(O)c1ccc2ccc(-c3ccccc3)nc2c1,249.269,19,2,benzoic,c1ccc(-c2ccc3ccccc3n2)cc1
Ac3857,CSc1cc(Br)ccc1C(=O)O,247.113,12,2,benzoic,c1ccccc1
Ac3859,COc1ccc2c(Cl)c(C(=O)O)sc2c1,242.683,15,2,heteroaryl,c1ccc2sccc2c1
Ac3860,O=C(O)c1ccc(Oc2ccc(C(F)(F)F)cn2)cc1,283.205,20,3,benzoic,c1ccc(Oc2ccccn2)cc1
Ac3861,O=C(O)c1c(Br)ccc(OC(F)(F)F)c1F,303.005,16,2,benzoic,c1ccccc1
Ac3862,O=C(O)c1cc2nc(-c3ccccc3)cc(-c3ccccc3)n2n1,315.332,24,3,heteroaryl,c1ccc(-c2cc(-c3ccccc3)n3nccc3n2)cc1
Ac3863,O=C(O)/C=C/c1ccc(SC(F)(F)F)cc1,248.225,16,3,other,c1ccccc1
Ac3865,O=C(O)c1ccc(C(F)(F)F)c(Cl)n1,225.553,14,1,heteroaryl,c1ccncc1
Ac3866,O=C(O)C1(S(=O)(=O)c2ccc(Cl)cc2)CC1,260.698,16,3,cyclic_ali,O=S(=O)(c1ccccc1)C1CC1
Ac3867,O=C(O)c1ccc(CCN2CCCC2)nc1,220.272,16,4,aryl_other,c1ccc(CCN2CCCC2)nc1
Ac3868,CC(C)(C)OC(=O)N1CC[C@@H](c2ccc(F)cc2)[C@@H](C(=O)O)C1,323.364,23,2,cyclic_ali,c1ccc(C2CCNCC2)cc1
Ac3869,O=C(O)c1cc2ncc(Br)cn2n1,242.032,13,1,heteroaryl,c1cnc2ccnn2c1
Ac3870,O=C(O)CC1(c2ccc(F)cc2)C2CC3CC(C2)CC1C3,288.362,21,3,acyclic_ali,c1ccc(C2C3CC4CC(C3)CC2C4)cc1
Ac3871,O=C(O)c1cc(S(=O)(=O)Cl)c(Cl)cc1F,273.068,15,2,benzoic,c1ccccc1
Ac3874,COc1cc(S(=O)(=O)Cl)cc(C(=O)O)c1OC,280.685,17,4,benzoic,c1ccccc1
Ac3875,CC(C)(C)OC(=O)N1CCC(c2ccc(C(=O)O)cc2)C1,291.347,21,2,benzoic,c1ccc(C2CCNC2)cc1
Ac3877,O=C(O)c1c(F)c(F)cc([N+](=O)[O-])c1F,221.09,15,2,benzoic,c1ccccc1
Ac3878,O=C(O)c1cc([N+](=O)[O-])cc(Cl)c1Cl,236.01,14,2,benzoic,c1ccccc1
Ac3879,O=C(O)c1cccc(CN2CCCCC2)c1,219.284,16,3,benzoic,c1ccc(CN2CCCCC2)cc1
Ac3880,O=C(O)Cc1cccc(SC(F)(F)F)c1,236.214,15,3,acyclic_ali,c1ccccc1
Ac3881,Cc1nc(NS(C)(=O)=O)sc1C(=O)O,236.274,14,3,heteroaryl,c1cscn1
Ac3882,Cc1ccc(S(=O)(=O)N2CC[C@@H]2C(=O)O)cc1,255.295,17,3,alpha_amino,O=S(=O)(c1ccccc1)N1CCC1
Ac3883,O=C(O)Cc1csc(Br)c1,221.075,10,2,acyclic_ali,c1ccsc1
Ac3888,O=C(O)COc1cc(C(F)(F)F)cc(C(F)(F)F)c1,288.143,19,3,acyclic_ali,c1ccccc1
Ac3890,Cc1nc(-c2cccs2)sc1C(=O)O,225.294,14,2,heteroaryl,c1csc(-c2nccs2)c1
Ac3891,O=Cc1cc(C(F)(F)F)ccc1C(=O)O,218.13,15,2,benzoic,c1ccccc1
Ac3892,Cc1nc(-c2cccc(Cl)c2)sc1C(=O)O,253.71,16,2,heteroaryl,c1ccc(-c2nccs2)cc1
Ac3902,O=C(O)C1CC(=O)N(Cc2cccs2)C1,225.269,15,3,cyclic_ali,O=C1CCCN1Cc1cccs1
Ac3903,COC(=O)c1ccc(Br)cc1C(=O)O,259.055,14,2,benzoic,c1ccccc1
Ac3904,COc1ccc(-n2nc(C)cc2C(=O)O)cc1,232.239,17,3,heteroaryl,c1ccc(-n2cccn2)cc1
Ac3905,Cc1cc(C(=O)O)ccc1N1CCCS1(=O)=O,255.295,17,2,benzoic,O=S1(=O)CCCN1c1ccccc1
Ac3906,O=C(O)c1cc(N2CCOCC2)nc(N2CCOCC2)n1,294.311,21,3,heteroaryl,c1cc(N2CCOCC2)nc(N2CCOCC2)n1
Ac3907,Cc1cc(C(=O)O)cc(Br)c1Cl,249.491,12,1,benzoic,c1ccccc1
Ac3908,O=C(O)c1cc(C(F)(F)F)nn1Cc1ccccc1,270.21,19,3,heteroaryl,c1ccc(Cn2cccn2)cc1
Ac3910,CC(C)Oc1cc(Br)cc(C(=O)O)c1,259.099,14,3,benzoic,c1ccccc1
Ac3912,Cc1c(Br)cccc1CCC(=O)O,243.1,13,3,acyclic_ali,c1ccccc1
Ac3913,CCOc1cccc(C(=O)CCC(=O)O)c1,222.24,16,6,acyclic_ali,c1ccccc1
Ac3914,O=C(O)C1CN(C(=O)OCC2c3ccccc3-c3ccccc32)CCO1,353.374,26,3,cyclic_ali,O=C(OCC1c2ccccc2-c2ccccc21)N1CCOCC1
Ac3916,CN(c1ccccc1C(=O)O)S(C)(=O)=O,229.257,15,3,benzoic,c1ccccc1
Ac3921,O=C(O)c1ccc(F)c(CBr)c1,233.036,12,2,benzoic,c1ccccc1
Ac3922,O=C(O)c1cc(S(=O)(=O)Cl)cc2c1OCCO2,278.669,17,2,benzoic,c1ccc2c(c1)OCCO2
Ac3923,CC(C)(C)OC(=O)N1CCC(C(=O)O)(c2ccccc2Br)CC1,384.27,23,2,alpha_quat,c1ccc(C2CCNCC2)cc1
Ac3924,O=C(O)c1cc(-c2cccc(Cl)c2)on1,223.615,15,2,heteroaryl,c1ccc(-c2ccno2)cc1
Ac3925,O=C(O)c1cnn2c(C(F)(F)F)cc(-c3ccccc3)nc12,307.231,22,2,aryl_other,c1ccc(-c2ccn3nccc3n2)cc1
Ac3927,CC(C)(C)NS(=O)(=O)c1cc(C(=O)O)ccc1Br,336.207,18,3,benzoic,c1ccccc1
Ac3928,Cc1cc(Br)cc(C(=O)O)n1,216.034,11,1,heteroaryl,c1ccncc1
Ac3929,CCOC(=O)c1cnn(-c2ccc(C(=O)O)cc2)c1C(F)(F)F,328.246,23,4,benzoic,c1ccc(-n2cccn2)cc1
Ac3931,O=C(O)C1CC1c1ccc(C(F)(F)F)cc1,230.185,16,2,cyclic_ali,c1ccc(C2CC2)cc1
Ac3932,O=C(O)c1cc(F)cc(S(=O)(=O)Cl)c1,238.623,14,2,benzoic,c1ccccc1
Ac3933,O=C(O)c1ccc(I)c(C(F)(F)F)c1,316.016,14,1,benzoic,c1ccccc1
Ac3934,COc1ccc(-c2ccc3cc(C(=O)O)ccc3c2)cc1OC,308.333,23,4,benzoic,c1ccc(-c2ccc3ccccc3c2)cc1
Ac3935,Cc1c(I)cc([N+](=O)[O-])cc1C(=O)O,307.043,14,2,benzoic,c1ccccc1
Ac3938,O=C(O)C1CCN(c2nccc(C(F)(F)F)n2)CC1,275.23,19,2,cyclic_ali,c1cnc(N2CCCCC2)nc1
Ac3939,Cc1nc(-c2cnccn2)sc1C(=O)O,221.241,15,2,heteroaryl,c1cnc(-c2nccs2)cn1
Ac3940,O=C(O)c1cccc(-c2ccnc(Cl)n2)c1,234.642,16,2,benzoic,c1ccc(-c2ccncn2)cc1
Ac3941,O=C(O)CCc1ccc(Br)cn1,230.061,12,3,acyclic_ali,c1ccncc1
Ac3942,COc1cc(/C=C/C(=O)O)ccc1Br,257.083,14,3,other,c1ccccc1
Ac3943,Cc1cc(Br)c(I)cc1C(=O)O,340.942,12,1,benzoic,c1ccccc1
Ac3948,O=C(O)c1ccc(C2=CCCCC2)c(C(F)(F)F)c1,270.25,19,2,benzoic,C1=C(c2ccccc2)CCCC1
Ac3949,O=C(O)c1ccc(C(F)(F)F)c(I)c1,316.016,14,1,benzoic,c1ccccc1
Ac3950,O=C(O)C1(c2ccc(F)cc2)CCOCC1,224.231,16,2,alpha_quat,c1ccc(C2CCOCC2)cc1
Ac3951,O=C(O)CCc1ccc(C(F)(F)F)c(Cl)c1,252.619,16,3,acyclic_ali,c1ccccc1
Ac3952,CC(C)(C)OC(=O)N1CCCC(CCC(=O)O)C1,257.33,18,3,acyclic_ali,C1CCNCC1
Ac3954,CC(C)Oc1cc(Br)ccc1C(=O)O,259.099,14,3,benzoic,c1ccccc1
Ac3955,O=C(O)c1ccc(CBr)c(I)c1,340.942,12,2,benzoic,c1ccccc1
Ac3956,O=C(O)c1cc(Br)c(Cl)cc1F,253.454,12,1,benzoic,c1ccccc1
Ac3957,O=C(O)C1(c2ccc3c(c2)OCCO3)CC1,220.224,16,2,alpha_quat,c1cc2c(cc1C1CC1)OCCO2
Ac3958,O=C(O)C(CC(F)(F)F)c1ccccc1,218.174,15,3,acyclic_ali,c1ccccc1
Ac3959,CCCCc1cc(=O)oc2cc(OCC(=O)O)ccc12,276.288,20,6,acyclic_ali,O=c1ccc2ccccc2o1
Ac3961,Cc1nc(C(=O)O)c(-c2ccc(Cl)cc2)s1,253.71,16,2,heteroaryl,c1ccc(-c2cncs2)cc1
Ac3965,CC(C(=O)O)c1ccccc1C(F)(F)F,218.174,15,2,acyclic_ali,c1ccccc1
Ac3966,Cc1cc(C)n(-c2ccc(Cl)c(C(=O)O)c2)n1,250.685,17,2,benzoic,c1ccc(-n2cccn2)cc1
Ac3967,CC1(C)OB(c2cc(F)cc(C(=O)O)c2)OC1(C)C,266.077,19,2,benzoic,c1ccc(B2OCCO2)cc1
Ac3968,O=C(O)CCCN1C(=O)c2ccc(Br)cc2C1=O,312.119,18,4,acyclic_ali,O=C1NC(=O)c2ccccc21
Ac3969,O=C(O)c1ccc(NS(=O)(=O)c2cccs2)cc1,283.33,18,4,benzoic,O=S(=O)(Nc1ccccc1)c1cccs1
Ac3970,CC(C(=O)O)c1ccc2oc3ccccc3c(=O)c2c1,268.268,20,2,acyclic_ali,O=c1c2ccccc2oc2ccccc12
Ac3972,Cc1ncc(C(=O)O)cc1Br,216.034,11,1,aryl_other,c1ccncc1
Ac3973,CC(C)(C)OC(=O)N1CCCCC1CCCC(=O)O,271.357,19,4,acyclic_ali,C1CCNCC1
Ac3974,CCN(C(=O)OC(C)(C)C)c1ccc(C(=O)O)cn1,266.297,19,3,aryl_other,c1ccncc1
Ac3975,Cc1c(Br)cc(F)cc1C(=O)O,233.036,12,1,benzoic,c1ccccc1
Ac3977,COCOc1ccc(F)c(C(=O)O)c1F,218.155,15,4,benzoic,c1ccccc1
Ac3978,O=C(O)CCc1ccc(OC(F)F)cc1,216.183,15,5,acyclic_ali,c1ccccc1
Ac3979,O=C(O)c1cnc(Br)cc1I,327.903,11,1,aryl_other,c1ccncc1
Ac3980,COC(=O)c1cc(OCC(C)C)cc(C(=O)O)c1,252.266,18,5,benzoic,c1ccccc1
Ac3982,O=C(O)c1ccc([N+](=O)[O-])c(CBr)c1,260.043,14,3,benzoic,c1ccccc1
Ac3983,CCOC(=O)/C(C)=C/c1c(Cl)cc(C(=O)O)cc1Cl,303.141,19,4,benzoic,c1ccccc1
Ac3984,O=C(O)C1CCN(C(=O)c2ccc(Cl)cc2)CC1,267.712,18,2,cyclic_ali,O=C(c1ccccc1)N1CCCCC1
Ac3987,CC1CC(C(=O)O)CN1C(=O)OC(C)(C)C,229.276,16,1,cyclic_ali,C1CCNC1
Ac3989,O=C(O)c1cn(-c2ccccc2Cl)nn1,223.619,15,2,heteroaryl,c1ccc(-n2ccnn2)cc1
Ac3990,CC(C)(C)OC(=O)N1CCN(c2nc(C(=O)O)cs2)CC1,313.379,21,2,heteroaryl,c1csc(N2CCNCC2)n1
Ac3992,CN1CCN(Cc2ccc(C(=O)O)o2)CC1,224.26,16,3,heteroaryl,c1coc(CN2CCNCC2)c1
Ac3993,COc1nc(Br)ccc1C(=O)O,232.033,12,2,aryl_other,c1ccncc1
Ac3994,N#Cc1cc(Cl)c(C(=O)O)c(Cl)c1,216.023,13,1,benzoic,c1ccccc1
Ac3997,CC(C)(C)c1cc(Br)cc(C(=O)O)c1,257.127,14,1,benzoic,c1ccccc1
Ac3998,Cc1cc(F)cc(Br)c1C(=O)O,233.036,12,1,benzoic,c1ccccc1
Ac3999,O=C(O)c1cc(Cl)cc(Br)c1F,253.454,12,1,benzoic,c1ccccc1
Ac4002,Cc1ccc(-c2csc3ncnc(SCCC(=O)O)c23)cc1,330.434,22,5,acyclic_ali,c1ccc(-c2csc3ncncc23)cc1
Ac4004,COc1ncc(C(=O)O)cc1Br,232.033,12,2,aryl_other,c1ccncc1
Ac4005,O=C(O)c1c(C(F)(F)F)nn(-c2ccccc2)c1Cl,290.628,19,2,aryl_other,c1ccc(-n2cccn2)cc1
Ac4006,CC1(C)OB(c2cc(C(=O)O)co2)OC1(C)C,238.048,17,2,aryl_other,c1coc(B2OCCO2)c1
Ac4008,CC(C)c1ncc(Br)c(C(=O)O)n1,245.076,13,2,heteroaryl,c1cncnc1
Ac4009,Cc1ccc(-c2ncc(C(=O)O)s2)cc1,219.265,15,2,heteroaryl,c1ccc(-c2nccs2)cc1
Ac4010,O=C(O)/C=C/c1cc(Cl)ccc1OC(F)F,248.612,16,4,other,c1ccccc1
Ac4012,O=C(O)c1c(C(F)(F)F)n[nH]c1C(F)(F)F,248.082,16,1,aryl_other,c1cn[nH]c1
Ac4013,CCS(=O)(=O)c1ccccc1CC(=O)O,228.269,15,4,acyclic_ali,c1ccccc1
Ac4014,O=C(O)Cc1ccc(S(=O)(=O)CC(F)(F)F)cc1,282.239,18,4,acyclic_ali,c1ccccc1
Ac4015,C[C@@H]1CN(Cc2ccccc2)C[C@H]1C(=O)O,219.284,16,3,cyclic_ali,c1ccc(CN2CCCC2)cc1
Ac4018,O=C(O)Cc1ccnc(Br)c1,216.034,11,2,acyclic_ali,c1ccncc1
Ac4020,O=C(O)c1nc2cc(Br)ccc2o1,242.028,13,1,heteroaryl,c1ccc2ocnc2c1
Ac4021,C[C@]1(C(=O)N(CCCC(=O)O)Cc2cccc(Cl)c2)CCN1C(=O)c1csc2ccccc12,485.005,33,8,acyclic_ali,O=C(NCc1ccccc1)C1CCN1C(=O)c1csc2ccccc12
Ac4022,CC(C)(C)OC(=O)N1CCCC(C(=O)O)N1C(=O)OC(C)(C)C,330.381,23,1,alpha_amino,C1CCNNC1
Ac4023,CS(=O)(=O)c1cc(C(=O)O)cc(C(F)(F)F)c1,268.212,17,2,benzoic,c1ccccc1
Ac4024,CC(C)(C)OC(=O)N1CCC(C(=O)O)(c2ccc(Br)cc2)CC1,384.27,23,2,alpha_quat,c1ccc(C2CCNCC2)cc1
Ac4025,O=C(O)c1cccc(-c2ccc(-c3cn(C(=O)N4CCCCC4Cc4ccccc4)nn3)cc2)c1,466.541,35,5,benzoic,O=C(N1CCCCC1Cc1ccccc1)n1cc(-c2ccc(-c3ccccc3)cc2)nn1
Ac4026,O=C(O)c1nn(-c2ccc(F)cc2)c(=O)c2ccccc12,284.246,21,2,heteroaryl,O=c1c2ccccc2cnn1-c1ccccc1
Ac4027,CS(=O)(=O)N(CC(=O)O)c1ccccc1Cl,263.702,16,4,alpha_amino,c1ccccc1
Ac4028,Cc1c(C(=O)O)sc2cc(Cl)ccc12,226.684,14,1,heteroaryl,c1ccc2sccc2c1
Ac4029,O=C(O)c1cc2cc(Br)cnc2s1,258.096,13,1,heteroaryl,c1cnc2sccc2c1
Ac4031,CC1(C)OB(c2ccc3cc(C(=O)O)ccc3c2)OC1(C)C,298.147,22,2,benzoic,c1ccc2cc(B3OCCO3)ccc2c1
Ac4033,O=C(O)c1cnn(-c2cccc(Cl)c2)c1,222.631,15,2,aryl_other,c1ccc(-n2cccn2)cc1
Ac4034,Cc1cc(Br)cc(C(=O)O)c1F,233.036,12,1,benzoic,c1ccccc1
Ac4035,CC(C)(C)OC(=O)N1CCC(c2ccccc2C(=O)O)C1,291.347,21,2,benzoic,c1ccc(C2CCNC2)cc1
Ac4036,Cc1cc(C)n(-c2ccc(C(=O)O)cn2)n1,217.228,16,2,aryl_other,c1ccc(-n2cccn2)nc1
Ac4037,O=C(O)c1nnn(-c2ccccc2)c1C(F)(F)F,257.171,18,2,heteroaryl,c1ccc(-n2ccnn2)cc1
Ac4041,O=C(O)c1cccc(S(=O)(=O)N2CCCCCC2)c1,283.349,19,3,benzoic,O=S(=O)(c1ccccc1)N1CCCCCC1
Ac4042,O=C(O)c1cn(-c2ccccc2)nc1-c1ccncc1,265.272,20,3,aryl_other,c1ccc(-n2ccc(-c3ccncc3)n2)cc1
Ac4043,O=C(O)CCc1ccc(Cl)cc1Br,263.518,13,3,acyclic_ali,c1ccccc1
Ac4044,O=C(O)c1cc(S(=O)(=O)N2CCOCC2)c(Cl)cc1Cl,340.184,20,3,benzoic,O=S(=O)(c1ccccc1)N1CCOCC1
Ac4046,CS(=O)(=O)Nc1ccsc1C(=O)O,221.259,13,3,heteroaryl,c1ccsc1
Ac4047,O=C(O)Cc1cc(C(F)(F)F)ccc1F,222.137,15,2,acyclic_ali,c1ccccc1
Ac4049,COc1cc(C(=O)O)ccc1B1OC(C)(C)C(C)(C)O1,278.113,20,3,benzoic,c1ccc(B2OCCO2)cc1
Ac4050,COc1c(Br)ccc(F)c1C(=O)O,249.035,13,2,benzoic,c1ccccc1
Ac4051,COc1cc(Br)ccc1CCC(=O)O,259.099,14,4,acyclic_ali,c1ccccc1
Ac4056,CC1(C)OB(c2ccc(CC(=O)O)cc2F)OC1(C)C,280.104,20,3,acyclic_ali,c1ccc(B2OCCO2)cc1
Ac4057,Cc1cc(Br)cc(C)c1CC(=O)O,243.1,13,2,acyclic_ali,c1ccccc1
Ac4059,O=C(O)CCc1ccc(-c2ccccc2C(F)(F)F)o1,284.233,20,4,acyclic_ali,c1ccc(-c2ccco2)cc1
Ac4060,C[C@@H]1[C@H](C(=O)O)CCCN1C(=O)OC(C)(C)C,243.303,17,1,cyclic_ali,C1CCNCC1
Ac4061,CC(C)(C)OC(=O)N1CCN(c2ncc(C(=O)O)o2)CC1,297.311,21,2,heteroaryl,c1coc(N2CCNCC2)n1
Ac4062,CS(=O)(=O)Cc1ccc(C(=O)O)cc1[N+](=O)[O-],259.239,17,4,benzoic,c1ccccc1
Ac4064,O=C(O)c1cnc2cnc(Br)cn12,242.032,13,1,heteroaryl,c1cn2ccnc2cn1
Ac4066,COc1cc(C(=O)O)sc1Br,237.074,11,2,heteroaryl,c1ccsc1
Ac4067,O=C(O)c1nnn(-c2ccc(F)cc2)c1C(F)(F)F,275.161,19,2,heteroaryl,c1ccc(-n2ccnn2)cc1
Ac4068,O=C(O)c1cnn(Cc2ccccc2Cl)c1,236.658,16,3,aryl_other,c1ccc(Cn2cccn2)cc1
Ac4069,O=C(O)c1c(F)cc(C(F)(F)F)cc1F,226.1,15,1,benzoic,c1ccccc1
Ac4070,O=C(O)c1ccc(CN2C(=O)CSC2=O)cc1,251.263,17,3,benzoic,O=C1CSC(=O)N1Cc1ccccc1
Ac4072,Cc1cc(C)n(Cc2ccc(C(=O)O)o2)n1,220.228,16,3,heteroaryl,c1coc(Cn2cccn2)c1
Ac4074,N#Cc1ccc(C(=O)O)c(I)c1,273.029,12,1,benzoic,c1ccccc1
Ac4075,O=C(O)C1(c2ccc(C(F)(F)F)cc2F)CC1,248.175,17,2,alpha_quat,c1ccc(C2CC2)cc1
Ac4077,O=C(O)c1c(F)cc(C(F)(F)F)cc1Br,287.006,15,1,benzoic,c1ccccc1
Ac4078,CC(C)(C(=O)O)c1ccc(OC(F)(F)F)cc1,248.2,17,3,alpha_quat,c1ccccc1
Ac4080,COC(=O)C12CCC(CC(=O)O)(CC1)CC2,226.272,16,3,acyclic_ali,C1CC2CCC1CC2
Ac4081,CC1(C)OB(CCCCC(=O)O)OC1(C)C,228.097,16,5,acyclic_ali,B1OCCO1
Ac4082,O=C(O)c1ccc(Oc2ccc(Cl)cn2)cc1,249.653,17,3,benzoic,c1ccc(Oc2ccccn2)cc1
Ac4086,O=C(O)c1csc(-c2ccc(Cl)cc2Cl)n1,274.128,16,2,heteroaryl,c1ccc(-c2nccs2)cc1
Ac4087,Cc1cc([N+](=O)[O-])c(NS(=O)(=O)c2cccc(C(=O)O)c2)cc1-c1cccnc1,413.411,29,6,benzoic,O=S(=O)(Nc1cccc(-c2cccnc2)c1)c1ccccc1
Ac4088,CC(C)(C)OC(=O)N1CCCC2(CC2C(=O)O)C1,255.314,18,1,cyclic_ali,C1CNCC2(C1)CC2
Ac4089,O=C(O)c1ccnc(Cl)c1Br,236.452,11,1,aryl_other,c1ccncc1
Ac4090,CSc1ncc(Br)cc1C(=O)O,248.101,12,2,aryl_other,c1ccncc1
Ac4091,O=C(O)c1nnn(-c2ccccc2F)c1C(F)(F)F,275.161,19,2,heteroaryl,c1ccc(-n2ccnn2)cc1
Ac4092,CC[C@H]1CC[C@H]([C@H]2CC[C@H](C(=O)O)CC2)CC1,238.371,17,3,cyclic_ali,C1CCC(C2CCCCC2)CC1
Ac4094,O=C(O)C(F)(F)c1ccccc1Br,251.026,13,2,acyclic_ali,c1ccccc1
Ac4096,O=C(O)CCc1ccc(OC(F)(F)F)c(F)c1,252.163,17,4,acyclic_ali,c1ccccc1
Ac4097,O=C(O)c1nnsc1Sc1ccc(Cl)cc1,272.738,16,3,heteroaryl,c1ccc(Sc2cnns2)cc1
Ac4098,O=C(O)CC1Cc2ccc(Br)cc2C1=O,269.094,15,2,acyclic_ali,O=C1CCc2ccccc21
Ac4099,Cc1c(Cc2ccccc2)c(=O)oc2cc(OCC(=O)O)ccc12,324.332,24,5,acyclic_ali,O=c1oc2ccccc2cc1Cc1ccccc1
Ac4101,CNS(=O)(=O)c1cc(C(=O)O)ccc1F,233.22,15,3,benzoic,c1ccccc1
Ac4103,CC(C)(C)OC(=O)Nc1ccc(F)c(C(=O)O)c1,255.245,18,2,benzoic,c1ccccc1
Ac4105,O=C(O)Cc1ccc(OC(F)(F)F)cc1F,238.136,16,3,acyclic_ali,c1ccccc1
Ac4107,O=C(O)c1cc(F)c(Br)s1,225.038,10,1,heteroaryl,c1ccsc1
Ac4109,C#CCNS(=O)(=O)c1ccc(C(=O)O)cc1,239.252,16,4,benzoic,c1ccccc1
Ac4111,COc1ccc(C(F)(F)F)cc1CC(=O)O,234.173,16,3,acyclic_ali,c1ccccc1
Ac4112,O=C(O)c1cc(F)c(C(F)(F)F)cc1F,226.1,15,1,benzoic,c1ccccc1
Ac4114,C[C@@H]1[C@@H](C(=O)O)CCN1C(=O)OC(C)(C)C,229.276,16,1,cyclic_ali,C1CCNC1
Ac4115,O=C(O)CC(Cn1cnnn1)c1ccccc1,232.243,17,5,acyclic_ali,c1ccc(CCn2cnnn2)cc1
Ac4116,O=C(O)/C=C/c1ccc(OC(F)(F)F)c(F)c1,250.147,17,3,other,c1ccccc1
Ac4117,Cc1ncc(B2OC(C)(C)C(C)(C)O2)cc1C(=O)O,263.102,19,2,aryl_other,c1cncc(B2OCCO2)c1
Ac4118,CC(C)(C)OC(=O)N1CCN(c2cc(C(=O)O)ccn2)CC1,307.35,22,2,aryl_other,c1ccc(N2CCNCC2)nc1
Ac4119,CCc1c(Br)c(C(=O)O)nn1C,233.065,12,2,heteroaryl,c1cn[nH]c1
Ac4120,Cc1cnc(C(=O)O)cc1Br,216.034,11,1,heteroaryl,c1ccncc1
Ac4122,O=C(O)c1cnc2cc(C(F)(F)F)ccc2n1,242.156,17,1,heteroaryl,c1ccc2nccnc2c1
Ac4124,O=C(O)CCOc1ccc(OC(F)(F)F)cc1,250.172,17,5,acyclic_ali,c1ccccc1
Ac4125,O=C(O)c1cnc(OC(F)F)c(Cl)c1,223.562,14,3,aryl_other,c1ccncc1
Ac4126,CC(C)(C)OC(=O)N[C@@H](C(=O)O)c1ccc(Br)cc1,330.178,19,3,alpha_amino,c1ccccc1
Ac4127,O=C(O)c1cc(Oc2ccc([N+](=O)[O-])cc2)ccn1,260.205,19,4,heteroaryl,c1ccc(Oc2ccncc2)cc1
Ac4128,O=C(O)c1cnn(-c2ccncc2)c1C(F)F,239.181,17,3,aryl_other,c1cnn(-c2ccncc2)c1
Ac4129,Cc1ccc(Br)nc1C(=O)O,216.034,11,1,heteroaryl,c1ccncc1
Ac4130,O=C(O)c1cc(C(F)(F)F)cc([N+](=O)[O-])c1F,253.107,17,2,benzoic,c1ccccc1
Ac4131,N#CC1(c2cc(C(=O)O)cc(C(F)(F)F)c2)CC1,255.195,18,2,benzoic,c1ccc(C2CC2)cc1
Ac4132,CC(C)(C#N)c1cc(C(=O)O)cc(C(F)(F)F)c1,257.211,18,2,benzoic,c1ccccc1
Ac4133,O=C(O)C1CCN(c2ncc(Br)cn2)CC1,286.129,16,2,cyclic_ali,c1cnc(N2CCCCC2)nc1
Ac4134,Cc1ccc2nc3c(C(=O)O)cccn3c(=O)c2c1,254.245,19,1,aryl_other,O=c1c2ccccc2nc2ccccn12
Ac4139,CC(C)(C)OC(=O)NCc1cc(C(=O)O)no1,242.231,17,3,heteroaryl,c1cnoc1
Ac4142,CC(C)(C)OC(=O)N1CCCC(OCC(=O)O)C1,259.302,18,3,acyclic_ali,C1CCNCC1
Ac4143,COC(=O)CCc1ccc(OCC(=O)O)cc1,238.239,17,6,acyclic_ali,c1ccccc1
Ac4144,O=C(O)c1cc(F)ccc1N1CCCCC1,223.247,16,2,benzoic,c1ccc(N2CCCCC2)cc1
Ac4146,Cc1sc(C)c(C(=O)O)c1Br,235.102,11,1,aryl_other,c1ccsc1
Ac4147,Cc1csc(C(=O)O)c1Br,221.075,10,1,heteroaryl,c1ccsc1
Ac4148,Cc1csc(C(=O)O)c1I,268.075,10,1,heteroaryl,c1ccsc1
Ac4149,O=C(O)Cc1csc(Br)n1,222.063,10,2,acyclic_ali,c1cscn1
Ac4151,O=C(O)c1ccn(-c2ccc(Br)cc2)n1,267.082,15,2,heteroaryl,c1ccc(-n2cccn2)cc1
Ac4152,CC1(C)OC(=O)c2ccccc2C1C(=O)O,220.224,16,1,cyclic_ali,O=C1OCCc2ccccc21
Ac4153,O=C(O)c1cc(Br)c([N+](=O)[O-])o1,235.977,12,2,heteroaryl,c1ccoc1
Ac4154,CC1(C)CCc2cc(CC(=O)O)ccc2O1,220.268,16,2,acyclic_ali,c1ccc2c(c1)CCCO2
Ac4156,Cc1ccc(Cc2ccc(C(=O)O)o2)cc1,216.236,16,3,heteroaryl,c1ccc(Cc2ccco2)cc1
Ac4158,Cc1c(C(=O)O)c(-c2ccccc2)nn1C,216.24,16,2,aryl_other,c1ccc(-c2cc[nH]n2)cc1
Ac4159,O=C(O)CCc1csc(-c2ccccc2)n1,233.292,16,4,acyclic_ali,c1ccc(-c2nccs2)cc1
Ac4160,Cc1c(C(=O)O)oc2c1ccc1ccccc12,226.231,17,1,heteroaryl,c1ccc2c(c1)ccc1ccoc12
Ac4161,O=C(O)c1cc(C2CC2)nc2ccc(Cl)cc12,247.681,17,2,aryl_other,c1ccc2nc(C3CC3)ccc2c1
Ac4162,CCc1ccc(C(=O)c2ccccc2C(=O)O)s1,260.314,18,4,benzoic,O=C(c1ccccc1)c1cccs1
Ac4164,COc1cccc(C2(C(=O)O)CCN(C)CC2)c1,249.31,18,3,alpha_quat,c1ccc(C2CCNCC2)cc1
Ac4165,O=C(O)c1c2c(nc3ccc(F)cc13)CCCC2,245.253,18,1,aryl_other,c1ccc2nc3c(cc2c1)CCCC3
Ac4166,O=C(O)c1c2c(nc3ccc(Br)cc13)CCCC2,306.159,18,1,aryl_other,c1ccc2nc3c(cc2c1)CCCC3
Ac4167,CC(C)c1ccc(-c2cc(C(=O)O)c3ccccc3n2)cc1,291.35,22,3,aryl_other,c1ccc(-c2ccc3ccccc3n2)cc1
Ac4168,CC1CCc2c(nc3ccccc3c2C(=O)O)C1,241.29,18,1,aryl_other,c1ccc2nc3c(cc2c1)CCCC3
Ac4169,O=C(O)c1cc(N2CCOCC2)nc2ccccc12,258.277,19,2,aryl_other,c1ccc2nc(N3CCOCC3)ccc2c1
Ac4170,Cc1cc2nc(-c3ccccc3)cc(C(=O)O)c2cc1C,277.323,21,2,aryl_other,c1ccc(-c2ccc3ccccc3n2)cc1
Ac4172,Cc1c(-c2ccc(Cl)cc2)nc2ccccc2c1C(=O)O,297.741,21,2,aryl_other,c1ccc(-c2ccc3ccccc3n2)cc1
Ac4173,Cc1c(-c2ccc(C(C)C)cc2)nc2ccccc2c1C(=O)O,305.377,23,3,aryl_other,c1ccc(-c2ccc3ccccc3n2)cc1
Ac4174,O=C(O)CC(c1ccccc1)c1ccc2c(c1)OCO2,270.284,20,4,acyclic_ali,c1ccc(Cc2ccc3c(c2)OCO3)cc1
Ac4175,COc1ccc2c(C)c(CCC(=O)O)c(=O)oc2c1,262.261,19,4,acyclic_ali,O=c1ccc2ccccc2o1
Ac4176,O=C(O)c1ccc(-n2[nH]c(-c3ccccc3)cc2=O)cc1,280.283,21,3,benzoic,O=c1cc(-c2ccccc2)[nH]n1-c1ccccc1
Ac4177,O=C(O)c1cc(-c2ccc(Cl)cc2)nc2c(Cl)cccc12,318.159,21,2,aryl_other,c1ccc(-c2ccc3ccccc3n2)cc1
Ac4178,COc1ccc(-c2cc(C(=O)O)c3cc(C)cc(C)c3n2)cc1,307.349,23,3,aryl_other,c1ccc(-c2ccc3ccccc3n2)cc1
Ac4180,O=C(O)c1cc(-c2ccc(C3CCCCC3)cc2)nc2ccccc12,331.415,25,3,aryl_other,c1ccc2nc(-c3ccc(C4CCCCC4)cc3)ccc2c1
Ac4181,O=C(O)c1ccc(S(=O)(=O)N2CCCCCC2)cc1,283.349,19,3,benzoic,O=S(=O)(c1ccccc1)N1CCCCCC1
Ac4184,O=C(O)c1cccnc1I,249.007,10,1,aryl_other,c1ccncc1
Ac4185,O=C(O)c1cccnc1Oc1ccc(Br)cc1,294.104,17,3,aryl_other,c1ccc(Oc2ccccn2)cc1
Ac4186,C=CCN1C(=O)c2ccc(C(=O)O)cc2C1=O,231.207,17,3,benzoic,O=C1NC(=O)c2ccccc21
Ac4188,O=C(O)C1CCN(C(=O)Cc2ccccc2)CC1,247.294,18,3,cyclic_ali,O=C(Cc1ccccc1)N1CCCCC1
Ac4189,Cc1ccc(-c2cc(C(=O)O)c3cc(C)ccc3n2)cc1,277.323,21,2,aryl_other,c1ccc(-c2ccc3ccccc3n2)cc1
Ac4191,CCCOc1ccc(-c2cc(C(=O)O)c3ccccc3n2)cc1,307.349,23,5,aryl_other,c1ccc(-c2ccc3ccccc3n2)cc1
Ac4193,CN(Cc1ccccc1)c1ncccc1C(=O)O,242.278,18,4,aryl_other,c1ccc(CNc2ccccn2)cc1
Ac4194,Cc1ccc(-n2nc(C)cc2C(=O)O)cc1,216.24,16,2,heteroaryl,c1ccc(-n2cccn2)cc1
Ac4195,CC(C)c1cc(C(=O)O)nn1-c1ccccc1,230.267,17,3,heteroaryl,c1ccc(-n2cccn2)cc1
Ac4196,COc1cc(C(=O)O)n(-c2ccccc2)n1,218.212,16,3,heteroaryl,c1ccc(-n2cccn2)cc1
Ac4197,O=C(O)c1cc(-c2cccs2)nc2ccc(Cl)cc12,289.743,19,2,aryl_other,c1csc(-c2ccc3ccccc3n2)c1
Ac4198,O=C(O)Cn1cc(I)cn1,252.011,10,2,acyclic_ali,c1cn[nH]c1
Ac4199,CC(Sc1nc2ccccc2s1)C(=O)O,239.321,15,3,acyclic_ali,c1ccc2scnc2c1
Ac4200,O=C(O)c1cc(-c2ccccn2)nc2ccc(Br)cc12,329.153,20,2,aryl_other,c1ccc(-c2ccc3ccccc3n2)nc1
Ac4202,O=C(O)c1cc(-c2ccncc2)nc2ccc(Br)cc12,329.153,20,2,aryl_other,c1ccc2nc(-c3ccncc3)ccc2c1
Ac4203,O=C(O)CCSc1nnnn1-c1ccccc1,250.283,17,5,acyclic_ali,c1ccc(-n2cnnn2)cc1
Ac4204,O=C(O)c1cnn(-c2ccccc2)c1Br,267.082,15,2,aryl_other,c1ccc(-n2cccn2)cc1
Ac4205,Cc1cc(C)n(-c2ccccc2C(=O)O)n1,216.24,16,2,benzoic,c1ccc(-n2cccn2)cc1
Ac4206,Cc1cc(C(=O)O)n(-c2ccc(Cl)cc2)n1,236.658,16,2,heteroaryl,c1ccc(-n2cccn2)cc1
Ac4208,CCn1nc(C(=O)O)c(=O)c2ccccc21,218.212,16,2,heteroaryl,O=c1cn[nH]c2ccccc12
Ac4209,Cc1nn(C)c(C(=O)O)c1I,266.038,11,1,heteroaryl,c1cn[nH]c1
Ac4210,CCn1nc(C(=O)O)c2ccccc2c1=O,218.212,16,2,heteroaryl,O=c1[nH]ncc2ccccc12
Ac4211,Cc1cc(C)n(-c2ccc(CC(=O)O)cc2)n1,230.267,17,3,acyclic_ali,c1ccc(-n2cccn2)cc1
Ac4212,O=C(O)CCCn1cnc2ccccc2c1=O,232.239,17,4,acyclic_ali,O=c1[nH]cnc2ccccc12
Ac4213,Cc1c(C(=O)O)nnn1-c1ccc(I)cc1,329.097,16,2,heteroaryl,c1ccc(-n2ccnn2)cc1
Ac4214,Cc1nn(-c2ccccc2)c(SCC(=O)O)c1C=O,276.317,19,5,acyclic_ali,c1ccc(-n2cccn2)cc1
Ac4215,O=C(O)C(F)(F)c1nc2ccccc2s1,229.207,15,2,acyclic_ali,c1ccc2scnc2c1
Ac4216,O=C(O)c1cc(-c2ccccn2)nc2c(Cl)cccc12,284.702,20,2,aryl_other,c1ccc(-c2ccc3ccccc3n2)nc1
Ac4217,O=C(O)Cn1nc(-c2ccc(Cl)cc2)ccc1=O,264.668,18,3,acyclic_ali,O=c1ccc(-c2ccccc2)n[nH]1
Ac4218,COc1cc(C(=O)O)nn1-c1cccc(Cl)c1,252.657,17,3,heteroaryl,c1ccc(-n2cccn2)cc1
Ac4220,CS(=O)(=O)c1ncc(Br)c(C(=O)O)n1,281.087,14,2,heteroaryl,c1cncnc1
Ac4221,O=C(O)Cc1coc(-c2ccc(F)cc2)n1,221.187,16,3,acyclic_ali,c1ccc(-c2ncco2)cc1
Ac4224,O=C(O)c1ccccc1C(=O)N1CCOCC1,235.239,17,2,benzoic,O=C(c1ccccc1)N1CCOCC1
Ac4225,O=C(O)c1ccc2nc(C(F)(F)F)sc2c1,247.197,16,1,benzoic,c1ccc2scnc2c1
Ac4227,O=C(O)c1ccccc1Cc1nc2ccccc2s1,269.325,19,3,benzoic,c1ccc(Cc2nc3ccccc3s2)cc1
Ac4228,O=C(O)c1ccccc1-c1nnc(-c2ccccc2Cl)o1,300.701,21,3,benzoic,c1ccc(-c2nnc(-c3ccccc3)o2)cc1
Ac4229,Cc1csc(-c2cccc(C(=O)O)c2)n1,219.265,15,2,benzoic,c1ccc(-c2nccs2)cc1
Ac4231,O=C(O)CCCc1ccc(Br)s1,249.129,12,4,acyclic_ali,c1ccsc1
Ac4232,O=C(O)c1ccc(-c2ccc(Br)cc2)s1,283.146,15,2,heteroaryl,c1ccc(-c2cccs2)cc1
Ac4233,Cc1cc(C(=O)O)sc1-c1ccccc1,218.277,15,2,heteroaryl,c1ccc(-c2cccs2)cc1
Ac4234,O=C(O)c1cccc(-c2ccc3c(c2)OCO3)c1,242.23,18,2,benzoic,c1ccc(-c2ccc3c(c2)OCO3)cc1
Ac4235,O=C(O)c1cc(Br)c([N+](=O)[O-])s1,252.045,12,2,heteroaryl,c1ccsc1
Ac4239,O=C(O)CCC(=O)CCC(=O)c1cccs1,240.28,16,7,acyclic_ali,c1ccsc1
Ac4241,O=C(O)c1cn(Cc2ccccc2)nc1-c1ccccc1,278.311,21,4,aryl_other,c1ccc(Cn2ccc(-c3ccccc3)n2)cc1
Ac4246,O=C(O)c1cccc(C(F)(F)F)c1C(F)(F)F,258.117,17,1,benzoic,c1ccccc1
Ac4247,CCc1cc(Br)cc(C(=O)O)c1,229.073,12,2,benzoic,c1ccccc1
Ac4248,O=C(O)CCCc1ccc(Cl)cc1Cl,233.094,14,4,acyclic_ali,c1ccccc1
Ac4249,CS(=O)(=O)c1ccc(C(=O)O)cc1Br,279.111,14,2,benzoic,c1ccccc1
Ac4250,Cc1ccc(C(=O)CCCCCC(=O)O)cc1,234.295,17,7,acyclic_ali,c1ccccc1
Ac4251,COc1cc(C(=O)O)cc(OC)c1C(C)C,224.256,16,4,benzoic,c1ccccc1
Ac4253,CC(C)C(C(=O)O)c1cccc(C(F)(F)F)c1,246.228,17,3,acyclic_ali,c1ccccc1
Ac4255,CC(C)(C)NS(=O)(=O)c1cc(C(=O)O)ccc1Cl,291.756,18,3,benzoic,c1ccccc1
Ac4258,Cc1cc(Br)cc(CC(=O)O)c1,229.073,12,2,acyclic_ali,c1ccccc1
Ac4260,CC(C)C(Oc1ccc(Br)cc1)C(=O)O,273.126,15,4,acyclic_ali,c1ccccc1
Ac4261,Cc1c(CCl)cc(C(=O)O)cc1CCl,233.094,14,3,benzoic,c1ccccc1
Ac4262,N#C/C(=C\c1ccc2ccccc2c1)C(=O)O,223.231,17,2,other,c1ccc2ccccc2c1
Ac4264,COc1cccc(C2(C(=O)O)CCCC2)c1,220.268,16,3,alpha_quat,c1ccc(C2CCCC2)cc1
Ac4267,O=C(O)Cc1ccc(Br)c(Cl)c1,249.491,12,2,acyclic_ali,c1ccccc1
Ac4269,O=C(O)CS(=O)(=O)c1cccc(Cl)c1,234.66,14,3,acyclic_ali,c1ccccc1
Ac4270,O=C(O)CCS(=O)(=O)c1ccc2ccccc2c1,264.302,18,4,acyclic_ali,c1ccc2ccccc2c1
Ac4271,Cc1ccc(C(C)C)c(OCCC(=O)O)c1,222.284,16,5,acyclic_ali,c1ccccc1
Ac4272,CS(=O)(=O)c1cccc(OCC(=O)O)c1,230.241,15,4,acyclic_ali,c1ccccc1
Ac4273,O=C(O)CSc1ccc(C(F)(F)F)cc1[N+](=O)[O-],281.211,18,4,acyclic_ali,c1ccccc1
Ac4274,Cc1cccc(CCC(=O)O)c1Br,243.1,13,3,acyclic_ali,c1ccccc1
Ac4275,CCCCOc1ccc(Cl)cc1C(=O)O,228.675,15,5,benzoic,c1ccccc1
Ac4276,O=C(O)Cc1ccc([N+](=O)[O-])c(Br)c1,260.043,14,3,acyclic_ali,c1ccccc1
Ac4277,O=C(O)CSCc1cccc([N+](=O)[O-])c1,227.241,15,5,acyclic_ali,c1ccccc1
Ac4278,O=C(O)c1cccc(S(=O)(=O)C(F)F)c1,236.195,15,3,benzoic,c1ccccc1
Ac4279,CC(C)CCSc1ccccc1C(=O)O,224.325,15,5,benzoic,c1ccccc1
Ac4280,Cc1cc(Cl)ccc1C(=O)CCC(=O)O,226.659,15,4,acyclic_ali,c1ccccc1
Ac4281,O=C(O)c1ccc(CC(=O)c2ccccc2)cc1,240.258,18,4,benzoic,O=C(Cc1ccccc1)c1ccccc1
Ac4282,O=C(O)CCCS(=O)(=O)Cc1ccccc1,242.296,16,6,acyclic_ali,c1ccccc1
Ac4283,CCS(=O)(=O)c1ccc(Cl)c(C(=O)O)c1,248.687,15,3,benzoic,c1ccccc1
Ac4284,COc1cc(OC)cc(C(=O)CCC(=O)O)c1,238.239,17,6,acyclic_ali,c1ccccc1
Ac4285,O=C(O)CCC(=O)CCC(=O)c1ccc(Cl)cc1,268.696,18,7,acyclic_ali,c1ccccc1
Ac4287,N#CSc1ccc(C(=O)O)cc1[N+](=O)[O-],224.197,15,3,benzoic,c1ccccc1
Ac4288,O=C(O)Cc1ccc(S(=O)(=O)C(F)(F)F)cc1,268.212,17,3,acyclic_ali,c1ccccc1
Ac4290,Cc1c(C)c(C)c(C(=O)c2ccccc2C(=O)O)c(C)c1C,296.366,22,3,benzoic,O=C(c1ccccc1)c1ccccc1
Ac4291,Cc1ccc(C(=O)CC(C)(C)C(=O)O)cc1,220.268,16,4,alpha_quat,c1ccccc1
Ac4292,CC(C)Oc1ccc(CC(=O)O)cc1Cl,228.675,15,4,acyclic_ali,c1ccccc1
Ac4293,COCCOc1ccc(Br)cc1C(=O)O,275.098,15,5,benzoic,c1ccccc1
Ac4294,COc1ccc(C(=O)CC(C)(C)CC(=O)O)cc1,250.294,18,6,acyclic_ali,c1ccccc1
Ac4297,CCCCOc1c(Cl)cc(C(=O)O)cc1OC,258.701,17,6,benzoic,c1ccccc1
Ac4298,O=C(O)c1cc(C(F)(F)F)ccc1Sc1ccccc1,298.285,20,3,benzoic,c1ccc(Sc2ccccc2)cc1
Ac4301,O=C(O)c1ccccc1Sc1ccc(C(F)(F)F)cc1[N+](=O)[O-],343.282,23,4,benzoic,c1ccc(Sc2ccccc2)cc1
Ac4302,CCOc1ccccc1C(=O)CCC(=O)O,222.24,16,6,acyclic_ali,c1ccccc1
Ac4303,CCCCCOc1ccc(C(=O)/C=C/C(=O)O)cc1,262.305,19,8,other,c1ccccc1
Ac4304,COc1ccc(C(=O)CCC(=O)O)c(Cl)c1,242.658,16,5,acyclic_ali,c1ccccc1
Ac4305,COc1cccc(C2(C(=O)O)CCCCC2)c1,234.295,17,3,alpha_quat,c1ccc(C2CCCCC2)cc1
Ac4306,CS(=O)(=O)NC(Cc1ccccc1)C(=O)O,243.284,16,5,alpha_amino,c1ccccc1
Ac4307,O=C(O)c1cc(S(=O)(=O)Cl)cc(Cl)c1Cl,289.523,15,2,benzoic,c1ccccc1
Ac4308,CC(C)NS(=O)(=O)c1ccc(Cl)c(C(=O)O)c1,277.729,17,4,benzoic,c1ccccc1
Ac4309,Cc1cc(C(=O)O)ccc1S(=O)(=O)Cl,234.66,14,2,benzoic,c1ccccc1
Ac4310,CN(C)S(=O)(=O)c1ccccc1C(=O)O,229.257,15,3,benzoic,c1ccccc1
Ac4311,Cc1ccc(Sc2ccc(Cl)cc2)c(C(=O)O)c1,278.76,18,3,benzoic,c1ccc(Sc2ccccc2)cc1
Ac4312,O=C(O)c1ccc(N2CCCCS2(=O)=O)cc1,255.295,17,2,benzoic,O=S1(=O)CCCCN1c1ccccc1
Ac4313,COc1ccc(C2(C(=O)O)CCCCC2)cc1OC,264.321,19,4,alpha_quat,c1ccc(C2CCCCC2)cc1
Ac4315,Cc1cc(C)c(OCC(=O)O)c(Br)c1,259.099,14,3,acyclic_ali,c1ccccc1
Ac4316,O=C(O)CSc1c(Cl)cccc1Cl,237.107,13,3,acyclic_ali,c1ccccc1
Ac4317,O=C(O)CCCCCC(=O)c1ccc2ccccc2c1,270.328,20,7,acyclic_ali,c1ccc2ccccc2c1
Ac4318,CC(C)(C)c1ccc(OCCC(=O)O)cc1,222.284,16,4,acyclic_ali,c1ccccc1
Ac4319,Cc1ccc(C(=O)CC(C)CC(=O)O)cc1,220.268,16,5,acyclic_ali,c1ccccc1
Ac4320,CS(=O)(=O)c1ccc(Br)c(C(=O)O)c1,279.111,14,2,benzoic,c1ccccc1
Ac4321,CC(C)S(=O)(=O)c1ccccc1C(=O)O,228.269,15,3,benzoic,c1ccccc1
Ac4322,O=C(O)C12CCC(Br)(CC1)C2,219.078,11,1,alpha_quat,C1CC2CCC1C2
Ac4323,COc1ccc(C(=O)COCC(=O)O)cc1,224.212,16,6,acyclic_ali,c1ccccc1
Ac4324,CC(C)COc1ccc(/C=C/C(=O)O)cc1,220.268,16,5,other,c1ccccc1
Ac4325,COc1cc(C(=O)O)c(Cl)cc1Cl,221.039,13,2,benzoic,c1ccccc1
Ac4326,NS(=O)(=O)c1ccc(/C=C/C(=O)O)cc1,227.241,15,3,other,c1ccccc1
Ac4327,COc1cc(/C=C/C(=O)O)cc(Cl)c1OC,242.658,16,4,other,c1ccccc1
Ac4328,COc1cc(/C=C/C(=O)O)cc(Br)c1OC,287.109,16,4,other,c1ccccc1
Ac4329,CSCCC(NS(=O)(=O)c1ccccc1)C(=O)O,289.378,18,7,alpha_amino,c1ccccc1
Ac4330,CCCCCCCOc1ccc(/C=C/C(=O)O)cc1OC,292.375,21,10,other,c1ccccc1
Ac4331,CCOc1cc(/C=C/C(=O)O)ccc1OC,222.24,16,5,other,c1ccccc1
Ac4332,COc1cc(C=O)ccc1OC(C)C(=O)O,224.212,16,5,acyclic_ali,c1ccccc1
Ac4333,CC(C)c1ccc(C(=O)O)cc1I,290.1,13,2,benzoic,c1ccccc1
Ac4335,O=C(O)c1cc(Cl)c(Br)c(Cl)c1,269.909,12,1,benzoic,c1ccccc1
Ac4337,COc1c(C)cc(C(=O)O)cc1Br,245.072,13,2,benzoic,c1ccccc1
Ac4338,CC(Sc1ccccc1Cl)C(=O)O,216.689,13,3,acyclic_ali,c1ccccc1
Ac4339,O=C(O)C1CCC(Cc2ccccc2)CC1,218.296,16,3,cyclic_ali,c1ccc(CC2CCCCC2)cc1
Ac4340,O=C(O)CCSCCCc1ccccc1,224.325,15,7,acyclic_ali,c1ccccc1
Ac4341,Cc1cccc(C(=O)CCCCC(=O)O)c1,220.268,16,6,acyclic_ali,c1ccccc1
Ac4343,CC(C)(C)c1ccc(OCC(=O)O)c(Br)c1,287.153,16,3,acyclic_ali,c1ccccc1
Ac4344,COc1ccc(C(C)(C)C)cc1CC(=O)O,222.284,16,3,acyclic_ali,c1ccccc1
Ac4345,O=C(O)COc1ccc(Cl)cc1I,312.49,13,3,acyclic_ali,c1ccccc1
Ac4347,O=C(O)CCCCC(=O)c1ccc(I)cc1,332.137,16,6,acyclic_ali,c1ccccc1
Ac4348,Cc1cc(C)cc(C(=O)CCCCC(=O)O)c1,234.295,17,6,acyclic_ali,c1ccccc1
Ac4349,O=C(O)c1cccc(OCCc2ccccc2)c1,242.274,18,5,benzoic,c1ccc(CCOc2ccccc2)cc1
Ac4350,Cc1c(C)c(C)c(C(=O)CCC(=O)O)c(C)c1C,248.322,18,4,acyclic_ali,c1ccccc1
Ac4352,CCC(Oc1ccc(C(C)(C)C)cc1)C(=O)O,236.311,17,4,acyclic_ali,c1ccccc1
Ac4353,O=C(O)C(Cc1ccccc1)C1CCCCC1,232.323,17,4,acyclic_ali,c1ccc(CCC2CCCCC2)cc1
Ac4354,Cc1ccc(C(C)C)cc1OC(C)C(=O)O,222.284,16,4,acyclic_ali,c1ccccc1
Ac4356,O=C(O)c1ccc(Cl)c([N+](=O)[O-])c1Cl,236.01,14,2,benzoic,c1ccccc1
Ac4359,COc1c(Cl)cc([N+](=O)[O-])cc1C(=O)O,231.591,15,3,benzoic,c1ccccc1
Ac4360,COc1c(Br)cc(C(=O)O)cc1[N+](=O)[O-],276.042,15,3,benzoic,c1ccccc1
Ac4361,Cc1ccc(S(=O)(=O)NCC(=O)O)c(C)c1,243.284,16,4,alpha_amino,c1ccccc1
Ac4362,COc1ccc(OC)c(C(=O)CCCCC(=O)O)c1,266.293,19,8,acyclic_ali,c1ccccc1
Ac4364,CCOc1cc([N+](=O)[O-])c(C(=O)O)cc1OC,241.199,17,5,benzoic,c1ccccc1
Ac4365,CCCCCCCCc1ccc(C(=O)CCC(=O)O)cc1,290.403,21,11,acyclic_ali,c1ccccc1
Ac4366,CCOc1cc(C(=O)O)c([N+](=O)[O-])cc1OC,241.199,17,5,benzoic,c1ccccc1
Ac4367,O=C(O)c1ccc(OCc2ccccc2)c2ccccc12,278.307,21,4,benzoic,c1ccc(COc2cccc3ccccc23)cc1
Ac4368,COc1ccc(CC(=O)O)cc1S(=O)(=O)Cl,264.686,16,4,acyclic_ali,c1ccccc1
Ac4369,O=C(O)c1cccc(NS(=O)(=O)Cc2ccccc2)c1,291.328,20,5,benzoic,O=S(=O)(Cc1ccccc1)Nc1ccccc1
Ac4370,Cc1cc(C)c(S(=O)(=O)NCC(=O)O)c(C)c1,257.311,17,4,alpha_amino,c1ccccc1
Ac4373,Cc1ccc(Sc2ccc([N+](=O)[O-])cc2C(=O)O)cc1,289.312,20,4,benzoic,c1ccc(Sc2ccccc2)cc1
Ac4378,CC(Oc1ccc(I)cc1)C(=O)O,292.072,13,3,acyclic_ali,c1ccccc1
Ac4381,Cc1ncc(C(=O)O)c(C)c1Br,230.061,12,1,aryl_other,c1ccncc1
Ac4382,O=C(O)CSc1ccsc1[N+](=O)[O-],219.243,13,4,acyclic_ali,c1ccsc1
Ac4384,Cc1nn(Cc2ccccc2)c(C)c1C(=O)O,230.267,17,3,aryl_other,c1ccc(Cn2cccn2)cc1
Ac4385,CC(=O)c1ccc(N(CC(=O)O)N=O)cc1,222.2,16,5,alpha_amino,c1ccccc1
Ac4387,O=C(O)c1ccccc1S(=O)(=O)N1CCOCC1,271.294,18,3,benzoic,O=S(=O)(c1ccccc1)N1CCOCC1
Ac4389,O=C(O)CCC(=O)c1ccn(S(=O)(=O)c2ccccc2)c1,307.327,21,6,acyclic_ali,O=S(=O)(c1ccccc1)n1cccc1
Ac4391,O=C(O)C1(S(=O)(=O)c2ccccc2)CCCC1,254.307,17,3,cyclic_ali,O=S(=O)(c1ccccc1)C1CCCC1
Ac4392,O=C(O)CCCOc1ccc(F)cc1F,216.183,15,5,acyclic_ali,c1ccccc1
Ac4394,O=C(O)C1(S(=O)(=O)c2ccccc2)CCCCC1,268.334,18,3,cyclic_ali,O=S(=O)(c1ccccc1)C1CCCCC1
Ac4396,CCCCOc1cc(OC)ccc1C(=O)O,224.256,16,6,benzoic,c1ccccc1
Ac4397,COc1ccc(-c2ocnc2C(=O)O)cc1,219.196,16,3,heteroaryl,c1ccc(-c2cnco2)cc1
Ac4398,O=C(O)/C(=C/c1ccccc1)c1cccs1,230.288,16,3,other,C(=Cc1cccs1)c1ccccc1
Ac4401,O=C(O)CS(=O)Cc1ccc(Br)cc1,277.139,14,4,acyclic_ali,c1ccccc1
Ac4402,COC(=O)[C@@H](CC(=O)O)Cc1cccc2ccccc12,272.3,20,5,acyclic_ali,c1ccc2ccccc2c1
Ac4403,O=C(O)CCCN1Cc2ccccc2C1=O,219.24,16,4,acyclic_ali,O=C1NCc2ccccc21
Ac4406,CC(C)(C)OC(=O)N1CC=CC(C(=O)O)C1,227.26,16,1,cyclic_ali,C1=CCNCC1
Ac4408,O=C(O)c1ccc(-c2ccc(Br)s2)cc1,283.146,15,2,benzoic,c1ccc(-c2cccs2)cc1
Ac4410,CC(C)(C)NS(=O)(=O)c1sc(Cl)cc1C(=O)O,297.785,17,3,aryl_other,c1ccsc1
Ac4411,O=C(O)C(Br)c1ccc(Cl)c(Cl)c1,283.936,13,2,acyclic_ali,c1ccccc1
Ac4412,CCOC(=O)COc1ccccc1C(=O)O,224.212,16,5,benzoic,c1ccccc1
Ac4413,COc1cc(Br)cc2cc(C(=O)O)c(=O)oc12,299.076,17,2,aryl_other,O=c1ccc2ccccc2o1
Ac4414,Cc1ccc(CSc2ccccc2C(=O)O)cc1,258.342,18,4,benzoic,c1ccc(CSc2ccccc2)cc1
Ac4415,CN(Cc1cccc(C(=O)O)c1)C(=O)OC(C)(C)C,265.309,19,3,benzoic,c1ccccc1
Ac4416,Cc1oc(-c2ccc(F)cc2)cc1C(=O)O,220.199,16,2,aryl_other,c1ccc(-c2ccco2)cc1
Ac4417,CCCCOc1cc(F)c(C(=O)O)c(F)c1,230.21,16,5,benzoic,c1ccccc1
Ac4419,CN(Cc1ccccc1)C(=O)CCC(=O)O,221.256,16,5,acyclic_ali,c1ccccc1
Ac4421,O=C(O)C(=O)Cc1ccc(Cl)c(Cl)c1,233.05,14,3,other,c1ccccc1
Ac4422,CC(C(=O)O)N1C(=O)c2ccccc2S1(=O)=O,255.251,17,2,alpha_amino,O=C1NS(=O)(=O)c2ccccc21
Ac4423,Cc1c(NS(C)(=O)=O)cccc1C(=O)O,229.257,15,3,benzoic,c1ccccc1
Ac4424,COc1ccc(CSc2ncccc2C(=O)O)c(OC)c1,305.355,21,6,aryl_other,c1ccc(CSc2ccccn2)cc1
Ac4425,Cc1ccc(S(=O)(=O)OCCOCCOCCOCCOCC(=O)O)cc1,406.453,27,16,acyclic_ali,c1ccccc1
Ac4426,Cc1cc(C)c(S(=O)(=O)Cl)cc1C(=O)O,248.687,15,2,benzoic,c1ccccc1
Ac4429,O=C(O)c1sc(Cl)nc1-c1ccccc1,239.683,15,2,heteroaryl,c1ccc(-c2cscn2)cc1
Ac4430,O=C(O)c1cccc2ncc(-c3ccccc3)nc12,250.257,19,2,benzoic,c1ccc(-c2cnc3ccccc3n2)cc1
Ac4431,Cn1nc(C(=O)O)c(Br)c1C(F)(F)F,273.008,14,1,heteroaryl,c1cn[nH]c1
Ac4433,CC(C)(C)OC(=O)N1CCC2(CC1)CC(CC(=O)O)c1ccccc12,345.439,25,2,acyclic_ali,c1ccc2c(c1)CCC21CCNCC1
Ac4434,COc1ccc(C(=O)O)nc1I,279.033,12,2,heteroaryl,c1ccncc1
Ac4435,O=C(O)c1cnc(-c2ccc(Cl)cc2)s1,239.683,15,2,heteroaryl,c1ccc(-c2nccs2)cc1
Ac4436,O=C(O)c1cnc2ccc(Cl)cn2c1=O,224.603,15,1,aryl_other,O=c1ccnc2ccccn12
Ac4437,Cc1c(C(=O)O)cnn1-c1ccccc1Cl,236.658,16,2,aryl_other,c1ccc(-n2cccn2)cc1
Ac4438,CC(C)(C)OC(=O)N1CCC(CCCCC(=O)O)CC1,285.384,20,5,acyclic_ali,C1CCNCC1
Ac4439,O=C(O)/C=C/c1ccsc1Br,233.086,11,2,other,c1ccsc1
Ac4447,O=C(O)c1ccc(-c2ccc(Cl)s2)cc1,238.695,15,2,benzoic,c1ccc(-c2cccs2)cc1
Ac4450,O=C(O)Cc1ccsc1Br,221.075,10,2,acyclic_ali,c1ccsc1
Ac4452,CCCc1cc(/N=N/c2ccncc2)ccc1OCCCCCC(=O)O,355.438,26,11,acyclic_ali,c1ccc(N=Nc2ccncc2)cc1
Ac4453,O=C(O)c1cn(-c2ccccc2)nc1-c1cccnc1,265.272,20,3,aryl_other,c1ccc(-n2ccc(-c3cccnc3)n2)cc1
Ac4454,O=C(O)c1cn(-c2ccccc2)nc1-c1ccc(-c2ccccc2)cc1,340.382,26,4,aryl_other,c1ccc(-c2ccc(-c3ccn(-c4ccccc4)n3)cc2)cc1
Ac4455,O=C(O)c1cccc(Br)c1OC(F)(F)F,285.015,15,2,benzoic,c1ccccc1
Ac4456,O=C(O)c1c(Br)cccc1OC(F)(F)F,285.015,15,2,benzoic,c1ccccc1
Ac4458,Cc1sc(Br)c(C(=O)O)c1C,235.102,11,1,aryl_other,c1ccsc1
Ac4459,O=C(O)c1cc(Cl)c(F)c(C(F)(F)F)c1,242.555,15,1,benzoic,c1ccccc1
Ac4460,O=C(O)c1ccc(Br)c(S(=O)(=O)N2CCOCC2)c1,350.19,19,3,benzoic,O=S(=O)(c1ccccc1)N1CCOCC1
Ac4462,Cc1c(C)c2ccc(OCC(=O)O)cc2oc1=O,248.234,18,3,acyclic_ali,O=c1ccc2ccccc2o1
Ac4463,O=C(O)CCCCCCC(=O)c1ccc2ccccc2c1,284.355,21,8,acyclic_ali,c1ccc2ccccc2c1
Ac4465,O=C(O)c1cnc(CBr)cn1,217.022,11,2,heteroaryl,c1cnccn1
Ac4466,O=C(O)c1cc(C(F)(F)F)n(-c2ccccc2)n1,256.183,18,2,heteroaryl,c1ccc(-n2cccn2)cc1
Ac4467,O=C(O)c1ccc(I)c(F)c1F,283.999,12,1,benzoic,c1ccccc1
Ac4469,O=Cc1c(Br)cccc1C(=O)O,229.029,12,2,benzoic,c1ccccc1
Ac4471,O=C(O)C1(c2ccc(Cl)c(Cl)c2)CCC1,245.105,15,2,alpha_quat,c1ccc(C2CCC2)cc1
Ac4473,O=C(O)C1(c2ccc(Cl)c(Cl)c2)CCCC1,259.132,16,2,alpha_quat,c1ccc(C2CCCC2)cc1
Ac4474,O=C(O)c1cc(-c2ccc(-c3ccccc3)cc2)nc2ccc(Cl)cc12,359.812,26,3,aryl_other,c1ccc(-c2ccc(-c3ccc4ccccc4n3)cc2)cc1
Ac4476,O=C(O)c1cc(-c2cccc(Cl)c2)[nH]n1,222.631,15,2,heteroaryl,c1ccc(-c2ccn[nH]2)cc1
Ac4481,O=C(O)c1c(Cl)cc(Cl)cc1Br,269.909,12,1,benzoic,c1ccccc1
Ac4482,O=C(O)c1c(F)cc(F)cc1Br,236.999,12,1,benzoic,c1ccccc1
Ac4483,COC(=O)C(CC(=O)O)Cc1ccccc1,222.24,16,5,acyclic_ali,c1ccccc1
Ac4484,O=C(O)/C=C/c1cn(-c2ccccc2)nc1-c1ccc(F)cc1,308.312,23,4,other,c1ccc(-c2ccn(-c3ccccc3)n2)cc1
Ac4485,O=C(O)/C=C/c1cn(-c2ccccc2)nc1-c1ccc(Cl)cc1,324.767,23,4,other,c1ccc(-c2ccn(-c3ccccc3)n2)cc1
Ac4486,O=C(O)Cc1ccc(-c2cccs2)cc1,218.277,15,3,acyclic_ali,c1ccc(-c2cccs2)cc1
Ac4487,O=C(O)C1CC(=O)N(Cc2ccncc2)C1,220.228,16,3,cyclic_ali,O=C1CCCN1Cc1ccncc1
Ac4488,O=C(O)C1CC(=O)N(Cc2cccc(Cl)c2)C1,253.685,17,3,cyclic_ali,O=C1CCCN1Cc1ccccc1
Ac4489,O=C(O)C1CC(=O)N(Cc2ccccc2Cl)C1,253.685,17,3,cyclic_ali,O=C1CCCN1Cc1ccccc1
Ac4491,O=C(O)c1ccc(Cl)c(C(F)(F)F)n1,225.553,14,1,heteroaryl,c1ccncc1
Ac4493,O=C(O)c1cccc2c1C(=O)N(C1CC1)C2,217.224,16,2,benzoic,O=C1c2ccccc2CN1C1CC1
Ac4495,O=C(O)/C=C/c1ccc(C(F)(F)F)nc1,217.146,15,2,other,c1ccncc1
Ac4496,O=C(O)CCCCN1C(=O)CSC1=S,233.314,14,5,acyclic_ali,O=C1CSC(=S)N1
Ac4497,O=C(O)c1cc2c(C(F)(F)F)cccc2s1,246.209,16,1,heteroaryl,c1ccc2sccc2c1
Ac4498,CCCCC(Oc1ccc([N+](=O)[O-])cc1C=O)C(=O)O,281.264,20,8,acyclic_ali,c1ccccc1
Ac4502,Cc1c(CCC(=O)O)c(=O)oc2cc3oc4c(c3cc12)CCCC4,326.348,24,3,acyclic_ali,O=c1ccc2cc3c4c(oc3cc2o1)CCCC4
Ac4503,Cc1oc2c(C)c3oc(=O)c(CCC(=O)O)c(C)c3cc2c1-c1ccccc1,376.408,28,4,acyclic_ali,O=c1ccc2cc3c(-c4ccccc4)coc3cc2o1
Ac4504,COc1cccc(C(=O)O)c1CBr,245.072,13,3,benzoic,c1ccccc1
Ac4506,CC(CC(=O)O)S(=O)(=O)c1ccc(Cl)cc1,262.714,16,4,acyclic_ali,c1ccccc1
Ac4507,CC(C)(C(=O)O)c1ccc(Br)c(F)c1,261.09,14,2,alpha_quat,c1ccccc1
Ac4509,O=C(O)c1ccc2c(c1)C(=O)N(CCc1ccccc1)C2=O,295.294,22,4,benzoic,O=C1c2ccccc2C(=O)N1CCc1ccccc1
Ac4510,Cc1c(CC(=O)O)c(=O)oc2cc3occ(-c4ccc(F)cc4)c3cc12,352.317,26,3,acyclic_ali,O=c1ccc2cc3c(-c4ccccc4)coc3cc2o1
Ac4511,Cc1c(CC(=O)O)c(=O)oc2c(C)c3occ(-c4ccc(Cl)cc4)c3cc12,382.799,27,3,acyclic_ali,O=c1ccc2cc3c(-c4ccccc4)coc3cc2o1
Ac4512,Cc1cc(C)n(-c2ccc(=O)n(CC(=O)O)n2)n1,248.242,18,3,acyclic_ali,O=c1ccc(-n2cccn2)n[nH]1
Ac4514,O=C(O)c1cnn(-c2ccc(Br)cc2)c1,267.082,15,2,aryl_other,c1ccc(-n2cccn2)cc1
Ac4515,CC(C)(C)n1nnc2cc(C(=O)O)ccc21,219.244,16,1,benzoic,c1ccc2[nH]nnc2c1
Ac4517,O=C(O)c1ccc2c(c1)nnn2Cc1ccccc1,253.261,19,3,benzoic,c1ccc(Cn2nnc3ccccc32)cc1
Ac4518,O=C(O)c1ccc2c(c1)nnn2C1CCCC1,231.255,17,2,benzoic,c1ccc2c(c1)nnn2C1CCCC1
Ac4520,CCOc1ncc(Br)cc1C(=O)O,246.06,13,3,aryl_other,c1ccncc1
Ac4521,CC(C)(C)OC(=O)N1CCC(C(=O)O)(c2ccccc2)C1,291.347,21,2,alpha_quat,c1ccc(C2CCNC2)cc1
Ac4522,O=C(O)CCc1cc(Br)cc(Br)c1,307.969,13,3,acyclic_ali,c1ccccc1
Ac4526,CC(C)CCOc1ccc(/C=C/C(=O)O)cc1,234.295,17,6,other,c1ccccc1
Ac4527,COc1cc(/C=C/C(=O)O)ccc1OCC(C)C,250.294,18,6,other,c1ccccc1
Ac4529,COC(=O)c1cccc(Br)c1C(=O)O,259.055,14,2,benzoic,c1ccccc1
Ac4530,O=C(O)c1nc(N2CCOCC2)ncc1Cl,243.65,16,2,heteroaryl,c1cnc(N2CCOCC2)nc1
Ac4532,O=C(O)Cc1ccc(Br)cc1Br,293.942,12,2,acyclic_ali,c1ccccc1
Ac4534,N#Cc1ccc(C(=O)O)c(Br)c1,226.029,12,1,benzoic,c1ccccc1
Ac4537,O=C(O)CCc1ccc(C2(C(F)(F)F)N=N2)cc1,258.199,18,4,acyclic_ali,c1ccc(C2N=N2)cc1
Ac4538,O=C(O)c1ccc(-n2nc(C(F)(F)F)c3c2CCCC3)cc1,310.275,22,2,benzoic,c1ccc(-n2ncc3c2CCCC3)cc1
Ac4539,CCCN(CCC)C(=O)c1cccc(C(=O)O)n1,250.298,18,6,heteroaryl,c1ccncc1
Ac4540,O=C(O)CCCC(=O)c1ccccc1Br,271.11,15,5,acyclic_ali,c1ccccc1
Ac4541,O=C(O)c1ccc(Cn2cnc3ccccc3c2=O)cc1,280.283,21,3,benzoic,O=c1c2ccccc2ncn1Cc1ccccc1
Ac4542,CCc1cc(C(F)(F)F)ccc1C(=O)O,218.174,15,2,benzoic,c1ccccc1
Ac4543,O=C(O)c1c(Cl)ccc(Br)c1Cl,269.909,12,1,benzoic,c1ccccc1
Ac4546,O=C(O)C1CCN(S(=O)(=O)c2ccc3ccccc3c2)CC1,319.382,22,3,cyclic_ali,O=S(=O)(c1ccc2ccccc2c1)N1CCCCC1
Ac4547,O=C(O)CCS(=O)(=O)c1ccc(Br)cc1,293.138,15,4,acyclic_ali,c1ccccc1
Ac4549,O=C(O)c1cc(S(=O)(=O)N2CCOCC2)ccc1Cl,305.739,19,3,benzoic,O=S(=O)(c1ccccc1)N1CCOCC1
Ac4551,CC(C)c1nc(-c2cccc(C(=O)O)c2)no1,232.239,17,3,benzoic,c1ccc(-c2ncon2)cc1
Ac4552,O=C(O)c1cccc(-c2noc(C3CC3)n2)c1,230.223,17,3,benzoic,c1ccc(-c2noc(C3CC3)n2)cc1
Ac4553,CC(C)(C)c1nc(-c2cccc(C(=O)O)c2)no1,246.266,18,2,benzoic,c1ccc(-c2ncon2)cc1
Ac4554,CC(C)(C)OC(=O)N1CCC(CC(=O)O)(c2ccc(F)cc2)CC1,337.391,24,3,acyclic_ali,c1ccc(C2CCNCC2)cc1
Ac4556,O=C(O)c1ccn2ncc(Br)c2n1,242.032,13,1,heteroaryl,c1cnc2ccnn2c1
Ac4557,O=C(O)c1cc(-c2ccc(Br)cc2)n[nH]1,267.082,15,2,heteroaryl,c1ccc(-c2cc[nH]n2)cc1
Ac4558,CC(Oc1ccc(Cl)cc1C1CCCCC1)C(=O)O,282.767,19,4,acyclic_ali,c1ccc(C2CCCCC2)cc1
Ac4559,O=C(O)c1cnc(N2CCN(C(=O)c3ccccc3C(F)(F)F)CC2)s1,385.367,26,3,heteroaryl,O=C(c1ccccc1)N1CCN(c2nccs2)CC1
Ac4560,Cc1c(C(=O)O)cnn1Cc1ccccc1,216.24,16,3,aryl_other,c1ccc(Cn2cccn2)cc1
Ac4561,Cc1cc(C(=O)O)n(-c2ccc(F)cc2)n1,220.203,16,2,heteroaryl,c1ccc(-n2cccn2)cc1
Ac4562,O=C(O)C1CC(=O)N(Cc2ccc(C(F)(F)F)cc2)C1,287.237,20,3,cyclic_ali,O=C1CCCN1Cc1ccccc1
Ac4563,O=C(O)C1CCN(C(=O)c2cccs2)CC1,239.296,16,2,cyclic_ali,O=C(c1cccs1)N1CCCCC1
Ac4565,CC(C)N(CCC(c1ccccc1)c1cc(C(=O)O)ccc1OCc1ccccc1)C(C)C,445.603,33,11,benzoic,c1ccc(COc2ccccc2Cc2ccccc2)cc1
Ac4566,O=C(O)c1cc(-c2ccc(Cl)cc2)ns1,239.683,15,2,heteroaryl,c1ccc(-c2ccsn2)cc1
Ac4567,CC1(C)C(/C=C(/Cl)c2ccc(Cl)cc2)C1C(=O)O,285.17,18,3,cyclic_ali,C(=CC1CC1)c1ccccc1
Ac4568,Cc1c(-c2ccccc2)nn(C)c1C(=O)O,216.24,16,2,heteroaryl,c1ccc(-c2cc[nH]n2)cc1
Ac4569,COc1cc(S(N)(=O)=O)cc(C(=O)O)c1OC,261.255,17,4,benzoic,c1ccccc1
Ac4570,CC(C)(C(=O)O)c1ccc(Cl)c(Cl)c1,233.094,14,2,alpha_quat,c1ccccc1
Ac4573,O=C(O)c1cc(F)c([N+](=O)[O-])cc1Cl,219.555,14,2,benzoic,c1ccccc1
Ac4574,COc1ccc(C2(C(=O)O)CCC2)cc1OC,236.267,17,4,alpha_quat,c1ccc(C2CCC2)cc1
Ac4575,COc1ccccc1-c1nc(C(=O)O)cs1,235.264,16,3,heteroaryl,c1ccc(-c2nccs2)cc1
Ac4576,O=C(O)c1cc(F)c(Cl)c(Cl)c1Cl,243.448,13,1,benzoic,c1ccccc1
Ac4577,CCC(=O)OC(OP(=O)(CCCCc1ccccc1)CC(=O)O)C(C)C,384.409,26,12,acyclic_ali,c1ccccc1
Ac4578,O=C(O)c1cc(F)c(F)c(Br)c1Cl,271.444,13,1,benzoic,c1ccccc1
Ac4579,CCOc1cccc(C=O)c1OCC(=O)O,224.212,16,6,acyclic_ali,c1ccccc1
Ac4581,CCC(C)C(C(=O)O)n1sc2ccccc2c1=O,265.334,18,4,acyclic_ali,O=c1[nH]sc2ccccc12
Ac4584,O=C(O)c1ccc(OC(F)(F)F)cc1[N+](=O)[O-],251.116,17,3,benzoic,c1ccccc1
Ac4585,O=C(O)CCCC1CCN(C(=O)OCc2ccccc2)CC1,305.374,22,6,acyclic_ali,O=C(OCc1ccccc1)N1CCCCC1
Ac4586,O=C(O)c1ccc(F)c(C(F)(F)F)c1F,226.1,15,1,benzoic,c1ccccc1
Ac4587,O=C(O)C1(c2ccc3c(c2)OCO3)CCC1,220.224,16,2,alpha_quat,c1cc2c(cc1C1CCC1)OCO2
Ac4588,O=C(O)CC1CCN(C(=O)OCC2c3ccccc3-c3ccccc32)CC1,365.429,27,4,acyclic_ali,O=C(OCC1c2ccccc2-c2ccccc21)N1CCCCC1
Ac4589,COc1cc(OC)nc(OC(C(=O)O)c2ccccc2)n1,290.275,21,6,acyclic_ali,c1ccc(COc2ncccn2)cc1
Ac4590,COc1ccc(-c2ccc3cc(C(=O)O)ccc3c2)cc1,278.307,21,3,benzoic,c1ccc(-c2ccc3ccccc3c2)cc1
Ac4591,COc1cccc(-c2nc(C(=O)O)cs2)c1,235.264,16,3,heteroaryl,c1ccc(-c2nccs2)cc1
Ac4592,O=C(O)c1cccc(C(=O)C(F)(F)F)c1,218.13,15,2,benzoic,c1ccccc1
Ac4594,COc1ccc(C(=O)O)cc1S(=O)(=O)N1CCCCCC1,313.375,21,4,benzoic,O=S(=O)(c1ccccc1)N1CCCCCC1
Ac4595,CCOc1ccc(Br)cc1/C=C/C(=O)O,271.11,15,4,other,c1ccccc1
Ac4596,O=C(O)c1cc(-c2ccccc2)n(-c2ccc(F)cc2)n1,282.274,21,3,heteroaryl,c1ccc(-c2ccnn2-c2ccccc2)cc1
Ac4597,O=C(O)c1cc(-c2ccccc2)n(-c2ccccc2Cl)n1,298.729,21,3,heteroaryl,c1ccc(-c2ccnn2-c2ccccc2)cc1
Ac4598,O=C(O)c1cc(-c2ccc(Cl)cc2)n(-c2cccc(Cl)c2)n1,333.174,22,3,heteroaryl,c1ccc(-c2ccnn2-c2ccccc2)cc1
Ac4599,COc1ccc(-c2nc(C(=O)O)cs2)cc1OC,265.29,18,4,heteroaryl,c1ccc(-c2nccs2)cc1
Ac4602,O=C(O)c1cc(-c2ccc3ccccc3c2)[nH]n1,238.246,18,2,heteroaryl,c1ccc2cc(-c3ccn[nH]3)ccc2c1
Ac4604,Cc1c(-c2ccccc2)nc2ccc(F)cc2c1C(=O)O,281.286,21,2,aryl_other,c1ccc(-c2ccc3ccccc3n2)cc1
Ac4605,O=C(O)Cc1cccc(Br)c1[N+](=O)[O-],260.043,14,3,acyclic_ali,c1ccccc1
Ac4607,Cc1oc(-c2ccc(C(F)(F)F)cc2)nc1C(=O)O,271.194,19,2,heteroaryl,c1ccc(-c2ncco2)cc1
Ac4608,O=C(O)c1c(Cl)ccc(Br)c1F,253.454,12,1,benzoic,c1ccccc1
Ac4610,CNS(=O)(=O)c1cc(C(=O)O)ccc1OC,245.256,16,4,benzoic,c1ccccc1
Ac4611,O=C(O)c1cc(F)c(F)c(S(=O)(=O)Cl)c1,256.613,15,2,benzoic,c1ccccc1
Ac4613,Cc1sc(-c2ccc(Cl)cc2)nc1CC(=O)O,267.737,17,3,acyclic_ali,c1ccc(-c2nccs2)cc1
Ac4614,CCCCOc1c(C)cc(C(=O)O)cc1C,222.284,16,5,benzoic,c1ccccc1
Ac4615,CCCCOc1c(Cl)cc(C(=O)O)cc1Cl,263.12,16,5,benzoic,c1ccccc1
Ac4616,Cc1cccc(-n2ncc(C(=O)O)c2C(F)(F)F)c1,270.21,19,2,aryl_other,c1ccc(-n2cccn2)cc1
Ac4617,O=C(O)CCc1nc(-c2cccc(Cl)c2)no1,252.657,17,4,acyclic_ali,c1ccc(-c2ncon2)cc1
Ac4618,O=C(O)c1ccc(OCCCN2CCCCC2)cc1,263.337,19,6,benzoic,c1ccc(OCCCN2CCCCC2)cc1
Ac4619,O=C(O)c1ccc(-c2cccs2)cc1F,222.24,15,2,benzoic,c1ccc(-c2cccs2)cc1
Ac4624,O=C(O)C1CC(=O)N(Cc2ccccc2F)C1,237.23,17,3,cyclic_ali,O=C1CCCN1Cc1ccccc1
Ac4625,Cc1c(F)cc(C(=O)O)cc1Br,233.036,12,1,benzoic,c1ccccc1
Ac4626,O=C(O)c1cc(S(=O)(=O)Cl)cc(F)c1F,256.613,15,2,benzoic,c1ccccc1
Ac4627,O=C(O)c1cc(-c2ccccc2)oc1C(F)(F)F,256.179,18,2,aryl_other,c1ccc(-c2ccco2)cc1
Ac4628,CCCN(C)C(=O)c1cccc(C(=O)O)c1,221.256,16,4,benzoic,c1ccccc1
Ac4629,O=C(O)CCc1nc(-c2ccncc2)no1,219.2,16,4,acyclic_ali,c1cc(-c2ncon2)ccn1
Ac4630,O=C(O)c1cc(-c2ccccn2)nc2ncccc12,251.245,19,2,aryl_other,c1ccc(-c2ccc3cccnc3n2)nc1
Ac4631,CC(C)Oc1c(Cl)cc(C(=O)O)cc1Cl,249.093,15,3,benzoic,c1ccccc1
Ac4634,O=C(O)Cc1ccccc1-c1cccs1,218.277,15,3,acyclic_ali,c1ccc(-c2cccs2)cc1
Ac4637,NS(=O)(=O)c1cc(Cl)c(Cl)c(C(=O)O)c1,270.093,15,2,benzoic,c1ccccc1
Ac4638,O=C(O)c1ccn2ncc(Br)c2c1,241.044,13,1,aryl_other,c1ccn2nccc2c1
Ac4639,O=C(O)c1nn2ccccc2c1Br,241.044,13,1,heteroaryl,c1ccn2nccc2c1
Ac4640,O=C(O)c1ccc(S(=O)(=O)Cc2cccnc2)cc1,277.301,19,4,benzoic,O=S(=O)(Cc1cccnc1)c1ccccc1
Ac4642,CON(C)S(=O)(=O)c1cccc(C(=O)O)c1,245.256,16,4,benzoic,c1ccccc1
Ac4643,O=C(O)c1cccc(C(F)(F)F)c1[N+](=O)[O-],235.117,16,2,benzoic,c1ccccc1
Ac4644,Cc1cc(Br)c(I)c(C(=O)O)c1,340.942,12,1,benzoic,c1ccccc1
Ac4645,O=C1CCN(C(=O)c2ccc(C(=O)O)cc2)CC1,247.25,18,2,benzoic,O=C1CCN(C(=O)c2ccccc2)CC1
Ac4646,O=C(O)c1cnn(Cc2ccccc2)c1-c1ccccc1,278.311,21,4,aryl_other,c1ccc(Cn2nccc2-c2ccccc2)cc1
Ac4647,N#Cc1ccc(CS(=O)(=O)CC(=O)O)cc1,239.252,16,4,acyclic_ali,c1ccccc1
Ac4648,O=C(O)CS(=O)(=O)Cc1ccc(Cl)c(Cl)c1,283.132,16,4,acyclic_ali,c1ccccc1
Ac4649,O=C(O)c1cnc(-c2ccccc2F)s1,223.228,15,2,heteroaryl,c1ccc(-c2nccs2)cc1
Ac4651,COc1cc(C(=O)O)ccc1OC(F)F,218.155,15,4,benzoic,c1ccccc1
Ac4655,O=C(O)c1cccc(CBr)c1Cl,249.491,12,2,benzoic,c1ccccc1
Ac4657,O=C(O)c1cc(Cl)c(I)c(Cl)c1,316.909,12,1,benzoic,c1ccccc1
Ac4658,O=C(O)c1coc(-c2cccc(Cl)c2)n1,223.615,15,2,heteroaryl,c1ccc(-c2ncco2)cc1
Ac4659,CC(C)c1cc(C(=O)O)n(-c2ccccc2)n1,230.267,17,3,heteroaryl,c1ccc(-n2cccn2)cc1
Ac4660,CCCc1c(C(=O)O)cnn1-c1ccc(F)cc1,248.257,18,4,aryl_other,c1ccc(-n2cccn2)cc1
Ac4663,O=C(O)c1ccc(CN2CCOCC2)c(C(F)(F)F)c1,289.253,20,3,benzoic,c1ccc(CN2CCOCC2)cc1
Ac4664,CC(C)c1oc(-c2ccccc2)nc1C(=O)O,231.251,17,3,heteroaryl,c1ccc(-c2ncco2)cc1
Ac4665,O=C(O)CCc1ccc(F)c(Br)c1,247.063,13,3,acyclic_ali,c1ccccc1
Ac4666,Cc1cc(Br)ccc1C(=O)CCC(=O)O,271.11,15,4,acyclic_ali,c1ccccc1
Ac4667,COC(=O)C12CCCC(C(=O)O)(CC1)CC2,226.272,16,2,alpha_quat,C1CC2CCC(C1)CC2
Ac4668,Cc1cc(OCc2ccccc2)c(OCc2ccccc2)cc1C(=O)O,348.398,26,7,benzoic,c1ccc(COc2ccccc2OCc2ccccc2)cc1
Ac4669,O=C(O)c1ncc(OCc2ccccc2)cc1OCc1ccccc1,335.359,25,7,heteroaryl,c1ccc(COc2cncc(OCc3ccccc3)c2)cc1
Ac4673,O=C(O)c1ccc(OCCC(F)(F)F)cc1,234.173,16,4,benzoic,c1ccccc1
Ac4675,Cc1c(C(=O)O)cnn1-c1cccc(Cl)c1,236.658,16,2,aryl_other,c1ccc(-n2cccn2)cc1
Ac4676,Cc1c(C(=O)O)cnn1-c1ccc(F)c(F)c1,238.193,17,2,aryl_other,c1ccc(-n2cccn2)cc1
Ac4677,O=C(O)c1ccc(-c2ccc(OC(F)(F)F)cc2)o1,272.178,19,3,heteroaryl,c1ccc(-c2ccco2)cc1
Ac4678,COc1ccc(CSCC(=O)O)cc1OS(=O)(=O)c1ccc(C)cc1,382.459,25,8,acyclic_ali,O=S(=O)(Oc1ccccc1)c1ccccc1
Ac4679,COc1ccc(CS(=O)(=O)CC(=O)O)cc1OS(=O)(=O)c1ccc(C)cc1,414.457,27,8,acyclic_ali,O=S(=O)(Oc1ccccc1)c1ccccc1
Ac4681,O=C(O)c1cc(Cl)ccc1OC(F)(F)F,240.564,15,2,benzoic,c1ccccc1
Ac4682,O=C(O)c1c(F)ccc([N+](=O)[O-])c1Br,264.006,14,2,benzoic,c1ccccc1
Ac4684,O=C(O)c1cc(Cl)ccc1OCC(F)(F)F,254.591,16,3,benzoic,c1ccccc1
Ac4685,Cc1c(C(=O)O)nnn1Cc1ccc(Br)cc1,296.124,17,3,heteroaryl,c1ccc(Cn2ccnn2)cc1
Ac4686,O=C(O)c1cc(-c2ccc(Cl)cc2)oc1C(F)(F)F,290.624,19,2,aryl_other,c1ccc(-c2ccco2)cc1
Ac4687,O=C(O)c1ccc(C(F)C(F)(F)F)cc1,222.137,15,2,benzoic,c1ccccc1
Ac4689,CCc1cc(=O)oc2cc(OCC(=O)O)ccc12,248.234,18,4,acyclic_ali,O=c1ccc2ccccc2o1
Ac4690,N#Cc1ccc(Br)cc1C(=O)O,226.029,12,1,benzoic,c1ccccc1
Ac4691,O=C(O)Cc1nc(-c2ccc(Cl)cc2)no1,238.63,16,3,acyclic_ali,c1ccc(-c2ncon2)cc1
Ac4692,COC(=O)c1ccc(I)c(C(=O)O)c1,306.055,14,2,benzoic,c1ccccc1
Ac4693,N#Cc1cc2c3c(cccc3c1)C(=O)N(CCCC(=O)O)C2=O,308.293,23,4,acyclic_ali,O=C1NC(=O)c2cccc3cccc1c23
Ac4694,O=C(O)c1cnn2ccc(Br)cc12,241.044,13,1,aryl_other,c1ccn2nccc2c1
Ac4695,Cc1nc(C(=O)O)c(-c2ccc(Br)cc2)s1,298.161,16,2,heteroaryl,c1ccc(-c2cncs2)cc1
Ac4696,O=C(O)c1cc(-c2ccccc2Cl)n[nH]1,222.631,15,2,heteroaryl,c1ccc(-c2cc[nH]n2)cc1
Ac4697,O=C(O)c1cc([N+](=O)[O-])cc(Cl)c1F,219.555,14,2,benzoic,c1ccccc1
Ac4698,O=C(O)CCc1cc(F)ccc1Br,247.063,13,3,acyclic_ali,c1ccccc1
Ac4699,CC(C)(CO[Si](C)(C)C(C)(C)C)c1ccc(C(=O)O)cc1,308.494,21,5,benzoic,c1ccccc1
Ac4700,CS(=O)(=O)c1ccc(F)cc1C(=O)O,218.205,14,2,benzoic,c1ccccc1
Ac4702,O=C(O)CCCCC(=O)c1ccc(C(F)(F)F)cc1,274.238,19,6,acyclic_ali,c1ccccc1
Ac4703,COc1cccc(-c2cc(C(=O)O)c3ccccc3n2)c1,279.295,21,3,aryl_other,c1ccc(-c2ccc3ccccc3n2)cc1
Ac4705,COc1cc(I)cc(C(=O)O)c1,278.045,12,2,benzoic,c1ccccc1
Ac4706,COCC1(C(=O)O)CCN(C(=O)OC(C)(C)C)CC1,273.329,19,3,alpha_quat,C1CCNCC1
Ac4707,O=C(O)c1ccc(S(=O)(=O)NCc2ccco2)cc1,281.289,19,5,benzoic,O=S(=O)(NCc1ccco1)c1ccccc1
Ac4708,CS(=O)(=O)c1cc(Br)cc(C(=O)O)c1,279.111,14,2,benzoic,c1ccccc1
Ac4709,O=C(O)c1cc(C(F)(F)F)ccc1[N+](=O)[O-],235.117,16,2,benzoic,c1ccccc1
Ac4710,CC1CN(S(=O)(=O)c2ccc(C(=O)O)cc2)CC(C)O1,299.348,20,3,benzoic,O=S(=O)(c1ccccc1)N1CCOCC1
Ac4711,O=C(O)c1ccc(Cl)c(OC(F)(F)F)c1,240.564,15,2,benzoic,c1ccccc1
Ac4712,O=C(O)Cc1ccc(OC(F)(F)F)c(F)c1,238.136,16,3,acyclic_ali,c1ccccc1
Ac4713,O=C(O)c1cc(CBr)ccc1F,233.036,12,2,benzoic,c1ccccc1
Ac4715,O=C(O)c1nc(Br)ccc1F,219.997,11,1,heteroaryl,c1ccncc1
Ac4716,Cc1nc(-c2cccc(Cl)c2)c(C(=O)O)s1,253.71,16,2,heteroaryl,c1ccc(-c2cscn2)cc1
Ac4717,O=C(O)c1cc(COc2ccccc2)on1,219.196,16,4,heteroaryl,c1ccc(OCc2ccno2)cc1
Ac4719,O=C(O)c1ccc(Cl)nc1OC(F)(F)F,241.552,15,2,aryl_other,c1ccncc1
Ac4721,O=C(O)c1cccnc1Oc1ccc(Cl)cc1Cl,284.098,18,3,aryl_other,c1ccc(Oc2ccccn2)cc1
Ac4722,O=C(O)c1cc(Br)ncc1Br,280.903,11,1,aryl_other,c1ccncc1
Ac4723,O=C(O)[C@H]1CC=C[C@H]2CCN(Cc3ccccc3)C(=O)[C@@H]12,285.343,21,3,cyclic_ali,O=C1C2CCC=CC2CCN1Cc1ccccc1
Ac4724,Cc1ccc2nc(-c3ccncc3)cc(C(=O)O)c2c1,264.284,20,2,aryl_other,c1ccc2nc(-c3ccncc3)ccc2c1
Ac4725,CC(C)(C)OC(=O)COc1ccc(CCC(=O)O)cc1,280.32,20,6,acyclic_ali,c1ccccc1
Ac4726,CC1(C)OC[C@@H](COc2ncccc2C(=O)O)O1,253.254,18,4,aryl_other,c1ccc(OCC2COCO2)nc1
Ac4727,CCn1nc(C(=O)O)c2c1CC(C)(C)CC2,222.288,16,2,heteroaryl,c1n[nH]c2c1CCCC2
Ac4728,Cc1ccc(CC(=O)O)cc1Br,229.073,12,2,acyclic_ali,c1ccccc1
Ac4729,O=C(O)C1COc2ccc(Br)cc2C1,257.083,14,1,cyclic_ali,c1ccc2c(c1)CCCO2
Ac4730,O=C(O)Cc1cc(=O)oc2cc3c(cc12)OCO3,248.19,18,2,acyclic_ali,O=c1ccc2cc3c(cc2o1)OCO3
Ac4731,Cc1sc(Br)nc1C(=O)O,222.063,10,1,heteroaryl,c1cscn1
Ac4734,CN(C(=O)OC(C)(C)C)c1ccc(C(=O)O)cn1,252.27,18,2,aryl_other,c1ccncc1
Ac4735,Cc1cc(Br)c(C)c(C(=O)O)c1,229.073,12,1,benzoic,c1ccccc1
Ac4736,O=C(O)c1cccc(OC(F)(F)F)c1[N+](=O)[O-],251.116,17,3,benzoic,c1ccccc1
Ac4739,C[C@H]1CCN(C(=O)OC(C)(C)C)C[C@@H]1C(=O)O,243.303,17,1,cyclic_ali,C1CCNCC1
Ac4741,COC1(C(=O)O)CCN(C(=O)OC(C)(C)C)CC1,259.302,18,2,cyclic_ali,C1CCNCC1
Ac4742,CC(C)(C)OC(=O)N1CCC2(CCC(CC(=O)O)CC2)CC1,311.422,22,2,acyclic_ali,C1CCC2(CC1)CCNCC2
Ac4744,O=C(O)COCC[N+]1([O-])CCN(C(c2ccccc2)c2ccc(Cl)cc2)CC1,404.894,28,8,acyclic_ali,c1ccc(C(c2ccccc2)N2CC[NH2+]CC2)cc1
Ac4745,CC(C)N(C)c1nc2cc(C(=O)O)ccc2nc1-c1ccc(F)cc1,339.37,25,4,benzoic,c1ccc(-c2cnc3ccccc3n2)cc1
Ac4747,O=C(O)c1ccc(C(F)(F)F)c(F)c1F,226.1,15,1,benzoic,c1ccccc1
Ac4750,CC(C)(C)OC(=O)N1CCn2nc(C(=O)O)cc21,253.258,18,1,heteroaryl,c1cc2n(n1)CCN2
Ac4751,C[C@H]1CC[C@@H](C(=O)O)CN1C(=O)OCc1ccccc1,277.32,20,3,cyclic_ali,O=C(OCc1ccccc1)N1CCCCC1
Ac4752,Cc1c(C(=O)O)c(=O)oc2ccc(Br)cc12,283.077,16,1,aryl_other,O=c1ccc2ccccc2o1
Ac4753,O=C(O)[C@@H]1C[C@H]1c1cccc(Br)c1,241.084,13,2,cyclic_ali,c1ccc(C2CC2)cc1
Ac4756,O=C(O)c1cc(Cl)c(Br)cn1,236.452,11,1,heteroaryl,c1ccncc1
Ac4757,O=C(OCc1ccccc1)N1CC(C(=O)O)(c2ccccc2)C1,311.337,23,4,alpha_quat,O=C(OCc1ccccc1)N1CC(c2ccccc2)C1
Ac4758,C[C@@H]1C[C@H](C(=O)O)CCN1C(=O)OC(C)(C)C,243.303,17,1,cyclic_ali,C1CCNCC1
Ac4761,Cc1c(CCC(=O)O)ccc(OCc2cc(Cl)cc3c2OC(C)(C)C3)c1C,388.891,27,6,acyclic_ali,c1ccc(OCc2cccc3c2OCC3)cc1
Ac4762,O=C(O)C1(c2ccc(Br)cn2)CC1,242.072,13,2,alpha_quat,c1ccc(C2CC2)nc1
Ac4763,CCN(CC)CCN(C)Cc1cccc(C(=O)O)c1,264.369,19,8,benzoic,c1ccccc1
Ac4764,O=C(O)c1ccccc1C(=O)c1ccc(F)c(F)c1,262.211,19,3,benzoic,O=C(c1ccccc1)c1ccccc1
Ac4765,NS(=O)(=O)c1ccc(C2(C(=O)O)CC2)cc1,241.268,16,3,alpha_quat,c1ccc(C2CC2)cc1
Ac4766,O=Cc1ccc(-c2cc(C(=O)O)ccc2Cl)o1,250.637,17,3,benzoic,c1ccc(-c2ccco2)cc1
Ac4767,CCS(=O)(=O)c1cccc(CC(=O)O)c1,228.269,15,4,acyclic_ali,c1ccccc1
Ac4768,O=C(O)Cc1cc(Cl)ccc1C(F)(F)F,238.592,15,2,acyclic_ali,c1ccccc1
Ac4770,CC(C)(C(=O)O)c1ccc(S(=O)(=O)/C=C/C#N)cc1,279.317,19,4,alpha_quat,c1ccccc1
Ac4771,O=C(O)c1ccc(SC2CCOC2=O)cc1,238.264,16,3,benzoic,O=C1OCCC1Sc1ccccc1
Ac4772,CCOc1cn(-c2ccc(F)cc2)nc1C(=O)O,250.229,18,4,heteroaryl,c1ccc(-n2cccn2)cc1
Ac4774,O=C(O)c1cn2cc(C(F)(F)F)ncc2n1,231.133,16,1,heteroaryl,c1cn2ccnc2cn1
Ac4775,Cc1cc(C(=O)O)ccc1OCC(F)F,216.183,15,4,benzoic,c1ccccc1
Ac4776,O=C(O)c1cnc(OCC(F)(F)F)c(F)c1,239.124,16,3,aryl_other,c1ccncc1
Ac4777,O=C(O)Cc1ccc(F)cc1C(F)(F)F,222.137,15,2,acyclic_ali,c1ccccc1
Ac4778,CC(C)(C)OC(=O)N1CCC2(CC1)CC(CC(=O)O)CO2,299.367,21,2,acyclic_ali,C1COC2(C1)CCNCC2
Ac4779,O=C(O)c1ncc(Br)cc1[N+](=O)[O-],247.004,13,2,heteroaryl,c1ccncc1
Ac4780,O=C(O)c1coc(-c2ccccc2Cl)n1,223.615,15,2,heteroaryl,c1ccc(-c2ncco2)cc1
Ac4781,O=C(O)CCSc1ccc(F)c(F)c1,218.224,14,4,acyclic_ali,c1ccccc1
Ac4782,O=C(O)c1cc(-c2ccc(F)c(F)c2)on1,225.15,16,2,heteroaryl,c1ccc(-c2ccno2)cc1
Ac4784,N#Cc1ccc(CC(=O)O)cc1C(F)(F)F,229.157,16,2,acyclic_ali,c1ccccc1
Ac4787,O=C(O)c1cccc(S(=O)(=O)N2CCc3sccc3C2)c1,323.395,21,3,benzoic,O=S(=O)(c1ccccc1)N1CCc2sccc2C1
Ac4789,O=C(O)c1sc(Br)cc1Cl,241.493,10,1,heteroaryl,c1ccsc1
Ac4791,O=C(O)c1ccc2scc(Br)c2c1,257.108,13,1,benzoic,c1ccc2sccc2c1
Ac4792,O=C(O)c1ccc(Cl)c(Br)n1,236.452,11,1,heteroaryl,c1ccncc1
Ac4793,Cc1ccc(C(=O)O)nc1Br,216.034,11,1,heteroaryl,c1ccncc1
Ac4798,CC(C)(C)OC(=O)N1CCC(n2cc(C(=O)O)nn2)CC1,296.327,21,2,heteroaryl,c1cn(C2CCNCC2)nn1
Ac4800,Cc1c(Br)cc([N+](=O)[O-])cc1C(=O)O,260.043,14,2,benzoic,c1ccccc1
Ac4801,O=C(O)c1cnc(N2CC(F)(F)C2)c(Br)n1,294.055,16,2,heteroaryl,c1cnc(N2CCC2)cn1
Ac4803,O=C(O)c1ccc(C(F)(F)F)cc1-n1nccn1,257.171,18,2,benzoic,c1ccc(-n2nccn2)cc1
Ac4807,O=C(O)c1cc(Br)ncc1[N+](=O)[O-],247.004,13,2,aryl_other,c1ccncc1
Ac4808,CCCOc1ccc(-c2cc(C(=O)O)c3cc(Cl)ccc3n2)cc1,341.794,24,5,aryl_other,c1ccc(-c2ccc3ccccc3n2)cc1
Ac4810,COc1cc(Br)cc(F)c1C(=O)O,249.035,13,2,benzoic,c1ccccc1
Ac4811,O=C(O)c1c(I)ccc(F)c1Cl,300.454,12,1,benzoic,c1ccccc1
Ac4815,Cc1cc(C(=O)O)ccc1OCC(F)(F)F,234.173,16,3,benzoic,c1ccccc1
Ac4816,O=C(O)C(Cc1ccccc1)NS(=O)(=O)c1ccc(-c2ccc(Cl)cc2)cc1,415.898,28,7,alpha_amino,O=S(=O)(NCCc1ccccc1)c1ccc(-c2ccccc2)cc1
Ac4817,COc1ccc(-c2noc(CCCC(=O)O)n2)cc1,262.265,19,6,acyclic_ali,c1ccc(-c2ncon2)cc1
Ac4819,Cc1cnc(C(=O)O)c(Br)c1,216.034,11,1,heteroaryl,c1ccncc1
Ac4822,Cc1cc(F)c(I)cc1C(=O)O,280.036,12,1,benzoic,c1ccccc1
Ac4823,CC(C)(C)OC(=O)N1[C@@H]2CC[C@H]1C[C@H](C(=O)O)C2,255.314,18,1,cyclic_ali,C1CC2CCC(C1)N2
Ac4824,O=C(O)c1cc(Br)cc(F)c1F,236.999,12,1,benzoic,c1ccccc1
Ac4825,O=C(OCc1ccccc1)N1CCC(F)(C(=O)O)C1,267.256,19,3,cyclic_ali,O=C(OCc1ccccc1)N1CCCC1
Ac4826,O=C(O)c1cnc(Cl)cc1Br,236.452,11,1,aryl_other,c1ccncc1
Ac4827,COc1ccc(CC(=O)O)c(C(F)(F)F)c1,234.173,16,3,acyclic_ali,c1ccccc1
Ac4828,COc1cc(C(=O)O)c(F)cc1Br,249.035,13,2,benzoic,c1ccccc1
Ac4829,O=C(O)C1CCN(C(=O)c2ccccc2Cl)CC1,267.712,18,2,cyclic_ali,O=C(c1ccccc1)N1CCCCC1
Ac4831,COc1cccc(OC)c1-c1cc(C(=O)O)nn1-c1ccc(F)cc1,342.326,25,5,heteroaryl,c1ccc(-c2ccnn2-c2ccccc2)cc1
Ac4833,O=C(O)c1c([N+](=O)[O-])ccc(F)c1Cl,219.555,14,2,benzoic,c1ccccc1
Ac4834,CC1(C)OB(c2ccc(F)c(CC(=O)O)c2)OC1(C)C,280.104,20,3,acyclic_ali,c1ccc(B2OCCO2)cc1
Ac4835,O=C(O)c1cc(Cl)c(Br)cc1[N+](=O)[O-],280.461,14,2,benzoic,c1ccccc1
Ac4836,O=C(O)Cc1cc(OC(F)(F)F)ccc1F,238.136,16,3,acyclic_ali,c1ccccc1
Ac4838,Cc1cc(B2OC(C)(C)C(C)(C)O2)cc(C(=O)O)c1,262.114,19,2,benzoic,c1ccc(B2OCCO2)cc1
Ac4839,O=C(O)c1cnc2c(Br)cnn2c1,242.032,13,1,aryl_other,c1cnc2ccnn2c1
Ac4840,CS(=O)(=O)Nc1ccc2sc(C(=O)O)cc2c1,271.319,17,3,heteroaryl,c1ccc2sccc2c1
Ac4841,Cc1cccc(Cn2cc(C(=O)O)cn2)c1,216.24,16,3,aryl_other,c1ccc(Cn2cccn2)cc1
Ac4842,O=C(O)c1cnn(Cc2ccc(Cl)cc2)c1,236.658,16,3,aryl_other,c1ccc(Cn2cccn2)cc1
Ac4843,Cc1nn(-c2ccc(F)cc2)c(Cl)c1C(=O)O,254.648,17,2,aryl_other,c1ccc(-n2cccn2)cc1
Ac4845,O=C(O)c1cc([N+](=O)[O-])cc(Br)c1F,264.006,14,2,benzoic,c1ccccc1
Ac4846,Cc1cc(C)n(Cc2cccc(C(=O)O)c2)n1,230.267,17,3,benzoic,c1ccc(Cn2cccn2)cc1
Ac4848,C=CCOc1ccc(CC(=O)O)cc1OCC=C,248.278,18,8,acyclic_ali,c1ccccc1
Ac4849,COc1cc(C(=O)O)c([N+](=O)[O-])cc1Br,276.042,15,3,benzoic,c1ccccc1
Ac4851,O=C(O)c1c(F)cc(C(F)(F)F)cc1C(F)(F)F,276.107,18,1,benzoic,c1ccccc1
Ac4852,O=C(O)C1(c2ccc(C(F)(F)F)cc2)CCC1,244.212,17,2,alpha_quat,c1ccc(C2CCC2)cc1
Ac4853,CCOc1cc(B2OC(C)(C)C(C)(C)O2)cc(C(=O)O)c1,292.14,21,4,benzoic,c1ccc(B2OCCO2)cc1
Ac4854,CC(C)(C)OC(=O)N1CCC2(CC1)C(C(=O)O)CCS2(=O)=O,333.406,22,1,cyclic_ali,O=S1(=O)CCCC12CCNCC2
Ac4855,COCCCN1Cc2cccc(C(=O)O)c2C1=O,249.266,18,5,benzoic,O=C1NCc2ccccc21
Ac4856,CC(C)Oc1ccc(/C=C/C(=O)O)cc1Br,285.137,16,4,other,c1ccccc1
Ac4857,O=C(O)c1cc(-c2cccc(Br)c2)nc2ccc(Cl)cc12,362.61,21,2,aryl_other,c1ccc(-c2ccc3ccccc3n2)cc1
Ac4858,Cc1cccc(-c2cc(C(=O)O)c3cc(Cl)ccc3n2)c1,297.741,21,2,aryl_other,c1ccc(-c2ccc3ccccc3n2)cc1
Ac4859,Cc1cc(Cl)c(I)cc1C(=O)O,296.491,12,1,benzoic,c1ccccc1
Ac4860,O=C(O)c1ccnc(Br)c1F,219.997,11,1,aryl_other,c1ccncc1
Ac4861,CC1(C)CCc2c(cc(OCC(=O)O)c3c(-c4ccccc4)cc(=O)oc23)O1,380.396,28,4,acyclic_ali,O=c1cc(-c2ccccc2)c2ccc3c(c2o1)CCCO3
Ac4863,CC1(C)CCc2c(cc(OCC(=O)O)c3c4c(c(=O)oc23)CCCC4)O1,358.39,26,3,acyclic_ali,O=c1oc2c3c(ccc2c2c1CCCC2)OCCC3
Ac4865,Cc1ccc(-c2ccnc(C(=O)O)c2)c(C)c1,227.263,17,2,heteroaryl,c1ccc(-c2ccncc2)cc1
Ac4867,O=C(O)C1CCc2nnc(C(F)F)n2C1,217.175,15,2,cyclic_ali,c1nnc2n1CCCC2
Ac4868,O=C(O)c1cc(S(=O)(=O)N2CCOCC2)ccc1F,289.284,19,3,benzoic,O=S(=O)(c1ccccc1)N1CCOCC1
Ac4869,CC(C)(C)OC(=O)N1C[C@@H](C(=O)O)[C@H](c2cccnc2)C1,292.335,21,2,cyclic_ali,c1cncc(C2CCNC2)c1
Ac4870,COC1(C(=O)O)CCN(C(=O)OC(C)(C)C)C1,245.275,17,2,cyclic_ali,C1CCNC1
Ac4871,CC(C)(C)OC(=O)N1CCC(C#N)(C(=O)O)C1,240.259,17,1,alpha_quat,C1CCNC1
Ac4872,Cc1cc(C)n(Cc2ccc(C(=O)O)cc2)n1,230.267,17,3,benzoic,c1ccc(Cn2cccn2)cc1
Ac4873,O=C(O)Cc1c(Cl)cccc1C(F)(F)F,238.592,15,2,acyclic_ali,c1ccccc1
Ac4874,Cc1nn(CC(=O)O)c(C)c1/N=N/c1ccccc1,258.281,19,4,acyclic_ali,c1ccc(N=Nc2cn[nH]c2)cc1
Ac4876,Cn1cc(C(=O)O)c(Cc2ccccc2)n1,216.24,16,3,aryl_other,c1ccc(Cc2cc[nH]n2)cc1
Ac4877,O=C(O)c1ccc(S(=O)(=O)N2CCCc3ccccc32)cc1,317.366,22,3,benzoic,O=S(=O)(c1ccccc1)N1CCCc2ccccc21
Ac4878,COc1cc(Br)cc(C(=O)O)c1Cl,265.49,13,2,benzoic,c1ccccc1
Ac4879,O=C(O)c1cn(-c2ncccc2Cl)nc1C(F)(F)F,291.616,19,2,aryl_other,c1ccc(-n2cccn2)nc1
Ac4880,Cc1ccc(-c2cc(C(=O)O)c3cc(Cl)ccc3n2)o1,287.702,20,2,aryl_other,c1coc(-c2ccc3ccccc3n2)c1
Ac4882,CC(Cc1ccc(OC(F)(F)F)c(F)c1)C(=O)O,266.19,18,4,acyclic_ali,c1ccccc1
Ac4883,CC(C)(C)c1nc(-c2ccc(C(=O)O)cc2)no1,246.266,18,2,benzoic,c1ccc(-c2ncon2)cc1
Ac4884,O=C(O)[C@@H]1CCCN1S(=O)(=O)c1cc2ccccc2o1,295.316,20,3,alpha_amino,O=S(=O)(c1cc2ccccc2o1)N1CCCC1
Ac4885,CC(=O)c1cnc2c(C(=O)O)cnn2c1C,219.2,16,2,aryl_other,c1cnc2ccnn2c1
Ac4886,O=C(O)c1csc(I)c1Br,332.944,10,1,aryl_other,c1ccsc1
Ac4887,C[C@H](Oc1ccc(Br)cn1)C(=O)O,246.06,13,3,acyclic_ali,c1ccncc1
Ac4896,O=C(O)c1cnc(-c2ccc(Cl)cc2)nc1,234.642,16,2,aryl_other,c1ccc(-c2ncccn2)cc1
Ac4899,COc1cc2oc(=O)cc(C)c2cc1CCC(=O)O,262.261,19,4,acyclic_ali,O=c1ccc2ccccc2o1
Ac4900,CC1(C)OB(c2cccc(C(=O)O)c2F)OC1(C)C,266.077,19,2,benzoic,c1ccc(B2OCCO2)cc1
Ac4902,CC(C)(C)c1ccc(Oc2ccc(C(=O)O)cn2)cc1,271.316,20,3,aryl_other,c1ccc(Oc2ccccn2)cc1
Ac4903,CC(C)(C)OC(=O)N1CCC(C2(C(=O)O)CC2)CC1,269.341,19,2,alpha_quat,C1CC(C2CC2)CCN1
Ac4904,CC(C)(C)OC(=O)N1CCC(F)(F)C(CC(=O)O)C1,279.283,19,2,acyclic_ali,C1CCNCC1
Ac4905,Cc1ccc(-c2cc(C(=O)O)c3cc(Br)ccc3n2)o1,332.153,20,2,aryl_other,c1coc(-c2ccc3ccccc3n2)c1
Ac4909,O=C(O)c1cnn(-c2ccc(Br)cc2)c1C(F)(F)F,335.079,19,2,aryl_other,c1ccc(-n2cccn2)cc1
Ac4910,O=C(O)c1cnn(-c2cccc(F)c2)c1C(F)(F)F,274.173,19,2,aryl_other,c1ccc(-n2cccn2)cc1
Ac4911,O=C(O)c1ccc(C(F)(F)C(F)(F)F)nc1,241.115,16,2,aryl_other,c1ccncc1
Ac4912,O=C(O)/C(=C/c1ccc(Cl)cc1)c1ccc(F)cc1,276.694,19,3,other,C(=Cc1ccccc1)c1ccccc1
Ac4913,CC(C(=O)O)c1ccc(Br)c(F)c1,247.063,13,2,acyclic_ali,c1ccccc1
Ac4915,Cc1ccc(Br)c(F)c1C(=O)O,233.036,12,1,benzoic,c1ccccc1
Ac4917,O=C(O)/C=C/c1ccc2c(c1)OCCCO2,220.224,16,2,other,c1ccc2c(c1)OCCCO2
Ac4918,Cn1cc(Br)c(C(=O)O)cc1=O,232.033,12,1,aryl_other,O=c1cccc[nH]1
Ac4920,O=C(O)C1(CCOCc2ccccc2)CC1,220.268,16,6,alpha_quat,c1ccc(COCCC2CC2)cc1
Ac4921,O=C(O)/C=C/c1ccc(F)cc1Br,245.047,13,2,other,c1ccccc1
Ac4922,Cc1nc(-c2ccc(C(C)(C)C)cc2)ncc1C(=O)O,270.332,20,2,aryl_other,c1ccc(-c2ncccn2)cc1
Ac4923,CC(C)(C)OC(=O)N1CC2CC1CC2C(=O)O,241.287,17,1,cyclic_ali,C1CC2CC1CN2
Ac4925,O=C(O)Cc1cccc(F)c1Br,233.036,12,2,acyclic_ali,c1ccccc1
Ac4927,Cc1cc(Br)cc2cc(C(=O)O)sc12,271.135,14,1,heteroaryl,c1ccc2sccc2c1
Ac4928,O=C(O)c1c(Br)ccc(Cl)c1F,253.454,12,1,benzoic,c1ccccc1
Ac4929,O=C(O)c1csc(-c2ccc(Cl)c(Cl)c2)n1,274.128,16,2,heteroaryl,c1ccc(-c2nccs2)cc1
Ac4930,CC(C)(C(=O)O)n1cc(I)cn1,280.065,12,2,acyclic_ali,c1cn[nH]c1
Ac4931,COc1cc(/C=C/C(=O)O)cc2c1OCCO2,236.223,17,3,other,c1ccc2c(c1)OCCO2
Ac4932,C[C@H](Oc1ccc(Br)cc1F)C(=O)O,263.062,14,3,acyclic_ali,c1ccccc1
Ac4934,O=C(O)c1cc(Br)cc(Cl)c1F,253.454,12,1,benzoic,c1ccccc1
Ac4936,O=C(O)Cc1cc(C(F)(F)F)ccc1[N+](=O)[O-],249.144,17,3,acyclic_ali,c1ccccc1
Ac4937,CCOc1nc(C(F)(F)F)ccc1C(=O)O,235.161,16,3,aryl_other,c1ccncc1
Ac4938,CC1(C)CC[C@@H](C(=O)O)N1C(=O)OCC1c2ccccc2-c2ccccc21,365.429,27,3,alpha_amino,O=C(OCC1c2ccccc2-c2ccccc21)N1CCCC1
Ac4939,O=C(O)c1ccc2oc(CC(F)(F)F)nc2c1,245.156,17,2,benzoic,c1ccc2ocnc2c1
Ac4940,COc1cc(C(=O)O)ccc1OCC(=O)NC(C)C,267.281,19,6,benzoic,c1ccccc1
Ac4941,COc1ncc(B2OC(C)(C)C(C)(C)O2)cc1C(=O)O,279.101,20,3,aryl_other,c1cncc(B2OCCO2)c1
Ac4943,O=C(O)CC1Cc2ccc(Cl)cc2C1=O,224.643,15,2,acyclic_ali,O=C1CCc2ccccc21
Ac4945,CC(C)(C)OC(=O)N1C[C@H](Cc2cccc(Br)c2)C[C@H]1C(=O)O,384.27,23,3,alpha_amino,c1ccc(CC2CCNC2)cc1
Ac4946,CC(C)(C)OC(=O)N1C[C@H](Cc2ccc(Br)cc2)C[C@H]1C(=O)O,384.27,23,3,alpha_amino,c1ccc(CC2CCNC2)cc1
Ac4948,O=C(O)c1ccc(Br)c(F)c1Cl,253.454,12,1,benzoic,c1ccccc1
Ac4949,Cc1c(C(=O)O)ccc(Br)c1F,233.036,12,1,benzoic,c1ccccc1
Ac4952,Cc1oc(Cn2ccc3ccc(Br)cc32)cc1C(=O)O,334.169,20,3,aryl_other,c1coc(Cn2ccc3ccccc32)c1
Ac4953,O=C(O)CNC(=O)Cn1ccc2ccc(Br)cc21,311.135,18,4,alpha_amino,c1ccc2[nH]ccc2c1
Ac4956,C#CCOc1cc(C2(C(F)(F)F)N=N2)ccc1C(=O)O,284.193,20,4,benzoic,c1ccc(C2N=N2)cc1
Ac4957,O=C(O)c1cc2c(Br)cc(F)cc2[nH]1,258.046,14,1,heteroaryl,c1ccc2[nH]ccc2c1
Ac4960,Cc1cc(C)cc(C2(C(=O)O)CCCC2)c1,218.296,16,2,alpha_quat,c1ccc(C2CCCC2)cc1
Ac4961,O=C(O)c1cccc(OC(F)(F)F)c1F,224.109,15,2,benzoic,c1ccccc1
Ac4963,O=C(O)c1c(C(F)F)nc2n1CCCC2,216.187,15,2,heteroaryl,c1cn2c(n1)CCCC2
Ac4964,O=C(O)C1(c2cc(Br)ccn2)CC1,242.072,13,2,alpha_quat,c1ccc(C2CC2)nc1
Ac4965,N#Cc1ccc(N2CCCC(C(=O)O)C2)cc1,230.267,17,2,cyclic_ali,c1ccc(N2CCCCC2)cc1
Ac4966,CC(C)(C)OC(=O)N1CC(C(=O)O)CC(C(F)(F)F)C1,297.273,20,1,cyclic_ali,C1CCNCC1
Ac4967,CC(C)c1cc(B2OC(C)(C)C(C)(C)O2)ccc1C(=O)O,290.168,21,3,benzoic,c1ccc(B2OCCO2)cc1
Ac4968,O=C(O)c1nc2cc(Br)ccc2s1,258.096,13,1,heteroaryl,c1ccc2scnc2c1
Ac4969,COCCS(=O)(=O)c1ccc(C(=O)O)cc1,244.268,16,5,benzoic,c1ccccc1
Ac4970,O=C(O)Cn1ccc(-c2ccc([N+](=O)[O-])cc2)n1,247.21,18,4,acyclic_ali,c1ccc(-c2cc[nH]n2)cc1
Ac4972,O=C(O)C1CC12CCN(C(=O)OCC1c3ccccc3-c3ccccc31)C2,363.413,27,3,cyclic_ali,O=C(OCC1c2ccccc2-c2ccccc21)N1CCC2(CC2)C1
Ac4973,O=C(O)[C@@H]1CC2(CC2)CN1C(=O)OCC1c2ccccc2-c2ccccc21,363.413,27,3,alpha_amino,O=C(OCC1c2ccccc2-c2ccccc21)N1CCC2(CC2)C1
Ac4975,COC(=O)c1cc(OC(F)F)cc(C(=O)O)c1,246.165,17,4,benzoic,c1ccccc1
Ac4978,O=C(O)c1c2c(nc3ccccc13)CCCCCC2,255.317,19,1,aryl_other,c1ccc2nc3c(cc2c1)CCCCCC3
Ac4979,CCc1cc(C(=O)O)nn1-c1ccccc1,216.24,16,3,heteroaryl,c1ccc(-n2cccn2)cc1
Ac4980,Cc1oc(Br)c(C)c1C(=O)O,219.034,11,1,aryl_other,c1ccoc1
Ac4981,O=C(O)c1csc(Br)c1Br,285.944,10,1,aryl_other,c1ccsc1
Ac4982,Cc1nc(C(=O)O)sc1Br,222.063,10,1,heteroaryl,c1cscn1
Ac4983,O=C(O)CC(Br)C(=O)c1cccs1,263.112,13,4,acyclic_ali,c1ccsc1
Ac4984,Cc1oc(C)c(-c2ccccc2)c1C(=O)O,216.236,16,2,aryl_other,c1ccc(-c2ccoc2)cc1
Ac4985,Cc1nc(-c2ccccc2C(=O)O)cs1,219.265,15,2,benzoic,c1ccc(-c2cscn2)cc1
Ac4989,O=C(O)c1cc(Cl)n(-c2ccccc2)n1,222.631,15,2,heteroaryl,c1ccc(-n2cccn2)cc1
Ac4992,Cc1nc(-c2ccccc2)sc1CC(=O)O,233.292,16,3,acyclic_ali,c1ccc(-c2nccs2)cc1
Ac4993,O=C(O)COCc1nc2ccccc2s1,223.253,15,4,acyclic_ali,c1ccc2scnc2c1
Ac4994,O=C(O)CSCc1nc2ccccc2s1,239.321,15,4,acyclic_ali,c1ccc2scnc2c1
Ac4995,Cc1ccc(-c2ncc(C(=O)O)c(C)n2)cc1,228.251,17,2,aryl_other,c1ccc(-c2ncccn2)cc1
Ac4996,O=C(O)c1cnnn1-c1ccccc1Cl,223.619,15,2,heteroaryl,c1ccc(-n2ccnn2)cc1
Ac4997,O=C(O)c1ccnc(SCc2ccccc2)c1,245.303,17,4,aryl_other,c1ccc(CSc2ccccn2)cc1
Ac4998,O=C(O)C1Cc2ccccc2Oc2ccccc21,240.258,18,1,cyclic_ali,c1ccc2c(c1)CCc1ccccc1O2
Ac4999,O=C(O)c1cc2c(cc1[N+](=O)[O-])OCCO2,225.156,16,2,benzoic,c1ccc2c(c1)OCCO2
Ac5000,O=C(O)CCc1nc(-c2ccccn2)no1,219.2,16,4,acyclic_ali,c1ccc(-c2ncon2)nc1
Ac5001,O=C(O)c1cc(-c2cc3ccccc3o2)on1,229.191,17,2,heteroaryl,c1ccc2oc(-c3ccno3)cc2c1
Ac5002,O=C(O)c1cnnn1-c1cc(Cl)ccc1Cl,258.064,16,2,heteroaryl,c1ccc(-n2ccnn2)cc1
Ac5004,CCOc1cc(C(=O)O)nn1-c1ccccc1,232.239,17,4,heteroaryl,c1ccc(-n2cccn2)cc1
Ac5005,O=C(O)c1ccn(-c2ccc([N+](=O)[O-])cc2)n1,233.183,17,3,heteroaryl,c1ccc(-n2cccn2)cc1
Ac5006,CCOc1nc(-c2ccccc2)ncc1C(=O)O,244.25,18,4,aryl_other,c1ccc(-c2ncccn2)cc1
Ac5007,O=C(NN1CC(C(=O)O)CC1=O)c1ccccc1,248.238,18,3,cyclic_ali,O=C(NN1CCCC1=O)c1ccccc1
Ac5008,O=C(O)C1CCc2nc(Cl)nc(Cl)c2C1,247.081,15,1,cyclic_ali,c1ncc2c(n1)CCCC2
Ac5009,Cc1cccc2c(C(=O)O)cc(-c3ccc(Cl)cc3)nc12,297.741,21,2,aryl_other,c1ccc(-c2ccc3ccccc3n2)cc1
Ac5012,CCc1ccc(-c2cc(C(=O)O)c3cc(C)ccc3n2)s1,297.379,21,3,aryl_other,c1csc(-c2ccc3ccccc3n2)c1
Ac5013,CC(C)c1ccc(-c2cc(C(=O)O)c3cc(Br)ccc3n2)cc1,370.246,23,3,aryl_other,c1ccc(-c2ccc3ccccc3n2)cc1
Ac5015,COc1ccc2c(C)c(CC(=O)O)c(=O)oc2c1OC,278.26,20,4,acyclic_ali,O=c1ccc2ccccc2o1
Ac5017,COc1cc2c(cc1OC)C(CC(=O)O)N(C(C)=O)CC2,293.319,21,4,acyclic_ali,c1ccc2c(c1)CCNC2
Ac5019,O=C(O)c1cc(F)cnc1Br,219.997,11,1,aryl_other,c1ccncc1
Ac5020,O=C(O)c1ccc(Sc2ccccc2)nc1,231.276,16,3,aryl_other,c1ccc(Sc2ccccn2)cc1
Ac5021,O=C(O)c1cccnc1Sc1ccc(Br)cc1,310.172,17,3,aryl_other,c1ccc(Sc2ccccn2)cc1
Ac5022,CCCCN1C(=O)c2ccc(C(=O)O)cc2C1=O,247.25,18,4,benzoic,O=C1NC(=O)c2ccccc21
Ac5024,O=C(O)c1cc(Cl)nc(Oc2ccc(Cl)cc2)c1,284.098,18,3,aryl_other,c1ccc(Oc2ccccn2)cc1
Ac5025,Cc1cc(C(=O)O)cc(Br)n1,216.034,11,1,aryl_other,c1ccncc1
Ac5028,O=C(O)Cc1cc(-c2ccc(Cl)cc2)on1,237.642,16,3,acyclic_ali,c1ccc(-c2ccno2)cc1
Ac5031,O=C(O)c1cc(-c2cccs2)nc2ccc(F)cc12,273.288,19,2,aryl_other,c1csc(-c2ccc3ccccc3n2)c1
Ac5032,O=C(O)c1cc(-c2ccco2)nc2c(Cl)cccc12,273.675,19,2,aryl_other,c1coc(-c2ccc3ccccc3n2)c1
Ac5033,O=C(O)c1cc(-c2cccs2)nc2c(Cl)cccc12,289.743,19,2,aryl_other,c1csc(-c2ccc3ccccc3n2)c1
Ac5035,Cn1c(SCC(=O)O)nc2sc3c(c2c1=O)CCCC3,310.4,20,3,acyclic_ali,O=c1[nH]cnc2sc3c(c12)CCCC3
Ac5036,O=C(O)c1c2c(nc3ccccc13)CCN(Cc1ccccc1)C2,318.376,24,3,aryl_other,c1ccc(CN2CCc3nc4ccccc4cc3C2)cc1
Ac5039,Cc1cc(C(=O)O)nn1-c1ccccc1[N+](=O)[O-],247.21,18,3,heteroaryl,c1ccc(-n2cccn2)cc1
Ac5040,O=C(O)c1nn(-c2ccc(Cl)cc2)c2c1CCC2,262.696,18,2,heteroaryl,c1ccc(-n2ncc3c2CCC3)cc1
Ac5041,C=CCn1c(SCC(=O)O)nnc1-c1ccccc1,275.333,19,6,acyclic_ali,c1ccc(-c2nnc[nH]2)cc1
Ac5042,O=C(O)c1nc(-c2ccccc2)n2c1CCCCC2,256.305,19,2,heteroaryl,c1ccc(-c2ncc3n2CCCCC3)cc1
Ac5043,O=Cc1c(C(=O)O)nn(-c2ccccc2)c1Cl,250.641,17,3,heteroaryl,c1ccc(-n2cccn2)cc1
Ac5044,COc1ccc(-n2nc(C(=O)O)cc2-c2ccccc2)cc1,294.31,22,4,heteroaryl,c1ccc(-c2ccnn2-c2ccccc2)cc1
Ac5045,O=C(O)c1cc(-c2ccccc2Cl)n(-c2ccccc2)n1,298.729,21,3,heteroaryl,c1ccc(-c2ccnn2-c2ccccc2)cc1
Ac5046,O=C(O)Cc1cn(-c2ccccc2)nc1-c1ccc(Br)cc1,357.207,22,4,acyclic_ali,c1ccc(-c2ccn(-c3ccccc3)n2)cc1
Ac5049,O=C(O)CCn1ncc(=O)c2ccccc21,218.212,16,3,acyclic_ali,O=c1cn[nH]c2ccccc12
Ac5050,COc1cc(C(=O)O)nn1-c1ccc(C)cc1,232.239,17,3,heteroaryl,c1ccc(-n2cccn2)cc1
Ac5052,COc1cc(C(=O)O)nn1-c1ccccc1Cl,252.657,17,3,heteroaryl,c1ccc(-n2cccn2)cc1
Ac5053,O=C(O)C1CCc2c(cnn2-c2ccccc2)C1,242.278,18,2,cyclic_ali,c1ccc(-n2ncc3c2CCCC3)cc1
Ac5054,O=C(O)c1cnn(-c2cccc(Br)c2)n1,268.07,15,2,heteroaryl,c1ccc(-n2nccn2)cc1
Ac5055,COc1cc(C(=O)O)nn1-c1ccc(Cl)cc1,252.657,17,3,heteroaryl,c1ccc(-n2cccn2)cc1
Ac5057,Cc1nn(-c2ccc(Cl)cc2)c(C)c1CC(=O)O,264.712,18,3,acyclic_ali,c1ccc(-n2cccn2)cc1
Ac5059,Cc1nc(COc2ccccc2)sc1C(=O)O,249.291,17,4,heteroaryl,c1ccc(OCc2nccs2)cc1
Ac5060,O=C(O)c1cc2c(ccc3ncccc32)s1,229.26,16,1,heteroaryl,c1cnc2ccc3sccc3c2c1
Ac5061,O=C(O)Cc1csc(-c2ccc(F)cc2)n1,237.255,16,3,acyclic_ali,c1ccc(-c2nccs2)cc1
Ac5063,CC(NS(=O)(=O)Cc1ccccc1)C(=O)O,243.284,16,5,alpha_amino,c1ccccc1
Ac5064,O=C(O)CSc1nnc(-c2ccco2)o1,226.213,15,4,acyclic_ali,c1coc(-c2nnco2)c1
Ac5067,O=C(O)c1ccc(Oc2nccs2)cc1,221.237,15,3,benzoic,c1ccc(Oc2nccs2)cc1
Ac5069,O=C(O)c1sc2sccc2c1Cl,218.686,12,1,heteroaryl,c1cc2ccsc2s1
Ac5070,O=C(O)CCC(=O)c1cc(Cl)sc1Cl,253.106,14,4,acyclic_ali,c1ccsc1
Ac5071,O=C(O)CCc1ccc(-c2cccs2)o1,222.265,15,4,acyclic_ali,c1coc(-c2cccs2)c1
Ac5072,O=C(O)CCc1ccc(-c2ccccc2F)o1,234.226,17,4,acyclic_ali,c1ccc(-c2ccco2)cc1
Ac5076,Cc1cc(Br)c(C(=O)O)s1,221.075,10,1,heteroaryl,c1ccsc1
Ac5077,O=C(O)C(=O)c1cc(Cl)sc1Cl,225.052,12,2,other,c1ccsc1
Ac5078,O=C(O)c1ccccc1-c1ccc2c(c1)OCO2,242.23,18,2,benzoic,c1ccc(-c2ccc3c(c2)OCO3)cc1
Ac5079,O=C(O)c1ccccc1C(=O)N1CCCCCC1,247.294,18,2,benzoic,O=C(c1ccccc1)N1CCCCCC1
Ac5080,O=C(O)c1cc(Br)c(Cl)o1,225.425,10,1,heteroaryl,c1ccoc1
Ac5081,O=C(O)c1sc2cccc(Cl)c2c1Cl,247.102,14,1,heteroaryl,c1ccc2sccc2c1
Ac5082,O=C(O)c1ccc(Sc2ccc(Cl)cc2)o1,254.694,16,3,heteroaryl,c1ccc(Sc2ccco2)cc1
Ac5083,O=C(O)Cc1ccc(C(=O)c2ccc(Cl)cc2)s1,280.732,18,4,acyclic_ali,O=C(c1ccccc1)c1cccs1
Ac5085,O=C(O)c1ccc(CN2CCCCC2=O)cc1,233.267,17,3,benzoic,O=C1CCCCN1Cc1ccccc1
Ac5086,Cc1sc(C(=O)O)c(Br)c1C,235.102,11,1,heteroaryl,c1ccsc1
Ac5087,O=C(O)Cc1ccc([N+](=O)[O-])cc1I,307.043,14,3,acyclic_ali,c1ccccc1
Ac5088,O=C(O)CCOc1ccc(Cl)cc1[N+](=O)[O-],245.618,16,5,acyclic_ali,c1ccccc1
Ac5089,O=C(O)CCCS(=O)(=O)c1ccc(Cl)cc1,262.714,16,5,acyclic_ali,c1ccccc1
Ac5090,O=C(O)c1c(F)c(Br)cc(Br)c1F,315.895,13,1,benzoic,c1ccccc1
Ac5091,O=C(O)CCC(=O)c1cc(Cl)ccc1Cl,247.077,15,4,acyclic_ali,c1ccccc1
Ac5092,CCSc1ccc(C(=O)CCC(=O)O)cc1,238.308,16,6,acyclic_ali,c1ccccc1
Ac5093,Cc1ccc(C(=O)CCCCCCC(=O)O)cc1,248.322,18,8,acyclic_ali,c1ccccc1
Ac5094,COc1ccc2cc(CC(C)C(=O)O)ccc2c1,244.29,18,4,acyclic_ali,c1ccc2ccccc2c1
Ac5096,O=C(O)CCCCCCC(=O)c1ccc(Cl)cc1,268.74,18,8,acyclic_ali,c1ccccc1
Ac5097,CCC(Oc1ccc2c(c1)CCC2)C(=O)O,220.268,16,4,acyclic_ali,c1ccc2c(c1)CCC2
Ac5098,O=C(O)c1cc([N+](=O)[O-])cc2cccc(I)c12,343.076,17,2,benzoic,c1ccc2ccccc2c1
Ac5099,CCOc1cc(C=O)ccc1OC(C)C(=O)O,238.239,17,6,acyclic_ali,c1ccccc1
Ac5100,COc1ccc(C(=O)CCCCCCC(=O)O)cc1OC,294.347,21,10,acyclic_ali,c1ccccc1
Ac5101,O=C(O)C(Cc1ccccc1Br)Cc1ccccc1Br,398.094,20,5,acyclic_ali,c1ccc(CCCc2ccccc2)cc1
Ac5102,COc1cc([N+](=O)[O-])cc(C=O)c1OCC(=O)O,255.182,18,6,acyclic_ali,c1ccccc1
Ac5104,CC(CCC(=O)O)c1ccc(Br)cc1,257.127,14,4,acyclic_ali,c1ccccc1
Ac5106,O=C(O)C1(c2ccc(Cl)cc2)CC1(Cl)Cl,265.523,15,2,alpha_quat,c1ccc(C2CC2)cc1
Ac5108,CCC(=O)c1ccc(OCC(=O)O)c(OC)c1,238.239,17,6,acyclic_ali,c1ccccc1
Ac5111,CS(=O)(=O)c1ccc(OCC(=O)O)cc1,230.241,15,4,acyclic_ali,c1ccccc1
Ac5112,O=C(O)CSc1ccc([N+](=O)[O-])cc1Cl,247.659,15,4,acyclic_ali,c1ccccc1
Ac5113,CNS(=O)(=O)c1cc(C(=O)O)ccc1Br,294.126,15,3,benzoic,c1ccccc1
Ac5114,CC(C)CC(NS(=O)(=O)c1ccc(Cl)cc1)C(=O)O,305.783,19,6,alpha_amino,c1ccccc1
Ac5115,CC(C)CC(NS(=O)(=O)c1ccc(Br)cc1)C(=O)O,350.234,19,6,alpha_amino,c1ccccc1
Ac5116,COc1ccc(S(=O)(=O)NC(CC(C)C)C(=O)O)cc1,301.364,20,7,alpha_amino,c1ccccc1
Ac5118,Cc1cc(I)cc(C(=O)O)c1,262.046,11,1,benzoic,c1ccccc1
Ac5119,Cc1cc(OCC(=O)O)ccc1Br,245.072,13,3,acyclic_ali,c1ccccc1
Ac5120,O=C(O)C1CCc2c(Br)cccc21,241.084,13,1,cyclic_ali,c1ccc2c(c1)CCC2
Ac5121,COc1ccc(OCC(=O)O)cc1Br,261.071,14,4,acyclic_ali,c1ccccc1
Ac5122,CC(=O)COc1ccccc1OCC(=O)O,224.212,16,6,acyclic_ali,c1ccccc1
Ac5123,CC(C)(Oc1ccc(SC(F)(F)F)cc1)C(=O)O,280.267,18,4,acyclic_ali,c1ccccc1
Ac5124,COc1cc([N+](=O)[O-])c(C(=O)O)c([N+](=O)[O-])c1,242.143,17,4,benzoic,c1ccccc1
Ac5125,Cc1cc(Br)ccc1SCC(=O)O,261.14,13,3,acyclic_ali,c1ccccc1
Ac5126,O=C(O)CCOc1ccc(F)cc1Cl,218.611,14,4,acyclic_ali,c1ccccc1
Ac5127,O=C(O)CCOc1ccc2c(c1)CCCC2,220.268,16,4,acyclic_ali,c1ccc2c(c1)CCCC2
Ac5128,CCc1ccc(Br)cc1C(=O)O,229.073,12,2,benzoic,c1ccccc1
Ac5129,CCc1c(Br)cccc1C(=O)O,229.073,12,2,benzoic,c1ccccc1
Ac5130,Cc1c(Br)ccc(C(=O)O)c1C,229.073,12,1,benzoic,c1ccccc1
Ac5131,COc1cc(Br)c(C)c(C(=O)O)c1,245.072,13,2,benzoic,c1ccccc1
Ac5132,Cc1cc(C)c(CC(=O)O)c(C)c1Br,257.127,14,2,acyclic_ali,c1ccccc1
Ac5133,O=C(O)c1cc([N+](=O)[O-])ccc1CBr,260.043,14,3,benzoic,c1ccccc1
Ac5134,COc1ccc(SCCC(=O)O)cc1OC,242.296,16,6,acyclic_ali,c1ccccc1
Ac5135,O=C(O)c1ccc2cccc(I)c2c1,298.079,14,1,benzoic,c1ccc2ccccc2c1
Ac5136,O=C(O)c1cc(I)ccc1C(F)(F)F,316.016,14,1,benzoic,c1ccccc1
Ac5137,CCCCOc1cc(C)c(C(=O)O)c(C)c1,222.284,16,5,benzoic,c1ccccc1
Ac5138,COc1ccc(CC(=O)O)c(Cl)c1OC,230.647,15,4,acyclic_ali,c1ccccc1
Ac5139,CCOc1cc(C(=O)O)cc(Br)c1OC,275.098,15,4,benzoic,c1ccccc1
Ac5141,COc1cc(OC)c(C(=O)CCCC(=O)O)cc1OC,282.292,20,8,acyclic_ali,c1ccccc1
Ac5142,COC(=O)COc1ccc(C(=O)O)cc1OC,240.211,17,5,benzoic,c1ccccc1
Ac5143,COCCOc1ccc(C(=O)O)cc1[N+](=O)[O-],241.199,17,6,benzoic,c1ccccc1
Ac5144,CCC(CC)(C(=O)O)c1ccc(Cl)cc1,226.703,15,4,alpha_quat,c1ccccc1
Ac5145,CSc1ccc(C(=O)CCC(=O)O)c(Cl)c1,258.726,16,5,acyclic_ali,c1ccccc1
Ac5147,CC(C)Oc1ccc(CC(C)C(=O)O)cc1,222.284,16,5,acyclic_ali,c1ccccc1
Ac5148,CCCCCCOc1ccc(Br)cc1C(=O)O,301.18,17,7,benzoic,c1ccccc1
Ac5149,O=C(O)CCC(=O)c1cc(Cl)cc(Cl)c1,247.077,15,4,acyclic_ali,c1ccccc1
Ac5150,CC(C)S(=O)(=O)c1ccc(Cl)c(C(=O)O)c1,262.714,16,3,benzoic,c1ccccc1
Ac5151,CCC(C)NS(=O)(=O)c1cccc(C(=O)O)c1,257.311,17,5,benzoic,c1ccccc1
Ac5155,COc1ccc(C)cc1C(=O)CCCC(=O)O,236.267,17,6,acyclic_ali,c1ccccc1
Ac5156,CN(CC(=O)O)S(=O)(=O)c1ccc(Cl)cc1,263.702,16,4,alpha_amino,c1ccccc1
Ac5158,CC(C)CNS(=O)(=O)c1ccc(C(=O)O)cc1,257.311,17,5,benzoic,c1ccccc1
Ac5159,COc1cc(Br)c(S(N)(=O)=O)cc1C(=O)O,310.125,16,3,benzoic,c1ccccc1
Ac5160,COc1cc(Br)c(S(=O)(=O)Cl)cc1C(=O)O,329.555,16,3,benzoic,c1ccccc1
Ac5161,Cc1ccc(C(CC(=O)c2ccc(Cl)cc2)C(=O)O)cc1,302.757,21,5,acyclic_ali,O=C(CCc1ccccc1)c1ccccc1
Ac5162,CCN(CC)S(=O)(=O)c1cc(C(=O)O)ccc1Cl,291.756,18,5,benzoic,c1ccccc1
Ac5163,CCCCCCCCOc1ccc2cc(C(=O)O)ccc2c1Cl,334.843,23,9,benzoic,c1ccc2ccccc2c1
Ac5166,O=C(O)c1ccccc1OC1CCCCC1,220.268,16,3,benzoic,c1ccc(OC2CCCCC2)cc1
Ac5167,COc1ccc(F)cc1C(=O)CCC(=O)O,226.203,16,5,acyclic_ali,c1ccccc1
Ac5168,COc1cc(OC)cc(C(=O)CCCCCC(=O)O)c1,280.32,20,9,acyclic_ali,c1ccccc1
Ac5170,Cc1cc(C(=O)CCC(=O)O)c(C)cc1Br,285.137,16,4,acyclic_ali,c1ccccc1
Ac5171,O=C(O)COC(c1ccccc1)C(F)(F)F,234.173,16,4,acyclic_ali,c1ccccc1
Ac5172,COc1cc(Cl)ccc1C(=O)CCC(=O)O,242.658,16,5,acyclic_ali,c1ccccc1
Ac5173,Cc1cc(C)c2c(c1C(=O)O)CC(C)(C)C2=O,232.279,17,1,benzoic,O=C1CCc2ccccc21
Ac5175,O=Cc1ccc([N+](=O)[O-])cc1OCC(=O)O,225.156,16,5,acyclic_ali,c1ccccc1
Ac5176,O=C(O)C(=O)/C=C/c1ccccc1[N+](=O)[O-],221.168,16,4,other,c1ccccc1
Ac5177,Cc1cc(C)c(C)c(C(=O)/C=C/C(=O)O)c1C,232.279,17,3,other,c1ccccc1
Ac5179,O=C(O)/C=C/c1cc(Cl)ccc1[N+](=O)[O-],227.603,15,3,other,c1ccccc1
Ac5181,CCCCOc1ccc(/C=C/C(=O)O)cc1OC,250.294,18,7,other,c1ccccc1
Ac5182,O=C(O)c1ccc(NS(=O)(=O)/C=C/c2ccccc2)cc1,303.339,21,5,benzoic,O=S(=O)(C=Cc1ccccc1)Nc1ccccc1
Ac5183,COc1cccc(/C=C(\C(=O)O)c2ccccc2)c1,254.285,19,4,other,C(=Cc1ccccc1)c1ccccc1
Ac5184,O=C(O)C(Cc1ccccc1)Cc1ccc(Cl)cc1,274.747,19,5,acyclic_ali,c1ccc(CCCc2ccccc2)cc1
Ac5185,Cc1cc(Br)cc(Br)c1C(=O)O,293.942,12,1,benzoic,c1ccccc1
Ac5186,CC(C)CC(CCc1ccccc1)C(=O)O,220.312,16,6,acyclic_ali,c1ccccc1
Ac5187,Cc1cc(C(C)(C)C)cc(C)c1CC(=O)O,220.312,16,2,acyclic_ali,c1ccccc1
Ac5188,O=C(O)c1cc(Br)c(F)c(Br)c1,297.905,12,1,benzoic,c1ccccc1
Ac5189,Cc1ccccc1C(=O)CCCCC(=O)O,220.268,16,6,acyclic_ali,c1ccccc1
Ac5190,O=C(O)CCOc1ccccc1I,292.072,13,4,acyclic_ali,c1ccccc1
Ac5192,CCC1(CC(=O)O)CC(=O)c2ccccc2C1,232.279,17,3,acyclic_ali,O=C1CCCc2ccccc21
Ac5193,Cc1cc(SCC(=O)O)c(C)cc1Br,275.167,14,3,acyclic_ali,c1ccccc1
Ac5194,COc1ccc(OCC(=O)O)c(Cl)c1,216.62,14,4,acyclic_ali,c1ccccc1
Ac5195,COc1ccc(OCC(=O)O)c(Br)c1,261.071,14,4,acyclic_ali,c1ccccc1
Ac5196,COc1ccc(C(C)CC(=O)O)c(OC)c1,224.256,16,5,acyclic_ali,c1ccccc1
Ac5198,CC(C)Oc1c(C(=O)O)cccc1[N+](=O)[O-],225.2,16,4,benzoic,c1ccccc1
Ac5200,O=C(O)c1cc([N+](=O)[O-])c(I)cc1Cl,327.461,14,2,benzoic,c1ccccc1
Ac5201,CC(C)(CC(=O)c1ccc2ccccc2c1)C(=O)O,256.301,19,4,alpha_quat,c1ccc2ccccc2c1
Ac5202,O=C(O)CCc1ccc(Br)cc1[N+](=O)[O-],274.07,15,4,acyclic_ali,c1ccccc1
Ac5203,O=C(O)CCCOc1c(Cl)cccc1Cl,249.093,15,5,acyclic_ali,c1ccccc1
Ac5204,O=C(O)COc1c(Cl)cc(Cl)cc1Br,299.935,14,3,acyclic_ali,c1ccccc1
Ac5205,O=C(O)CCCOc1cccc(Cl)c1Cl,249.093,15,5,acyclic_ali,c1ccccc1
Ac5206,CCC(Oc1ccc([N+](=O)[O-])cc1)C(=O)O,225.2,16,5,acyclic_ali,c1ccccc1
Ac5207,NS(=O)(=O)c1ccc(OCC(=O)O)cc1,231.229,15,4,acyclic_ali,c1ccccc1
Ac5208,COC(=O)c1cccc(C(=O)O)c1[N+](=O)[O-],225.156,16,3,benzoic,c1ccccc1
Ac5209,NS(=O)(=O)c1ccc(SCC(=O)O)cc1,247.297,15,4,acyclic_ali,c1ccccc1
Ac5210,COc1ccc(OC)c(OCCC(=O)O)c1,226.228,16,6,acyclic_ali,c1ccccc1
Ac5213,CCOc1ccc(C(=O)CCCCC(=O)O)cc1,250.294,18,8,acyclic_ali,c1ccccc1
Ac5214,CCCCCCOc1ccc(C(=O)CCC(=O)O)cc1,278.348,20,10,acyclic_ali,c1ccccc1
Ac5215,O=C(O)CCCCCCC(=O)c1cccc2ccccc12,284.355,21,8,acyclic_ali,c1ccc2ccccc2c1
Ac5216,CC(C)(C)NS(=O)(=O)c1ccc(C(=O)O)cc1,257.311,17,3,benzoic,c1ccccc1
Ac5217,COc1cc(Br)c(C(=O)O)cc1[N+](=O)[O-],276.042,15,3,benzoic,c1ccccc1
Ac5218,CCCCS(=O)(=O)Nc1ccc(C(=O)O)cc1,257.311,17,6,benzoic,c1ccccc1
Ac5219,O=C(O)CCC(=O)NS(=O)(=O)c1ccccc1,257.267,17,5,acyclic_ali,c1ccccc1
Ac5224,COc1ccc(C(=O)CC(C)CC(=O)O)cc1OC,266.293,19,7,acyclic_ali,c1ccccc1
Ac5226,O=C(O)CSc1ccc2c3c(cccc13)C(=O)c1ccccc1-2,320.369,23,3,acyclic_ali,O=C1c2ccccc2-c2cccc3cccc1c23
Ac5227,O=C(O)CCCNS(=O)(=O)c1ccc2ccccc2c1,293.344,20,6,acyclic_ali,c1ccc2ccccc2c1
Ac5228,O=C(O)c1cc([N+](=O)[O-])ccc1S(=O)(=O)c1ccc(Cl)cc1,341.728,22,4,benzoic,O=S(=O)(c1ccccc1)c1ccccc1
Ac5229,CC(C)(C)c1ccc(CC(=O)C(=O)O)cc1,220.268,16,3,other,c1ccccc1
Ac5231,Cc1ccc(CSC2(CC(=O)O)CCCCC2)cc1,278.417,19,5,acyclic_ali,c1ccc(CSC2CCCCC2)cc1
Ac5232,O=C(O)CS(=O)(=O)c1ccccc1Cl,234.66,14,3,acyclic_ali,c1ccccc1
Ac5233,Cn1ncc(C(=O)O)c1Cc1ccccc1,216.24,16,3,aryl_other,c1ccc(Cc2ccn[nH]2)cc1
Ac5234,CC(C)c1c(C(=O)O)cnn1-c1ccccc1,230.267,17,3,aryl_other,c1ccc(-n2cccn2)cc1
Ac5236,COc1ccc(OC2(C(=O)O)CCCCC2)cc1,250.294,18,4,cyclic_ali,c1ccc(OC2CCCCC2)cc1
Ac5237,O=C(O)c1sc2ccc3ccccc3c2c1Cl,262.717,17,1,heteroaryl,c1ccc2c(c1)ccc1sccc12
Ac5239,CCOc1ccc(-c2nc(C)c(C(=O)O)s2)cc1,263.318,18,4,heteroaryl,c1ccc(-c2nccs2)cc1
Ac5240,O=C(O)c1sc(Br)nc1Cl,242.481,10,1,heteroaryl,c1cscn1
Ac5241,Cc1c(F)c(Cl)nc(Cl)c1C(=O)O,224.018,13,1,aryl_other,c1ccncc1
Ac5242,Cc1ccccc1-c1nc(C)c(C(=O)O)s1,233.292,16,2,heteroaryl,c1ccc(-c2nccs2)cc1
Ac5243,CC(C)Oc1ccc(C2(C(=O)O)CCCC2)cc1,248.322,18,4,alpha_quat,c1ccc(C2CCCC2)cc1
Ac5244,CCCOc1ccc(C2(C(=O)O)CCCC2)cc1,248.322,18,5,alpha_quat,c1ccc(C2CCCC2)cc1
Ac5245,CS(=O)(=O)N(CC(=O)O)c1ccccc1,229.257,15,4,alpha_amino,c1ccccc1
Ac5246,O=C(O)c1ccc(OC(F)(F)C(F)(F)F)cc1,256.126,17,3,benzoic,c1ccccc1
Ac5249,O=C(O)c1cnn(-c2cccc(C(F)(F)F)c2)c1C(F)(F)F,324.18,22,2,aryl_other,c1ccc(-n2cccn2)cc1
Ac5250,O=C(O)C1(c2ccccc2F)CCCCC1,222.259,16,2,alpha_quat,c1ccc(C2CCCCC2)cc1
Ac5251,O=C(O)c1ccc(Sc2ccccc2Cl)cc1,264.733,17,3,benzoic,c1ccc(Sc2ccccc2)cc1
Ac5252,CC(C)c1cc(Br)cc(C(=O)O)c1,243.1,13,2,benzoic,c1ccccc1
Ac5253,CC(=O)c1ccc(C(=O)O)c(Br)c1,243.056,13,2,benzoic,c1ccccc1
Ac5255,O=C(O)c1ccnc(S(=O)(=O)Cl)c1,221.621,13,2,aryl_other,c1ccncc1
Ac5256,Cc1c(C(=O)O)nn(-c2ccccc2)c1C,216.24,16,2,heteroaryl,c1ccc(-n2cccn2)cc1
Ac5258,C=C(C)C(=O)OCCCCOc1ccc(C(=O)O)cc1,278.304,20,8,benzoic,c1ccccc1
Ac5259,O=C(O)CCN1CCN(c2ccccn2)CC1,235.287,17,4,acyclic_ali,c1ccc(N2CCNCC2)nc1
Ac5261,COc1cc([N+](=O)[O-])cc([N+](=O)[O-])c1C(=O)O,242.143,17,4,benzoic,c1ccccc1
Ac5262,O=C(O)c1cc(-c2ccccc2)nc2cc(F)ccc12,267.259,20,2,aryl_other,c1ccc(-c2ccc3ccccc3n2)cc1
Ac5265,CC(C)(C)c1ccc2sc(C(=O)O)cc2c1,234.32,16,1,heteroaryl,c1ccc2sccc2c1
Ac5266,CC(C)N1C(=O)C(CC(=O)O)SC1=S,233.314,14,3,acyclic_ali,O=C1CSC(=S)N1
Ac5269,O=C(O)c1cc(Br)ccc1C1CC1,241.084,13,2,benzoic,c1ccc(C2CC2)cc1
Ac5270,O=C(O)CC1CN(Cc2ccccc2)CCO1,235.283,17,4,acyclic_ali,c1ccc(CN2CCOCC2)cc1
Ac5273,O=C(O)CCOCCOCCOCc1ccccc1,268.309,19,11,acyclic_ali,c1ccccc1
Ac5275,C=CCCCCCCCOc1ccc(C(=O)O)cc1,262.349,19,10,benzoic,c1ccccc1
Ac5276,O=C(O)/C=C/c1ccc(Oc2ccccc2)nc1,241.246,18,4,other,c1ccc(Oc2ccccn2)cc1
Ac5277,CC(C)S(=O)(=O)Nc1ccc(C(=O)O)cc1,243.284,16,4,benzoic,c1ccccc1
Ac5278,Cc1cccc2c(C(=O)O)cc(-c3ccccn3)nc12,264.284,20,2,aryl_other,c1ccc(-c2ccc3ccccc3n2)nc1
Ac5280,Cc1cccc2c(C(=O)O)cc(-c3ccncc3)nc12,264.284,20,2,aryl_other,c1ccc2nc(-c3ccncc3)ccc2c1
Ac5281,Cc1cccc2oc3c(CC(=O)O)cccc3c(=O)c12,268.268,20,2,acyclic_ali,O=c1c2ccccc2oc2ccccc12
Ac5293,COC(=O)c1c(C(=O)O)sc2ccccc12,236.248,16,2,heteroaryl,c1ccc2sccc2c1
Ac5295,O=C(O)CC1(c2ccccc2)CCOCC1,220.268,16,3,acyclic_ali,c1ccc(C2CCOCC2)cc1
Ac5299,CC(C)(C)OC(=O)c1ccccc1CC(=O)O,236.267,17,3,acyclic_ali,c1ccccc1
Ac5300,O=C(O)c1ccc(C(=O)Cc2ccccc2)cc1,240.258,18,4,benzoic,O=C(Cc1ccccc1)c1ccccc1
Ac5301,O=C(O)c1cc(F)c(Br)cc1Br,297.905,12,1,benzoic,c1ccccc1
Ac5303,CC1C=CC2C(=O)N(Cc3ccccc3)C(=O)C2C1C(=O)O,299.326,22,3,cyclic_ali,O=C1C2C=CCCC2C(=O)N1Cc1ccccc1
Ac5304,O=C(O)c1cc(Br)cc(Br)c1F,297.905,12,1,benzoic,c1ccccc1
Ac5307,CCCCCCCCCCCCOc1ccc(C(=O)O)cn1,307.434,22,13,aryl_other,c1ccncc1
Ac5308,CC(C)(C)OC(=O)N1CCCc2sc(C(=O)O)cc2C1,297.376,20,1,heteroaryl,c1cc2c(s1)CCCNC2
Ac5309,C[C@@H](c1ccccc1)N1C[C@H](C(=O)O)CC1=O,233.267,17,3,cyclic_ali,O=C1CCCN1Cc1ccccc1
Ac5310,COc1c(C(=O)O)csc1Br,237.074,11,2,aryl_other,c1ccsc1
Ac5311,Cn1nc(-c2ccccc2)c(C(=O)O)c1Cl,236.658,16,2,aryl_other,c1ccc(-c2cc[nH]n2)cc1
Ac5312,CCCCc1ccc(-c2cc(C(=O)O)c3ccccc3n2)cc1,305.377,23,5,aryl_other,c1ccc(-c2ccc3ccccc3n2)cc1
Ac5313,O=C(O)c1c(Br)cc(Cl)cc1Br,314.36,12,1,benzoic,c1ccccc1
Ac5314,COc1nc(C(F)(F)F)c(C(=O)O)s1,227.163,14,2,heteroaryl,c1cscn1
Ac5315,Cc1c(C(=O)O)nnn1-c1ccc(C(F)(F)F)cc1,271.198,19,2,heteroaryl,c1ccc(-n2ccnn2)cc1
Ac5316,COc1c(C(=O)O)cc(C(F)(F)F)cc1C(F)(F)F,288.143,19,2,benzoic,c1ccccc1
Ac5317,O=C(O)Cc1cc(F)cc(Br)c1,233.036,12,2,acyclic_ali,c1ccccc1
Ac5318,O=C(O)Cc1cc(Cl)cc(Br)c1,249.491,12,2,acyclic_ali,c1ccccc1
Ac5320,O=C(O)c1c(Br)ccc(I)c1F,344.905,12,1,benzoic,c1ccccc1
Ac5321,Cc1nn(-c2ccc(Cl)cc2)c(C)c1C(=O)O,250.685,17,2,aryl_other,c1ccc(-n2cccn2)cc1
Ac5322,CCCc1c(C(=O)O)cnn1-c1ccc(Cl)cc1,264.712,18,4,aryl_other,c1ccc(-n2cccn2)cc1
Ac5323,O=C(O)c1c(-c2ccccc2)nc2ccc(Cl)cn12,272.691,19,2,heteroaryl,c1ccc(-c2cn3ccccc3n2)cc1
Ac5324,Cc1c(C(=O)O)cnn1-c1cccc(C(F)(F)F)c1,270.21,19,2,aryl_other,c1ccc(-n2cccn2)cc1
Ac5325,Cc1nc(-c2ccc(OC(F)(F)F)cc2)sc1C(=O)O,303.261,20,3,heteroaryl,c1ccc(-c2nccs2)cc1
Ac5326,CCCCc1ccc(C(=O)CCCC(=O)O)cc1,248.322,18,8,acyclic_ali,c1ccccc1
Ac5327,Cc1cc(CCCC(=O)O)c([N+](=O)[O-])cc1F,241.218,17,5,acyclic_ali,c1ccccc1
Ac5328,O=C(O)C1(C(F)(F)F)CCN(Cc2ccccc2)C1,273.254,19,3,alpha_quat,c1ccc(CN2CCCC2)cc1
Ac5329,O=C(O)[C@H]1CN(Cc2ccccc2)C[C@@H]1C(F)(F)F,273.254,19,3,cyclic_ali,c1ccc(CN2CCCC2)cc1
Ac5331,CN(CC[C@H](Oc1cccc2ccccc12)c1cccs1)C(=O)CCC(=O)O,397.496,28,9,acyclic_ali,c1csc(COc2cccc3ccccc23)c1
Ac5332,O=C(O)CSc1nnc(-c2ccc(F)cc2)o1,254.242,17,4,acyclic_ali,c1ccc(-c2nnco2)cc1
Ac5333,O=C(O)c1cc(Cl)cc(C(F)(F)F)c1Cl,259.01,15,1,benzoic,c1ccccc1
Ac5337,O=C(O)c1cc(-c2ccc(Cl)c(Cl)c2)n[nH]1,257.076,16,2,heteroaryl,c1ccc(-c2cc[nH]n2)cc1
Ac5338,O=C(O)CC1CCCCN1C(=O)OCc1ccccc1,277.32,20,4,acyclic_ali,O=C(OCc1ccccc1)N1CCCCC1
Ac5339,CC(Oc1ccc2c(-c3ccccc3)cc(=O)oc2c1)C(=O)O,310.305,23,4,acyclic_ali,O=c1cc(-c2ccccc2)c2ccccc2o1
Ac5340,O=C(O)CSc1cc(Cl)nc(Cl)c1,238.095,13,3,acyclic_ali,c1ccncc1
Ac5341,Cc1ccc(C(=O)O)c([N+](=O)[O-])c1Br,260.043,14,2,benzoic,c1ccccc1
Ac5344,O=C(O)[C@H](Cc1ccccc1)NS(=O)(=O)c1cccc2ccccc12,355.415,25,6,alpha_amino,O=S(=O)(NCCc1ccccc1)c1cccc2ccccc12
Ac5347,Cc1c(SCC(=O)O)cc([N+](=O)[O-])cc1[N+](=O)[O-],272.238,18,5,acyclic_ali,c1ccccc1
Ac5348,COc1ccc(CSC2(CC(=O)O)CCCCC2)cc1,294.416,20,6,acyclic_ali,c1ccc(CSC2CCCCC2)cc1
Ac5353,O=C(O)c1cncc(Br)c1I,327.903,11,1,aryl_other,c1ccncc1
Ac5354,CC(Oc1ccc2ccc(=O)oc2c1)C(=O)O,234.207,17,3,acyclic_ali,O=c1ccc2ccccc2o1
Ac5355,O=C(O)/C=C/c1cccc(C(F)(F)F)c1F,234.148,16,2,other,c1ccccc1
Ac5356,O=C(O)c1cc(C(F)(F)F)cc(C(F)(F)F)c1Br,337.013,18,1,benzoic,c1ccccc1
Ac5357,O=C(O)c1nn(C23CC4CC(CC(C4)C2)C3)cc1Br,325.206,19,2,heteroaryl,c1cnn(C23CC4CC(CC(C4)C2)C3)c1
Ac5358,COc1ccc(-c2nn(-c3ccccc3)cc2C(=O)O)cc1OC,324.336,24,5,aryl_other,c1ccc(-c2ccn(-c3ccccc3)n2)cc1
Ac5359,O=C(O)CCCCCCC(=O)c1ccc(C(F)(F)F)cc1,302.292,21,8,acyclic_ali,c1ccccc1
Ac5360,O=C(O)c1csc(-c2cccc([N+](=O)[O-])c2)n1,250.235,17,3,heteroaryl,c1ccc(-c2nccs2)cc1
Ac5363,CSc1ncc(C(=O)O)n1Cc1ccccc1,248.307,17,4,heteroaryl,c1ccc(Cn2ccnc2)cc1
Ac5365,O=C(O)c1ccc(S(=O)(=O)Cl)c([N+](=O)[O-])c1,265.63,16,3,benzoic,c1ccccc1
Ac5367,O=C(O)C1=CCN(Cc2ccccc2)CC1,217.268,16,3,other,C1=CCN(Cc2ccccc2)CC1
Ac5368,Cc1c(C(=O)O)c(=O)oc2cc(F)ccc12,222.171,16,1,aryl_other,O=c1ccc2ccccc2o1
Ac5369,CCOC(=O)[C@@H]1CN(C(=O)OC(C)(C)C)C[C@H]1C(=O)O,287.312,20,3,cyclic_ali,C1CCNC1
Ac5370,O=C(O)c1cn(-c2ccccc2)nc1-c1cccc2ccccc12,314.344,24,3,aryl_other,c1ccc(-n2ccc(-c3cccc4ccccc34)n2)cc1
Ac5371,O=C(O)CC1c2ccccc2CCN1C(=O)OCC1c2ccccc2-c2ccccc21,413.473,31,4,acyclic_ali,O=C(OCC1c2ccccc2-c2ccccc21)N1CCc2ccccc2C1
Ac5372,O=C(O)c1csc(COc2ccccc2)n1,235.264,16,4,heteroaryl,c1ccc(OCc2nccs2)cc1
Ac5377,O=C(O)c1csc(-c2ccc(Cl)cc2)c1,238.695,15,2,aryl_other,c1ccc(-c2cccs2)cc1
Ac5379,O=C(O)c1cc(F)cc(F)c1Br,236.999,12,1,benzoic,c1ccccc1
Ac5380,O=C(O)/C=C(\c1ccc(Cl)cc1)C(F)(F)F,250.603,16,2,other,c1ccccc1
Ac5381,O=C(O)c1ncoc1-c1ccc(Cl)cc1,223.615,15,2,heteroaryl,c1ccc(-c2cnco2)cc1
Ac5383,Cc1ccc(-c2cnc(CCC(=O)O)o2)cc1,231.251,17,4,acyclic_ali,c1ccc(-c2cnco2)cc1
Ac5385,COc1c(Br)ccc(C)c1C(=O)O,245.072,13,2,benzoic,c1ccccc1
Ac5386,O=C(O)c1cnc(C(F)(F)F)c(Cl)c1,225.553,14,1,aryl_other,c1ccncc1
Ac5388,O=C(O)/C=C/c1cn(-c2ccccc2)nc1-c1cccs1,296.351,21,4,other,c1ccc(-n2ccc(-c3cccs3)n2)cc1
Ac5389,CC(C)(C)OC(=O)N1CCC(Oc2ccc(OCC(=O)O)cc2)CC1,351.399,25,5,acyclic_ali,c1ccc(OC2CCNCC2)cc1
Ac5390,O=C(O)c1ccc(-c2ccc(OC(F)(F)F)cc2)s1,288.246,19,3,heteroaryl,c1ccc(-c2cccs2)cc1
Ac5391,O=C(O)c1cc2c(Br)cc(F)cc2s1,275.098,14,1,heteroaryl,c1ccc2sccc2c1
Ac5392,Cc1cc(C(=O)O)cc(S(=O)(=O)Cl)c1Br,313.556,15,2,benzoic,c1ccccc1
Ac5393,CC(=O)CCc1ccc(OCC(=O)O)cc1,222.24,16,6,acyclic_ali,c1ccccc1
Ac5394,CCN(CC)S(=O)(=O)c1cc(C(=O)O)ccc1F,275.301,18,5,benzoic,c1ccccc1
Ac5395,CCN(CC)S(=O)(=O)c1cc(C(=O)O)ccc1OC,287.337,19,6,benzoic,c1ccccc1
Ac5396,O=C(OCC1c2ccccc2-c2ccccc21)N1CCC(C(=O)O)(c2ccccc2)CC1,427.5,32,4,alpha_quat,O=C(OCC1c2ccccc2-c2ccccc21)N1CCC(c2ccccc2)CC1
Ac5397,COCOc1cccc(Cl)c1C(=O)O,216.62,14,4,benzoic,c1ccccc1
Ac5398,O=C(O)c1cccc(OC2CCCCC2)c1,220.268,16,3,benzoic,c1ccc(OC2CCCCC2)cc1
Ac5399,O=C(O)c1cc(C(F)(F)F)cc2ccccc12,240.18,17,1,benzoic,c1ccc2ccccc2c1
Ac5400,O=C(O)c1sccc1NS(=O)(=O)c1ccc(Cl)cc1,317.775,19,4,heteroaryl,O=S(=O)(Nc1ccsc1)c1ccccc1
Ac5401,Cc1c(CCC(=O)O)c(=O)oc2cc3occ(-c4ccc(Cl)cc4)c3cc12,382.799,27,4,acyclic_ali,O=c1ccc2cc3c(-c4ccccc4)coc3cc2o1
Ac5402,Cc1c(CCC(=O)O)c(=O)oc2cc3occ(-c4ccc(F)cc4)c3cc12,366.344,27,4,acyclic_ali,O=c1ccc2cc3c(-c4ccccc4)coc3cc2o1
Ac5403,CS(=O)(=O)Nc1ccc(C(=O)O)nc1,216.218,14,3,heteroaryl,c1ccncc1
Ac5404,COc1ccccc1-c1ccc(C(=O)O)s1,234.276,16,3,heteroaryl,c1ccc(-c2cccs2)cc1
Ac5407,Cc1ccc2nc(-c3ccccc3)c(C)c(C(=O)O)c2c1,277.323,21,2,aryl_other,c1ccc(-c2ccc3ccccc3n2)cc1
Ac5410,O=C(O)c1c(C(F)(F)F)ccc(Cl)c1Cl,259.01,15,1,benzoic,c1ccccc1
Ac5411,Cc1c(CC(=O)O)c(=O)oc2c(C)c3occ(-c4ccccc4)c3cc12,348.354,26,3,acyclic_ali,O=c1ccc2cc3c(-c4ccccc4)coc3cc2o1
Ac5412,Cc1c(CC(=O)O)c(=O)oc2cc3occ(-c4ccc(Cl)cc4)c3cc12,368.772,26,3,acyclic_ali,O=c1ccc2cc3c(-c4ccccc4)coc3cc2o1
Ac5417,Cc1cc(C)c(C#N)c(SCC(=O)O)n1,222.269,15,3,acyclic_ali,c1ccncc1
Ac5420,O=C(O)C(Br)c1ccccc1Br,293.942,12,2,acyclic_ali,c1ccccc1
Ac5421,O=C(O)Cc1c(Br)cccc1Br,293.942,12,2,acyclic_ali,c1ccccc1
Ac5423,COCCNS(=O)(=O)c1ccc(C(=O)O)cc1,259.283,17,6,benzoic,c1ccccc1
Ac5424,Cc1cc(C)nc(-n2nc(C(=O)O)cc2C)n1,232.243,17,2,heteroaryl,c1cnc(-n2cccn2)nc1
Ac5426,COCCN(CCOC)S(=O)(=O)c1cccc(C(=O)O)c1,317.363,21,9,benzoic,c1ccccc1
Ac5427,COCCN(CCOC)S(=O)(=O)c1ccc(C(=O)O)cc1,317.363,21,9,benzoic,c1ccccc1
Ac5428,CC(C)(Oc1cc(F)cc(F)c1)C(=O)O,216.183,15,3,acyclic_ali,c1ccccc1
Ac5429,COc1ccc(-c2n[nH]cc2C(=O)O)cc1,218.212,16,3,aryl_other,c1ccc(-c2cc[nH]n2)cc1
Ac5433,O=C(O)c1cccnc1SC(F)(F)F,223.175,14,2,aryl_other,c1ccncc1
Ac5436,COc1ccc(S(=O)(=O)NCCCC(=O)O)cc1,273.31,18,7,acyclic_ali,c1ccccc1
Ac5439,COC(=O)CCC12CCC(C(=O)O)(CC1)CC2,240.299,17,4,alpha_quat,C1CC2CCC1CC2
Ac5443,O=C(O)c1nc(N2CCCC2)ncc1Cl,227.651,15,2,heteroaryl,c1cnc(N2CCCC2)nc1
Ac5444,O=C(O)c1ccc(-c2cccc(Cl)c2)s1,238.695,15,2,heteroaryl,c1ccc(-c2cccs2)cc1
Ac5445,CS(=O)(=O)c1cc(Cl)ccc1C(=O)O,234.66,14,2,benzoic,c1ccccc1
Ac5448,O=C(O)c1cccc(-c2cc(Cl)ncn2)c1,234.642,16,2,benzoic,c1ccc(-c2ccncn2)cc1
Ac5449,O=C(O)COc1ccc2c(c1)C(=O)CC1(CCCCC1)O2,290.315,21,3,acyclic_ali,O=C1CC2(CCCCC2)Oc2ccccc21
Ac5450,O=C(O)CCc1nc(-c2cccs2)no1,224.241,15,4,acyclic_ali,c1csc(-c2ncon2)c1
Ac5451,O=C(O)/C=C/c1ccnc(Br)c1,228.045,12,2,other,c1ccncc1
Ac5452,O=C(O)Cc1cn(Cc2ccccc2)nn1,217.228,16,4,acyclic_ali,c1ccc(Cn2ccnn2)cc1
Ac5453,COCCOCCOCCOc1ccc(C(=O)O)cc1,284.308,20,11,benzoic,c1ccccc1
Ac5454,O=C(O)CCc1ccc(Br)s1,235.102,11,3,acyclic_ali,c1ccsc1
Ac5455,COc1ccc(C(=O)CC(C)(C)C(=O)O)cc1OC,266.293,19,6,alpha_quat,c1ccccc1
Ac5456,O=C(O)/C=C/c1cc(F)cc(C(F)(F)F)c1,234.148,16,2,other,c1ccccc1
Ac5457,COc1ccc(C(=O)O)cc1OC(F)F,218.155,15,4,benzoic,c1ccccc1
Ac5462,CC(C)c1cc(C(=O)O)ccc1Br,243.1,13,2,benzoic,c1ccccc1
Ac5463,O=C(O)c1ccc(Oc2ccc(F)cc2)nc1,233.198,17,3,aryl_other,c1ccc(Oc2ccccn2)cc1
Ac5464,CC(C)c1nn(-c2ccccc2)cc1C(=O)O,230.267,17,3,aryl_other,c1ccc(-n2cccn2)cc1
Ac5465,O=C(O)c1cc(-c2ccc(-c3ccccc3)cc2)nc2ccc(F)cc12,343.357,26,3,aryl_other,c1ccc(-c2ccc(-c3ccc4ccccc4n3)cc2)cc1
Ac5466,CC1(C)CCC(=O)c2cc(C(=O)O)ccc21,218.252,16,1,benzoic,O=C1CCCc2ccccc21
Ac5467,O=C(O)c1ccc(Oc2ncccc2C(F)(F)F)cc1,283.205,20,3,benzoic,c1ccc(Oc2ccccn2)cc1
Ac5468,O=C(O)c1cc2nc(-c3cccs3)cc(C(F)(F)F)n2n1,313.26,21,2,heteroaryl,c1csc(-c2ccn3nccc3n2)c1
Ac5469,O=C(O)c1ccc(=O)n(Cc2ccccc2)n1,230.223,17,3,heteroaryl,O=c1cccnn1Cc1ccccc1
Ac5471,CC(C)Sc1ccc([N+](=O)[O-])cc1C(=O)O,241.268,16,4,benzoic,c1ccccc1
Ac5472,O=C(O)CCc1ccc(C(F)(F)F)cn1,219.162,15,3,acyclic_ali,c1ccncc1
Ac5473,O=C(O)COCCc1ccc(Br)cc1,259.099,14,5,acyclic_ali,c1ccccc1
Ac5474,O=C(O)c1csc(-c2ccc3c(c2)OCO3)n1,249.247,17,2,heteroaryl,c1csc(-c2ccc3c(c2)OCO3)n1
Ac5475,CC(C)(C)OC(=O)N1CCC(CC(=O)O)(c2ccccc2)CC1,319.401,23,3,acyclic_ali,c1ccc(C2CCNCC2)cc1
Ac5476,Cc1ccc(-c2nnc(-c3ccc(C(=O)O)cc3)o2)cc1,280.283,21,3,benzoic,c1ccc(-c2nnc(-c3ccccc3)o2)cc1
Ac5477,O=C(O)c1ccc(OCC(F)(F)F)c(Cl)n1,255.579,16,3,heteroaryl,c1ccncc1
Ac5480,COCCCOc1cc(/C=C(\C(=O)O)C(C)C)ccc1OC,308.374,22,9,other,c1ccccc1
Ac5481,COc1c(F)cc(CCC(=O)O)cc1F,216.183,15,4,acyclic_ali,c1ccccc1
Ac5483,Cc1nn(-c2ccc(F)cc2)c(C)c1C(=O)O,234.23,17,2,aryl_other,c1ccc(-n2cccn2)cc1
Ac5484,O=C(O)C12CC1CN(Cc1ccccc1)C2,217.268,16,3,alpha_quat,c1ccc(CN2CC3CC3C2)cc1
Ac5485,O=C(O)C1CCCN(C(=O)c2ccc(Cl)c(Cl)c2)C1,302.157,19,2,cyclic_ali,O=C(c1ccccc1)N1CCCCC1
Ac5486,CSc1c(Cl)ccc(C(=O)O)c1F,220.652,13,2,benzoic,c1ccccc1
Ac5489,O=C(O)c1ccc(CSc2ccccn2)cc1,245.303,17,4,benzoic,c1ccc(CSc2ccccn2)cc1
Ac5492,O=C(O)c1ccc(CSc2ccccc2)o1,234.276,16,4,heteroaryl,c1ccc(SCc2ccco2)cc1
Ac5493,COc1cc(Cl)c(Br)cc1C(=O)O,265.49,13,2,benzoic,c1ccccc1
Ac5496,O=C(O)C1CCCN(Cc2ccc(Cl)cc2)C1,253.729,17,3,cyclic_ali,c1ccc(CN2CCCCC2)cc1
Ac5497,CCOc1cc(-c2ccccc2)sc1C(=O)O,248.303,17,4,heteroaryl,c1ccc(-c2cccs2)cc1
Ac5498,O=C(O)c1cn(Cc2ccccc2F)nn1,221.191,16,3,heteroaryl,c1ccc(Cn2ccnn2)cc1
Ac5499,COc1ccc(C(=O)c2ccccc2C(=O)O)cc1Cl,290.702,20,4,benzoic,O=C(c1ccccc1)c1ccccc1
Ac5501,COc1cc(C(C)=O)ccc1OCCCC(=O)O,252.266,18,7,acyclic_ali,c1ccccc1
Ac5503,CC(C)(C)OC(=O)N1CCC(C(=O)O)(c2ccc3ccccc3c2)CC1,355.434,26,2,alpha_quat,c1ccc2cc(C3CCNCC3)ccc2c1
Ac5504,Cc1ccc(-c2csc(C(=O)O)n2)cc1,219.265,15,2,heteroaryl,c1ccc(-c2cscn2)cc1
Ac5506,O=C(O)c1cccc2c1CN(Cc1ccccc1)C2,253.301,19,3,benzoic,c1ccc(CN2Cc3ccccc3C2)cc1
Ac5507,O=C(O)COc1ncc(Br)cn1,233.021,12,3,acyclic_ali,c1cncnc1
Ac5508,Cc1c(Br)ccc(C(=O)O)c1F,233.036,12,1,benzoic,c1ccccc1
Ac5509,O=C(O)[C@H]1[C@@H]2CN(Cc3ccccc3)C[C@@H]21,217.268,16,3,cyclic_ali,c1ccc(CN2CC3CC3C2)cc1
Ac5510,O=C(O)C1(c2cccc(C(F)(F)F)c2)CCC1,244.212,17,2,alpha_quat,c1ccc(C2CCC2)cc1
Ac5511,O=C(O)C1(c2ccccc2Br)CCC1,255.111,14,2,alpha_quat,c1ccc(C2CCC2)cc1
Ac5512,O=C(O)C1(c2cccc([N+](=O)[O-])c2)CCC1,221.212,16,3,alpha_quat,c1ccc(C2CCC2)cc1
Ac5513,O=C(O)c1ccc(C(=O)c2ccco2)cc1,216.192,16,3,benzoic,O=C(c1ccccc1)c1ccco1
Ac5514,COC(=O)COc1ccc(CC(=O)O)cc1,224.212,16,5,acyclic_ali,c1ccccc1
Ac5515,CC(C)(C)c1cc(C(=O)O)cc(C(C)(C)C)n1,235.327,17,1,aryl_other,c1ccncc1
Ac5517,Cn1c(=O)c2cc(C(=O)O)cnc2n(C)c1=O,235.199,17,1,aryl_other,O=c1[nH]c(=O)c2cccnc2[nH]1
Ac5518,Cc1nc(Oc2ccccc2)sc1C(=O)O,235.264,16,3,heteroaryl,c1ccc(Oc2nccs2)cc1
Ac5519,O=C(O)c1cc(C(F)(F)F)ccc1Sc1cccc(F)c1,316.275,21,3,benzoic,c1ccc(Sc2ccccc2)cc1
Ac5520,O=C(O)c1cccnc1Oc1cccnc1,216.196,16,3,aryl_other,c1ccc(Oc2cccnc2)nc1
Ac5524,CC(C)(C)c1ccc(-c2cc(C(=O)O)c3ccccc3n2)cc1,305.377,23,2,aryl_other,c1ccc(-c2ccc3ccccc3n2)cc1
Ac5526,CC(C)(C)OC(=O)c1ccc(C(=O)O)cn1,223.228,16,2,aryl_other,c1ccncc1
Ac5529,O=C(O)Cc1cc(Cl)cc(OC(F)(F)F)c1,254.591,16,3,acyclic_ali,c1ccccc1
Ac5532,O=C(O)c1ccc(C#Cc2ccccc2F)o1,230.194,17,1,heteroaryl,C(#Cc1ccco1)c1ccccc1
Ac5533,CCOc1cc(C(=O)O)cc(C(=O)OC)c1,224.212,16,4,benzoic,c1ccccc1
Ac5534,CCNS(=O)(=O)c1ccc(F)c(C(=O)O)c1,247.247,16,4,benzoic,c1ccccc1
Ac5535,CC(C)NS(=O)(=O)c1ccc(F)c(C(=O)O)c1,261.274,17,4,benzoic,c1ccccc1
Ac5536,NS(=O)(=O)c1ccc(F)c(C(=O)O)c1F,237.183,15,2,benzoic,c1ccccc1
Ac5537,O=C(O)CCS(=O)(=O)c1ccc(F)cc1,232.232,15,4,acyclic_ali,c1ccccc1
Ac5538,O=C(O)C1CCC(Oc2ccccc2)CC1,220.268,16,3,cyclic_ali,c1ccc(OC2CCCCC2)cc1
Ac5539,CCCCOc1ccc(C(=O)O)c(Cl)c1,228.675,15,5,benzoic,c1ccccc1
Ac5540,COc1ccccc1-n1ncc(C(=O)O)c1C(F)(F)F,286.209,20,3,aryl_other,c1ccc(-n2cccn2)cc1
Ac5542,O=C(O)C(=O)Cc1ccccc1Br,243.056,13,3,other,c1ccccc1
Ac5543,O=C(O)C1(c2ccc(F)cc2Cl)CCCC1,242.677,16,2,alpha_quat,c1ccc(C2CCCC2)cc1
Ac5544,CC(C)(C)OC(=O)N1CC=C(c2cccc(C(=O)O)c2)CC1,303.358,22,2,benzoic,C1=C(c2ccccc2)CCNC1
Ac5545,O=C(O)CCc1cccc(Br)c1F,247.063,13,3,acyclic_ali,c1ccccc1
Ac5546,COc1ccc(S(=O)(=O)NCCC(=O)O)cc1,259.283,17,6,acyclic_ali,c1ccccc1
Ac5547,O=C(O)CCNS(=O)(=O)c1ccccc1F,247.247,16,5,acyclic_ali,c1ccccc1
Ac5548,COc1ccc(S(=O)(=O)NCCC(=O)O)cc1OC,289.309,19,7,acyclic_ali,c1ccccc1
Ac5549,C=C(C(=O)O)C1CCN(C(=O)OC(C)(C)C)CC1,255.314,18,2,other,C1CCNCC1
Ac5551,O=C(O)c1sccc1NS(=O)(=O)c1ccccc1,283.33,18,4,heteroaryl,O=S(=O)(Nc1ccsc1)c1ccccc1
Ac5552,O=C(O)C1CC(=O)N(Cc2ccccn2)C1,220.228,16,3,cyclic_ali,O=C1CCCN1Cc1ccccn1
Ac5553,O=C(O)C1CC(=O)N(Cc2cccnc2)C1,220.228,16,3,cyclic_ali,O=C1CCCN1Cc1cccnc1
Ac5554,O=C(O)C1CC(=O)N(Cc2cccc(F)c2)C1,237.23,17,3,cyclic_ali,O=C1CCCN1Cc1ccccc1
Ac5555,O=C(O)C1CCN(S(=O)(=O)/C=C/c2ccccc2)CC1,295.36,20,4,cyclic_ali,O=S(=O)(C=Cc1ccccc1)N1CCCCC1
Ac5556,COc1cc(OC(F)(F)F)ccc1C(=O)O,236.145,16,3,benzoic,c1ccccc1
Ac5560,O=C(CC(Sc1ccc(Cl)cc1)C(=O)O)c1ccc(Cl)cc1,355.242,22,6,acyclic_ali,O=C(CCSc1ccccc1)c1ccccc1
Ac5561,O=C(O)c1cccc(NS(=O)(=O)c2cccs2)c1,283.33,18,4,benzoic,O=S(=O)(Nc1ccccc1)c1cccs1
Ac5562,O=C(O)Cc1csc(-c2cnccn2)n1,221.241,15,3,acyclic_ali,c1cnc(-c2nccs2)cn1
Ac5563,CC(C)COc1cc(Br)ccc1C(=O)O,273.126,15,4,benzoic,c1ccccc1
Ac5564,O=C(O)Cc1ccc(C(=O)CCl)s1,218.661,13,4,acyclic_ali,c1ccsc1
Ac5565,CC(C)COc1ccc(C(=O)O)cc1Cl,228.675,15,4,benzoic,c1ccccc1
Ac5566,CC(C)(C)c1ccc(C(=O)N2CCC(C(=O)O)CC2)cc1,289.375,21,2,cyclic_ali,O=C(c1ccccc1)N1CCCCC1
Ac5567,O=C(O)C1CCCN(C(=O)c2ccc(F)cc2)C1,251.257,18,2,cyclic_ali,O=C(c1ccccc1)N1CCCCC1
Ac5568,CS(=O)(=O)NC(=O)c1cccc(C(=O)O)c1,243.24,16,3,benzoic,c1ccccc1
Ac5569,CCc1ccc(S(=O)(=O)Cl)cc1C(=O)O,248.687,15,3,benzoic,c1ccccc1
Ac5570,CC(C)(C)OC(=O)N1CCCC1/C=C/C(=O)O,241.287,17,2,other,C1CCNC1
Ac5571,O=C(O)c1cc(Br)cc2c1CCC2=O,255.067,14,1,benzoic,O=C1CCc2ccccc21
Ac5573,Cc1cc2ncc(C(=O)O)c(C(F)(F)F)n2n1,245.16,17,1,aryl_other,c1cnc2ccnn2c1
Ac5574,O=C(O)c1cc(Br)nn1-c1ccccc1Cl,301.527,16,2,heteroaryl,c1ccc(-n2cccn2)cc1
Ac5575,Cc1ccc(Br)c(C(=O)O)c1F,233.036,12,1,benzoic,c1ccccc1
Ac5576,CCS(=O)(=O)Cc1ccc(C(=O)O)cc1,228.269,15,4,benzoic,c1ccccc1
Ac5579,C=CCC1(C(=O)O)CCN(C(=O)OC(C)(C)C)C1,255.314,18,3,alpha_quat,C1CCNC1
Ac5580,O=C(O)Cc1c(Cl)cc(C(F)(F)F)cc1Cl,273.037,16,2,acyclic_ali,c1ccccc1
Ac5582,O=C(OCC1c2ccccc2-c2ccccc21)N1CCC(C(=O)O)(c2ccc(Cl)cc2)CC1,461.945,33,4,alpha_quat,O=C(OCC1c2ccccc2-c2ccccc21)N1CCC(c2ccccc2)CC1
Ac5584,O=C(O)c1sc(Br)nc1-c1ccccc1,284.134,15,2,heteroaryl,c1ccc(-c2cscn2)cc1
Ac5587,O=C(O)c1cnn(-c2ccc(Cl)c(Cl)c2)c1,257.076,16,2,aryl_other,c1ccc(-n2cccn2)cc1
Ac5588,COc1ccccc1-n1ncc(C(=O)O)c1C,232.239,17,3,aryl_other,c1ccc(-n2cccn2)cc1
Ac5589,O=C(O)CCCC1CCN(C(=O)OCC2c3ccccc3-c3ccccc32)CC1,393.483,29,6,acyclic_ali,O=C(OCC1c2ccccc2-c2ccccc21)N1CCCCC1
Ac5590,O=C(O)c1cc(I)c(F)cc1Cl,300.454,12,1,benzoic,c1ccccc1
Ac5591,O=C(O)CCc1ccc(Br)c(F)c1,247.063,13,3,acyclic_ali,c1ccccc1
Ac5592,O=C(O)c1cc(F)c(Cl)cc1[N+](=O)[O-],219.555,14,2,benzoic,c1ccccc1
Ac5593,CC(C)C(NS(=O)(=O)c1ccc(Cl)cc1)C(=O)O,291.756,18,5,alpha_amino,c1ccccc1
Ac5594,CCOc1cc(C(=O)O)ccc1OC(F)F,232.182,16,5,benzoic,c1ccccc1
Ac5595,CC1(C(=O)O)CN(C(=O)OCc2ccccc2)C1,249.266,18,3,alpha_quat,O=C(OCc1ccccc1)N1CCC1
Ac5597,Cc1cccc(C)c1N(CC(=O)O)S(C)(=O)=O,257.311,17,4,alpha_amino,c1ccccc1
Ac5600,O=C(O)c1ccc(Cl)c(S(=O)(=O)N2CCOCC2)c1,305.739,19,3,benzoic,O=S(=O)(c1ccccc1)N1CCOCC1
Ac5602,O=C(O)c1sc(Br)nc1C(F)(F)F,276.033,13,1,heteroaryl,c1cscn1
Ac5603,COc1ccc(COc2ccc(-c3noc(CC(C)(C)C(=O)O)n3)nc2)cc1,383.404,28,8,alpha_quat,c1ccc(COc2ccc(-c3ncon3)nc2)cc1
Ac5604,O=C(O)c1cc(-c2ccc(Cl)cc2)n(-c2ccccc2)n1,298.729,21,3,heteroaryl,c1ccc(-c2ccnn2-c2ccccc2)cc1
Ac5605,O=C(O)c1cc(-c2ccc(Cl)cc2)n(-c2ccc(F)cc2)n1,316.719,22,3,heteroaryl,c1ccc(-c2ccnn2-c2ccccc2)cc1
Ac5606,O=C(O)c1ccc(Cn2ncc3ccccc32)cc1,252.273,19,3,benzoic,c1ccc(Cn2ncc3ccccc32)cc1
Ac5607,COc1cc(F)c(Br)cc1C(=O)O,249.035,13,2,benzoic,c1ccccc1
Ac5608,COc1cc(-c2cc(C(=O)O)c3ccccc3n2)cc(OC)c1OC,339.347,25,5,aryl_other,c1ccc(-c2ccc3ccccc3n2)cc1
Ac5610,O=C(O)[C@@H]1C[C@H]1c1ccccc1Br,241.084,13,2,cyclic_ali,c1ccc(C2CC2)cc1
Ac5612,O=C(O)C1CC(=O)N(c2c(F)cccc2F)C1,241.193,17,2,cyclic_ali,O=C1CCCN1c1ccccc1
Ac5614,COc1cc(OC)c(C(=O)O)c([N+](=O)[O-])c1,227.172,16,4,benzoic,c1ccccc1
Ac5615,CC(C)CC1(C(=O)O)CCN(C(=O)OC(C)(C)C)CC1,285.384,20,3,alpha_quat,C1CCNCC1
Ac5616,O=C(O)c1ccc(OCC(F)(F)F)cc1Cl,254.591,16,3,benzoic,c1ccccc1
Ac5619,O=C(O)c1cn2cc(Br)cnc2n1,242.032,13,1,heteroaryl,c1cnc2nccn2c1
Ac5620,O=C(O)c1ccc(F)c(C(F)(F)F)c1Cl,242.555,15,1,benzoic,c1ccccc1
Ac5622,O=C(O)c1cnoc1-c1ccccc1C(F)(F)F,257.167,18,2,aryl_other,c1ccc(-c2ccno2)cc1
Ac5623,CC(C)(C)OC(=O)N1CCC2(C=C(C(=O)O)c3ccccc32)CC1,329.396,24,1,other,C1=CC2(CCNCC2)c2ccccc21
Ac5625,Cc1cc(NS(C)(=O)=O)ccc1C(=O)O,229.257,15,3,benzoic,c1ccccc1
Ac5627,O=C(O)c1cccc(Cn2cc(Cl)cn2)c1,236.658,16,3,benzoic,c1ccc(Cn2cccn2)cc1
Ac5629,O=C(O)c1cc(Cl)cc(OC(F)F)c1,222.574,14,3,benzoic,c1ccccc1
Ac5638,O=C(O)c1cc(S(=O)(=O)Cl)cnc1Cl,256.066,14,2,aryl_other,c1ccncc1
Ac5640,O=C(O)C1CCN(c2nc3ccccc3s2)CC1,262.334,18,2,cyclic_ali,c1ccc2sc(N3CCCCC3)nc2c1
Ac5642,COc1ccc(-c2ncc(C(=O)O)s2)cc1,235.264,16,3,heteroaryl,c1ccc(-c2nccs2)cc1
Ac5644,O=C(O)c1cc2ccc(-c3ccc(Cl)cc3)cc2o1,272.687,19,2,heteroaryl,c1ccc(-c2ccc3ccoc3c2)cc1
Ac5645,CS(=O)(=O)NCCc1ccc(C(=O)O)cc1,243.284,16,5,benzoic,c1ccccc1
Ac5646,Cc1nc(C2CCN(C(=O)OC(C)(C)C)CC2)sc1C(=O)O,326.418,22,2,heteroaryl,c1csc(C2CCNCC2)n1
Ac5647,O=C(O)Cc1ccc(CN2CCOCC2)cc1,235.283,17,4,acyclic_ali,c1ccc(CN2CCOCC2)cc1
Ac5648,O=C(O)CSc1nc(-c2ccccc2)cc(C(F)(F)F)n1,314.288,21,4,acyclic_ali,c1ccc(-c2ccncn2)cc1
Ac5649,CC(C)(C)OC(=O)c1cc(C(=O)O)cc([N+](=O)[O-])c1,267.237,19,3,benzoic,c1ccccc1
Ac5650,O=C(O)CSCc1ccc(OC(F)(F)F)cc1,266.24,17,5,acyclic_ali,c1ccccc1
Ac5651,COc1ccc([C@@H]2CN(C(=O)OC(C)(C)C)C[C@H]2C(=O)O)cc1,321.373,23,3,cyclic_ali,c1ccc(C2CCNC2)cc1
Ac5652,COc1cccc(C=O)c1OC(C)C(=O)O,224.212,16,5,acyclic_ali,c1ccccc1
Ac5653,O=C(O)C1(c2ccccc2C(F)(F)F)CC1,230.185,16,2,alpha_quat,c1ccc(C2CC2)cc1
Ac5656,Cc1cc(C(=O)O)cnc1Br,216.034,11,1,aryl_other,c1ccncc1
Ac5657,Cc1c(Br)cc(I)cc1C(=O)O,340.942,12,1,benzoic,c1ccccc1
Ac5660,CC(C)Oc1cc(Cl)c(C(=O)O)cc1[N+](=O)[O-],259.645,17,4,benzoic,c1ccccc1
Ac5661,O=C(O)/C=C/c1ccc(-c2ccc(Cl)cc2)s1,264.733,17,3,other,c1ccc(-c2cccs2)cc1
Ac5662,O=C(O)CCc1ccc(Br)nc1,230.061,12,3,acyclic_ali,c1ccncc1
Ac5663,CC(c1ccccc1)c1cc(C(=O)O)n[nH]1,216.24,16,3,heteroaryl,c1ccc(Cc2ccn[nH]2)cc1
Ac5664,O=C(O)c1cc(Br)c(C(F)(F)F)s1,275.045,13,1,heteroaryl,c1ccsc1
Ac5665,Cc1ccc(C(=O)O)cc1NS(C)(=O)=O,229.257,15,3,benzoic,c1ccccc1
Ac5666,O=C(O)C1(c2cccc(Cl)c2)CCOCC1,240.686,16,2,alpha_quat,c1ccc(C2CCOCC2)cc1
Ac5667,COC(=O)C1CC1c1ccc(C(=O)O)cc1,220.224,16,3,benzoic,c1ccc(C2CC2)cc1
Ac5668,Cc1cccc2sc(C(=O)O)c(Cl)c12,226.684,14,1,heteroaryl,c1ccc2sccc2c1
Ac5670,CSc1c(-c2ccccc2)nc2ccccc2c1C(=O)O,295.363,21,3,aryl_other,c1ccc(-c2ccc3ccccc3n2)cc1
Ac5672,O=C(O)c1cccc(Oc2ccc(Cl)cn2)c1,249.653,17,3,benzoic,c1ccc(Oc2ccccn2)cc1
Ac5675,Cc1ccc(C(=O)O)cc1S(=O)(=O)NC1CCCC1,283.349,19,4,benzoic,O=S(=O)(NC1CCCC1)c1ccccc1
Ac5676,CCCc1sc(C(=O)O)cc1Br,249.129,12,3,heteroaryl,c1ccsc1
Ac5677,O=C(O)Cc1ccc([N+](=O)[O-])cc1C(F)(F)F,249.144,17,3,acyclic_ali,c1ccccc1
Ac5678,CC1=CC(=O)N(CCCCCC(=O)O)C1=O,225.244,16,6,acyclic_ali,O=C1C=CC(=O)N1
Ac5679,O=C(O)c1cnc(OCCC(F)(F)F)cn1,236.149,16,4,heteroaryl,c1cnccn1
Ac5680,Cc1ccc(-n2nc(C)c(C(=O)O)n2)c(C)c1,231.255,17,2,heteroaryl,c1ccc(-n2nccn2)cc1
Ac5681,COc1ccc(-c2cc(C(F)(F)F)n3ncc(C(=O)O)c3n2)cc1,337.257,24,3,aryl_other,c1ccc(-c2ccn3nccc3n2)cc1
Ac5683,Cc1c(C(=O)O)ccc(C(F)(F)F)c1F,222.137,15,1,benzoic,c1ccccc1
Ac5684,O=C(O)C1(c2cccc(F)c2)CCCCC1,222.259,16,2,alpha_quat,c1ccc(C2CCCCC2)cc1
Ac5686,O=C(O)c1ccc(SCc2cccnc2)cc1,245.303,17,4,benzoic,c1ccc(SCc2cccnc2)cc1
Ac5687,Cc1nn(-c2ccc(Cl)c(Cl)c2)c(C)c1C(=O)O,285.13,18,2,aryl_other,c1ccc(-n2cccn2)cc1
Ac5688,CCOC(=O)C1(C(=O)O)CCCN(C(=O)OC(C)(C)C)C1,301.339,21,3,alpha_quat,C1CCNCC1
Ac5689,CCc1cc(=O)oc2c(C)c(OCC(=O)O)ccc12,262.261,19,4,acyclic_ali,O=c1ccc2ccccc2o1
Ac5690,CCCCCCc1c(C)c2ccc(OCC(=O)O)cc2oc1=O,318.369,23,8,acyclic_ali,O=c1ccc2ccccc2o1
Ac5691,Cc1c(Cc2ccccc2)c(=O)oc2c(C)c(OCC(=O)O)ccc12,338.359,25,5,acyclic_ali,O=c1oc2ccccc2cc1Cc1ccccc1
Ac5692,O=C(O)Cc1ccc(OCC(F)(F)F)cc1,234.173,16,4,acyclic_ali,c1ccccc1
Ac5693,O=C(O)c1cc(I)c(Cl)cc1Cl,316.909,12,1,benzoic,c1ccccc1
Ac5694,O=C(O)/C=C/c1c(F)ccc(Cl)c1F,218.586,14,2,other,c1ccccc1
Ac5696,COC(=O)c1cc(OC(C)C)cc(C(=O)O)c1,238.239,17,4,benzoic,c1ccccc1
Ac5697,COc1cc(Br)nc(C(=O)O)c1,232.033,12,2,heteroaryl,c1ccncc1
Ac5699,CC(c1ccc(C(=O)O)cc1)C(F)(F)F,218.174,15,2,benzoic,c1ccccc1
Ac5700,CC(C)(c1ccc(C(=O)O)cc1)C(F)(F)F,232.201,16,2,benzoic,c1ccccc1
Ac5702,Cc1ccc(S(=O)(=O)Nc2ccsc2C(=O)O)cc1,297.357,19,4,heteroaryl,O=S(=O)(Nc1ccsc1)c1ccccc1
Ac5704,Cc1c(C(=O)O)nnn1Cc1cccc(F)c1,235.218,17,3,heteroaryl,c1ccc(Cn2ccnn2)cc1
Ac5705,Cc1c(C(=O)O)nnn1Cc1ccc(F)cc1,235.218,17,3,heteroaryl,c1ccc(Cn2ccnn2)cc1
Ac5706,O=C(O)c1ccccc1OC(F)(F)C(F)F,238.136,16,4,benzoic,c1ccccc1
Ac5708,O=C(O)CCc1nc(-c2ccccc2Cl)no1,252.657,17,4,acyclic_ali,c1ccc(-c2ncon2)cc1
Ac5711,Cc1cc(C(=O)O)ccc1NS(C)(=O)=O,229.257,15,3,benzoic,c1ccccc1
Ac5712,CS(=O)(=O)Nc1ccc(C(=O)O)cc1F,233.22,15,3,benzoic,c1ccccc1
Ac5717,O=C(O)c1ncoc1-c1cccc(Cl)c1,223.615,15,2,heteroaryl,c1ccc(-c2cnco2)cc1
Ac5718,Cc1cc(OC(F)(F)F)cc(C(=O)O)c1,220.146,15,2,benzoic,c1ccccc1
Ac5719,O=C(O)c1cnoc1-c1cccc(Cl)c1,223.615,15,2,aryl_other,c1ccc(-c2ccno2)cc1
Ac5721,O=C(O)c1cnc(N2CCOCC2)nc1C1CC1,249.27,18,3,aryl_other,c1cc(C2CC2)nc(N2CCOCC2)n1
Ac5723,CC(C)(C)OC(=O)N1CCC(C(=O)C(=O)O)CC1,257.286,18,2,other,C1CCNCC1
Ac5724,O=C(O)CCc1nc(-c2cccc(Br)c2)no1,297.108,17,4,acyclic_ali,c1ccc(-c2ncon2)cc1
Ac5725,COc1cccc(-c2noc(CCC(=O)O)n2)c1,248.238,18,5,acyclic_ali,c1ccc(-c2ncon2)cc1
Ac5726,COCCCOc1cc(C(=O)O)ccc1Br,289.125,16,6,benzoic,c1ccccc1
Ac5727,CS(=O)(=O)c1ccc([N+](=O)[O-])c(C(=O)O)c1,245.212,16,3,benzoic,c1ccccc1
Ac5729,O=C(O)c1cc(-c2ccncc2)nc2ccc(Cl)cc12,284.702,20,2,aryl_other,c1ccc2nc(-c3ccncc3)ccc2c1
Ac5733,O=C(O)c1cnc2c(cnn2Cc2ccccc2)c1,253.261,19,3,aryl_other,c1ccc(Cn2ncc3cccnc32)cc1
Ac5734,COc1cc(F)c(C(=O)O)cc1Br,249.035,13,2,benzoic,c1ccccc1
Ac5735,O=C(O)c1ccc(OC(F)F)c(Cl)c1,222.574,14,3,benzoic,c1ccccc1
Ac5736,O=C(O)c1ccc(OCC(F)(F)F)c(Cl)c1,254.591,16,3,benzoic,c1ccccc1
Ac5737,Cc1ccc(C)c(-c2cc(C(=O)O)no2)c1,217.224,16,2,heteroaryl,c1ccc(-c2ccno2)cc1
Ac5738,O=C(O)c1cccc(N2CCCCS2(=O)=O)c1,255.295,17,2,benzoic,O=S1(=O)CCCCN1c1ccccc1
Ac5742,Cc1ccc(C)c(-n2nnnc2SCC(=O)O)c1,264.31,18,4,acyclic_ali,c1ccc(-n2cnnn2)cc1
Ac5743,O=C(O)CCc1cccc(OC(F)F)c1,216.183,15,5,acyclic_ali,c1ccccc1
Ac5744,O=C(O)CCc1ccc(F)c(C(F)(F)F)c1,236.164,16,3,acyclic_ali,c1ccccc1
Ac5745,COc1ccc(CC(=O)O)cc1B1OC(C)(C)C(C)(C)O1,292.14,21,4,acyclic_ali,c1ccc(B2OCCO2)cc1
Ac5746,CCOc1cc(C(=O)O)cc(Cl)c1OCC,244.674,16,5,benzoic,c1ccccc1
Ac5747,O=C(O)c1sccc1NS(=O)(=O)c1ccc(Br)cc1,362.226,19,4,heteroaryl,O=S(=O)(Nc1ccsc1)c1ccccc1
Ac5748,CC(C)(C)c1ccc(S(=O)(=O)Nc2ccsc2C(=O)O)cc1,339.438,22,4,heteroaryl,O=S(=O)(Nc1ccsc1)c1ccccc1
Ac5749,O=C(O)C1(c2cccc(Br)c2)CCC1,255.111,14,2,alpha_quat,c1ccc(C2CCC2)cc1
Ac5750,CC(C)c1ccc(S(=O)(=O)Nc2ccsc2C(=O)O)cc1,325.411,21,5,heteroaryl,O=S(=O)(Nc1ccsc1)c1ccccc1
Ac5751,CN(c1ccsc1C(=O)O)S(=O)(=O)c1ccc(C(C)(C)C)cc1,353.465,23,4,heteroaryl,O=S(=O)(Nc1ccsc1)c1ccccc1
Ac5752,Cc1cc(C)n(-c2ccc(Cl)c(C(=O)O)n2)n1,251.673,17,2,heteroaryl,c1ccc(-n2cccn2)nc1
Ac5753,O=C(O)c1cccc(CBr)c1F,233.036,12,2,benzoic,c1ccccc1
Ac5754,O=C(O)c1cccc(Br)c1CBr,293.942,12,2,benzoic,c1ccccc1
Ac5755,O=C(O)c1cnc(-c2ccc(C(F)(F)F)cc2)s1,273.235,18,2,heteroaryl,c1ccc(-c2nccs2)cc1
Ac5756,COC(=O)COc1cc(C(=O)O)ccc1OC,240.211,17,5,benzoic,c1ccccc1
Ac5757,O=C(O)c1cc(Cl)ncc1OC(F)(F)F,241.552,15,2,aryl_other,c1ccncc1
Ac5758,O=C(O)c1cc(Cl)nc(OC(F)(F)F)c1,241.552,15,2,aryl_other,c1ccncc1
Ac5760,O=C(O)[C@H]1CCC[C@@H]1C(=O)OCc1ccccc1,248.278,18,4,cyclic_ali,O=C(OCc1ccccc1)C1CCCC1
Ac5761,Cc1ccc(Cn2nnc(C(=O)O)c2C)cc1,231.255,17,3,heteroaryl,c1ccc(Cn2ccnn2)cc1
Ac5762,Cc1c(C(=O)O)nnn1Cc1ccc(C(F)(F)F)cc1,285.225,20,3,heteroaryl,c1ccc(Cn2ccnn2)cc1
Ac5763,O=C(O)C1(c2cccc(C(F)(F)F)c2)CCCC1,258.239,18,2,alpha_quat,c1ccc(C2CCCC2)cc1
Ac5764,O=C(O)C1CC2(CCN(C(=O)OCc3ccccc3)CC2)C1,303.358,22,3,cyclic_ali,O=C(OCc1ccccc1)N1CCC2(CCC2)CC1
Ac5765,O=C(O)C(Cc1ccccc1)C(F)(F)F,218.174,15,3,acyclic_ali,c1ccccc1
Ac5766,O=C(O)c1ccccc1SC(c1ccccc1)(c1ccccc1)c1ccccc1,396.511,29,6,benzoic,c1ccc(SC(c2ccccc2)(c2ccccc2)c2ccccc2)cc1
Ac5768,O=C(O)CCCNS(=O)(=O)c1ccc([N+](=O)[O-])cc1,288.281,19,7,acyclic_ali,c1ccccc1
Ac5769,O=C(O)c1cc(-c2ccccc2[N+](=O)[O-])on1,234.167,17,3,heteroaryl,c1ccc(-c2ccno2)cc1
Ac5771,O=C(O)c1csc(-c2ccccc2F)n1,223.228,15,2,heteroaryl,c1ccc(-c2nccs2)cc1
Ac5772,CC(C)(C)OC(=O)N1CCC2CC2(C(=O)O)C1,241.287,17,1,alpha_quat,C1CC2CC2CN1
Ac5773,O=C(O)c1sc(N2CCCCC2)nc1C(F)(F)F,280.271,18,2,heteroaryl,c1csc(N2CCCCC2)n1
Ac5774,CC(C)(C)OC(=O)N1C[C@@H](C(=O)O)[C@H](c2ccc(C(F)(F)F)cc2)C1,359.344,25,2,cyclic_ali,c1ccc(C2CCNC2)cc1
Ac5776,O=C(O)C1CN(Cc2ccc(OCc3ccc(Cl)c(Cl)c3)cc2)C1,366.244,24,6,cyclic_ali,c1ccc(COc2ccc(CN3CCC3)cc2)cc1
Ac5778,O=C(O)Cc1ccc(Br)c(C(F)(F)F)c1,283.043,15,2,acyclic_ali,c1ccccc1
Ac5779,O=C(O)CCCCCCCCCCCOc1ccc([N+](=O)[O-])cc1,337.416,24,14,acyclic_ali,c1ccccc1
Ac5780,COc1cccc(-c2cc(C(=O)O)c(C)o2)c1,232.235,17,3,aryl_other,c1ccc(-c2ccco2)cc1
Ac5783,O=C(O)c1cc(S(=O)(=O)Cl)c(Br)s1,305.558,13,2,heteroaryl,c1ccsc1
Ac5784,O=C(O)c1cc(Br)c(F)cc1Cl,253.454,12,1,benzoic,c1ccccc1
Ac5785,CC1(C)OB(c2cc(CC(=O)O)ccc2F)OC1(C)C,280.104,20,3,acyclic_ali,c1ccc(B2OCCO2)cc1
Ac5786,O=C(O)c1cncc(-c2ccc(OC(F)(F)F)cc2)n1,284.193,20,3,heteroaryl,c1ccc(-c2cnccn2)cc1
Ac5787,O=C(O)Cn1nc(C(F)(F)F)c2c1CCC2,234.177,16,2,acyclic_ali,c1n[nH]c2c1CCC2
Ac5789,CC(C)(C)OC(=O)CC12CC(C(=O)O)(C1)C2,226.272,16,3,alpha_quat,C1C2CC1C2
Ac5790,O=C(O)C1(c2c(Cl)cccc2Cl)CC1,231.078,14,2,alpha_quat,c1ccc(C2CC2)cc1
Ac5791,CCCC(C(=O)O)c1ccc([N+](=O)[O-])cc1,223.228,16,5,acyclic_ali,c1ccccc1
Ac5793,O=C(O)c1ccc(F)c(Oc2ccnc(Cl)c2)c1,267.643,18,3,benzoic,c1ccc(Oc2ccncc2)cc1
Ac5795,O=C(O)c1cc2cc(OC(F)(F)F)ccc2s1,262.208,17,2,heteroaryl,c1ccc2sccc2c1
Ac5796,O=C(O)C1CCN(S(=O)(=O)N2CCOCC2)CC1,278.33,18,3,cyclic_ali,O=S(=O)(N1CCCCC1)N1CCOCC1
Ac5797,CC(C)(Oc1ccc(F)c(F)c1)C(=O)O,216.183,15,3,acyclic_ali,c1ccccc1
Ac5798,COc1c(Cl)cc(C(=O)O)cc1C(F)(F)F,254.591,16,2,benzoic,c1ccccc1
Ac5799,Cc1sc(C(=O)O)cc1S(N)(=O)=O,221.259,13,2,heteroaryl,c1ccsc1
Ac5800,O=C(O)C(F)(F)c1cccc(Br)n1,252.014,13,2,acyclic_ali,c1ccncc1
Ac5806,COc1cccc(-c2cc(C(=O)O)[nH]n2)c1,218.212,16,3,heteroaryl,c1ccc(-c2cc[nH]n2)cc1
Ac5808,COc1cc(C(=O)O)nn1-c1ccccc1F,236.202,17,3,heteroaryl,c1ccc(-n2cccn2)cc1
Ac5809,N#Cc1cc(Br)ccc1C(=O)O,226.029,12,1,benzoic,c1ccccc1
Ac5812,Cc1ccc(-c2cc(C(F)(F)F)n3nc(C(=O)O)cc3n2)cc1,321.258,23,2,heteroaryl,c1ccc(-c2ccn3nccc3n2)cc1
Ac5813,Cn1nc(C(=O)O)cc1-c1ccc(Cl)cc1,236.658,16,2,heteroaryl,c1ccc(-c2ccn[nH]2)cc1
Ac5815,Cc1c(-c2cccc(Cl)c2)nc2ccccc2c1C(=O)O,297.741,21,2,aryl_other,c1ccc(-c2ccc3ccccc3n2)cc1
Ac5819,O=C(O)C1CCN(c2nc3cc(Cl)ccc3o2)CC1,280.711,19,2,cyclic_ali,c1ccc2oc(N3CCCCC3)nc2c1
Ac5822,O=C(O)c1cc(-c2ccc(Br)cc2)oc1C(F)(F)F,335.075,19,2,aryl_other,c1ccc(-c2ccco2)cc1
Ac5823,O=C(O)c1ccc(Br)c(OCCF)c1,263.062,14,4,benzoic,c1ccccc1
Ac5824,CC(C)(Oc1ccc(Br)cc1Cl)C(=O)O,293.544,15,3,acyclic_ali,c1ccccc1
Ac5825,O=C(O)c1cnn2cccc(Br)c12,241.044,13,1,aryl_other,c1ccn2nccc2c1
Ac5830,O=C(O)c1csc(S(=O)(=O)Cl)c1,226.662,12,2,aryl_other,c1ccsc1
Ac5831,O=C(O)COCC1(c2ccc(Cl)cc2)CCC1,254.713,17,5,acyclic_ali,c1ccc(C2CCC2)cc1
Ac5832,Cn1nc(C(=O)O)cc1OCc1ccccc1,232.239,17,4,heteroaryl,c1ccc(COc2ccn[nH]2)cc1
Ac5834,COc1cn(-c2ccc(F)cc2)nc1C(=O)O,236.202,17,3,heteroaryl,c1ccc(-n2cccn2)cc1
Ac5836,COc1ccc(C(Cc2ccc(-c3cc(C(=O)O)on3)cc2)c2nc(-c3ccc(Cl)cc3)no2)cc1,501.926,36,8,heteroaryl,c1ccc(-c2noc(C(Cc3ccc(-c4ccon4)cc3)c3ccccc3)n2)cc1
Ac5837,O=C(O)c1cccc(OCC(F)(F)F)n1,221.134,15,3,heteroaryl,c1ccncc1
Ac5838,O=C(O)c1cnc(OCC(F)F)c(Cl)c1,237.589,15,4,aryl_other,c1ccncc1
Ac5844,CCc1nn(C)c(C(=O)O)c1Br,233.065,12,2,heteroaryl,c1cn[nH]c1
Ac5845,CC(C(=O)O)c1c(F)cc([N+](=O)[O-])cc1F,231.154,16,3,acyclic_ali,c1ccccc1
Ac5847,CC(C)c1nc(-c2ccc(C(=O)O)cc2)no1,232.239,17,3,benzoic,c1ccc(-c2ncon2)cc1
Ac5848,O=C(O)c1ccc(-c2noc(C3CC3)n2)cc1,230.223,17,3,benzoic,c1ccc(-c2noc(C3CC3)n2)cc1
Ac5849,COc1cc(C(=O)O)cc(C(F)(F)F)n1,221.134,15,2,aryl_other,c1ccncc1
Ac5853,CCOc1cc(C(=O)O)ccc1OCCOc1ccccc1,302.326,22,8,benzoic,c1ccc(OCCOc2ccccc2)cc1
Ac5855,Cc1c(C(=O)O)cc(C(F)(F)F)cc1[N+](=O)[O-],249.144,17,2,benzoic,c1ccccc1
Ac5856,O=C(O)c1cc2cccc(C(F)(F)F)c2s1,246.209,16,1,heteroaryl,c1ccc2sccc2c1
Ac5857,COc1ccc(-c2csc(C(=O)O)n2)cc1,235.264,16,3,heteroaryl,c1ccc(-c2cscn2)cc1
Ac5858,CC(C)(C)n1cc(C(=O)O)c(Br)n1,247.092,13,1,aryl_other,c1cn[nH]c1
Ac5860,Cc1cc(F)cc(C(=O)O)c1I,280.036,12,1,benzoic,c1ccccc1
Ac5861,Cc1c(C(=O)O)sc2cccc(Cl)c12,226.684,14,1,heteroaryl,c1ccc2sccc2c1
Ac5862,Cc1c(C(=O)O)sc2c(Cl)cccc12,226.684,14,1,heteroaryl,c1ccc2sccc2c1
Ac5867,CC1(C)OB(c2ccc(C(=O)O)c3ccccc23)OC1(C)C,298.147,22,2,benzoic,c1ccc2c(B3OCCO3)cccc2c1
Ac5868,CCS(=O)(=O)c1ccc(C(=O)O)cc1C,228.269,15,3,benzoic,c1ccccc1
Ac5870,Cc1noc(C)c1COc1ccc(CC(=O)O)cc1,261.277,19,5,acyclic_ali,c1ccc(OCc2cnoc2)cc1
Ac5871,Cc1cc(C(=O)O)nn1-c1cccc(Cl)c1,236.658,16,2,heteroaryl,c1ccc(-n2cccn2)cc1
Ac5872,CN(C)C(=O)CCc1ccc(C(=O)O)cc1,221.256,16,4,benzoic,c1ccccc1
Ac5873,Cc1cc(S(=O)(=O)Cl)ccc1OCCC(=O)O,278.713,17,5,acyclic_ali,c1ccccc1
Ac5879,Cc1c(C(=O)O)cnn1-c1cccc(Br)c1,281.109,16,2,aryl_other,c1ccc(-n2cccn2)cc1
Ac5880,O=C(c1ccncc1)c1scc(Br)c1C(=O)O,312.144,17,3,aryl_other,O=C(c1ccncc1)c1cccs1
Ac5881,Cc1nc(-c2cccc(F)c2)sc1C(=O)O,237.255,16,2,heteroaryl,c1ccc(-c2nccs2)cc1
Ac5882,COc1ccccc1-c1cc(C(=O)O)n(C)n1,232.239,17,3,heteroaryl,c1ccc(-c2cc[nH]n2)cc1
Ac5883,Cc1ccc(-c2cc(C(=O)O)[nH]n2)c(C)c1,216.24,16,2,heteroaryl,c1ccc(-c2cc[nH]n2)cc1
Ac5885,Cc1cc(Br)c(C(=O)O)cc1Cl,249.491,12,1,benzoic,c1ccccc1
Ac5886,CC(C)(C)OC(=O)c1ccc(C(=O)O)s1,228.269,15,2,heteroaryl,c1ccsc1
Ac5887,O=C(O)c1nnn(C2CC2)c1C(F)(F)F,221.138,15,2,heteroaryl,c1cn(C2CC2)nn1
Ac5888,CC1(C)OB(c2ccc(C(=O)O)cc2Cl)OC1(C)C,282.532,19,2,benzoic,c1ccc(B2OCCO2)cc1
Ac5890,CCOc1ccc(-c2cc(C(=O)O)c3cc(Cl)ccc3n2)cc1,327.767,23,4,aryl_other,c1ccc(-c2ccc3ccccc3n2)cc1
Ac5891,CCc1ccc(-c2cc(C(=O)O)c3cc(Cl)ccc3n2)cc1,311.768,22,3,aryl_other,c1ccc(-c2ccc3ccccc3n2)cc1
Ac5892,CC(C)(C)OC(=O)N1C[C@@H]2C[C@@H](C[C@H](C(=O)O)C2)C1,269.341,19,1,cyclic_ali,C1CC2CNCC(C1)C2
Ac5893,Cc1c(C(=O)O)cnn1-c1ccc(C(F)(F)F)cn1,271.198,19,2,aryl_other,c1ccc(-n2cccn2)nc1
Ac5894,CC(C)(C)OC(=O)N1CC2(CCC(C(=O)O)O2)C1,257.286,18,1,cyclic_ali,C1COC2(C1)CNC2
Ac5896,CCCN(CCC)S(=O)(=O)c1cccc(C(=O)O)c1,285.365,19,7,benzoic,c1ccccc1
Ac5898,Cc1cc(C(=O)O)n(-c2cccc(Cl)c2)n1,236.658,16,2,heteroaryl,c1ccc(-n2cccn2)cc1
Ac5899,O=C(O)c1ccc(OCC(F)(F)F)cc1F,238.136,16,3,benzoic,c1ccccc1
Ac5900,O=C(O)c1ccc(OCC(F)(F)F)nn1,222.122,15,3,heteroaryl,c1ccnnc1
Ac5901,CC(C)(C)OC(=O)N1CCCC(Cc2ccccc2)(C(=O)O)C1,319.401,23,3,alpha_quat,c1ccc(CC2CCCNC2)cc1
Ac5903,COC(Cc1nc2ccccc2s1)C(=O)O,237.28,16,4,acyclic_ali,c1ccc2scnc2c1
Ac5904,Cc1cccc(-c2noc(CCCC(=O)O)n2)c1,246.266,18,5,acyclic_ali,c1ccc(-c2ncon2)cc1
Ac5905,O=C(O)CCCc1nc(-c2ccc(F)cc2)no1,250.229,18,5,acyclic_ali,c1ccc(-c2ncon2)cc1
Ac5906,Cc1ccc(-c2noc(CCCC(=O)O)n2)cc1,246.266,18,5,acyclic_ali,c1ccc(-c2ncon2)cc1
Ac5907,O=C(O)c1sccc1OCc1ccc(Cl)cc1,268.721,17,4,heteroaryl,c1ccc(COc2ccsc2)cc1
Ac5908,O=C(O)c1ccc(/C=C2\SC(=S)N(Cc3cccc(C(F)(F)F)c3)C2=O)cc1,423.437,28,4,benzoic,O=C1C(=Cc2ccccc2)SC(=S)N1Cc1ccccc1
Ac5910,O=C(O)/C=C/c1ccc(-c2ccc(Cl)c(Cl)c2)o1,283.11,18,3,other,c1ccc(-c2ccco2)cc1
Ac5914,O=C(O)c1ccc2c(c1)C(=O)N(CCCc1ccccc1)C2=O,309.321,23,5,benzoic,O=C1c2ccccc2C(=O)N1CCCc1ccccc1
Ac5915,Cn1nc(-c2ccc3c(c2)OCO3)cc1C(=O)O,246.222,18,2,heteroaryl,c1cc(-c2ccc3c(c2)OCO3)n[nH]1
Ac5917,O=C(O)c1ccc(C2CC2)c(Br)c1,241.084,13,2,benzoic,c1ccc(C2CC2)cc1
Ac5918,CC(C)S(=O)(=O)c1ccc(CC(=O)O)cc1,242.296,16,4,acyclic_ali,c1ccccc1
Ac5920,O=C(O)Cc1c(Br)cccc1C(F)(F)F,283.043,15,2,acyclic_ali,c1ccccc1
Ac5922,O=C(O)Cc1cc(F)c([N+](=O)[O-])cc1Br,278.033,15,3,acyclic_ali,c1ccccc1
Ac5924,O=C(O)CCC(=O)c1ccccc1Br,257.083,14,4,acyclic_ali,c1ccccc1
Ac5927,Cc1ccc(-c2nn(-c3ccc(F)cc3)cc2C(=O)O)cc1,296.301,22,3,aryl_other,c1ccc(-c2ccn(-c3ccccc3)n2)cc1
Ac5928,O=C(O)c1ccc(N2CCCS2(=O)=O)cc1Cl,275.713,17,2,benzoic,O=S1(=O)CCCN1c1ccccc1
Ac5930,Cc1cc(C(=O)O)c(Br)cc1F,233.036,12,1,benzoic,c1ccccc1
Ac5931,O=C(O)c1cnc(OCC2CC2)c(Cl)c1,227.647,15,4,aryl_other,c1ccc(OCC2CC2)nc1
Ac5932,Cc1cc(C(=O)O)n(-c2cccc(Br)c2)n1,281.109,16,2,heteroaryl,c1ccc(-n2cccn2)cc1
Ac5933,Cc1cc(C(=O)O)cc(B2OC(C)(C)C(C)(C)O2)c1C,276.141,20,2,benzoic,c1ccc(B2OCCO2)cc1
Ac5934,COc1ccccc1-c1cc(C(=O)O)nn1C,232.239,17,3,heteroaryl,c1ccc(-c2ccn[nH]2)cc1
Ac5935,O=C(O)c1cn(-c2ccccc2C(F)(F)F)nn1,257.171,18,2,heteroaryl,c1ccc(-n2ccnn2)cc1
Ac5936,O=C(O)c1cc(Br)c(Cl)cc1I,361.36,12,1,benzoic,c1ccccc1
Ac5937,Cc1c(Br)cnn1CC(=O)O,219.038,11,2,acyclic_ali,c1cn[nH]c1
Ac5938,CC1CCN(Cc2ccc(C(=O)O)o2)CC1,223.272,16,3,heteroaryl,c1coc(CN2CCCCC2)c1
Ac5939,CC(C)(C)OC(=O)N1Cc2cc(C(=O)O)cnc2C1,264.281,19,1,aryl_other,c1cnc2c(c1)CNC2
Ac5940,CS(=O)(=O)c1ccccc1OCC(=O)O,230.241,15,4,acyclic_ali,c1ccccc1
Ac5942,O=C(O)C1CCn2c(nnc2C(F)(F)F)C1,235.165,16,1,cyclic_ali,c1nnc2n1CCCC2
Ac5944,O=C(O)Cc1ccc(Br)c(F)c1F,251.026,13,2,acyclic_ali,c1ccccc1
Ac5945,COc1cc(Cl)c(I)cc1C(=O)O,312.49,13,2,benzoic,c1ccccc1
Ac5949,O=C(O)CCOc1cccc(OC(F)(F)F)c1,250.172,17,5,acyclic_ali,c1ccccc1
Ac5950,COc1cc(C(=O)O)c(Br)cc1OC(C)C,289.125,16,4,benzoic,c1ccccc1
Ac5951,O=C(O)c1ccc(OCC2CC2)c(OCC2CC2)c1,262.305,19,7,benzoic,c1ccc(OCC2CC2)c(OCC2CC2)c1
Ac5952,O=C(O)[C@@H]1CCCN1S(=O)(=O)c1cccs1,261.324,16,3,alpha_amino,O=S(=O)(c1cccs1)N1CCCC1
Ac5953,COc1ccc(C(CC(=O)O)C(F)F)cc1,230.21,16,5,acyclic_ali,c1ccccc1
Ac5954,O=C(O)/C(Br)=C/n1cnc(-c2cc(C(F)(F)F)cc(C(F)(F)F)c2)n1,430.102,25,3,other,c1ccc(-c2nc[nH]n2)cc1
Ac5955,COC(=O)c1ccc(Br)c(C(=O)O)c1,259.055,14,2,benzoic,c1ccccc1
Ac5956,O=C(O)c1ccc2nc(Cl)c(Cl)nc2c1,243.049,15,1,benzoic,c1ccc2nccnc2c1
Ac5957,O=C(O)CNS(=O)(=O)c1cccnc1,216.218,14,4,alpha_amino,c1ccncc1
Ac5958,Cc1nn(Cc2ccc(C(=O)O)o2)c(C)c1Cl,254.673,17,3,heteroaryl,c1coc(Cn2cccn2)c1
Ac5959,Cc1nn(Cc2ccc(C(=O)O)o2)c(C)c1Br,299.124,17,3,heteroaryl,c1coc(Cn2cccn2)c1
Ac5960,CC1(C)OB(c2ccc(/C=C/C(=O)O)cc2)OC1(C)C,274.125,20,3,other,c1ccc(B2OCCO2)cc1
Ac5961,O=C(O)c1cc2sc(Br)cc2s1,263.137,12,1,heteroaryl,c1cc2sccc2s1
Ac5965,O=C(O)c1c(F)cc(Br)cc1[N+](=O)[O-],264.006,14,2,benzoic,c1ccccc1
Ac5966,O=C(O)CCc1ccc(Cl)cc1C(F)(F)F,252.619,16,3,acyclic_ali,c1ccccc1
Ac5968,CN(Cc1ccccc1C(=O)O)C(=O)OC(C)(C)C,265.309,19,3,benzoic,c1ccccc1
Ac5973,O=C(O)C1CCN(C(=O)c2ccc([N+](=O)[O-])cc2)CC1,278.264,20,3,cyclic_ali,O=C(c1ccccc1)N1CCCCC1
Ac5978,O=C(O)c1ccc(S(F)(F)(F)(F)F)cc1F,266.162,16,2,benzoic,c1ccccc1
Ac5979,CCOc1cc(Br)cc(C(=O)O)c1F,263.062,14,3,benzoic,c1ccccc1
Ac5980,CC1(C)OB(c2ccc(C(=O)O)cc2C(F)(F)F)OC1(C)C,316.084,22,2,benzoic,c1ccc(B2OCCO2)cc1
Ac5981,CN(C)c1ncc(Br)cc1C(=O)O,245.076,13,2,aryl_other,c1ccncc1
Ac5982,O=C(O)c1cc(F)cc([N+](=O)[O-])c1Cl,219.555,14,2,benzoic,c1ccccc1
Ac5985,O=C(O)CCc1nc(-c2ccsc2)no1,224.241,15,4,acyclic_ali,c1nc(-c2ccsc2)no1
Ac5986,Cc1cc(C(=O)O)c2cnn(C3CCCC3)c2n1,245.282,18,2,aryl_other,c1cnc2c(c1)cnn2C1CCCC1
Ac5988,COc1nc2ccccc2nc1CCC(=O)O,232.239,17,4,acyclic_ali,c1ccc2nccnc2c1
Ac5989,O=C(O)COc1ccc2oc3c(c2c1)CCCC3,246.262,18,3,acyclic_ali,c1ccc2c3c(oc2c1)CCCC3
Ac5991,COc1ccc(-c2cc(C(=O)O)no2)cc1F,237.186,17,3,heteroaryl,c1ccc(-c2ccno2)cc1
Ac5992,Cc1nc(SCC(=O)O)c(C#N)c(C)c1C,236.296,16,3,acyclic_ali,c1ccncc1
Ac5994,O=C(O)c1cc2c(I)cccc2s1,304.108,13,1,heteroaryl,c1ccc2sccc2c1
Ac5995,Cc1nccc(-c2ccc(Cl)cc2F)c1C(=O)O,265.671,18,2,aryl_other,c1ccc(-c2ccncc2)cc1
Ac5996,CC(CC(=O)O)c1ccc(C(F)(F)F)cc1,232.201,16,3,acyclic_ali,c1ccccc1
Ac5997,CCCCc1cc(=O)oc2c3c(cc(OCC(=O)O)c12)OC(C)(C)CC3,360.406,26,6,acyclic_ali,O=c1ccc2ccc3c(c2o1)CCCO3
Ac5999,O=C(O)C1CCN(C(=O)OCC2c3ccccc3-c3ccccc32)C1,337.375,25,3,cyclic_ali,O=C(OCC1c2ccccc2-c2ccccc21)N1CCCC1
Ac6000,O=C(O)Cc1csc(NC(=O)c2ccccc2)n1,262.29,18,4,acyclic_ali,O=C(Nc1nccs1)c1ccccc1
Ac6001,O=C(O)C(CC1CCCCC1)c1ccc(F)cc1,250.313,18,4,acyclic_ali,c1ccc(CCC2CCCCC2)cc1
Ac6002,O=C(O)Cc1cc(C(F)(F)F)ccc1Br,283.043,15,2,acyclic_ali,c1ccccc1
Ac6003,O=C(O)c1ccccc1SC(c1ccccc1)c1ccc(Cl)cc1,354.858,24,5,benzoic,c1ccc(SC(c2ccccc2)c2ccccc2)cc1
Ac6004,O=C(O)C1(c2ccc(B(O)O)cc2F)CC1,223.996,16,3,alpha_quat,c1ccc(C2CC2)cc1
Ac6005,CC(C)(C)OC(=O)N1CCC(CC(=O)O)CC1(C)C,271.357,19,2,acyclic_ali,C1CCNCC1
Ac6006,O=C(O)Cc1ccc(S(F)(F)(F)(F)F)cc1,262.199,16,3,acyclic_ali,c1ccccc1
Ac6009,O=C(O)c1ccnc(OC2CCOCC2)c1,223.228,16,3,aryl_other,c1ccc(OC2CCOCC2)nc1
Ac6010,O=C(O)c1cc(COc2ccc(F)cc2)on1,237.186,17,4,heteroaryl,c1ccc(OCc2ccno2)cc1
Ac6012,O=C(O)CCC(=O)c1ccc(Cl)c(F)c1,230.622,15,4,acyclic_ali,c1ccccc1
Ac6013,Cc1c(C(=O)O)sc2ncn(C)c(=O)c12,224.241,15,1,heteroaryl,O=c1[nH]cnc2sccc12
Ac6015,Cn1ncc(Cl)c1-c1cc(C(=O)O)oc1Cl,261.064,16,2,heteroaryl,c1cc(-c2ccoc2)[nH]n1
Ac6017,O=C(O)c1cnc(OCC(F)(F)F)nc1,222.122,15,3,aryl_other,c1cncnc1
Ac6018,Cc1cc(C(=O)O)cc(S(=O)(=O)Cl)c1C,248.687,15,2,benzoic,c1ccccc1
Ac6019,CC(C)(C)OC(=O)c1ccc(C(=O)O)nc1,223.228,16,2,heteroaryl,c1ccncc1
Ac6021,COc1ccc(/C=C/C(=O)O)c(C(F)(F)F)c1,246.184,17,3,other,c1ccccc1
Ac6024,Cc1c(OCC(=O)O)ccc2c(-c3ccccc3)cc(=O)oc12,310.305,23,4,acyclic_ali,O=c1cc(-c2ccccc2)c2ccccc2o1
Ac6027,Cc1cc(C(=O)O)c([N+](=O)[O-])cc1Br,260.043,14,2,benzoic,c1ccccc1
Ac6030,O=C(O)c1csc(-c2cccc(Cl)c2)n1,239.683,15,2,heteroaryl,c1ccc(-c2nccs2)cc1
Ac6031,O=C(O)c1cc(F)ccc1OC(F)(F)F,224.109,15,2,benzoic,c1ccccc1
Ac6035,COc1ccccc1-c1cc(C(F)(F)F)nc(S(=O)(=O)CCCC(=O)O)n1,404.366,27,7,acyclic_ali,c1ccc(-c2ccncn2)cc1
Ac6036,CC(C)(C)OC(=O)CCc1cccc(C(=O)O)c1,250.294,18,4,benzoic,c1ccccc1
Ac6037,O=C(O)c1cccc(OC2CCCCC2)n1,221.256,16,3,heteroaryl,c1ccc(OC2CCCCC2)nc1
Ac6039,COC(=O)C1CCN(C(=O)CCC(=O)O)CC1,243.259,17,4,acyclic_ali,C1CCNCC1
Ac6040,O=C(O)c1ccccc1S(=O)(=O)C1CCCC1,254.307,17,3,benzoic,O=S(=O)(c1ccccc1)C1CCCC1
Ac6041,CCCS(=O)(=O)c1ccccc1C(=O)O,228.269,15,4,benzoic,c1ccccc1
Ac6042,COc1cc(B2OC(C)(C)C(C)(C)O2)cc(C(=O)O)c1,278.113,20,3,benzoic,c1ccc(B2OCCO2)cc1
Ac6045,O=C(O)c1ccc(Sc2ccc(F)cc2)c([N+](=O)[O-])c1,293.275,20,4,benzoic,c1ccc(Sc2ccccc2)cc1
Ac6050,COc1ccc(C(=O)O)c(OC(F)(F)F)c1,236.145,16,3,benzoic,c1ccccc1
Ac6052,CCCCCCc1c(C)c2ccc(OCC(=O)O)c(C)c2oc1=O,332.396,24,8,acyclic_ali,O=c1ccc2ccccc2o1
Ac6053,COc1ccc(-c2cc3ccc(OCC(=O)O)cc3oc2=O)cc1OC,356.33,26,6,acyclic_ali,O=c1oc2ccccc2cc1-c1ccccc1
Ac6055,O=C(O)c1cc(F)c(Cl)c([N+](=O)[O-])c1,219.555,14,2,benzoic,c1ccccc1
Ac6056,CC(C)(C)OC(=O)N1CC[C@@H](c2ccc(F)c(C(=O)O)c2)[C@H](CO[Si](C)(C)C(C)(C)C)C1,467.654,32,5,benzoic,c1ccc(C2CCNCC2)cc1
Ac6059,Cn1nc(C(=O)O)cc1Cc1ccccc1,216.24,16,3,heteroaryl,c1ccc(Cc2ccn[nH]2)cc1
Ac6060,CC(C)COc1ccc([N+](=O)[O-])c(C(=O)O)c1,239.227,17,5,benzoic,c1ccccc1
Ac6061,COc1cc(C(=O)O)c(F)c(OC)c1F,218.155,15,3,benzoic,c1ccccc1
Ac6062,COc1cc(OC(F)(F)F)cc(C(=O)O)c1,236.145,16,3,benzoic,c1ccccc1
Ac6064,CC(C)(C)OC(=O)N1CCC(C(=O)O)(c2cccc(Br)c2)CC1,384.27,23,2,alpha_quat,c1ccc(C2CCNCC2)cc1
Ac6065,COc1ccc(C2(C(=O)O)CCN(C(=O)OC(C)(C)C)CC2)cc1,335.4,24,3,alpha_quat,c1ccc(C2CCNCC2)cc1
Ac6068,O=C(O)c1ccccc1CN1CCCCC1,219.284,16,3,benzoic,c1ccc(CN2CCCCC2)cc1
Ac6069,O=C(O)c1ccc(OCc2cccnc2)cc1,229.235,17,4,benzoic,c1ccc(OCc2cccnc2)cc1
Ac6070,CC1(C)OB(c2cc(C(=O)O)cc([N+](=O)[O-])c2)OC1(C)C,293.084,21,3,benzoic,c1ccc(B2OCCO2)cc1
Ac6072,O=C(O)c1cccc(OC2CCOCC2)n1,223.228,16,3,heteroaryl,c1ccc(OC2CCOCC2)nc1
Ac6073,Cc1ccccc1-n1nc(C(=O)O)cc1C,216.24,16,2,heteroaryl,c1ccc(-n2cccn2)cc1
Ac6074,Cc1c(C(=O)O)cnn1-c1ccccc1F,220.203,16,2,aryl_other,c1ccc(-n2cccn2)cc1
Ac6075,Cc1ccc(C)c(-n2ncc(C(=O)O)c2C)c1,230.267,17,2,aryl_other,c1ccc(-n2cccn2)cc1
Ac6076,COc1ccc(Br)c(C(=O)O)n1,232.033,12,2,heteroaryl,c1ccncc1
Ac6079,CC(C)(C)OC(=O)COc1ccc(CC(=O)O)cc1,266.293,19,5,acyclic_ali,c1ccccc1
Ac6083,COc1cc(OC)cc(C(=O)CCCC(=O)O)c1,252.266,18,7,acyclic_ali,c1ccccc1
Ac6084,O=C(O)CCc1ccc(S(=O)(=O)F)cc1,232.232,15,4,acyclic_ali,c1ccccc1
Ac6085,O=C(O)c1cnn(-c2ccccc2)c1C(F)F,238.193,17,3,aryl_other,c1ccc(-n2cccn2)cc1
Ac6086,O=C(O)c1cnn(-c2ccc(Br)cc2)c1C(F)F,317.089,18,3,aryl_other,c1ccc(-n2cccn2)cc1
Ac6087,CC(C)(C)OC(=O)N1CCS(=O)(=O)C(C(=O)O)C1,279.314,18,1,cyclic_ali,O=S1(=O)CCNCC1
Ac6088,COc1cc(C(F)(F)F)ccc1CC(=O)O,234.173,16,3,acyclic_ali,c1ccccc1
Ac6089,O=C(O)c1cc(-c2ccc(Cl)cc2F)on1,241.605,16,2,heteroaryl,c1ccc(-c2ccno2)cc1
Ac6090,O=C(O)c1cc(-c2c(F)cccc2F)on1,225.15,16,2,heteroaryl,c1ccc(-c2ccno2)cc1
Ac6091,O=C(O)c1cc(-c2ccc(F)c(F)c2F)on1,243.14,17,2,heteroaryl,c1ccc(-c2ccno2)cc1
Ac6092,O=C(O)c1cc(-c2c(F)cc(F)cc2F)on1,243.14,17,2,heteroaryl,c1ccc(-c2ccno2)cc1
Ac6093,CC1CN(C(=O)OCC2c3ccccc3-c3ccccc32)CCC1C(=O)O,365.429,27,3,cyclic_ali,O=C(OCC1c2ccccc2-c2ccccc21)N1CCCCC1
Ac6096,CC(C)(C)OC(=O)N1CCC(F)(F)C(C(=O)O)C1,265.256,18,1,cyclic_ali,C1CCNCC1
Ac6097,O=C(O)c1csc(-c2cccc(C(F)(F)F)c2)n1,273.235,18,2,heteroaryl,c1ccc(-c2nccs2)cc1
Ac6098,O=C(O)/C=C/c1cn(-c2ccccc2)nc1-c1cccnc1,291.31,22,4,other,c1ccc(-n2ccc(-c3cccnc3)n2)cc1
Ac6099,O=C(O)c1nc(Cl)cnc1Br,237.44,11,1,heteroaryl,c1cnccn1
Ac6102,CC(C)N(C)S(=O)(=O)c1ccc(F)c(C(=O)O)c1,275.301,18,4,benzoic,c1ccccc1
Ac6106,O=C(O)c1cc(Br)cc(I)c1F,344.905,12,1,benzoic,c1ccccc1
Ac6107,Cc1ccc(C(F)(F)F)cc1CC(=O)O,218.174,15,2,acyclic_ali,c1ccccc1
Ac6108,O=C(O)COC[C@H]1CCCN1C(=O)OCC1c2ccccc2-c2ccccc21,381.428,28,6,acyclic_ali,O=C(OCC1c2ccccc2-c2ccccc21)N1CCCC1
Ac6109,CC(C(=O)O)c1ccc(OC(F)(F)F)cc1,234.173,16,3,acyclic_ali,c1ccccc1
Ac6110,Cc1ccccc1-c1nnc(-c2ccc(C(=O)O)cc2)o1,280.283,21,3,benzoic,c1ccc(-c2nnc(-c3ccccc3)o2)cc1
Ac6112,O=C(O)Cc1c(Cl)cccc1Br,249.491,12,2,acyclic_ali,c1ccccc1
Ac6113,O=C(O)Cc1cccc(CN2CCOCC2)c1,235.283,17,4,acyclic_ali,c1ccc(CN2CCOCC2)cc1
Ac6114,O=C(O)c1cc(-c2ccc(OC(F)(F)F)cc2)ccn1,283.205,20,3,heteroaryl,c1ccc(-c2ccncc2)cc1
Ac6116,Cc1c(C(=O)O)ccc(Br)c1Cl,249.491,12,1,benzoic,c1ccccc1
Ac6117,CC(C)(C)OC(=O)N1CC2CCC2(C(=O)O)C1,241.287,17,1,alpha_quat,C1CC2CNCC12
Ac6119,O=C(O)C1CC2CCC(C1)N2Cc1ccccc1,245.322,18,3,cyclic_ali,c1ccc(CN2C3CCCC2CC3)cc1
Ac6121,O=C(O)C1COc2ccc(Br)cc2O1,259.055,14,1,cyclic_ali,c1ccc2c(c1)OCCO2
Ac6123,O=C(O)Cc1cc(Br)c(Cl)cc1[N+](=O)[O-],294.488,15,3,acyclic_ali,c1ccccc1
Ac6124,O=C(O)Cn1nc(C(F)F)c2c1CCC2,216.187,15,3,acyclic_ali,c1n[nH]c2c1CCC2
Ac6125,O=C(O)c1c(F)cc(OC(F)(F)F)cc1F,242.099,16,2,benzoic,c1ccccc1
Ac6126,O=C(O)c1c(F)cc(OC(F)F)cc1F,224.109,15,3,benzoic,c1ccccc1
Ac6128,Cc1ccc2c(c1)C(=O)N(CCCC(=O)O)C2=O,247.25,18,4,acyclic_ali,O=C1NC(=O)c2ccccc21
Ac6129,COc1ccc(-c2cc(C(=O)O)c3cc(Br)ccc3n2)cc1,358.191,22,3,aryl_other,c1ccc(-c2ccc3ccccc3n2)cc1
Ac6130,Cc1cc(C)n(-c2ccc(C(=O)O)nn2)n1,218.216,16,2,heteroaryl,c1cnnc(-n2cccn2)c1
Ac6131,Cc1nn2c(C)cc(C(=O)O)nc2c1-c1ccccc1,267.288,20,2,heteroaryl,c1ccc(-c2cnn3cccnc23)cc1
Ac6132,O=C(O)CCc1cc(-c2ccc(Br)cc2)on1,296.12,17,4,acyclic_ali,c1ccc(-c2ccno2)cc1
Ac6135,CC(C)N(C)S(=O)(=O)c1cccc(C(=O)O)c1,257.311,17,4,benzoic,c1ccccc1
Ac6136,O=C(O)C1CCN(c2nc3ccccc3o2)CC1,246.266,18,2,cyclic_ali,c1ccc2oc(N3CCCCC3)nc2c1
Ac6137,O=C(O)Cc1ccccc1-c1ccc2c(c1)OCO2,256.257,19,3,acyclic_ali,c1ccc(-c2ccc3c(c2)OCO3)cc1
Ac6138,C=CCCC1(C(=O)O)CCN(C(=O)OC(C)(C)C)CC1,283.368,20,4,alpha_quat,C1CCNCC1
Ac6139,O=C(O)c1ccc2nc(C3CCCO3)oc2c1,233.223,17,2,benzoic,c1ccc2oc(C3CCCO3)nc2c1
Ac6140,O=C(O)CCCc1nc(-c2ccncc2)no1,233.227,17,5,acyclic_ali,c1cc(-c2ncon2)ccn1
Ac6141,Cc1nn(-c2ccc(Cl)cc2)c2sc(C(=O)O)cc12,292.747,19,2,heteroaryl,c1ccc(-n2ncc3ccsc32)cc1
Ac6143,O=C(O)c1cn(-c2cccc([N+](=O)[O-])c2)nn1,234.171,17,3,heteroaryl,c1ccc(-n2ccnn2)cc1
Ac6144,COc1ccc(CC(C(=O)O)C(F)(F)F)cc1,248.2,17,4,acyclic_ali,c1ccccc1
Ac6148,O=C(O)c1c(-c2ccccc2OC(F)(F)F)noc1C1CC1,313.231,22,4,aryl_other,c1ccc(-c2cc(C3CC3)on2)cc1
Ac6150,CC(C)(C)OC(=O)N1CC(n2cc(C(=O)O)cn2)C1,267.285,19,2,aryl_other,c1cnn(C2CNC2)c1
Ac6152,Cc1onc(C(=O)O)c1I,252.995,10,1,heteroaryl,c1cnoc1
Ac6153,COc1cc(Br)c(Cl)cc1CC(=O)O,279.517,14,3,acyclic_ali,c1ccccc1
Ac6154,O=C(O)Cc1csc(-c2ccccc2Br)n1,298.161,16,3,acyclic_ali,c1ccc(-c2nccs2)cc1
Ac6157,CC(C)(C)OC(=O)N1CC2(CC1C(=O)O)CC2(F)F,277.267,19,1,alpha_amino,C1CC2(CC2)CN1
Ac6159,CC(C)(C)OC(=O)Nc1ccc(C(=O)O)c(C(F)(F)F)c1,305.252,21,2,benzoic,c1ccccc1
Ac6163,O=C(O)c1ccccc1NS(=O)(=O)c1cccs1,283.33,18,4,benzoic,O=S(=O)(Nc1ccccc1)c1cccs1
Ac6164,CCOc1ccc(-c2nc(C(=O)O)cs2)cc1,249.291,17,4,heteroaryl,c1ccc(-c2nccs2)cc1
Ac6165,Cc1cc(C(=O)O)ccc1NC(=O)CCl,227.647,15,3,benzoic,c1ccccc1
Ac6166,O=C(O)c1cccc(S(=O)(=O)C2CC2)c1,226.253,15,3,benzoic,O=S(=O)(c1ccccc1)C1CC1
Ac6167,CN(C)S(=O)(=O)c1cccc(C(=O)NCC(=O)O)c1,286.309,19,5,alpha_amino,c1ccccc1
Ac6169,Cc1c(F)cc(Br)cc1C(=O)O,233.036,12,1,benzoic,c1ccccc1
Ac6170,O=C(O)c1cc2cc(Br)ccn2n1,241.044,13,1,heteroaryl,c1ccn2nccc2c1
Ac6172,CC(C)(C)OC(=O)N1CCC(C(=O)O)C(O)C1,245.275,17,1,cyclic_ali,C1CCNCC1
Ac6173,O=C(O)c1cccc(CN2C(=O)CSC2=O)c1,251.263,17,3,benzoic,O=C1CSC(=O)N1Cc1ccccc1
Ac6174,Cc1ccc(Br)c(CCC(=O)O)c1,243.1,13,3,acyclic_ali,c1ccccc1
Ac6175,CCC(=O)N1CCc2cc(-c3ccc(C(=O)O)cc3)ccc21,295.338,22,3,benzoic,c1ccc(-c2ccc3c(c2)CCN3)cc1
Ac6177,CC(C)(C)OC(=O)N1C[C@H](Cc2ccccc2)C[C@@H]1C(=O)O,305.374,22,3,alpha_amino,c1ccc(CC2CCNC2)cc1
Ac6180,Cc1c(C)n(Cc2ccccc2)c2ccc(C(=O)O)cc12,279.339,21,3,benzoic,c1ccc(Cn2ccc3ccccc32)cc1
Ac6182,O=C(O)CCC(=O)c1ccccc1C(F)(F)F,246.184,17,4,acyclic_ali,c1ccccc1
Ac6183,O=C(O)c1cc(S(=O)(=O)Cl)c(F)cc1Br,317.519,15,2,benzoic,c1ccccc1
Ac6184,CC(C)(C)OC(=O)N1CC[C@H](C(=O)O)[C@H](F)C1,247.266,17,1,cyclic_ali,C1CCNCC1
Ac6186,O=C(O)c1cc(S(F)(F)(F)(F)F)ccc1O,264.171,16,2,benzoic,c1ccccc1
Ac6187,COc1ccc2[nH]cc(/C=C/C(=O)O)c2c1,217.224,16,3,other,c1ccc2[nH]ccc2c1
Ac6188,O=C(O)CSc1ccc(F)cc1Cl,220.652,13,3,acyclic_ali,c1ccccc1
Ac6191,O=C(O)CCCC(=O)c1ccccc1Cl,226.659,15,5,acyclic_ali,c1ccccc1
Ac6192,CCCCCCCCCCCC(=O)Nc1cccc(C(=O)O)c1,319.445,23,12,benzoic,c1ccccc1
Ac6194,CC(C)(C)OC(=O)NC1(C(=O)O)CCCN(C(=O)OCc2ccccc2)C1,378.425,27,4,alpha_amino,O=C(OCc1ccccc1)N1CCCCC1
Ac6195,Cc1oc(C)c(S(N)(=O)=O)c1C(=O)O,219.218,14,2,aryl_other,c1ccoc1
Ac6196,O=C(O)c1cc(F)cc(I)c1,266.009,11,1,benzoic,c1ccccc1
Ac6197,COc1ccc(C(=O)O)cc1-c1ccn(C)n1,232.239,17,3,benzoic,c1ccc(-c2cc[nH]n2)cc1
Ac6198,O=C(O)c1cccn2ncc(Br)c12,241.044,13,1,aryl_other,c1ccn2nccc2c1
Ac6203,O=C(O)c1cnc(-c2cccc(F)c2)s1,223.228,15,2,heteroaryl,c1ccc(-c2nccs2)cc1
Ac6204,NS(=O)(=O)c1sc(Cl)cc1C(=O)O,241.677,13,2,aryl_other,c1ccsc1
Ac6205,CS(=O)(=O)N(CC(=O)O)c1cccc(F)c1,247.247,16,4,alpha_amino,c1ccccc1
Ac6206,O=C(O)C1CN(C(=O)OCC2c3ccccc3-c3ccccc32)Cc2ccccc21,399.446,30,3,cyclic_ali,O=C(OCC1c2ccccc2-c2ccccc21)N1CCc2ccccc2C1
Ac6208,CC(C)(C)OC(=O)N[C@H](C(=O)O)C1CCCCCC1,271.357,19,3,alpha_amino,C1CCCCCC1
Ac6210,O=C(O)c1c(F)ccc(C(F)(F)F)c1Br,287.006,15,1,benzoic,c1ccccc1
Ac6211,O=C(O)c1c(O)cc(Br)cc1F,235.008,12,1,benzoic,c1ccccc1
Ac6212,CC(C)(C)OC(=O)N1CC2(C(=O)O)CCC1CC2,255.314,18,1,alpha_quat,C1CC2CCC1CN2
Ac6213,COCC(=O)NC(C(=O)O)c1ccccc1,223.228,16,5,alpha_amino,c1ccccc1
Ac6214,O=C(O)CCc1c(-c2ccc(F)cc2)[nH]c2ccccc12,283.302,21,4,acyclic_ali,c1ccc(-c2cc3ccccc3[nH]2)cc1
Ac6219,Cc1nnc(-c2ccc(OCCOCCOCCOCCOCCC(=O)O)cc2)nn1,436.465,31,17,acyclic_ali,c1ccc(-c2nncnn2)cc1
Ac6220,O=C(O)c1ccc(Br)c(Cl)c1F,253.454,12,1,benzoic,c1ccccc1
Ac6226,CC(Cc1ccc(C(F)(F)F)cc1)C(=O)O,232.201,16,3,acyclic_ali,c1ccccc1
Ac6227,O=C(O)c1nc2ccc(Br)cc2o1,242.028,13,1,heteroaryl,c1ccc2ocnc2c1
Ac6228,O=C(O)c1ccc(Cl)cc1NCc1ccco1,251.669,17,4,benzoic,c1ccc(NCc2ccco2)cc1
Ac6229,O=C(O)c1cc(I)c(Cl)cc1F,300.454,12,1,benzoic,c1ccccc1
Ac6231,CC1(C)OB(C2=CCC(C(=O)O)CC2)OC1(C)C,252.119,18,2,cyclic_ali,C1=C(B2OCCO2)CCCC1
Ac6232,O=C(O)C1(Cc2ccccc2)CCOCC1,220.268,16,3,alpha_quat,c1ccc(CC2CCOCC2)cc1
Ac6233,CC(C)(C)OC(=O)NC1(C(=O)O)CCN(Cc2ccccc2)C1,320.389,23,4,alpha_amino,c1ccc(CN2CCCC2)cc1
Ac6234,O=C(O)c1cc(C2CC2)nn1-c1ccccc1,228.251,17,3,heteroaryl,c1ccc(-n2ccc(C3CC3)n2)cc1
Ac6235,O=C(O)c1ncc(Br)cc1C(F)(F)F,270.004,14,1,heteroaryl,c1ccncc1
Ac6236,O=C(O)CC1(CNC(=O)OCC2c3ccccc3-c3ccccc32)CCCC1,379.456,28,6,acyclic_ali,O=C(NCC1CCCC1)OCC1c2ccccc2-c2ccccc21
Ac6237,O=C(NCc1ccc(C(=O)O)nc1)OCC1c2ccccc2-c2ccccc21,374.396,28,5,heteroaryl,O=C(NCc1cccnc1)OCC1c2ccccc2-c2ccccc21
Ac6239,Cc1n[nH]c(C(=O)O)c1I,252.011,10,1,heteroaryl,c1cn[nH]c1
Ac6240,O=C(O)/C=C/c1cn(Cc2ccccc2)nn1,229.239,17,4,other,c1ccc(Cn2ccnn2)cc1
Ac6241,O=C(O)C1=NN(c2ccccc2)C(=O)CC1=O,232.195,17,2,other,O=C1C=NN(c2ccccc2)C(=O)C1
Ac6242,O=C(O)c1cc(S(=O)(=O)N2CCCc3ccccc32)ccc1Cl,351.811,23,3,benzoic,O=S(=O)(c1ccccc1)N1CCCc2ccccc21
Ac6243,Cc1oc(C)c(C(=O)O)c1Br,219.034,11,1,aryl_other,c1ccoc1
Ac6244,O=C(O)c1c(Br)n[nH]c1Br,269.88,10,1,aryl_other,c1cn[nH]c1
Ac6245,Cc1c(Br)sc(Br)c1C(=O)O,299.971,11,1,aryl_other,c1ccsc1
Ac6246,CCn1nc(C(=O)O)c(Br)c1C,233.065,12,2,heteroaryl,c1cn[nH]c1
Ac6247,O=C(O)CCCCCC(=O)c1cccs1,226.297,15,7,acyclic_ali,c1ccsc1
Ac6248,O=C(O)C(=O)c1cnn(-c2ccccc2)c1,216.196,16,3,other,c1ccc(-n2cccn2)cc1
Ac6250,O=C(O)C(=O)Cc1csc2ccccc12,220.249,15,3,other,c1ccc2sccc2c1
Ac6251,CC(=O)c1sc2ccccc2c1C(=O)O,220.249,15,2,aryl_other,c1ccc2sccc2c1
Ac6252,COc1c(Cl)cc(C(=O)O)nc1Cl,222.027,13,2,heteroaryl,c1ccncc1
Ac6253,O=C(O)C(=O)Cc1cnc2ccccc2n1,216.196,16,3,other,c1ccc2nccnc2c1
Ac6255,O=C(O)c1nc(-c2ccccc2)ncc1Cl,234.642,16,2,heteroaryl,c1ccc(-c2ncccn2)cc1
Ac6257,O=C(O)Cc1ccn(Cc2ccccc2)n1,216.24,16,4,acyclic_ali,c1ccc(Cn2cccn2)cc1
Ac6258,O=C(O)Cc1ccc2oc3ccccc3c2c1,226.231,17,2,acyclic_ali,c1ccc2c(c1)oc1ccccc12
Ac6259,O=C(O)c1cc(C2CC2)nc2ccc(Br)cc12,292.132,17,2,aryl_other,c1ccc2nc(C3CC3)ccc2c1
Ac6262,Cc1ccc(-c2nc(C)sc2CC(=O)O)cc1,247.319,17,3,acyclic_ali,c1ccc(-c2cscn2)cc1
Ac6266,O=C(O)Cn1[nH]c(=O)c2ccccc2c1=O,220.184,16,2,acyclic_ali,O=c1[nH][nH]c(=O)c2ccccc12
Ac6267,CCc1ccc(-c2cc(C(=O)O)c3ccccc3n2)cc1,277.323,21,3,aryl_other,c1ccc(-c2ccc3ccccc3n2)cc1
Ac6268,CC1CCc2nc3ccccc3c(C(=O)O)c2C1,241.29,18,1,aryl_other,c1ccc2nc3c(cc2c1)CCCC3
Ac6269,Cc1nn(-c2ccccc2)c(C)c1CCC(=O)O,244.294,18,4,acyclic_ali,c1ccc(-n2cccn2)cc1
Ac6271,Cc1noc(C)c1S(=O)(=O)NCC(=O)O,234.233,15,4,alpha_amino,c1cnoc1
Ac6272,Cc1cccc2c(C(=O)O)cc(-c3ccco3)nc12,253.257,19,2,aryl_other,c1coc(-c2ccc3ccccc3n2)c1
Ac6273,O=C(O)c1cnc(-c2ccc([N+](=O)[O-])cc2)s1,250.235,17,3,heteroaryl,c1ccc(-c2nccs2)cc1
Ac6274,CCc1ccc(-c2cc(C(=O)O)c3ccccc3n2)s1,283.352,20,3,aryl_other,c1csc(-c2ccc3ccccc3n2)c1
Ac6276,CCc1ccc(-c2nc3ccccc3c(C(=O)O)c2C)cc1,291.35,22,3,aryl_other,c1ccc(-c2ccc3ccccc3n2)cc1
Ac6277,Cc1cc(C)c2nc(-c3ccc(Cl)cc3)cc(C(=O)O)c2c1,311.768,22,2,aryl_other,c1ccc(-c2ccc3ccccc3n2)cc1
Ac6278,O=C(O)c1cc(-c2ccccc2)nc2c(Br)cc(Br)cc12,407.061,21,2,aryl_other,c1ccc(-c2ccc3ccccc3n2)cc1
Ac6279,Cc1ccc(-c2cc(C(=O)O)c3cc(Br)ccc3n2)cc1C,356.219,22,2,aryl_other,c1ccc(-c2ccc3ccccc3n2)cc1
Ac6281,Cc1ccc(C)c(-c2nc3ccccc3c(C(=O)O)c2C)c1,291.35,22,2,aryl_other,c1ccc(-c2ccc3ccccc3n2)cc1
Ac6282,O=C(O)c1cc(=O)n(-c2ccc([N+](=O)[O-])cc2)[nH]1,249.182,18,3,heteroaryl,O=c1cc[nH]n1-c1ccccc1
Ac6283,O=C(O)c1cc(-c2ccc(Cl)cc2Cl)nc2ccccc12,318.159,21,2,aryl_other,c1ccc(-c2ccc3ccccc3n2)cc1
Ac6284,Cc1ccc2nc(-c3ccc(Cl)cc3)c(C)c(C(=O)O)c2c1,311.768,22,2,aryl_other,c1ccc(-c2ccc3ccccc3n2)cc1
Ac6285,Cc1c(Cl)ccc2c(C(=O)O)cc(-c3ccc(Cl)cc3)nc12,332.186,22,2,aryl_other,c1ccc(-c2ccc3ccccc3n2)cc1
Ac6288,COc1ccc(OC)c(-c2cc(C(=O)O)c3ccccc3n2)c1,309.321,23,4,aryl_other,c1ccc(-c2ccc3ccccc3n2)cc1
Ac6289,COc1ccc2c(C)c(CCC(=O)O)c(=O)oc2c1OC,292.287,21,5,acyclic_ali,O=c1ccc2ccccc2o1
Ac6290,O=C(O)C1(c2ccccc2)CCN(S(=O)(=O)c2ccccc2)CC1,345.42,24,4,alpha_quat,O=S(=O)(c1ccccc1)N1CCC(c2ccccc2)CC1
Ac6292,O=C(O)c1cnc(F)c(Br)c1,219.997,11,1,aryl_other,c1ccncc1
Ac6293,O=C(O)c1cnc(Br)c(I)c1,327.903,11,1,aryl_other,c1ccncc1
Ac6297,O=C(O)c1cccc(Oc2ccc(Cl)cc2)n1,249.653,17,3,heteroaryl,c1ccc(Oc2ccccn2)cc1
Ac6298,O=C(O)c1ccc(Oc2ccc(Cl)cc2)nc1,249.653,17,3,aryl_other,c1ccc(Oc2ccccn2)cc1
Ac6300,O=C(O)c1cc(C2CCCCC2)nc2ccc(F)cc12,273.307,20,2,aryl_other,c1ccc2nc(C3CCCCC3)ccc2c1
Ac6301,Cc1ccc(-c2cc(C(=O)O)c3cccc(C)c3n2)cc1,277.323,21,2,aryl_other,c1ccc(-c2ccc3ccccc3n2)cc1
Ac6302,O=C(O)c1c2c(nc3ccc(F)cc13)CCCCC2,259.28,19,1,aryl_other,c1ccc2nc3c(cc2c1)CCCCC3
Ac6303,Cc1ccc(-c2cc(C(=O)O)c3cc(C)cc(C)c3n2)cc1,291.35,22,2,aryl_other,c1ccc(-c2ccc3ccccc3n2)cc1
Ac6305,O=C(O)c1ccc2c(c1)C(=O)N(C1CCCCC1)C2=O,273.288,20,2,benzoic,O=C1c2ccccc2C(=O)N1C1CCCCC1
Ac6307,COc1ccc(-c2cc(C(=O)O)c3cc(Cl)ccc3n2)cc1OC,343.766,24,4,aryl_other,c1ccc(-c2ccc3ccccc3n2)cc1
Ac6308,Cc1nn(CC(=O)O)c(C)c1I,280.065,12,2,acyclic_ali,c1cn[nH]c1
Ac6309,Cc1ccc(-n2nc(C(=O)O)cc2C)cc1,216.24,16,2,heteroaryl,c1ccc(-n2cccn2)cc1
Ac6310,O=C(O)c1nnsc1COc1ccccc1,236.252,16,4,heteroaryl,c1ccc(OCc2cnns2)cc1
Ac6311,O=C(CC(C(=O)O)c1cccc(Cl)c1)c1ccccc1,288.73,20,5,acyclic_ali,O=C(CCc1ccccc1)c1ccccc1
Ac6312,O=C(O)Cc1ccc2oc(-c3ccccn3)nc2c1,254.245,19,3,acyclic_ali,c1ccc(-c2nc3ccccc3o2)nc1
Ac6313,Cc1nc2oc3ccccc3c(=O)c2cc1C(=O)O,255.229,19,1,aryl_other,O=c1c2ccccc2oc2ncccc12
Ac6314,Cc1ccc(-c2cn3c(CC(=O)O)csc3n2)cc1,272.329,19,3,acyclic_ali,c1ccc(-c2cn3ccsc3n2)cc1
Ac6316,Cc1nc2oc3ccc(Cl)cc3c(=O)c2cc1C(=O)O,289.674,20,1,aryl_other,O=c1c2ccccc2oc2ncccc12
Ac6317,Cc1c(I)c(C(=O)O)nn1C,266.038,11,1,heteroaryl,c1cn[nH]c1
Ac6318,O=C(O)CCn1cc(I)cn1,266.038,11,3,acyclic_ali,c1cn[nH]c1
Ac6319,Cc1c(I)cnn1CCC(=O)O,280.065,12,3,acyclic_ali,c1cn[nH]c1
Ac6320,Cc1nn(CCC(=O)O)c(C)c1I,294.092,13,3,acyclic_ali,c1cn[nH]c1
Ac6322,CCCCOc1ccc(Br)cc1C(=O)O,273.126,15,5,benzoic,c1ccccc1
Ac6323,O=C(O)c1nn(-c2ccccc2)c(=S)c2ccccc12,282.324,20,2,heteroaryl,S=c1c2ccccc2cnn1-c1ccccc1
Ac6324,O=C(O)Cn1nc2c3c(cccc31)C(=O)c1ccccc1-2,278.267,21,2,acyclic_ali,O=C1c2ccccc2-c2n[nH]c3cccc1c23
Ac6325,O=C(O)Cc1cn(-c2ccccc2)nc1-c1ccc(F)cc1,296.301,22,4,acyclic_ali,c1ccc(-c2ccn(-c3ccccc3)n2)cc1
Ac6326,O=C(O)c1c2c(nc3ccccc13)C(=O)N(C1CCCCC1)C2,310.353,23,2,aryl_other,O=C1c2nc3ccccc3cc2CN1C1CCCCC1
Ac6327,CC(=O)OC(C(=O)O)C(OC(C)=O)c1nc2ccccc2s1,323.326,22,5,acyclic_ali,c1ccc2scnc2c1
Ac6331,COC(=O)c1cc(C(=O)O)n(-c2ccccc2)n1,246.222,18,3,heteroaryl,c1ccc(-n2cccn2)cc1
Ac6332,Cc1nn(-c2cccc(C(F)(F)F)c2)c(C)c1CC(=O)O,298.264,21,3,acyclic_ali,c1ccc(-n2cccn2)cc1
Ac6334,Cc1nn(-c2ccccc2)c(C)c1SCC(=O)O,262.334,18,4,acyclic_ali,c1ccc(-n2cccn2)cc1
Ac6335,O=C(O)c1nccnc1Sc1ccccc1,232.264,16,3,heteroaryl,c1ccc(Sc2cnccn2)cc1
Ac6336,O=C(O)c1nccnc1SCc1ccccc1,246.291,17,4,heteroaryl,c1ccc(CSc2cnccn2)cc1
Ac6338,Cn1c(C(=O)O)c(Br)c(=O)n(C)c1=O,263.047,14,1,heteroaryl,O=c1cc[nH]c(=O)[nH]1
Ac6339,Cn1c(=O)c2ccc(C(=O)O)cc2c(=O)n1C,234.211,17,1,benzoic,O=c1[nH][nH]c(=O)c2ccccc12
Ac6340,COc1ccc(-c2nn(-c3ccccc3)cc2CC(=O)O)cc1,308.337,23,5,acyclic_ali,c1ccc(-c2ccn(-c3ccccc3)n2)cc1
Ac6341,Cc1cccc(-c2nc(CC(=O)O)cs2)c1,233.292,16,3,acyclic_ali,c1ccc(-c2nccs2)cc1
Ac6343,O=C(O)Cc1csc(-c2cccc(Cl)c2)n1,253.71,16,3,acyclic_ali,c1ccc(-c2nccs2)cc1
Ac6344,Cc1oc(-c2ccccc2F)nc1C(=O)O,221.187,16,2,heteroaryl,c1ccc(-c2ncco2)cc1
Ac6345,O=C(O)Cc1csc(-c2ccccc2Cl)n1,253.71,16,3,acyclic_ali,c1ccc(-c2nccs2)cc1
Ac6346,O=C(O)CCc1ncc(-c2ccc(F)cc2)o1,235.214,17,4,acyclic_ali,c1ccc(-c2cnco2)cc1
Ac6347,O=C(O)Cc1csc(-c2ccc(Cl)cc2Cl)n1,288.155,17,3,acyclic_ali,c1ccc(-c2nccs2)cc1
Ac6348,Cc1onc(-c2ccc(-c3ccccc3)cc2)c1C(=O)O,279.295,21,3,aryl_other,c1ccc(-c2ccc(-c3ccon3)cc2)cc1
Ac6350,O=C(O)CSc1nnc(-c2ccc3c(c2)OCO3)o1,280.261,19,4,acyclic_ali,c1nnc(-c2ccc3c(c2)OCO3)o1
Ac6351,CC(C)c1ccc(-c2cc(C(=O)O)no2)cc1,231.251,17,3,heteroaryl,c1ccc(-c2ccno2)cc1
Ac6353,O=C(O)c1nc(-c2ccc(Cl)cc2)sc1Br,318.579,16,2,heteroaryl,c1ccc(-c2nccs2)cc1
Ac6354,O=C(O)c1ccccc1N1CCCCS1(=O)=O,255.295,17,2,benzoic,O=S1(=O)CCCCN1c1ccccc1
Ac6355,O=C(O)/C=C/CN1C(=O)c2ccccc2S1(=O)=O,267.262,18,3,other,O=C1NS(=O)(=O)c2ccccc21
Ac6356,O=C(O)COc1ccc(S(=O)(=O)N2CCOCC2)cc1,301.32,20,5,acyclic_ali,O=S(=O)(c1ccccc1)N1CCOCC1
Ac6357,O=C(O)c1ccc(COc2ccccc2)s1,234.276,16,4,heteroaryl,c1ccc(OCc2cccs2)cc1
Ac6358,Cc1oc(-c2ccccc2Cl)cc1C(=O)O,236.654,16,2,aryl_other,c1ccc(-c2ccco2)cc1
Ac6360,Cc1cc(=O)oc2ccc(OC(C)C(=O)O)cc12,248.234,18,3,acyclic_ali,O=c1ccc2ccccc2o1
Ac6361,Cc1oc(-c2ccccc2)c(C(=O)O)c1C,216.236,16,2,aryl_other,c1ccc(-c2ccco2)cc1
Ac6363,Cc1oc2ccc(OCc3ccccc3)cc2c1C(=O)O,282.295,21,4,aryl_other,c1ccc(COc2ccc3occc3c2)cc1
Ac6364,O=C(O)c1sc(Cl)cc1Br,241.493,10,1,heteroaryl,c1ccsc1
Ac6365,O=C(O)Cc1cc2c(cc1Br)OCCO2,273.082,15,2,acyclic_ali,c1ccc2c(c1)OCCO2
Ac6366,O=C(O)c1cc2sc(Cl)cc2s1,218.686,12,1,heteroaryl,c1cc2sccc2s1
Ac6367,O=C(O)c1ccccc1OCc1cccs1,234.276,16,4,benzoic,c1ccc(OCc2cccs2)cc1
Ac6368,COc1ccc2c(Cl)c(C(=O)O)sc2c1Cl,277.128,16,2,heteroaryl,c1ccc2sccc2c1
Ac6369,O=C(O)CC1c2ccccc2Sc2ccc(Cl)cc21,290.771,19,2,acyclic_ali,c1ccc2c(c1)Cc1ccccc1S2
Ac6370,O=C(O)c1sc2cc(Cl)cc(Cl)c2c1Cl,281.547,15,1,heteroaryl,c1ccc2sccc2c1
Ac6371,CC1CCCN(C(=S)SCC(=O)O)C1,233.358,14,2,acyclic_ali,C1CCNCC1
Ac6372,CC(C)(C)S(=O)(=O)c1ccsc1C(=O)O,248.325,15,2,heteroaryl,c1ccsc1
Ac6375,N#Cc1ccc(C(=O)O)cc1I,273.029,12,1,benzoic,c1ccccc1
Ac6376,O=C(O)c1ccc(CC2CCCCC2)cc1,218.296,16,3,benzoic,c1ccc(CC2CCCCC2)cc1
Ac6377,CC(C)(Sc1ccc(Br)cc1)C(=O)O,275.167,14,3,acyclic_ali,c1ccccc1
Ac6379,Cc1cc(CCCC(=O)O)c(C)cc1Br,271.154,15,4,acyclic_ali,c1ccccc1
Ac6381,CC(C)(C(=O)O)S(=O)(=O)c1ccc(Br)cc1,307.165,16,3,acyclic_ali,c1ccccc1
Ac6383,CC(C)c1ccc(C(=O)O)c(Br)c1,243.1,13,2,benzoic,c1ccccc1
Ac6384,Cc1cc(S(=O)(=O)Cl)ccc1C(=O)O,234.66,14,2,benzoic,c1ccccc1
Ac6386,O=C(O)CCCCCC(=O)c1ccc(Cl)cc1,254.713,17,7,acyclic_ali,c1ccccc1
Ac6389,Cc1ccc(C(=O)CCCCCC(=O)O)cc1C,248.322,18,7,acyclic_ali,c1ccccc1
Ac6390,COc1c(Br)cc(C(=O)O)c(OC)c1Br,339.967,15,3,benzoic,c1ccccc1
Ac6391,Cc1ccc(C(=O)CCCCCCC(=O)O)cc1C,262.349,19,8,acyclic_ali,c1ccccc1
Ac6392,CC(CC(=O)O)c1cccc(Br)c1,243.1,13,3,acyclic_ali,c1ccccc1
Ac6393,Cc1ccc(Br)cc1CCC(=O)O,243.1,13,3,acyclic_ali,c1ccccc1
Ac6394,O=C(O)CCCCc1ccc(Cl)c(Cl)c1,247.121,15,5,acyclic_ali,c1ccccc1
Ac6395,CN(C)CC(Oc1ccc(Cl)cc1)C(=O)O,243.69,16,5,acyclic_ali,c1ccccc1
Ac6396,Cc1cc(OC(C)C(=O)O)ccc1C(C)C,222.284,16,4,acyclic_ali,c1ccccc1
Ac6397,O=C(O)C1(Cc2ccc(Br)cc2)CC1,255.111,14,3,alpha_quat,c1ccc(CC2CC2)cc1
Ac6398,O=C(O)C1(Cc2ccc(C(F)(F)F)cc2)CC1,244.212,17,3,alpha_quat,c1ccc(CC2CC2)cc1
Ac6400,COc1ccccc1N(C(C)C(=O)O)S(C)(=O)=O,273.31,18,5,alpha_amino,c1ccccc1
Ac6402,CC(Oc1ccc(Cl)cc1Br)C(=O)O,279.517,14,3,acyclic_ali,c1ccccc1
Ac6403,CCC(C(=O)O)c1ccc(C2CCCCC2)cc1,246.35,18,4,acyclic_ali,c1ccc(C2CCCCC2)cc1
Ac6405,O=C(O)[C@H]1C[C@H]1C(=O)OCc1ccccc1,220.224,16,4,cyclic_ali,O=C(OCc1ccccc1)C1CC1
Ac6406,CCC(Oc1cc(C)c(Cl)c(C)c1)C(=O)O,242.702,16,4,acyclic_ali,c1ccccc1
Ac6407,O=C(O)CSCc1cccc(Cl)c1,216.689,13,4,acyclic_ali,c1ccccc1
Ac6408,CS(=O)(=O)c1ccc(SCC(=O)O)c([N+](=O)[O-])c1,291.306,18,5,acyclic_ali,c1ccccc1
Ac6409,Cc1cc(I)cc(C(=O)O)c1C,276.073,12,1,benzoic,c1ccccc1
Ac6411,O=C(O)c1cc(F)c(I)c(F)c1,283.999,12,1,benzoic,c1ccccc1
Ac6412,O=C(O)C1CC1c1cccc(C(F)(F)F)c1,230.185,16,2,cyclic_ali,c1ccc(C2CC2)cc1
Ac6413,O=C(O)c1cc(F)ccc1Sc1ccc(Cl)cc1,282.723,18,3,benzoic,c1ccc(Sc2ccccc2)cc1
Ac6414,O=C(O)c1c([N+](=O)[O-])cccc1C(F)(F)F,235.117,16,2,benzoic,c1ccccc1
Ac6416,O=Cc1ccc(C(=O)O)c(Br)c1,229.029,12,2,benzoic,c1ccccc1
Ac6417,CC(C)(C)c1ccc(C(=O)O)cc1I,304.127,14,1,benzoic,c1ccccc1
Ac6418,COc1cc(C(=O)O)c(Cl)cc1Br,265.49,13,2,benzoic,c1ccccc1
Ac6419,Cc1ccc(C(=O)CC(C)CC(=O)O)c(C)c1,234.295,17,5,acyclic_ali,c1ccccc1
Ac6420,CC(=O)C(CC(=O)O)C1C(=O)CC(C)(C)CC1=O,254.282,18,4,acyclic_ali,O=C1CCCC(=O)C1
Ac6421,COC(=O)c1ccc(OCC(=O)O)c(OC)c1,240.211,17,5,acyclic_ali,c1ccccc1
Ac6422,CC1C(=O)C(=O)C=C2C1=CC=C1[C@@]2(C)CC[C@@]2(C)[C@@H]3C[C@](C)(C(=O)O)CC[C@]3(C)CC[C@]12C,450.619,33,1,alpha_quat,O=C1C=C2C(=CC=C3C2CCC2C3CCC3CCCCC32)CC1=O
Ac6423,COC(C(=O)O)c1ccc(Br)cc1,245.072,13,3,acyclic_ali,c1ccccc1
Ac6424,O=C(O)c1cccc2c1C(=O)c1cc(Cl)ccc1-2,258.66,18,1,benzoic,O=C1c2ccccc2-c2ccccc21
Ac6425,O=C(O)CNS(=O)(=O)c1c(Cl)cccc1Cl,284.12,16,4,alpha_amino,c1ccccc1
Ac6426,COc1c(Br)cc(C)cc1C(=O)O,245.072,13,2,benzoic,c1ccccc1
Ac6427,COc1cc(Cl)cc(C(=O)O)c1Cl,221.039,13,2,benzoic,c1ccccc1
Ac6428,COc1c(Cl)cc(Cl)cc1CC(=O)O,235.066,14,3,acyclic_ali,c1ccccc1
Ac6429,O=C(O)CCCCCC(=O)c1ccc(I)cc1,346.164,17,7,acyclic_ali,c1ccccc1
Ac6430,Cc1ccccc1SC(C(=O)O)c1ccccc1,258.342,18,4,acyclic_ali,c1ccc(CSc2ccccc2)cc1
Ac6431,Cc1ccc(SC(C(=O)O)c2ccccc2)c(C)c1,272.369,19,4,acyclic_ali,c1ccc(CSc2ccccc2)cc1
Ac6434,O=C(O)c1cc(S(=O)(=O)NC2CC2)c(Cl)cc1Cl,310.158,18,4,benzoic,O=S(=O)(NC1CC1)c1ccccc1
Ac6436,CSC(C(=O)O)c1cccc(Cl)c1,216.689,13,3,acyclic_ali,c1ccccc1
Ac6437,COc1cc(Cl)c(C(=O)O)cc1Cl,221.039,13,2,benzoic,c1ccccc1
Ac6438,COc1ccc(Cl)c(Cl)c1C(=O)O,221.039,13,2,benzoic,c1ccccc1
Ac6439,COc1cccc(C(=O)CCC(=O)O)c1OC,238.239,17,6,acyclic_ali,c1ccccc1
Ac6440,Cc1cc(S(=O)(=O)Cl)cc(C(=O)O)c1Cl,269.105,15,2,benzoic,c1ccccc1
Ac6441,COc1ccccc1C1(C(=O)O)CCCCC1,234.295,17,3,alpha_quat,c1ccc(C2CCCCC2)cc1
Ac6442,CCCCCOc1ccc(C(=O)CCC(=O)O)cc1,264.321,19,9,acyclic_ali,c1ccccc1
Ac6444,COc1ccc(C(=O)CCCCCC(=O)O)cc1OC,280.32,20,9,acyclic_ali,c1ccccc1
Ac6445,COc1ccc(C(=O)CCCCCCC(=O)O)c(OC)c1,294.347,21,10,acyclic_ali,c1ccccc1
Ac6446,O=C(O)c1ccc(Sc2ccccc2)c([N+](=O)[O-])c1,275.285,19,4,benzoic,c1ccc(Sc2ccccc2)cc1
Ac6447,CC(C)N(C)S(=O)(=O)c1ccc(Cl)c(C(=O)O)c1,291.756,18,4,benzoic,c1ccccc1
Ac6448,Cc1c([N+](=O)[O-])cc(C(=O)O)cc1S(=O)(=O)Cl,279.657,17,3,benzoic,c1ccccc1
Ac6449,CCc1ccc(C(CC(=O)c2ccc(Cl)cc2)C(=O)O)cc1,316.784,22,6,acyclic_ali,O=C(CCc1ccccc1)c1ccccc1
Ac6450,O=C(O)c1cc([N+](=O)[O-])ccc1Sc1ccccc1F,293.275,20,4,benzoic,c1ccc(Sc2ccccc2)cc1
Ac6451,O=C(CC(C(=O)O)c1ccc(Cl)cc1)c1ccc(Cl)c(Cl)c1,357.62,22,5,acyclic_ali,O=C(CCc1ccccc1)c1ccccc1
Ac6454,O=C(O)c1ccc(S(=O)(=O)F)c(Cl)c1,238.623,14,2,benzoic,c1ccccc1
Ac6455,CCCc1ccc(C(=O)CCCC(=O)O)cc1,234.295,17,7,acyclic_ali,c1ccccc1
Ac6456,O=C(O)COc1ccc(S(=O)(=O)O)cc1,232.213,15,4,acyclic_ali,c1ccccc1
Ac6457,O=C(O)c1ccc(Cl)cc1Sc1ccc(Cl)cc1,299.178,18,3,benzoic,c1ccc(Sc2ccccc2)cc1
Ac6458,COc1cc(OC)cc(C(=O)CCCCC(=O)O)c1,266.293,19,8,acyclic_ali,c1ccccc1
Ac6459,CS(=O)(=O)N(CCc1ccccc1)CC(=O)O,257.311,17,6,alpha_amino,c1ccccc1
Ac6460,O=C(O)CCC(=O)c1cc(Cl)c(Cl)c(Cl)c1,281.522,16,4,acyclic_ali,c1ccccc1
Ac6461,COc1ccc(OC)c(C(=O)c2ccc(C(=O)O)cc2)c1,286.283,21,5,benzoic,O=C(c1ccccc1)c1ccccc1
Ac6462,COc1cc(Br)c(C(=O)O)cc1F,249.035,13,2,benzoic,c1ccccc1
Ac6463,CCCCOC(=O)Oc1ccc(C(=O)O)cc1,238.239,17,5,benzoic,c1ccccc1
Ac6464,O=C(O)CCCCCC(=O)c1cccc2ccccc12,270.328,20,7,acyclic_ali,c1ccc2ccccc2c1
Ac6465,O=C(O)CC1CCCC(c2ccccc2)C1=O,232.279,17,3,acyclic_ali,O=C1CCCCC1c1ccccc1
Ac6466,Cc1cc(C)c(C(=O)c2ccc(C(=O)O)cc2)c(C)c1,268.312,20,3,benzoic,O=C(c1ccccc1)c1ccccc1
Ac6467,O=C(O)COc1c(F)c(F)cc(F)c1F,224.109,15,3,acyclic_ali,c1ccccc1
Ac6468,CC1=C(C)CC(C(=O)c2ccccc2)C(C(=O)O)C1,258.317,19,3,cyclic_ali,O=C(c1ccccc1)C1CC=CCC1
Ac6469,CS(=O)(=O)c1ccc(Sc2ccccc2C(=O)O)cc1,308.38,20,4,benzoic,c1ccc(Sc2ccccc2)cc1
Ac6471,CC(C)(C)c1ccc(Br)cc1C(=O)O,257.127,14,1,benzoic,c1ccccc1
Ac6472,Cc1ccc(C(=O)O)cc1S(=O)(=O)F,218.205,14,2,benzoic,c1ccccc1
Ac6474,C/C(=C\c1c(Cl)cccc1Cl)C(=O)O,231.078,14,2,other,c1ccccc1
Ac6475,Cc1ccc2cc(C(=O)/C=C/C(=O)O)ccc2c1,240.258,18,3,other,c1ccc2ccccc2c1
Ac6476,CCOc1ccc(/C=C/C(=O)CCC(=O)O)cc1,248.278,18,7,acyclic_ali,c1ccccc1
Ac6477,CCOc1ccc(/C=C/C(=O)O)cc1Br,271.11,15,4,other,c1ccccc1
Ac6478,CN(C)C(=O)C1CCC(C)(C(=O)O)C1(C)C,227.304,16,2,alpha_quat,C1CCCC1
Ac6479,CC(NS(=O)(=O)c1ccc(Br)cc1)C(=O)O,308.153,16,4,alpha_amino,c1ccccc1
Ac6480,O=C(O)CCNS(=O)(=O)c1ccc(Br)cc1,308.153,16,5,acyclic_ali,c1ccccc1
Ac6481,CCCCOc1ccc(/C=C/C(=O)O)cc1OCC,264.321,19,8,other,c1ccccc1
Ac6483,CCOc1cc(OC)ccc1/C=C/C(=O)O,222.24,16,5,other,c1ccccc1
Ac6485,O=C(O)c1ccc(I)c(Cl)c1,282.464,11,1,benzoic,c1ccccc1
Ac6486,CCOc1ccc(C(=O)O)cc1I,292.072,13,3,benzoic,c1ccccc1
Ac6487,O=C(O)c1cc(Cl)cc(Br)c1Cl,269.909,12,1,benzoic,c1ccccc1
Ac6488,C=CCOc1ccc(C(=O)O)cc1Br,257.083,14,4,benzoic,c1ccccc1
Ac6489,O=C(O)c1cc(Br)cc(Cl)c1Cl,269.909,12,1,benzoic,c1ccccc1
Ac6490,O=C(O)c1cc(Cl)c(Br)cc1Cl,269.909,12,1,benzoic,c1ccccc1
Ac6491,O=C(O)c1cc(Cl)cc(I)c1Br,361.36,12,1,benzoic,c1ccccc1
Ac6492,O=C(O)c1cc(I)cc(Cl)c1Br,361.36,12,1,benzoic,c1ccccc1
Ac6493,O=C(O)c1cc(Cl)c(Cl)c(Br)c1,269.909,12,1,benzoic,c1ccccc1
Ac6495,Cc1ccc(C)c(C(=O)CCCCC(=O)O)c1,234.295,17,6,acyclic_ali,c1ccccc1
Ac6496,CC(Sc1cc(Cl)ccc1Cl)C(=O)O,251.134,14,3,acyclic_ali,c1ccccc1
Ac6497,O=C(O)COc1ccc(Br)cc1F,249.035,13,3,acyclic_ali,c1ccccc1
Ac6498,CCOc1cc(Br)c(C(=O)O)cc1OCC,289.125,16,5,benzoic,c1ccccc1
Ac6499,Cc1cc(C)c(C(=O)CC(C)CC(=O)O)c(C)c1,248.322,18,5,acyclic_ali,c1ccccc1
Ac6501,CCC(Oc1cc(Cl)ccc1Cl)C(=O)O,249.093,15,4,acyclic_ali,c1ccccc1
Ac6502,CC(CCc1ccc([N+](=O)[O-])cc1)C(=O)O,223.228,16,5,acyclic_ali,c1ccccc1
Ac6503,O=C(O)COc1ccc(Br)c2ccccc12,281.105,16,3,acyclic_ali,c1ccc2ccccc2c1
Ac6504,CSc1ccc(C(=O)CCCC(=O)O)cc1,238.308,16,6,acyclic_ali,c1ccccc1
Ac6505,CC(C)c1ccc(C2(C(=O)O)CCCCC2)cc1,246.35,18,3,alpha_quat,c1ccc(C2CCCCC2)cc1
Ac6506,CCc1ccc(S(=O)(=O)NCC(=O)O)cc1,243.284,16,5,alpha_amino,c1ccccc1
Ac6508,O=C(O)COc1ccc([N+](=O)[O-])cc1Br,276.042,15,4,acyclic_ali,c1ccccc1
Ac6509,COc1ccc(Cl)cc1C(=O)CCCCC(=O)O,270.712,18,7,acyclic_ali,c1ccccc1
Ac6510,CC(C)(CC(=O)c1cccc2ccccc12)C(=O)O,256.301,19,4,alpha_quat,c1ccc2ccccc2c1
Ac6511,CCOc1c(Br)cc(C(=O)O)cc1OC,275.098,15,4,benzoic,c1ccccc1
Ac6512,Cc1ccc2c(c1)C(=O)c1cc(C)cc(C(=O)O)c1-2,252.269,19,1,benzoic,O=C1c2ccccc2-c2ccccc21
Ac6513,CCCS(=O)(=O)Nc1ccc(C(=O)O)cc1,243.284,16,5,benzoic,c1ccccc1
Ac6514,Cc1cc(C)c(C(=O)CC(C)(C)C(=O)O)c(C)c1,248.322,18,4,alpha_quat,c1ccccc1
Ac6515,Cc1cc(C)c(S(N)(=O)=O)cc1C(=O)O,229.257,15,2,benzoic,c1ccccc1
Ac6517,O=C(O)COc1cc(C(F)(F)F)ccc1Cl,254.591,16,3,acyclic_ali,c1ccccc1
Ac6518,CCC(NS(=O)(=O)c1ccccc1)C(=O)O,243.284,16,5,alpha_amino,c1ccccc1
Ac6519,COc1cc(C(=O)O)ccc1S(=O)(=O)Cl,250.659,15,3,benzoic,c1ccccc1
Ac6520,CCOc1cc(C(=O)O)cc(Br)c1OCC,289.125,16,5,benzoic,c1ccccc1
Ac6521,CCC(Oc1ccccc1[N+](=O)[O-])C(=O)O,225.2,16,5,acyclic_ali,c1ccccc1
Ac6522,COc1cc(Br)c(Br)cc1OCC(=O)O,339.967,15,4,acyclic_ali,c1ccccc1
Ac6523,N#Cc1ccc(CSc2ccccc2C(=O)O)cc1,269.325,19,4,benzoic,c1ccc(CSc2ccccc2)cc1
Ac6525,CN(C)S(=O)(=O)c1ccc(OCC(=O)O)cc1,259.283,17,5,acyclic_ali,c1ccccc1
Ac6526,N#Cc1ccc(S(=O)(=O)c2ccc(C(=O)O)cc2)cc1,287.296,20,3,benzoic,O=S(=O)(c1ccccc1)c1ccccc1
Ac6530,CCN(CC)S(=O)(=O)c1ccc(OCC(=O)O)cc1,287.337,19,7,acyclic_ali,c1ccccc1
Ac6533,CCCOc1ccc(C(=O)CCC(=O)O)cc1OCCC,294.347,21,10,acyclic_ali,c1ccccc1
Ac6534,COc1cc(C(=O)CC(C)CC(=O)O)cc(OC)c1OC,296.319,21,8,acyclic_ali,c1ccccc1
Ac6537,COCc1c(C(=O)O)cnn1-c1ccccc1,232.239,17,4,aryl_other,c1ccc(-n2cccn2)cc1
Ac6539,O=C(O)CC1CCN(C(=O)c2ccccc2)CC1,247.294,18,3,acyclic_ali,O=C(c1ccccc1)N1CCCCC1
Ac6540,CC(NS(=O)(=O)c1ccc(F)cc1)C(=O)O,247.247,16,4,alpha_amino,c1ccccc1
Ac6542,N#Cc1c(-c2ccccc2)ccnc1C(=O)O,224.219,17,2,heteroaryl,c1ccc(-c2ccncc2)cc1
Ac6543,CCc1cc2c(CC(=O)O)csc2s1,226.322,14,3,acyclic_ali,c1cc2ccsc2s1
Ac6544,CS(=O)(=O)c1ccc(/C=C/C(=O)O)o1,216.214,14,3,other,c1ccoc1
Ac6546,O=C(O)CS(=O)(=O)c1ccccc1F,218.205,14,3,acyclic_ali,c1ccccc1
Ac6547,COc1ccc(CC(C)(C)C(=O)O)cc1OC,238.283,17,5,alpha_quat,c1ccccc1
Ac6548,Cc1ccc(C(=O)O)c(Sc2ccccc2)c1,244.315,17,3,benzoic,c1ccc(Sc2ccccc2)cc1
Ac6549,CC(C)Oc1ccc(C(=O)CCC(=O)O)cc1,236.267,17,6,acyclic_ali,c1ccccc1
Ac6551,Cc1ccc(-n2nc(C)c(C(=O)O)c2C)cc1,230.267,17,2,aryl_other,c1ccc(-n2cccn2)cc1
Ac6552,O=C(O)c1ccc(Oc2ccc(Br)cc2)o1,283.077,16,3,heteroaryl,c1ccc(Oc2ccco2)cc1
Ac6553,O=C(O)c1c(Cl)cccc1Sc1ccc(Cl)cc1,299.178,18,3,benzoic,c1ccc(Sc2ccccc2)cc1
Ac6554,CC(C)c1ccc(Sc2ccc(F)cc2C(=O)O)cc1,290.359,20,4,benzoic,c1ccc(Sc2ccccc2)cc1
Ac6555,COc1ccc2nc(CC(C)(C)CC(=O)O)c[n+]([O-])c2c1,290.319,21,5,acyclic_ali,c1ccc2[nH+]ccnc2c1
Ac6558,Cc1ccc(S(=O)(=O)N2CC(C(=O)O)Oc3ccccc32)cc1,333.365,23,3,cyclic_ali,O=S(=O)(c1ccccc1)N1CCOc2ccccc21
Ac6559,O=C(O)CCCc1ncc(-c2ccccc2)o1,231.251,17,5,acyclic_ali,c1ccc(-c2cnco2)cc1
Ac6560,O=C(O)c1csc(-c2cnn(-c3ccccc3)c2)n1,271.301,19,3,heteroaryl,c1ccc(-n2cc(-c3nccs3)cn2)cc1
Ac6563,O=C(O)/C=C/c1cc(Cl)sc1Cl,223.08,12,2,other,c1ccsc1
Ac6564,O=C(O)CC1CCc2cc(Br)ccc21,255.111,14,2,acyclic_ali,c1ccc2c(c1)CCC2
Ac6565,O=C(O)c1ccc(-c2ccsc2Cl)s1,244.724,14,2,heteroaryl,c1csc(-c2ccsc2)c1
Ac6566,Cc1c(C(=O)O)oc2c1C(=O)CC(C)(C)C2,222.24,16,1,heteroaryl,O=C1CCCc2occc21
Ac6567,COc1ccccc1C1(C(=O)O)CCCC1,220.268,16,3,alpha_quat,c1ccc(C2CCCC2)cc1
Ac6570,COc1ccc(CCC(C)(C)CC(=O)O)c(OC)c1,266.337,19,7,acyclic_ali,c1ccccc1
Ac6572,N#Cc1c(SCC(=O)O)nc2c(c1-c1ccco1)CCCC2,314.366,22,4,acyclic_ali,c1coc(-c2ccnc3c2CCCC3)c1
Ac6573,O=C(O)c1cc(S(=O)(=O)C(F)(F)F)cc(S(=O)(=O)C(F)(F)F)c1,386.247,23,3,benzoic,c1ccccc1
Ac6574,O=C(O)c1cccc(Sc2ccccc2Cl)c1,264.733,17,3,benzoic,c1ccc(Sc2ccccc2)cc1
Ac6575,CCOc1ccc(CCCC(=O)O)cc1OCC,252.31,18,8,acyclic_ali,c1ccccc1
Ac6576,CC(C)C(C(=O)O)S(=O)(=O)c1ccc(Br)cc1,321.192,17,4,acyclic_ali,c1ccccc1
Ac6577,C=CCC(=O)OCCCCCCOc1ccc(C(=O)O)cc1,306.358,22,11,benzoic,c1ccccc1
Ac6578,C=CCC(=O)OCCCCCCCCCCCOc1ccc(C(=O)O)cc1,376.493,27,16,benzoic,c1ccccc1
Ac6580,O=C(O)C1(c2ccccc2)CC1Br,241.084,13,2,alpha_quat,c1ccc(C2CC2)cc1
Ac6584,COCCOc1cc(OC)ccc1C(=O)O,226.228,16,6,benzoic,c1ccccc1
Ac6585,COc1cc(C(=O)O)nc(-c2ccccc2)n1,230.223,17,3,heteroaryl,c1ccc(-c2ncccn2)cc1
Ac6586,Cc1nc(CCC(=O)O)oc1-c1ccccc1,231.251,17,4,acyclic_ali,c1ccc(-c2cnco2)cc1
Ac6587,COc1ccc(-c2ocnc2C(=O)O)cc1OC,249.222,18,4,heteroaryl,c1ccc(-c2cnco2)cc1
Ac6589,Cn1nc(-c2ccccc2)c(C#N)c1C(=O)O,227.223,17,2,heteroaryl,c1ccc(-c2cc[nH]n2)cc1
Ac6590,O=C(O)c1cc(-c2ccccc2)n(-c2ccccn2)n1,265.272,20,3,heteroaryl,c1ccc(-c2ccnn2-c2ccccn2)cc1
Ac6591,Cc1oc(C)c(-c2ccc3c(c2)OCO3)c1C(=O)O,260.245,19,2,aryl_other,c1cc(-c2ccc3c(c2)OCO3)co1
Ac6592,O=C(O)c1c([N+](=O)[O-])cc(Cl)cc1[N+](=O)[O-],246.562,16,3,benzoic,c1ccccc1
Ac6593,O=C(O)c1c([N+](=O)[O-])cc(Br)cc1[N+](=O)[O-],291.013,16,3,benzoic,c1ccccc1
Ac6594,COC(=O)[C@H]1CN(Cc2ccccc2)C[C@@H]1C(=O)O,263.293,19,4,cyclic_ali,c1ccc(CN2CCCC2)cc1
Ac6595,COc1ccc(S(=O)(=O)NCC(=O)O)cc1OC,275.282,18,6,alpha_amino,c1ccccc1
Ac6596,Cc1ccccc1C(=O)CC(C)(C)C(=O)O,220.268,16,4,alpha_quat,c1ccccc1
Ac6597,O=C(O)C1(c2ccccc2Cl)CCCC1,224.687,15,2,alpha_quat,c1ccc(C2CCCC2)cc1
Ac6598,Cc1cccc(C(=O)CC(C)(C)C(=O)O)c1C,234.295,17,4,alpha_quat,c1ccccc1
Ac6599,CCn1c(SCC(=O)O)nnc1-c1ccc(Cl)cc1,297.767,19,5,acyclic_ali,c1ccc(-c2nnc[nH]2)cc1
Ac6600,Cc1c(C(=O)O)nn(C)c1Br,219.038,11,1,heteroaryl,c1cn[nH]c1
Ac6601,CN(C)S(=O)(=O)c1ccc2c(c1)C(CC(=O)O)OC2=O,299.304,20,4,acyclic_ali,O=C1OCc2ccccc21
Ac6603,N#Cc1cccc(C(=O)O)c1I,273.029,12,1,benzoic,c1ccccc1
Ac6604,COc1ccnc(Br)c1C(=O)O,232.033,12,2,aryl_other,c1ccncc1
Ac6605,CC(C)(C)C1CCc2sc(C(=O)O)cc2C1,238.352,16,1,heteroaryl,c1cc2c(s1)CCCC2
Ac6606,COc1ccc(OCC(=O)O)cc1[N+](=O)[O-],227.172,16,5,acyclic_ali,c1ccccc1
Ac6608,O=C(O)c1cnc(-c2ccccc2)nc1C(F)(F)F,268.194,19,2,aryl_other,c1ccc(-c2ncccn2)cc1
Ac6609,COc1c(Br)cc([N+](=O)[O-])c(OC)c1C(=O)O,306.068,17,4,benzoic,c1ccccc1
Ac6610,O=C(O)c1ccccc1SCc1ccc(Br)cc1,323.211,18,4,benzoic,c1ccc(CSc2ccccc2)cc1
Ac6611,CCc1ccc(Br)c(C(=O)O)c1,229.073,12,2,benzoic,c1ccccc1
Ac6612,O=C(O)CCn1cnc2ccc(Br)cc2c1=O,297.108,17,3,acyclic_ali,O=c1[nH]cnc2ccccc12
Ac6613,O=C(O)CCOCCOCCOCCOCc1ccccc1,312.362,22,14,acyclic_ali,c1ccccc1
Ac6614,Cc1cccc2c(C(=O)O)cc(-c3ccc(Br)cc3)nc12,342.192,21,2,aryl_other,c1ccc(-c2ccc3ccccc3n2)cc1
Ac6615,COc1cccc(-c2cc(C(=O)O)c3cccc(C)c3n2)c1,293.322,22,3,aryl_other,c1ccc(-c2ccc3ccccc3n2)cc1
Ac6616,Cc1cccc2c(C(=O)O)cc(-c3ccccc3Cl)nc12,297.741,21,2,aryl_other,c1ccc(-c2ccc3ccccc3n2)cc1
Ac6617,COc1cc2c(cc1OC)-c1nc3ccccc3c(C(=O)O)c1C2,321.332,24,3,aryl_other,c1ccc2c(c1)Cc1cc3ccccc3nc1-2
Ac6618,CN(C)C(=O)C12C3C4C1C1C2C3C41C(=O)O,219.24,16,2,alpha_quat,C12C3C4C1C1C2C3C41
Ac6619,O=C(O)CCCCC(=O)c1cccc(Br)c1,285.137,16,6,acyclic_ali,c1ccccc1
Ac6621,Cc1ccccc1OCc1nnc(SCC(=O)O)o1,280.305,19,6,acyclic_ali,c1ccc(OCc2nnco2)cc1
Ac6625,O=C(O)/C=C/c1cnn(Cc2ccccc2)c1,228.251,17,4,other,c1ccc(Cn2cccn2)cc1
Ac6626,CC(Oc1ccc(F)cc1Br)C(=O)O,263.062,14,3,acyclic_ali,c1ccccc1
Ac6629,O=C(O)c1cnn(-c2nc(-c3ccccc3)cs2)c1C(F)(F)F,339.298,23,3,aryl_other,c1ccc(-c2csc(-n3cccn3)n2)cc1
Ac6630,O=C(O)c1cnn(-c2nc(-c3ccc(Cl)cc3)cs2)c1C(F)(F)F,373.743,24,3,aryl_other,c1ccc(-c2csc(-n3cccn3)n2)cc1
Ac6631,COc1ccc(-c2csc(-n3ncc(C(=O)O)c3C(F)(F)F)n2)cc1,369.324,25,4,aryl_other,c1ccc(-c2csc(-n3cccn3)n2)cc1
Ac6632,COc1cccc(C(C)CCCC(=O)O)c1,222.284,16,6,acyclic_ali,c1ccccc1
Ac6633,CCOc1ccc(OC(C)(C)C(=O)O)cc1,224.256,16,5,acyclic_ali,c1ccccc1
Ac6635,CC1(C)C(C(=O)O)C1C(=O)N1CCOCC1,227.26,16,2,cyclic_ali,O=C(C1CC1)N1CCOCC1
Ac6636,NS(=O)(=O)c1ccc(C(=O)O)c(Br)c1,280.099,14,2,benzoic,c1ccccc1
Ac6637,COc1ccc(Cl)cc1C(=O)CCCC(=O)O,256.685,17,6,acyclic_ali,c1ccccc1
Ac6638,O=C(O)c1cc2cc(OC(F)(F)F)ccc2oc1=O,274.15,19,2,aryl_other,O=c1ccc2ccccc2o1
Ac6639,O=C(O)CCCC(=O)c1ccc(Cl)cc1Cl,261.104,16,5,acyclic_ali,c1ccccc1
Ac6640,O=C(O)CCCC(=O)c1cc(Cl)cc(Cl)c1,261.104,16,5,acyclic_ali,c1ccccc1
Ac6642,CN(C[C@H]1CC[C@H](C(=O)O)CC1)C(=O)OCC1c2ccccc2-c2ccccc21,393.483,29,5,cyclic_ali,O=C(NCC1CCCCC1)OCC1c2ccccc2-c2ccccc21
Ac6643,CN(Cc1ccc(C(=O)O)cc1)C(=O)OCC1c2ccccc2-c2ccccc21,387.435,29,5,benzoic,O=C(NCc1ccccc1)OCC1c2ccccc2-c2ccccc21
Ac6645,CCOc1c(F)c(F)cc(C(=O)O)c1F,220.146,15,3,benzoic,c1ccccc1
Ac6649,CC(C)C(Oc1cccc(Cl)c1)C(=O)O,228.675,15,4,acyclic_ali,c1ccccc1
Ac6650,CC(C)C(Oc1ccccc1Br)C(=O)O,273.126,15,4,acyclic_ali,c1ccccc1
Ac6651,CCN(CC)C(=O)N1CCC(C(=O)O)CC1,228.292,16,3,cyclic_ali,C1CCNCC1
Ac6652,CCN(C(=O)N1CCC(C(=O)O)CC1)C(C)C,242.319,17,3,cyclic_ali,C1CCNCC1
Ac6653,O=C(O)Cc1ccc2nc(Cl)sc2c1,227.672,14,2,acyclic_ali,c1ccc2scnc2c1
Ac6655,O=C(O)c1sc(Br)c2c1CCCC2,261.14,13,1,heteroaryl,c1scc2c1CCCC2
Ac6660,Cc1nn(-c2ccc(C(=O)O)cc2)c2c1C(=O)CC(C)(C)C2,298.342,22,2,benzoic,O=C1CCCc2c1cnn2-c1ccccc1
Ac6661,CC(C)c1c(C(=O)O)cnn1-c1ccc(Cl)cc1,264.712,18,3,aryl_other,c1ccc(-n2cccn2)cc1
Ac6662,Cc1nc(COc2ccc(Cl)cc2)sc1C(=O)O,283.736,18,4,heteroaryl,c1ccc(OCc2nccs2)cc1
Ac6663,O=C(O)c1sc(-c2ccc(Cl)cc2)nc1C(F)(F)F,307.68,19,2,heteroaryl,c1ccc(-c2nccs2)cc1
Ac6664,O=C(O)c1nccnc1I,249.995,10,1,heteroaryl,c1cnccn1
Ac6665,CS(=O)(=O)Nc1ccc(/C=C/C(=O)O)cc1,241.268,16,4,other,c1ccccc1
Ac6666,N#Cc1ccc(S(=O)(=O)NCC(=O)O)cc1,240.24,16,4,alpha_amino,c1ccccc1
Ac6667,CC(=O)C1C(=O)C(=O)N(CCC(=O)O)C1c1ccccc1,289.287,21,5,acyclic_ali,O=C1CC(c2ccccc2)NC1=O
Ac6668,Cc1cc(/C=C/C(=O)O)ccc1Br,241.084,13,2,other,c1ccccc1
Ac6669,O=C(O)CSc1ncccc1C(F)(F)F,237.202,15,3,acyclic_ali,c1ccncc1
Ac6671,Cc1ccc(-n2nc(C(=O)O)c3c2CCCC3)cc1,256.305,19,2,heteroaryl,c1ccc(-n2ncc3c2CCCC3)cc1
Ac6672,O=C(O)C1CN(Cc2ccccc2)CC12CCCCC2,273.376,20,3,cyclic_ali,c1ccc(CN2CCC3(CCCCC3)C2)cc1
Ac6673,O=C(O)c1nn(-c2ccc(F)cc2)c2c1CCCC2,260.268,19,2,heteroaryl,c1ccc(-n2ncc3c2CCCC3)cc1
Ac6676,Cc1cc(C(=O)O)cc(S(=O)(=O)Cl)c1,234.66,14,2,benzoic,c1ccccc1
Ac6677,CC(Sc1nc2ccccc2o1)C(=O)O,223.253,15,3,acyclic_ali,c1ccc2ocnc2c1
Ac6678,COc1cc([N+](=O)[O-])c(Br)cc1C(=O)O,276.042,15,3,benzoic,c1ccccc1
Ac6680,O=C(O)CNS(=O)(=O)c1cccc(C(F)(F)F)c1,283.227,18,4,alpha_amino,c1ccccc1
Ac6682,CCCOc1cc(Br)ccc1C(=O)O,259.099,14,4,benzoic,c1ccccc1
Ac6684,CC(C)(C)[Si](C)(C)OCc1ccc(OCC(=O)O)c([N+](=O)[O-])c1,341.436,23,7,acyclic_ali,c1ccccc1
Ac6687,O=C(O)c1c(Cl)cnc(Br)c1Cl,270.897,12,1,aryl_other,c1ccncc1
Ac6688,Cc1nn(-c2ccccc2)c(C)c1/C=C/C(=O)O,242.278,18,3,other,c1ccc(-n2cccn2)cc1
Ac6689,O=C(O)c1cc(-c2ccc(Cl)s2)nc2ccccc12,289.743,19,2,aryl_other,c1csc(-c2ccc3ccccc3n2)c1
Ac6690,Cc1cc(C)c2nc(-c3ccc(Br)cc3)cc(C(=O)O)c2c1,356.219,22,2,aryl_other,c1ccc(-c2ccc3ccccc3n2)cc1
Ac6691,CC(C)S(=O)(=O)N1CCC(C(=O)O)CC1,235.305,15,3,cyclic_ali,C1CCNCC1
Ac6693,CC(C)(C)OC(=O)N1CCN(C(=O)CCCC(=O)O)CC1,300.355,21,4,acyclic_ali,C1CNCCN1
Ac6694,COCOc1ccc(C(F)(F)F)cc1C(=O)O,250.172,17,4,benzoic,c1ccccc1
Ac6695,COCOc1cc(C(F)(F)F)ccc1C(=O)O,250.172,17,4,benzoic,c1ccccc1
Ac6698,COc1ccccc1-c1nnc(CC(=O)O)o1,234.211,17,4,acyclic_ali,c1ccc(-c2nnco2)cc1
Ac6699,Cc1cc(C(=O)O)nn1-c1cccc(C(F)(F)F)c1,270.21,19,2,heteroaryl,c1ccc(-n2cccn2)cc1
Ac6701,O=C(O)CC(=O)NS(=O)(=O)c1ccccc1,243.24,16,4,acyclic_ali,c1ccccc1
Ac6702,O=C(O)CCCCCNS(=O)(=O)/C=C/c1ccccc1,297.376,20,9,acyclic_ali,c1ccccc1
Ac6704,CC(C)(C)c1cc(CC(=O)O)n(-c2ccccc2)n1,258.321,19,3,acyclic_ali,c1ccc(-n2cccn2)cc1
Ac6705,O=C(O)c1nc(Cl)sc1Br,242.481,10,1,heteroaryl,c1cscn1
Ac6706,O=C(O)c1nc(Br)sc1Br,286.932,10,1,heteroaryl,c1cscn1
Ac6707,COc1c(F)cc(C(=O)O)cc1Br,249.035,13,2,benzoic,c1ccccc1
Ac6708,Cc1ccc(COc2ccsc2C(=O)O)cc1,248.303,17,4,heteroaryl,c1ccc(COc2ccsc2)cc1
Ac6710,CC(C)(C)c1ccc(COc2ccsc2C(=O)O)cc1,290.384,20,4,heteroaryl,c1ccc(COc2ccsc2)cc1
Ac6711,COc1ccccc1C(=O)CCCCCCC(=O)O,264.321,19,9,acyclic_ali,c1ccccc1
Ac6712,COc1cc(Cl)cc(C(=O)O)c1[N+](=O)[O-],231.591,15,3,benzoic,c1ccccc1
Ac6713,Cc1nn(-c2ccccc2)c(C(F)(F)F)c1C(=O)O,270.21,19,2,aryl_other,c1ccc(-n2cccn2)cc1
Ac6715,CN(C)C(=O)c1ccccc1-c1c2ccc(=O)cc-2oc2cc(OCC(=O)O)ccc12,417.417,31,5,acyclic_ali,O=c1ccc2c(-c3ccccc3)c3ccccc3oc-2c1
Ac6716,O=C(O)c1nc(Br)c(F)cc1Cl,254.442,12,1,heteroaryl,c1ccncc1
Ac6717,O=C(O)c1c(Cl)cnc(Br)c1F,254.442,12,1,aryl_other,c1ccncc1
Ac6718,CSc1c(Br)cccc1C(=O)O,247.113,12,2,benzoic,c1ccccc1
Ac6720,COC(=O)[C@@H]1C[C@@H](C(=O)O)CN(C(=O)OC(C)(C)C)C1,287.312,20,2,cyclic_ali,C1CCNCC1
Ac6721,Cc1ccc2nc(-c3ccc(-c4ccccc4)cc3)cc(C(=O)O)c2c1,339.394,26,3,aryl_other,c1ccc(-c2ccc(-c3ccc4ccccc4n3)cc2)cc1
Ac6722,CS(=O)(=O)Cc1nc(C(=O)O)cs1,221.259,13,3,heteroaryl,c1cscn1
Ac6723,O=C(O)c1cccc([N+](=O)[O-])c1CBr,260.043,14,3,benzoic,c1ccccc1
Ac6726,O=C(O)CCCCCn1cnc2ccccc2c1=O,260.293,19,6,acyclic_ali,O=c1[nH]cnc2ccccc12
Ac6727,CC(C)(C)OC(=O)N1CC[C@@H](c2ccccc2)[C@H](C(=O)O)C1,305.374,22,2,cyclic_ali,c1ccc(C2CCNCC2)cc1
Ac6729,O=C(O)/C=C/c1cn(-c2ccccc2)nc1-c1ccc(Br)cc1,369.218,23,4,other,c1ccc(-c2ccn(-c3ccccc3)n2)cc1
Ac6731,O=C(O)[C@@H]1CN(Cc2ccccc2)C[C@H]1c1ccccc1,281.355,21,4,cyclic_ali,c1ccc(CN2CCC(c3ccccc3)C2)cc1
Ac6732,CCOc1c(C(=O)O)cnn1-c1ccccc1,232.239,17,4,aryl_other,c1ccc(-n2cccn2)cc1
Ac6733,CC(C)CC(Cc1cccc(Br)c1)C(=O)O,285.181,16,5,acyclic_ali,c1ccccc1
Ac6734,O=C(O)c1cc(S(=O)(=O)Cl)cc(F)c1Cl,273.068,15,2,benzoic,c1ccccc1
Ac6736,Cc1c(Cl)c(Cl)nc(Cl)c1C(=O)O,240.473,13,1,aryl_other,c1ccncc1
Ac6737,O=C(O)c1c(-c2ccccc2)nn2ncccc12,239.234,18,2,aryl_other,c1ccc(-c2cc3cccnn3n2)cc1
Ac6738,CC(C)(C)c1ccc(-c2ccc(C(=O)O)o2)cc1,244.29,18,2,heteroaryl,c1ccc(-c2ccco2)cc1
Ac6740,O=C(O)c1ccc(-c2cccc(C(F)(F)F)c2)s1,272.247,18,2,heteroaryl,c1ccc(-c2cccs2)cc1
Ac6741,C[Si](C)(C)c1cc(C(=O)O)c(C(F)(F)F)nc1Cl,297.736,18,2,aryl_other,c1ccncc1
Ac6743,CC(C)c1cccc(OC(C)(C)C(=O)O)c1,222.284,16,4,acyclic_ali,c1ccccc1
Ac6744,CC(C)c1ccc(OC(C)(C)C(=O)O)cc1,222.284,16,4,acyclic_ali,c1ccccc1
Ac6745,O=C(O)c1cc(Br)ncc1C(F)(F)F,270.004,14,1,aryl_other,c1ccncc1
Ac6750,Cc1ccc(OC(C)(C)C(=O)O)c([N+](=O)[O-])c1,239.227,17,4,acyclic_ali,c1ccccc1
Ac6752,CC(C)COc1cc(OC(C)C)cc(C(=O)O)c1,252.31,18,6,benzoic,c1ccccc1
Ac6754,CC(C)[Si](Oc1cccc(C(=O)O)c1OC(F)(F)F)(C(C)C)C(C)C,378.463,25,7,benzoic,c1ccccc1
Ac6756,O=C(O)c1csc(CCc2ccccc2)n1,233.292,16,4,heteroaryl,c1ccc(CCc2nccs2)cc1
Ac6757,COc1ccc(/C=C/C(=O)O)c(C)c1OC,222.24,16,4,other,c1ccccc1
Ac6758,N#CCCCOc1ccc(CC(=O)O)cc1,219.24,16,6,acyclic_ali,c1ccccc1
Ac6761,CC(C)(C)OC(=O)N1C[C@@H]2CC[C@H]1[C@H](C(=O)O)C2,255.314,18,1,cyclic_ali,C1CC2CCC1CN2
Ac6763,Cc1ccccc1Sc1ccc(C(=O)O)cc1,244.315,17,3,benzoic,c1ccc(Sc2ccccc2)cc1
Ac6764,O=C(O)c1ccc(C(F)(F)F)c(Cl)c1Cl,259.01,15,1,benzoic,c1ccccc1
Ac6765,O=C(O)c1cc(Cl)c(C(F)(F)F)c(Cl)c1,259.01,15,1,benzoic,c1ccccc1
Ac6768,Cc1c(CC(=O)O)c(=O)oc2c(C)c3occ(-c4ccc(F)cc4)c3cc12,366.344,27,3,acyclic_ali,O=c1ccc2cc3c(-c4ccccc4)coc3cc2o1
Ac6769,Cc1oc2c(C)c3oc(=O)c(CC(=O)O)c(C)c3cc2c1-c1ccccc1,362.381,27,3,acyclic_ali,O=c1ccc2cc3c(-c4ccccc4)coc3cc2o1
Ac6771,O=C(O)CC1CCN(C(=O)OCC2c3ccccc3-c3ccccc32)C1,351.402,26,4,acyclic_ali,O=C(OCC1c2ccccc2-c2ccccc21)N1CCCC1
Ac6772,O=C(O)C[C@@H]1Cc2ccccc2CN1C(=O)OCC1c2ccccc2-c2ccccc21,413.473,31,4,acyclic_ali,O=C(OCC1c2ccccc2-c2ccccc21)N1CCc2ccccc2C1
Ac6773,O=C(O)C1CC(=O)N(CCC23CC4CC(CC(C4)C2)C3)/C(=N/c2ccc(Cl)cc2)S1,447.0,30,5,cyclic_ali,O=C1CCSC(=Nc2ccccc2)N1CCC12CC3CC(CC(C3)C1)C2
Ac6774,CC(C)(C)OC(=O)N1CC2CC1C2C(=O)O,227.26,16,1,cyclic_ali,C1NC2CC1C2
Ac6776,O=C(O)c1c(Cl)nc(Cl)nc1C(F)(F)F,260.986,15,1,aryl_other,c1cncnc1
Ac6778,O=C(O)c1cc(-c2cccc(Br)c2)nc2ccccc12,328.165,20,2,aryl_other,c1ccc(-c2ccc3ccccc3n2)cc1
Ac6779,O=C(O)c1cc(-c2cccc(Br)c2)nc2ccc(F)cc12,346.155,21,2,aryl_other,c1ccc(-c2ccc3ccccc3n2)cc1
Ac6782,COCCCNS(=O)(=O)c1cccc(C(=O)O)c1,273.31,18,7,benzoic,c1ccccc1
Ac6783,COc1ccccc1-c1n[nH]cc1C(=O)O,218.212,16,3,aryl_other,c1ccc(-c2cc[nH]n2)cc1
Ac6784,O=C(O)c1c[nH]nc1-c1cccc(Br)c1,267.082,15,2,aryl_other,c1ccc(-c2cc[nH]n2)cc1
Ac6785,O=C(O)c1c[nH]nc1-c1ccc(Br)cc1,267.082,15,2,aryl_other,c1ccc(-c2cc[nH]n2)cc1
Ac6786,COc1ccc(-c2ccc(C(=O)O)s2)c(C)c1,248.303,17,3,heteroaryl,c1ccc(-c2cccs2)cc1
Ac6787,O=C(O)c1c[nH]nc1-c1ccc([N+](=O)[O-])cc1,233.183,17,3,aryl_other,c1ccc(-c2cc[nH]n2)cc1
Ac6788,O=C(O)c1c[nH]nc1-c1cccc([N+](=O)[O-])c1,233.183,17,3,aryl_other,c1ccc(-c2cc[nH]n2)cc1
Ac6789,O=C(O)c1ccccc1CN1CCOCC1,221.256,16,3,benzoic,c1ccc(CN2CCOCC2)cc1
Ac6790,Cc1ccc(-c2n[nH]cc2C(=O)O)c(C)c1,216.24,16,2,aryl_other,c1ccc(-c2cc[nH]n2)cc1
Ac6791,COc1ccc(-c2n[nH]cc2C(=O)O)cc1OC,248.238,18,4,aryl_other,c1ccc(-c2cc[nH]n2)cc1
Ac6793,CCOc1ccc(-c2n[nH]cc2C(=O)O)cc1Cl,266.684,18,4,aryl_other,c1ccc(-c2cc[nH]n2)cc1
Ac6795,CCCCOc1ccc(-c2n[nH]cc2C(=O)O)cc1,260.293,19,6,aryl_other,c1ccc(-c2cc[nH]n2)cc1
Ac6796,CC(C(=O)O)(c1ccccc1)C(F)(F)F,218.174,15,2,alpha_quat,c1ccccc1
Ac6797,COc1ccc(C(=O)O)c(OC)c1Cl,216.62,14,3,benzoic,c1ccccc1
Ac6798,COc1cc(F)ccc1OC(C)(C)C(=O)O,228.219,16,4,acyclic_ali,c1ccccc1
Ac6799,CSc1ccccc1C(=O)CCCC(=O)O,238.308,16,6,acyclic_ali,c1ccccc1
Ac6801,Cc1sc(-c2ccc(C(F)(F)F)cc2)nc1C(=O)O,287.262,19,2,heteroaryl,c1ccc(-c2nccs2)cc1
Ac6805,CCCc1ccc(-c2nc3ccccc3c(C(=O)O)c2C)cc1,305.377,23,4,aryl_other,c1ccc(-c2ccc3ccccc3n2)cc1
Ac6806,CCN(CC)c1ncc(Cl)c(C(=O)O)n1,229.667,15,4,heteroaryl,c1cncnc1
Ac6807,O=C(O)c1nc(N2CCOCC2)ncc1Br,288.101,16,2,heteroaryl,c1cnc(N2CCOCC2)nc1
Ac6808,Cc1ccccc1C(C(=O)O)C1CCCCC1,232.323,17,3,acyclic_ali,c1ccc(CC2CCCCC2)cc1
Ac6809,Cc1cccc(C(C(=O)O)C2CCCCC2)c1,232.323,17,3,acyclic_ali,c1ccc(CC2CCCCC2)cc1
Ac6811,O=C(O)CCc1cn(-c2ccc(Cl)cc2)nc1-c1ccccc1,326.783,23,5,acyclic_ali,c1ccc(-c2ccn(-c3ccccc3)n2)cc1
Ac6812,O=C(O)CCc1cn(-c2ccc(Br)cc2)nc1-c1ccccc1,371.234,23,5,acyclic_ali,c1ccc(-c2ccn(-c3ccccc3)n2)cc1
Ac6813,O=C(O)CCc1cn(-c2ccc(Cl)cc2)nc1-c1ccc(Br)cc1,405.679,24,5,acyclic_ali,c1ccc(-c2ccn(-c3ccccc3)n2)cc1
Ac6814,CS(=O)(=O)N1CCCc2cc(C(=O)O)ccc21,255.295,17,2,benzoic,c1ccc2c(c1)CCCN2
Ac6815,CC(Sc1ccc([N+](=O)[O-])cc1)C(=O)O,227.241,15,4,acyclic_ali,c1ccccc1
Ac6817,CC(C)(C(=O)O)c1c(F)cccc1Cl,216.639,14,2,alpha_quat,c1ccccc1
Ac6818,CC1(C)OB(c2ccc(F)c(/C=C/C(=O)O)c2)OC1(C)C,292.115,21,3,other,c1ccc(B2OCCO2)cc1
Ac6819,O=C(O)c1cnn2c(-c3cccs3)ccnc12,245.263,17,2,aryl_other,c1csc(-c2ccnc3ccnn23)c1
Ac6820,CCCCCCCCc1ccc(OCCOCC(=O)O)cc1,308.418,22,13,acyclic_ali,c1ccccc1
Ac6821,O=C(O)c1ccc2c(c1)CCCS2(=O)=O,226.253,15,1,benzoic,O=S1(=O)CCCc2ccccc21
Ac6822,COC(=O)c1ccc(C2(C(=O)O)CC2)cc1,220.224,16,3,alpha_quat,c1ccc(C2CC2)cc1
Ac6823,O=C(O)/C=C/c1cc(Cl)c(F)cc1F,218.586,14,2,other,c1ccccc1
Ac6824,O=C(O)/C=C/c1ccc(F)c(C(F)(F)F)c1,234.148,16,2,other,c1ccccc1
Ac6825,O=C(O)c1ccc(-c2nc(CCl)cs2)cc1,253.71,16,3,benzoic,c1ccc(-c2nccs2)cc1
Ac6826,CCn1c(SCC(=O)O)nnc1-c1ccccc1,263.322,18,5,acyclic_ali,c1ccc(-c2nnc[nH]2)cc1
Ac6827,C=C(C)Cn1c(SCC(=O)O)nnc1-c1ccco1,279.321,19,6,acyclic_ali,c1coc(-c2nnc[nH]2)c1
Ac6828,Cc1cc(C2=CCN(C(=O)OC(C)(C)C)CC2)ccc1C(=O)O,317.385,23,2,benzoic,C1=C(c2ccccc2)CCNC1
Ac6829,O=C(O)c1ccc(Oc2ccccc2F)nc1,233.198,17,3,aryl_other,c1ccc(Oc2ccccn2)cc1
Ac6830,O=C(O)c1ccc(Oc2ccc(F)cc2F)nc1,251.188,18,3,aryl_other,c1ccc(Oc2ccccn2)cc1
Ac6831,Cc1ccccc1-c1cc(C(=O)O)c2cc(Cl)ccc2n1,297.741,21,2,aryl_other,c1ccc(-c2ccc3ccccc3n2)cc1
Ac6836,O=C(O)C1CCCN(S(=O)(=O)c2ccc3ccccc3c2)C1,319.382,22,3,cyclic_ali,O=S(=O)(c1ccc2ccccc2c1)N1CCCCC1
Ac6837,O=C(O)CCc1ccccc1OC(F)F,216.183,15,5,acyclic_ali,c1ccccc1
Ac6838,O=C(O)c1ccc(OCc2ccc(Cl)nc2)cc1,263.68,18,4,benzoic,c1ccc(OCc2cccnc2)cc1
Ac6839,O=C(O)c1ccc(Oc2cc(C(F)(F)F)ccn2)cc1,283.205,20,3,benzoic,c1ccc(Oc2ccccn2)cc1
Ac6843,CCN(CC)S(=O)(=O)c1cc(C(=O)O)c(Cl)cc1Cl,326.201,19,5,benzoic,c1ccccc1
Ac6845,COCC(Oc1cc(Cl)cc(Cl)c1)C(=O)O,265.092,16,5,acyclic_ali,c1ccccc1
Ac6846,O=C(O)Cc1cc(C(F)(F)F)ccc1I,330.043,15,2,acyclic_ali,c1ccccc1
Ac6847,CC(C)(C)OC(=O)N1CCC(CC(=O)O)(c2ccc(F)c(F)c2)CC1,355.381,25,3,acyclic_ali,c1ccc(C2CCNCC2)cc1
Ac6849,O=C(O)c1cc(Br)ccc1OCC(F)(F)F,299.042,16,3,benzoic,c1ccccc1
Ac6853,CCOc1cc(OC(F)(F)F)ccc1C(=O)O,250.172,17,4,benzoic,c1ccccc1
Ac6854,CS(=O)(=O)N(Cc1ccccc1Cl)c1ccc(C(=O)O)cc1,339.8,22,5,benzoic,c1ccc(CNc2ccccc2)cc1
Ac6857,Cc1cc(OCC(=O)O)c2c(C)c(Cc3ccccc3)c(=O)oc2c1,338.359,25,5,acyclic_ali,O=c1oc2ccccc2cc1Cc1ccccc1
Ac6858,O=C(O)c1cccc(Oc2cccc(Cl)c2)n1,249.653,17,3,heteroaryl,c1ccc(Oc2ccccn2)cc1
Ac6860,O=C(O)C1CC(=O)N(CCN2CCOCC2)C1,242.275,17,4,cyclic_ali,O=C1CCCN1CCN1CCOCC1
Ac6861,O=C(O)C1CC(=O)N(Cc2c(F)cccc2F)C1,255.22,18,3,cyclic_ali,O=C1CCCN1Cc1ccccc1
Ac6864,O=C(O)C1CCN(Cc2ccc(Cl)c(Cl)c2)CC1,288.174,18,3,cyclic_ali,c1ccc(CN2CCCCC2)cc1
Ac6865,O=C(O)C1CCN(C(=O)c2ccc(Cl)c(Cl)c2)CC1,302.157,19,2,cyclic_ali,O=C(c1ccccc1)N1CCCCC1
Ac6868,CCCCCCCOc1ccc(C(=O)CCC(=O)O)cc1,292.375,21,11,acyclic_ali,c1ccccc1
Ac6869,COc1cccc(OC)c1C(=O)CCC(=O)O,238.239,17,6,acyclic_ali,c1ccccc1
Ac6870,Cc1ccc(C(=O)O)c(Sc2ccc(Cl)cc2)c1,278.76,18,3,benzoic,c1ccc(Sc2ccccc2)cc1
Ac6871,Cc1cc(C(=O)O)c(S(N)(=O)=O)s1,221.259,13,2,aryl_other,c1ccsc1
Ac6875,O=C(O)c1cc(-c2cccc(Cl)c2)ns1,239.683,15,2,heteroaryl,c1ccc(-c2ccsn2)cc1
Ac6876,COc1cc(-c2nc(C)c(C(=O)O)s2)cc(OC)c1OC,309.343,21,5,heteroaryl,c1ccc(-c2nccs2)cc1
Ac6877,Cc1c(C(=O)O)sc2ccc(Br)cc12,271.135,14,1,heteroaryl,c1ccc2sccc2c1
Ac6878,CC(C)C(C(=O)O)c1ccc(Cl)c(Cl)c1,247.121,15,3,acyclic_ali,c1ccccc1
Ac6879,O=C(O)c1cnn2c(-c3ccsc3)ccnc12,245.263,17,2,aryl_other,c1cc(-c2ccsc2)n2nccc2n1
Ac6884,O=C(O)Cc1cc(F)cc(F)c1[N+](=O)[O-],217.127,15,3,acyclic_ali,c1ccccc1
Ac6885,NS(=O)(=O)c1cc(C(=O)O)c(Cl)s1,241.677,13,2,aryl_other,c1ccsc1
Ac6887,Cc1ccc(-c2nc(C(=O)O)c(C)s2)cc1,233.292,16,2,heteroaryl,c1ccc(-c2nccs2)cc1
Ac6889,O=C(O)/C=C/c1cc(C(F)(F)F)ccc1C(F)(F)F,284.155,19,2,other,c1ccccc1
Ac6890,O=C(O)C1CCOc2ccc(Br)cc21,257.083,14,1,cyclic_ali,c1ccc2c(c1)CCCO2
Ac6891,CCSc1nc(C)c(CC(=O)O)s1,217.315,13,4,acyclic_ali,c1cscn1
Ac6892,COc1c(C(=O)O)nnn1Cc1ccccc1Cl,267.672,18,4,heteroaryl,c1ccc(Cn2ccnn2)cc1
Ac6893,O=C(O)c1cccc(CC2CCCCC2)c1,218.296,16,3,benzoic,c1ccc(CC2CCCCC2)cc1
Ac6894,O=C(O)c1cc(-c2ccc3ccccc3c2)n(-c2ccccc2)n1,314.344,24,3,heteroaryl,c1ccc(-n2nccc2-c2ccc3ccccc3c2)cc1
Ac6895,CCC(Cc1ccccc1Br)C(=O)O,257.127,14,4,acyclic_ali,c1ccccc1
Ac6896,O=C(O)c1cc(-n2cnnn2)ccc1Cl,224.607,15,2,benzoic,c1ccc(-n2cnnn2)cc1
Ac6897,CC(C(=O)O)C1CCN(C(=O)OC(C)(C)C)CC1,257.33,18,2,acyclic_ali,C1CCNCC1
Ac6902,CS(=O)(=O)Nc1cc(Cl)ccc1C(=O)O,249.675,15,3,benzoic,c1ccccc1
Ac6903,O=C(O)CCC(=O)N1CCN(c2ccccn2)CC1,263.297,19,4,acyclic_ali,c1ccc(N2CCNCC2)nc1
Ac6904,O=C(O)CCC(=O)N1CCN(c2ncccn2)CC1,264.285,19,4,acyclic_ali,c1cnc(N2CCNCC2)nc1
Ac6905,O=C(O)C1CCN(Cc2ccccn2)CC1,220.272,16,3,cyclic_ali,c1ccc(CN2CCCCC2)nc1
Ac6907,O=C(O)/C=C/c1ccc(OCc2cccnc2)cc1,255.273,19,5,other,c1ccc(OCc2cccnc2)cc1
Ac6908,Cc1nc(CN2CCC(C(=O)O)CC2)cs1,240.328,16,3,cyclic_ali,c1nc(CN2CCCCC2)cs1
Ac6909,O=C(O)CC1CN(C(=O)OCc2ccccc2)C1,249.266,18,4,acyclic_ali,O=C(OCc1ccccc1)N1CCC1
Ac6910,O=C(O)CCCCCCC(=O)c1ccc(F)cc1,252.285,18,8,acyclic_ali,c1ccccc1
Ac6912,O=C(O)c1ccccc1SCC(F)(F)F,236.214,15,3,benzoic,c1ccccc1
Ac6913,CCOC(=O)CO/N=C(\C(=O)O)c1cc[nH]n1,241.203,17,6,other,c1cn[nH]c1
Ac6914,CCCCCc1ccc(C(=O)CCC(=O)O)cc1,248.322,18,8,acyclic_ali,c1ccccc1
Ac6915,CCCCCc1ccc(C(=O)CCCC(=O)O)cc1,262.349,19,9,acyclic_ali,c1ccccc1
Ac6916,CCCCCc1ccc(C(=O)CCCCC(=O)O)cc1,276.376,20,10,acyclic_ali,c1ccccc1
Ac6917,CSc1ccc(-c2cc(C(=O)O)nn2-c2ccc(C#N)cc2)cc1,335.388,24,4,heteroaryl,c1ccc(-c2ccnn2-c2ccccc2)cc1
Ac6918,CCCCCCc1ccc(C(=O)CCCCC(=O)O)cc1,290.403,21,11,acyclic_ali,c1ccccc1
Ac6920,Cc1cc(Br)c(Cl)c(C(=O)O)c1,249.491,12,1,benzoic,c1ccccc1
Ac6921,CC(C(=O)O)c1ccc(S(N)(=O)=O)cc1,229.257,15,3,acyclic_ali,c1ccccc1
Ac6923,CC(C)(C)OC(=O)N1CCCC(COCC(=O)O)C1,273.329,19,4,acyclic_ali,C1CCNCC1
Ac6924,O=C(O)COc1ccc(Br)cc1[N+](=O)[O-],276.042,15,4,acyclic_ali,c1ccccc1
Ac6925,O=C(O)c1ccc(CBr)cc1Cl,249.491,12,2,benzoic,c1ccccc1
Ac6926,O=C(O)Cc1cccc(S(=O)(=O)Cl)c1,234.66,14,3,acyclic_ali,c1ccccc1
Ac6927,COc1cc(C(F)(F)F)sc1C(=O)O,226.175,14,2,heteroaryl,c1ccsc1
Ac6930,CC(C)(C)OC(=O)N1CCN(CC(C(=O)O)c2ccccc2)CC1,334.416,24,4,acyclic_ali,c1ccc(CCN2CCNCC2)cc1
Ac6931,C=CCNS(=O)(=O)c1cc(C(=O)O)ccc1Cl,275.713,17,5,benzoic,c1ccccc1
Ac6933,O=C(O)CCCOc1ccccc1Br,259.099,14,5,acyclic_ali,c1ccccc1
Ac6934,O=C(O)CC1Cc2ccc(Br)cc2C1,255.111,14,2,acyclic_ali,c1ccc2c(c1)CCC2
Ac6935,Cc1cc(=O)oc2c(C)c(OCC(=O)O)ccc12,248.234,18,3,acyclic_ali,O=c1ccc2ccccc2o1
Ac6936,O=C(O)COc1cccc(CBr)c1,245.072,13,4,acyclic_ali,c1ccccc1
Ac6937,O=C(O)COc1ccc(Br)c(Cl)c1,265.49,13,3,acyclic_ali,c1ccccc1
Ac6938,O=C(O)CCc1cc(Cl)nc(Cl)n1,221.043,13,3,acyclic_ali,c1cncnc1
Ac6939,COCCOc1ccc(C(=O)O)cc1OC,226.228,16,6,benzoic,c1ccccc1
Ac6941,Cc1ccccc1-n1ncc(C(=O)O)c1C1CC1,242.278,18,3,aryl_other,c1ccc(-n2nccc2C2CC2)cc1
Ac6942,COCCNS(=O)(=O)c1cc(C(=O)O)ccc1OC,289.309,19,7,benzoic,c1ccccc1
Ac6944,CSCCC(NS(=O)(=O)c1ccc(Cl)cc1)C(=O)O,323.823,19,7,alpha_amino,c1ccccc1
Ac6945,O=C(O)c1n[nH]c2c(OCc3ccccc3)cccc12,268.272,20,4,heteroaryl,c1ccc(COc2cccc3cn[nH]c23)cc1
Ac6946,O=C(O)CN(c1ccccn1)S(=O)(=O)c1ccccc1,292.316,20,5,alpha_amino,O=S(=O)(Nc1ccccn1)c1ccccc1
Ac6947,O=C(O)c1ccc(OCC(F)(F)C(F)F)nc1,253.151,17,5,aryl_other,c1ccncc1
Ac6948,O=C(O)c1cc([N+](=O)[O-])ccc1OC(F)(F)F,251.116,17,3,benzoic,c1ccccc1
Ac6949,O=C(O)c1ccc(-c2nc(-c3ccc(Cl)cc3)cs2)cc1,315.781,21,3,benzoic,c1ccc(-c2csc(-c3ccccc3)n2)cc1
Ac6950,CC(C)(C)OC(=O)N1CCC2(CC1)CC(CC(=O)O)C2,283.368,20,2,acyclic_ali,C1CC2(C1)CCNCC2
Ac6952,O=C(O)c1cc(-c2ccccc2)n(-c2ccc(Cl)cc2Cl)n1,333.174,22,3,heteroaryl,c1ccc(-c2ccnn2-c2ccccc2)cc1
Ac6953,O=C(O)c1cc(-c2ccccc2Cl)n(-c2ccc(Cl)cc2Cl)n1,367.619,23,3,heteroaryl,c1ccc(-c2ccnn2-c2ccccc2)cc1
Ac6954,O=C(O)c1cc(-c2ccc(Cl)cc2)n(-c2cc(Cl)ccc2Cl)n1,367.619,23,3,heteroaryl,c1ccc(-c2ccnn2-c2ccccc2)cc1
Ac6956,CCOC(=O)c1cc(C(=O)O)n(C(C)C)n1,226.232,16,4,heteroaryl,c1cn[nH]c1
Ac6957,O=C(O)c1ccc(S(=O)(=O)N2CCc3ccccc32)cc1,303.339,21,3,benzoic,O=S(=O)(c1ccccc1)N1CCc2ccccc21
Ac6958,O=C(O)c1ccc(Br)c(S(=O)(=O)N2CCc3ccccc32)c1,382.235,22,3,benzoic,O=S(=O)(c1ccccc1)N1CCc2ccccc21
Ac6959,O=C(O)c1cc(-c2ccccc2Br)on1,268.066,15,2,heteroaryl,c1ccc(-c2ccno2)cc1
Ac6960,O=C(O)c1ccccc1OCCCN1CCOCC1,265.309,19,6,benzoic,c1ccc(OCCCN2CCOCC2)cc1
Ac6961,COc1cc(C(=O)O)c(OC)cc1Cl,216.62,14,3,benzoic,c1ccccc1
Ac6963,O=C(O)/C=C/c1ccccc1OC(F)(F)F,232.157,16,3,other,c1ccccc1
Ac6965,O=C(O)c1ccc(-n2ncc3ccccc32)cc1Cl,272.691,19,2,benzoic,c1ccc(-n2ncc3ccccc32)cc1
Ac6966,CC(C)COc1ccc(C(=O)O)cc1C#N,219.24,16,4,benzoic,c1ccccc1
Ac6967,CCOc1cc(C)c(Br)cc1C(=O)O,259.099,14,3,benzoic,c1ccccc1
Ac6968,O=C(O)c1ccc(S(=O)(=O)Cl)c(F)c1,238.623,14,2,benzoic,c1ccccc1
Ac6969,CC(C)NS(=O)(=O)c1cc(C(=O)O)ccc1F,261.274,17,4,benzoic,c1ccccc1
Ac6970,COc1ccc(C(=O)O)cc1S(=O)(=O)NC(C)C,273.31,18,5,benzoic,c1ccccc1
Ac6971,NS(=O)(=O)c1cc(C(=O)O)cc(F)c1F,237.183,15,2,benzoic,c1ccccc1
Ac6972,O=C(O)c1ccc(Br)c(S(=O)(=O)NC2CC2)c1,320.164,17,4,benzoic,O=S(=O)(NC1CC1)c1ccccc1
Ac6973,COCCNS(=O)(=O)c1ccc(Cl)c(C(=O)O)c1,293.728,18,6,benzoic,c1ccccc1
Ac6974,COc1ccc(C(=O)O)cc1S(=O)(=O)NC1CC1,271.294,18,5,benzoic,O=S(=O)(NC1CC1)c1ccccc1
Ac6978,Cc1cc(C(=O)O)nn1-c1cccc(Br)c1,281.109,16,2,heteroaryl,c1ccc(-n2cccn2)cc1
Ac6979,CC(C)c1ccc(-c2nc(CC(=O)O)cs2)cc1,261.346,18,4,acyclic_ali,c1ccc(-c2nccs2)cc1
Ac6980,COc1ccc(CC(=O)O)cc1OC(F)F,232.182,16,5,acyclic_ali,c1ccccc1
Ac6981,CCOC(=O)c1cnn(-c2ccc(C(=O)O)cc2)c1C,274.276,20,4,benzoic,c1ccc(-n2cccn2)cc1
Ac6983,CCC1(C(=O)O)CCCN(C(=O)OC(C)(C)C)C1,257.33,18,2,alpha_quat,C1CCNCC1
Ac6984,O=C(O)CCNS(=O)(=O)c1cccc(F)c1,247.247,16,5,acyclic_ali,c1ccccc1
Ac6985,O=C(O)CCNS(=O)(=O)c1ccc(F)c(F)c1,265.237,17,5,acyclic_ali,c1ccccc1
Ac6986,O=C(O)Cc1csc(-c2ccc(C(F)(F)F)cc2)n1,287.262,19,3,acyclic_ali,c1ccc(-c2nccs2)cc1
Ac6987,CC1(C)OB(c2ccccc2CCC(=O)O)OC1(C)C,276.141,20,4,acyclic_ali,c1ccc(B2OCCO2)cc1
Ac6988,O=C(O)c1cccc(SCC(F)(F)F)c1,236.214,15,3,benzoic,c1ccccc1
Ac6989,C=CCc1cc(C(=O)O)cc(OC)c1OC,222.24,16,5,benzoic,c1ccccc1
Ac6991,O=C(O)CCNS(=O)(=O)c1cccc(Cl)c1,263.702,16,5,acyclic_ali,c1ccccc1
Ac6992,CC(C)(C)OC(=O)N1CC=C(CC(=O)O)CC1,241.287,17,2,acyclic_ali,C1=CCNCC1
Ac6993,O=C(O)c1cc(Cl)cnc1Oc1cccc(F)c1,267.643,18,3,aryl_other,c1ccc(Oc2ccccn2)cc1
Ac6995,Cc1oc(-c2ccc(OC(F)(F)F)cc2)cc1C(=O)O,286.205,20,3,aryl_other,c1ccc(-c2ccco2)cc1
Ac6996,CC(C)(C)c1ccc(C(C)(C)C(=O)O)cc1,220.312,16,2,alpha_quat,c1ccccc1
Ac6998,O=C(O)c1cc(-c2ccc(Br)cc2)ns1,284.134,15,2,heteroaryl,c1ccc(-c2ccsn2)cc1
Ac7001,O=Cc1cc(C(=O)O)cc(C(F)(F)F)c1,218.13,15,2,benzoic,c1ccccc1
Ac7002,CCCOc1cc(C(=O)O)cc(C(=O)OC)c1,238.239,17,5,benzoic,c1ccccc1
Ac7004,Cc1ccc(S(=O)(=O)NCCC(c2ccccc2)c2ccccc2)cc1C(=O)O,409.507,29,8,benzoic,O=S(=O)(NCCC(c1ccccc1)c1ccccc1)c1ccccc1
Ac7005,CCOc1ccc(Br)c(C(=O)O)c1F,263.062,14,3,benzoic,c1ccccc1
Ac7007,O=C(O)CCCCC(=O)c1cc(Cl)ccc1Cl,275.131,17,6,acyclic_ali,c1ccccc1
Ac7008,COc1c(Cl)ccc(CC(=O)O)c1F,218.611,14,3,acyclic_ali,c1ccccc1
Ac7009,Cc1cc(C(=O)O)nc(N2CCOCC2)n1,223.232,16,2,heteroaryl,c1cnc(N2CCOCC2)nc1
Ac7010,Cc1cc(C(=O)O)nc(N2CCCCC2)n1,221.26,16,2,heteroaryl,c1cnc(N2CCCCC2)nc1
Ac7011,COCCOc1ccc(-n2nc(C)c(C(=O)O)n2)cc1,277.28,20,6,heteroaryl,c1ccc(-n2nccn2)cc1
Ac7014,O=C(O)c1cccc(S(=O)(=O)NCC2CCCO2)c1,285.321,19,5,benzoic,O=S(=O)(NCC1CCCO1)c1ccccc1
Ac7015,Cc1c(I)cccc1CC(=O)O,276.073,12,2,acyclic_ali,c1ccccc1
Ac7016,CC(C)(C)OC(=O)c1cc(Br)cc(C(=O)O)c1,301.136,17,2,benzoic,c1ccccc1
Ac7018,CC(C)(C)OC(=O)N1CC[C@H](OCC(=O)O)C1,245.275,17,3,acyclic_ali,C1CCNC1
Ac7022,O=C(O)CCC(=O)c1ccc2c(c1)OCCCO2,250.25,18,4,acyclic_ali,c1ccc2c(c1)OCCCO2
Ac7025,O=C(O)c1cnn(-c2ccc(Cl)cc2Cl)c1C1CC1,297.141,19,3,aryl_other,c1ccc(-n2nccc2C2CC2)cc1
Ac7026,O=C(O)CCCOC(C(=O)c1ccccc1)c1ccccc1,298.338,22,8,acyclic_ali,O=C(Cc1ccccc1)c1ccccc1
Ac7027,O=C(O)C1(c2ccccc2)CC2(CCC2)C1,216.28,16,2,alpha_quat,c1ccc(C2CC3(CCC3)C2)cc1
Ac7028,O=C(O)c1cc(Cl)c(Cl)c(S(=O)(=O)Cl)c1,289.523,15,2,benzoic,c1ccccc1
Ac7029,O=C(O)c1c(C(F)(F)F)cc(F)c(F)c1F,244.09,16,1,benzoic,c1ccccc1
Ac7030,CCCCCCOc1ccc(C(=O)CCCCC(=O)O)cc1,306.402,22,12,acyclic_ali,c1ccccc1
Ac7031,CC(Cc1cccc(C(F)(F)F)c1)C(=O)O,232.201,16,3,acyclic_ali,c1ccccc1
Ac7032,O=C(O)c1c(F)ccc([N+](=O)[O-])c1C(F)(F)F,253.107,17,2,benzoic,c1ccccc1
Ac7033,O=C(O)CCC1CCN(C(=O)OCC2c3ccccc3-c3ccccc32)CC1,379.456,28,5,acyclic_ali,O=C(OCC1c2ccccc2-c2ccccc21)N1CCCCC1
Ac7037,O=C(O)CCc1cncc(C(F)(F)F)c1,219.162,15,3,acyclic_ali,c1ccncc1
Ac7039,CS(=O)(=O)c1cccc(Cl)c1C(=O)O,234.66,14,2,benzoic,c1ccccc1
Ac7040,CC(Sc1ncccc1[N+](=O)[O-])C(=O)O,228.229,15,4,acyclic_ali,c1ccncc1
Ac7041,O=C(O)c1nn(-c2ccc(F)cc2)c2c1CCC2,246.241,18,2,heteroaryl,c1ccc(-n2ncc3c2CCC3)cc1
Ac7043,O=C(O)c1ccc(Cl)c(S(=O)(=O)NCC2CCCO2)c1,319.766,20,5,benzoic,O=S(=O)(NCC1CCCO1)c1ccccc1
Ac7044,O=C(O)c1sc(N2CCOCC2)nc1-c1ccccc1,290.344,20,3,heteroaryl,c1ccc(-c2csc(N3CCOCC3)n2)cc1
Ac7046,CCOc1ccc(C(=O)c2ccccc2C(=O)O)cc1OCC,314.337,23,7,benzoic,O=C(c1ccccc1)c1ccccc1
Ac7047,COc1ccc(C(=O)CCCCC(=O)O)c(OC)c1OC,296.319,21,9,acyclic_ali,c1ccccc1
Ac7049,CCCc1c(C(=O)O)cnn1-c1cc(Cl)cc(Cl)c1,299.157,19,4,aryl_other,c1ccc(-n2cccn2)cc1
Ac7050,Cc1ccc(-n2nc(C(=O)O)cc2-c2ccccc2Cl)cc1,312.756,22,3,heteroaryl,c1ccc(-c2ccnn2-c2ccccc2)cc1
Ac7051,O=C(O)c1cc2n(n1)CCN(Cc1ccccc1Cl)C2=O,305.721,21,3,heteroaryl,O=C1c2ccnn2CCN1Cc1ccccc1
Ac7052,COc1ccc(CN2CCn3nc(C(=O)O)cc3C2=O)cc1,301.302,22,4,heteroaryl,O=C1c2ccnn2CCN1Cc1ccccc1
Ac7053,O=C(O)c1nn(-c2cccc(C(F)(F)F)c2)c(=O)c2ccccc12,334.253,24,2,heteroaryl,O=c1c2ccccc2cnn1-c1ccccc1
Ac7055,O=C(O)C1CCN(C(=O)Cc2ccc(F)cc2)CC1,265.284,19,3,cyclic_ali,O=C(Cc1ccccc1)N1CCCCC1
Ac7056,CC(C)(C)OC(=O)N1CCC(OCCC(=O)O)CC1,273.329,19,4,acyclic_ali,C1CCNCC1
Ac7058,O=C(O)c1cccnc1SCc1ccccc1Cl,279.748,18,4,aryl_other,c1ccc(CSc2ccccn2)cc1
Ac7059,O=C(O)c1cccnc1SCc1cccc(Br)c1,324.199,18,4,aryl_other,c1ccc(CSc2ccccn2)cc1
Ac7060,CC(C)(C)OC(=O)N1CCC(SCC(=O)O)CC1,275.37,18,3,acyclic_ali,C1CCNCC1
Ac7061,O=C(O)CC1(Sc2ccccc2)CCC1,222.309,15,4,acyclic_ali,c1ccc(SC2CCC2)cc1
Ac7062,Cc1nnc(Cc2ccc(C(=O)O)cc2)o1,218.212,16,3,benzoic,c1ccc(Cc2nnco2)cc1
Ac7063,CC(C)(C)OC(=O)N1CCSCC1CC(=O)O,261.343,17,2,acyclic_ali,C1CSCCN1
Ac7064,CC(C)(C)OC(=O)N1C[C@H](C(=O)O)[C@H](c2ccc(F)cc2)C1,309.337,22,2,cyclic_ali,c1ccc(C2CCNC2)cc1
Ac7065,COc1cc(CCC(=O)O)cc(C(F)(F)F)c1,248.2,17,4,acyclic_ali,c1ccccc1
Ac7066,COCOc1c(F)ccc(F)c1C(=O)O,218.155,15,4,benzoic,c1ccccc1
Ac7067,O=C(O)c1cc(-c2ccc(Br)cc2)nc2ccc(F)cc12,346.155,21,2,aryl_other,c1ccc(-c2ccc3ccccc3n2)cc1
Ac7069,O=C(O)c1nnn(-c2ccccc2)c1C1CC1,229.239,17,3,heteroaryl,c1ccc(-n2nncc2C2CC2)cc1
Ac7071,O=C(O)Cn1nnc(-c2ccc(OCc3ccccc3)cc2)n1,310.313,23,6,acyclic_ali,c1ccc(COc2ccc(-c3nn[nH]n3)cc2)cc1
Ac7072,COC(=O)c1ccc(CCC(=O)O)c(F)c1,226.203,16,4,acyclic_ali,c1ccccc1
Ac7076,Cc1nn(CC(=O)O)c(C)c1Br,233.065,12,2,acyclic_ali,c1cn[nH]c1
Ac7077,CC(Cc1ccc(Cl)c(Cl)c1)C(=O)O,233.094,14,3,acyclic_ali,c1ccccc1
Ac7078,CC(OC1CCN(C(=O)OC(C)(C)C)CC1)C(=O)O,273.329,19,3,acyclic_ali,C1CCNCC1
Ac7079,O=C(O)c1ccc(CNS(=O)(=O)C2CC2)cc1,255.295,17,5,benzoic,O=S(=O)(NCc1ccccc1)C1CC1
Ac7080,CC(C)(C)OC(=O)N1CCC2(CC1)CC(CC(=O)O)c1ccccc1O2,361.438,26,2,acyclic_ali,c1ccc2c(c1)CCC1(CCNCC1)O2
Ac7081,CC(C)(C)OC(=O)CCc1ccc(C(=O)O)cc1,250.294,18,4,benzoic,c1ccccc1
Ac7082,CC(C)(C)OC(=O)N1CCC(C(=O)O)(c2ccccc2F)CC1,323.364,23,2,alpha_quat,c1ccc(C2CCNCC2)cc1
Ac7083,N#Cc1c(C(F)(F)F)cc(-c2cccs2)nc1SCC(=O)O,344.339,22,4,acyclic_ali,c1ccc(-c2cccs2)nc1
Ac7084,CC(C)(C)OC(=O)N1CCC(c2nc(CC(=O)O)cs2)CC1,326.418,22,3,acyclic_ali,c1csc(C2CCNCC2)n1
Ac7087,COc1ccccc1-c1oncc1C(=O)O,219.196,16,3,aryl_other,c1ccc(-c2ccno2)cc1
Ac7088,O=C(O)c1cc2sccc2nc1C(F)(F)F,247.197,16,1,aryl_other,c1cnc2ccsc2c1
Ac7089,CC(C)(C)OC(=O)N1CCC(C(=O)O)(c2cccc(Cl)c2)CC1,339.819,23,2,alpha_quat,c1ccc(C2CCNCC2)cc1
Ac7090,CC(C)C(Cc1ccccc1Br)C(=O)O,271.154,15,4,acyclic_ali,c1ccccc1
Ac7091,CC(C)(C)OC(=O)N1C[C@@H](C(=O)O)[C@H](c2ccc(F)cc2)C1,309.337,22,2,cyclic_ali,c1ccc(C2CCNC2)cc1
Ac7094,O=C(O)c1cccc(-c2cc3ccccc3oc2=O)c1,266.252,20,2,benzoic,O=c1oc2ccccc2cc1-c1ccccc1
Ac7095,CS(=O)(=O)N(CC(=O)O)c1ccc(Br)cc1,308.153,16,4,alpha_amino,c1ccccc1
Ac7096,O=C(O)C1CCN(Cc2ccccc2Cl)CC1,253.729,17,3,cyclic_ali,c1ccc(CN2CCCCC2)cc1
Ac7097,Cc1nn(-c2ccc(Cl)cc2)cc1C(=O)O,236.658,16,2,aryl_other,c1ccc(-n2cccn2)cc1
Ac7098,Cc1nn(-c2ccc(Br)cc2)cc1C(=O)O,281.109,16,2,aryl_other,c1ccc(-n2cccn2)cc1
Ac7100,Cn1nc(-c2ccc(C(=O)O)cc2)c2ccccc21,252.273,19,2,benzoic,c1ccc(-c2n[nH]c3ccccc23)cc1
Ac7101,Cc1csc(-c2ccc(C(=O)O)cc2)n1,219.265,15,2,benzoic,c1ccc(-c2nccs2)cc1
Ac7102,Cc1cc(OCn2ccc(C(=O)O)n2)ccc1Cl,266.684,18,4,heteroaryl,c1ccc(OCn2cccn2)cc1
Ac7103,CC1(C)OB(c2c(F)cc(C(=O)O)cc2F)OC1(C)C,284.067,20,2,benzoic,c1ccc(B2OCCO2)cc1
Ac7105,O=C(O)CC(c1cccc(Br)c1)N1CCS(=O)(=O)CC1,362.245,20,4,acyclic_ali,O=S1(=O)CCN(Cc2ccccc2)CC1
Ac7106,Cc1cc(Br)c(C(=O)O)cc1I,340.942,12,1,benzoic,c1ccccc1
Ac7107,Cc1cc(I)cc(C(=O)O)c1Br,340.942,12,1,benzoic,c1ccccc1
Ac7109,CNS(=O)(=O)c1ccc(Br)c(C(=O)O)c1,294.126,15,3,benzoic,c1ccccc1
Ac7110,CCNS(=O)(=O)c1ccc(Br)c(C(=O)O)c1,308.153,16,4,benzoic,c1ccccc1
Ac7111,O=C(O)c1cc(S(=O)(=O)Cl)cc(Cl)c1F,273.068,15,2,benzoic,c1ccccc1
Ac7112,O=C(O)c1cc(S(=O)(=O)Cl)c(F)c(Cl)c1F,291.058,16,2,benzoic,c1ccccc1
Ac7113,O=C(O)c1cc(S(=O)(=O)Cl)c(F)c(F)c1F,274.603,16,2,benzoic,c1ccccc1
Ac7114,O=C(O)/C=C/c1ccc(-c2ccccc2F)s1,248.278,17,3,other,c1ccc(-c2cccs2)cc1
Ac7115,CC(C)(C(=O)O)c1ccc(Cl)cc1F,216.639,14,2,alpha_quat,c1ccccc1
Ac7116,COc1cccc(C2(C(=O)O)CCOCC2)c1,236.267,17,3,alpha_quat,c1ccc(C2CCOCC2)cc1
Ac7117,O=C(O)C1(c2cccc(C(F)(F)F)c2)CCOCC1,274.238,19,2,alpha_quat,c1ccc(C2CCOCC2)cc1
Ac7118,CCSc1c(-c2ccccc2)nc2ccccc2c1C(=O)O,309.39,22,4,aryl_other,c1ccc(-c2ccc3ccccc3n2)cc1
Ac7119,O=C(O)c1cccc(OCC2CCOCC2)c1,236.267,17,4,benzoic,c1ccc(OCC2CCOCC2)cc1
Ac7121,CC(C)COc1ncc(C(=O)O)cc1Cl,229.663,15,4,aryl_other,c1ccncc1
Ac7122,CC(C)COc1ccc(C(=O)O)cc1C(F)(F)F,262.227,18,4,benzoic,c1ccccc1
Ac7123,O=C(O)c1cnc(OC2CCCCC2)c(Cl)c1,255.701,17,3,aryl_other,c1ccc(OC2CCCCC2)nc1
Ac7124,Cn1nccc1-c1cc(C(=O)O)sc1Cl,242.687,15,2,heteroaryl,c1cc(-c2ccsc2)[nH]n1
Ac7125,CCn1ncc(-c2cc(C(=O)O)no2)c1C,221.216,16,3,heteroaryl,c1cc(-c2cn[nH]c2)on1
Ac7126,CC(C)(C)OC(=O)N1CC(CC(=O)O)(c2ccccc2)C1,291.347,21,3,acyclic_ali,c1ccc(C2CNC2)cc1
Ac7130,Cc1oc(-c2ccc(F)cc2)nc1CC(=O)O,235.214,17,3,acyclic_ali,c1ccc(-c2ncco2)cc1
Ac7131,O=C(O)c1cc(F)c(OCC(F)(F)F)c(F)c1,256.126,17,3,benzoic,c1ccccc1
Ac7132,O=C(O)c1ccc(OCC(F)(F)F)c(C(F)(F)F)c1,288.143,19,3,benzoic,c1ccccc1
Ac7135,O=C(O)COc1cccc(-n2cnnn2)c1,220.188,16,4,acyclic_ali,c1ccc(-n2cnnn2)cc1
Ac7136,CC(Oc1cccc(-n2cnnn2)c1)C(=O)O,234.215,17,4,acyclic_ali,c1ccc(-n2cnnn2)cc1
Ac7137,CC(C)OCCOc1ccc(C(=O)O)cn1,225.244,16,6,aryl_other,c1ccncc1
Ac7138,O=C(O)c1ccc(OC(CF)CF)nc1,217.171,15,5,aryl_other,c1ccncc1
Ac7139,O=C(O)c1ccc(S(=O)(=O)C2CCCC2)nc1,255.295,17,3,aryl_other,O=S(=O)(c1ccccn1)C1CCCC1
Ac7142,CC(C)(C(=O)O)c1ccc(C(F)(F)F)s1,238.23,15,2,alpha_quat,c1ccsc1
Ac7143,Cc1nn(-c2ccc(F)cc2)c(C)c1CC(=O)O,248.257,18,3,acyclic_ali,c1ccc(-n2cccn2)cc1
Ac7146,Cc1nn(-c2cccc(C(F)(F)F)c2)c(C)c1C(=O)O,284.237,20,2,aryl_other,c1ccc(-n2cccn2)cc1
Ac7147,CC(C)(C)OC(=O)N1CCCC1c1ccc(C(=O)O)s1,297.376,20,2,heteroaryl,c1csc(C2CCCN2)c1
Ac7148,O=C(O)c1ccc(C#Cc2ccc(CN3CCOCC3)cc2)cc1,321.376,24,3,benzoic,C(#Cc1ccc(CN2CCOCC2)cc1)c1ccccc1
Ac7150,CCCCc1cc(=O)oc2c(C)c(OCC(=O)O)ccc12,290.315,21,6,acyclic_ali,O=c1ccc2ccccc2o1
Ac7151,O=C(O)c1c(Br)cc(F)cc1Br,297.905,12,1,benzoic,c1ccccc1
Ac7152,COc1ccc(Br)c(C(=O)O)c1Br,309.941,13,2,benzoic,c1ccccc1
Ac7154,O=C(O)c1cccnc1SCCS(=O)(=O)c1ccccc1,323.395,21,6,aryl_other,O=S(=O)(CCSc1ccccn1)c1ccccc1
Ac7155,CCc1nc(-c2ncccn2)sc1C(=O)O,235.268,16,3,heteroaryl,c1cnc(-c2nccs2)nc1
Ac7158,Cc1oc(S(=O)(=O)N(C)C)cc1C(=O)O,233.245,15,3,aryl_other,c1ccoc1
Ac7161,O=C(O)c1cc(-c2ccc(F)cc2F)n[nH]1,224.166,16,2,heteroaryl,c1ccc(-c2cc[nH]n2)cc1
Ac7162,O=C(O)CCCCCC(=O)c1ccc(Br)cc1,299.164,17,7,acyclic_ali,c1ccccc1
Ac7164,COc1cc(F)c(C(=O)O)cc1I,296.035,13,2,benzoic,c1ccccc1
Ac7165,O=C(O)c1cc(I)cc(Cl)c1F,300.454,12,1,benzoic,c1ccccc1
Ac7166,CC1(C)OB(c2cc(F)c(C(=O)O)c(F)c2)OC1(C)C,284.067,20,2,benzoic,c1ccc(B2OCCO2)cc1
Ac7167,CC(C)(C)C1CCC(N2CC(C(=O)O)C2)CC1,239.359,17,2,cyclic_ali,C1CCC(N2CCC2)CC1
Ac7168,COCCOc1ccc(C(=O)O)c([N+](=O)[O-])c1,241.199,17,6,benzoic,c1ccccc1
Ac7169,CC(=O)N1CCN(C(=O)CCC(=O)O)CC1,228.248,16,3,acyclic_ali,C1CNCCN1
Ac7171,O=C(O)c1ccnc(-c2cccc(OCc3ccccc3)c2)c1,305.333,23,5,aryl_other,c1ccc(COc2cccc(-c3ccccn3)c2)cc1
Ac7172,CC(C(=O)O)n1cc(Br)cn1,219.038,11,2,acyclic_ali,c1cn[nH]c1
Ac7173,CC(C(=O)O)c1cc(Cl)cc(Br)c1,263.518,13,2,acyclic_ali,c1ccccc1
Ac7174,O=C(O)c1cscc1Sc1ccc(Cl)cc1,270.762,16,3,aryl_other,c1ccc(Sc2ccsc2)cc1
Ac7178,CCc1cc(C(=O)O)c(Br)s1,235.102,11,2,aryl_other,c1ccsc1
Ac7179,COc1ccc(C(=O)O)cc1Cn1cccn1,232.239,17,4,benzoic,c1ccc(Cn2cccn2)cc1
Ac7181,Cc1c(CC(=O)O)nnn1-c1ccccc1,217.228,16,3,acyclic_ali,c1ccc(-n2ccnn2)cc1
Ac7182,Cc1ccc(-n2nnc(CC(=O)O)c2C)cc1,231.255,17,3,acyclic_ali,c1ccc(-n2ccnn2)cc1
Ac7183,O=C(O)c1ncoc1-c1cccc(C(F)(F)F)c1,257.167,18,2,heteroaryl,c1ccc(-c2cnco2)cc1
Ac7188,COc1cc(F)c(I)cc1C(=O)O,296.035,13,2,benzoic,c1ccccc1
Ac7190,O=C(O)c1cc(-c2ccccc2C(F)(F)F)[nH]n1,256.183,18,2,heteroaryl,c1ccc(-c2ccn[nH]2)cc1
Ac7191,O=C(O)c1cc(Br)c(OCC(F)(F)F)nc1C(F)(F)F,368.027,20,3,aryl_other,c1ccncc1
Ac7192,COCCCN1CC23C=CC(O2)C(C(=O)O)C3C1=O,267.281,19,5,cyclic_ali,O=C1NCC23C=CC(CC12)O3
Ac7193,O=C(O)c1cccc(-c2noc(CCl)n2)c1,238.63,16,3,benzoic,c1ccc(-c2ncon2)cc1
Ac7194,O=C(O)c1ccc(-c2noc(CCl)n2)cc1,238.63,16,3,benzoic,c1ccc(-c2ncon2)cc1
Ac7195,O=C(O)C1(c2ccc(Cl)cc2)CC(F)(F)C1,246.64,16,2,alpha_quat,c1ccc(C2CCC2)cc1
Ac7196,O=C(O)CC1COc2ccccc2N1S(=O)(=O)c1ccc2ccccc2c1,383.425,27,4,acyclic_ali,O=S(=O)(c1ccc2ccccc2c1)N1CCOc2ccccc21
Ac7197,COc1cc(OC)cc(-c2noc(CCC(=O)O)n2)c1,278.264,20,6,acyclic_ali,c1ccc(-c2ncon2)cc1
Ac7198,CSc1cc(Br)cc(C(=O)O)c1,247.113,12,2,benzoic,c1ccccc1
Ac7199,C=C(Br)Cc1ccccc1C(=O)O,241.084,13,3,benzoic,c1ccccc1
Ac7200,O=C(O)c1cc(OCC(F)(F)F)ccc1[N+](=O)[O-],265.143,18,4,benzoic,c1ccccc1
Ac7202,Cc1cc(C)c2nc(-c3ccccn3)cc(C(=O)O)c2c1,278.311,21,2,aryl_other,c1ccc(-c2ccc3ccccc3n2)nc1
Ac7203,Cc1cc(C)c2nc(-c3ccncc3)cc(C(=O)O)c2c1,278.311,21,2,aryl_other,c1ccc2nc(-c3ccncc3)ccc2c1
Ac7206,O=C(O)c1cc(Br)c2c(c1)OCCO2,259.055,14,1,benzoic,c1ccc2c(c1)OCCO2
Ac7208,O=C(O)CCOCCc1cccc(Br)c1,273.126,15,6,acyclic_ali,c1ccccc1
Ac7209,O=C(O)Cn1nc(-c2ccc(Br)cc2)ccc1=O,309.119,18,3,acyclic_ali,O=c1ccc(-c2ccccc2)n[nH]1
Ac7210,O=C(O)C1CCCN(C(=O)OCc2ccccc2)CC1,277.32,20,3,cyclic_ali,O=C(OCc1ccccc1)N1CCCCCC1
Ac7212,Cc1nonc1-c1noc(CCC(=O)O)n1,224.176,16,4,acyclic_ali,c1nc(-c2cnon2)no1
Ac7213,Cc1nonc1-c1noc(CCCC(=O)O)n1,238.203,17,5,acyclic_ali,c1nc(-c2cnon2)no1
Ac7214,Cc1nn(CC(C)C(=O)O)c(C)c1Cl,216.668,14,3,acyclic_ali,c1cn[nH]c1
Ac7215,O=C(O)C1(S(=O)(=O)c2ccc(Cl)cc2)CCCC1,288.752,18,3,cyclic_ali,O=S(=O)(c1ccccc1)C1CCCC1
Ac7216,Cc1c(Cl)cc(C(=O)O)cc1Br,249.491,12,1,benzoic,c1ccccc1
Ac7217,O=C(O)c1ccc(Cl)c(CBr)c1,249.491,12,2,benzoic,c1ccccc1
Ac7220,COc1ccc(CCC(=O)O)cc1C(F)(F)F,248.2,17,4,acyclic_ali,c1ccccc1
Ac7223,O=C(O)c1cc(OCc2ccccc2)ccc1OCC1CC1,298.338,22,7,benzoic,c1ccc(COc2ccc(OCC3CC3)cc2)cc1
Ac7224,CC1(C)CC(=O)c2cc(C(=O)O)cnc2C1,219.24,16,1,aryl_other,O=C1CCCc2ncccc21
Ac7225,Cc1c(C(=O)O)nnn1Cc1ccc(Cl)cc1,251.673,17,3,heteroaryl,c1ccc(Cn2ccnn2)cc1
Ac7228,O=C(O)c1nnn(-c2ccc(OC(F)(F)F)cc2)n1,274.158,19,3,heteroaryl,c1ccc(-n2ncnn2)cc1
Ac7229,Cc1cc(C)c(CC(C(=O)O)C(F)(F)F)c(C)c1,260.255,18,3,acyclic_ali,c1ccccc1
Ac7230,Cc1ccc(OC(F)(F)F)cc1C(=O)O,220.146,15,2,benzoic,c1ccccc1
Ac7232,O=C(O)C1CC1c1ccc(OC(F)(F)F)cc1,246.184,17,3,cyclic_ali,c1ccc(C2CC2)cc1
Ac7233,O=C(O)C1CC1c1ccc(OCC(F)(F)F)cc1,260.211,18,4,cyclic_ali,c1ccc(C2CC2)cc1
Ac7234,COc1ncc(Br)cc1/C=C/C(=O)O,258.071,14,3,other,c1ccncc1
Ac7235,CC(C)(C)n1ncc(C(=O)O)c1-c1ccccc1,244.294,18,2,aryl_other,c1ccc(-c2ccn[nH]2)cc1
Ac7236,O=C(O)c1cnn(-c2ccccn2)c1C(F)(F)F,257.171,18,2,aryl_other,c1ccc(-n2cccn2)nc1
Ac7237,O=C(O)c1nc(Br)sc1-c1ccc(F)cc1,302.124,16,2,heteroaryl,c1ccc(-c2cncs2)cc1
Ac7239,O=C(O)c1nn2c(C(F)(F)F)cc(-c3ccccc3)nc2c1Cl,341.676,23,2,heteroaryl,c1ccc(-c2ccn3nccc3n2)cc1
Ac7240,O=C(O)c1nn2c(C(F)(F)F)cc(-c3ccccc3)nc2c1Br,386.127,23,2,heteroaryl,c1ccc(-c2ccn3nccc3n2)cc1
Ac7243,Cc1ccc(SC(CC(=O)c2ccc(C)cc2)C(=O)O)cc1,314.406,22,6,acyclic_ali,O=C(CCSc1ccccc1)c1ccccc1
Ac7244,O=C(O)Cc1ccc(OCC(F)F)cc1,216.183,15,5,acyclic_ali,c1ccccc1
Ac7245,O=C(O)C1c2ccccc2C(=O)N(C2CCCCC2)C12CCCCC2,341.451,25,2,cyclic_ali,O=C1c2ccccc2CC2(CCCCC2)N1C1CCCCC1
Ac7246,O=C(O)c1cc2cc(Br)cc(Cl)c2oc1=O,303.495,16,1,aryl_other,O=c1ccc2ccccc2o1
Ac7247,O=C(O)c1ccc(C2SCCCS2)cc1,240.349,15,2,benzoic,c1ccc(C2SCCCS2)cc1
Ac7248,CC(C)(C)OC(=O)N1CCC(N2CC(C(=O)O)CC2=O)CC1,312.366,22,2,cyclic_ali,O=C1CCCN1C1CCNCC1
Ac7249,O=C(O)C1(Oc2cccc(Cl)c2)CCC1,226.659,15,3,cyclic_ali,c1ccc(OC2CCC2)cc1
Ac7250,O=C(O)CSc1c(F)cccc1[N+](=O)[O-],231.204,15,4,acyclic_ali,c1ccccc1
Ac7252,CC(C)(C)OC(=O)C1CCC(C(=O)O)CN1C(=O)OC(C)(C)C,329.393,23,2,cyclic_ali,C1CCNCC1
Ac7253,O=C(O)c1cccc(S(=O)(=O)N(Cc2ccccc2)c2ccccc2)c1,367.426,26,6,benzoic,O=S(=O)(c1ccccc1)N(Cc1ccccc1)c1ccccc1
Ac7255,COc1ccccc1N(Cc1ccccc1)S(=O)(=O)c1cccc(C(=O)O)c1,397.452,28,7,benzoic,O=S(=O)(c1ccccc1)N(Cc1ccccc1)c1ccccc1
Ac7256,O=C(O)c1ccc(Cl)c(S(=O)(=O)N(Cc2ccccc2)c2ccccc2)c1,401.871,27,6,benzoic,O=S(=O)(c1ccccc1)N(Cc1ccccc1)c1ccccc1
Ac7257,O=C(O)c1cccc(S(=O)(=O)N(Cc2ccccc2)c2ccccc2Cl)c1,401.871,27,6,benzoic,O=S(=O)(c1ccccc1)N(Cc1ccccc1)c1ccccc1
Ac7258,O=C(O)c1cccc(S(=O)(=O)N(Cc2ccccc2)c2ccc(Cl)cc2)c1,401.871,27,6,benzoic,O=S(=O)(c1ccccc1)N(Cc1ccccc1)c1ccccc1
Ac7259,COc1ccc(N(Cc2ccccc2)S(=O)(=O)c2cccc(C(=O)O)c2)cc1,397.452,28,7,benzoic,O=S(=O)(c1ccccc1)N(Cc1ccccc1)c1ccccc1
Ac7260,COc1ccc(N(Cc2ccccc2)S(=O)(=O)c2ccc(Cl)c(C(=O)O)c2)cc1,431.897,29,7,benzoic,O=S(=O)(c1ccccc1)N(Cc1ccccc1)c1ccccc1
Ac7261,O=C(O)c1ccc(Cl)c(S(=O)(=O)N(Cc2ccccc2)c2ccc(F)cc2)c1,419.861,28,6,benzoic,O=S(=O)(c1ccccc1)N(Cc1ccccc1)c1ccccc1
Ac7262,O=C(O)c1ccc(Cl)c(S(=O)(=O)N(Cc2ccccc2)c2ccc(Cl)cc2)c1,436.316,28,6,benzoic,O=S(=O)(c1ccccc1)N(Cc1ccccc1)c1ccccc1
Ac7263,COc1ccccc1N(Cc1ccccc1)S(=O)(=O)c1cc(C(=O)O)ccc1Cl,431.897,29,7,benzoic,O=S(=O)(c1ccccc1)N(Cc1ccccc1)c1ccccc1
Ac7264,COc1ccc(N(Cc2ccccc2)S(=O)(=O)c2cc(C(=O)O)ccc2Cl)cc1,431.897,29,7,benzoic,O=S(=O)(c1ccccc1)N(Cc1ccccc1)c1ccccc1
Ac7265,O=C(O)c1cc(S(=O)(=O)N(Cc2ccccc2)c2ccccc2Cl)ccc1Cl,436.316,28,6,benzoic,O=S(=O)(c1ccccc1)N(Cc1ccccc1)c1ccccc1
Ac7266,O=C(O)c1cccc(S(=O)(=O)N(Cc2ccccc2)c2cccc(C(F)(F)F)c2)c1,435.423,30,6,benzoic,O=S(=O)(c1ccccc1)N(Cc1ccccc1)c1ccccc1
Ac7267,CCOc1ccccc1N(Cc1ccc(Cl)cc1)S(=O)(=O)c1cccc(C(=O)O)c1,445.924,30,8,benzoic,O=S(=O)(c1ccccc1)N(Cc1ccccc1)c1ccccc1
Ac7272,Cc1ccc(C(=O)O)c(C)c1Br,229.073,12,1,benzoic,c1ccccc1
Ac7273,O=C(O)CCc1cccc(F)c1Br,247.063,13,3,acyclic_ali,c1ccccc1
Ac7274,O=C(O)C1(c2ccc(I)cn2)CCC1,303.099,14,2,alpha_quat,c1ccc(C2CCC2)nc1
Ac7275,COc1ccc(CC(=O)O)cc1C(F)(F)F,234.173,16,3,acyclic_ali,c1ccccc1
Ac7276,O=C(O)C1CC1c1ccc(OCc2ccccc2)cc1,268.312,20,5,cyclic_ali,c1ccc(COc2ccc(C3CC3)cc2)cc1
Ac7278,O=C(O)c1csc(-c2ccc(OC(F)(F)F)cc2)n1,289.234,19,3,heteroaryl,c1ccc(-c2nccs2)cc1
Ac7279,CCOC(=O)c1cnn(C(C)(C)C(=O)O)c1,226.232,16,4,acyclic_ali,c1cn[nH]c1
Ac7281,O=C(O)c1cncc(-c2ccc(Cl)cc2)n1,234.642,16,2,heteroaryl,c1ccc(-c2cnccn2)cc1
Ac7282,O=C(O)c1nn(Cc2ccccc2)c2ncccc12,253.261,19,3,heteroaryl,c1ccc(Cn2ncc3cccnc32)cc1
Ac7284,Cc1ccc(S(=O)(=O)N2CCSC2C(=O)O)cc1,287.362,18,3,alpha_amino,O=S(=O)(c1ccccc1)N1CCSC1
Ac7286,O=C(O)C1CCC(c2cc3cccnc3c(Cl)n2)CC1,290.75,20,2,cyclic_ali,c1cnc2cnc(C3CCCCC3)cc2c1
Ac7287,O=C(OCC1c2ccccc2-c2ccccc21)N1CCC(F)(C(=O)O)C1,355.365,26,3,cyclic_ali,O=C(OCC1c2ccccc2-c2ccccc21)N1CCCC1
Ac7288,Cc1ccccc1C(=O)N1CCC(C(=O)O)CC1,247.294,18,2,cyclic_ali,O=C(c1ccccc1)N1CCCCC1
Ac7289,CCOC(=O)CN1CC23C=CC(O2)C(C(=O)O)C3C1=O,281.264,20,4,cyclic_ali,O=C1NCC23C=CC(CC12)O3
Ac7291,O=C(O)CCc1ccccc1OC(F)(F)F,234.173,16,4,acyclic_ali,c1ccccc1
Ac7292,O=C(O)CCc1ccc(F)cc1C(F)(F)F,236.164,16,3,acyclic_ali,c1ccccc1
Ac7293,O=C(O)c1ccc(-n2cccn2)c([N+](=O)[O-])c1,233.183,17,3,benzoic,c1ccc(-n2cccn2)cc1
Ac7294,O=C(O)C1(c2cccc(C(F)(F)F)c2)CCCCC1,272.266,19,2,alpha_quat,c1ccc(C2CCCCC2)cc1
Ac7295,O=C(O)c1cnn(-c2ncc(Cl)cc2Cl)c1C(F)(F)F,326.061,20,2,aryl_other,c1ccc(-n2cccn2)nc1
Ac7296,O=C(O)c1cnn(-c2ccc(C(F)(F)F)cn2)c1C(F)(F)F,325.168,22,2,aryl_other,c1ccc(-n2cccn2)nc1
Ac7297,Cc1c(C(=O)O)cc(Br)cc1C(F)(F)F,283.043,15,1,benzoic,c1ccccc1
Ac7298,CNS(=O)(=O)c1csc(C(=O)O)c1,221.259,13,3,heteroaryl,c1ccsc1
Ac7299,CCOC(=O)C1CCN(C(=O)CCC(=O)O)CC1,257.286,18,5,acyclic_ali,C1CCNCC1
Ac7301,O=C(O)/C=C/c1ccc(-c2ccccc2Cl)o1,248.665,17,3,other,c1ccc(-c2ccco2)cc1
Ac7302,Cc1ccc(S(=O)(=O)OCCC(=O)O)cc1,244.268,16,5,acyclic_ali,c1ccccc1
Ac7303,CCOC(=O)c1cnc(C(=O)O)c(Cl)c1,229.619,15,3,heteroaryl,c1ccncc1
Ac7305,O=C(O)Cc1csc2nc(-c3cccs3)cn12,264.331,17,3,acyclic_ali,c1csc(-c2cn3ccsc3n2)c1
Ac7306,COc1ccc2cc(Br)ccc2c1CC(=O)O,295.132,17,3,acyclic_ali,c1ccc2ccccc2c1
Ac7307,O=C(O)Cc1cc(Cl)c2c(c1)OCCCO2,242.658,16,2,acyclic_ali,c1ccc2c(c1)OCCCO2
Ac7310,O=C(O)c1cc(-c2ccccc2)nc2cc(Br)ccc12,328.165,20,2,aryl_other,c1ccc(-c2ccc3ccccc3n2)cc1
Ac7317,COc1cc(OC)nc(-c2ccc(C(=O)O)cc2)n1,260.249,19,4,benzoic,c1ccc(-c2ncccn2)cc1
Ac7318,CS(=O)(=O)Nc1ccc(Cl)c(C(=O)O)c1,249.675,15,3,benzoic,c1ccccc1
Ac7322,O=C(O)c1ccc(I)c(OC(F)(F)F)c1,332.015,15,2,benzoic,c1ccccc1
Ac7324,Cc1cc(F)cc(C(=O)O)c1Br,233.036,12,1,benzoic,c1ccccc1
Ac7325,C[C@H]1C[C@H](C(=O)O)CCN1C(=O)OC(C)(C)C,243.303,17,1,cyclic_ali,C1CCNCC1
Ac7326,CC(C)C(NS(=O)(=O)c1ccc2c(c1)OCCO2)C(=O)O,315.347,21,5,alpha_amino,c1ccc2c(c1)OCCO2
Ac7332,O=C(O)c1cnn2c(C(F)(F)F)cc(-c3ccc(Br)cc3)nc12,386.127,23,2,aryl_other,c1ccc(-c2ccn3nccc3n2)cc1
Ac7334,COc1ccc(-c2cc(C(=O)O)c(C)o2)cc1OC,262.261,19,4,aryl_other,c1ccc(-c2ccco2)cc1
Ac7335,O=C(O)/C=C/c1ccc2c(ccn2S(=O)(=O)c2ccccc2)c1,327.361,23,4,other,O=S(=O)(c1ccccc1)n1ccc2ccccc21
Ac7336,O=C(O)c1cc(Oc2ccc(F)cc2)ccn1,233.198,17,3,heteroaryl,c1ccc(Oc2ccncc2)cc1
Ac7337,O=C(O)CSc1ncnc2cc(-c3ccc(Br)cc3)sc12,381.276,21,4,acyclic_ali,c1ccc(-c2cc3ncncc3s2)cc1
Ac7338,CCC1(C(=O)O)CCCN(C(=O)OCc2ccccc2)C1,291.347,21,4,alpha_quat,O=C(OCc1ccccc1)N1CCCCC1
Ac7340,CC(C)(C)OC(=O)N1CCC(c2ccccc2CC(=O)O)CC1,319.401,23,3,acyclic_ali,c1ccc(C2CCNCC2)cc1
Ac7341,CC(C)(C)OC(=O)N1Cc2ccccc2CC1CCC(=O)O,305.374,22,3,acyclic_ali,c1ccc2c(c1)CCNC2
Ac7342,O=C(O)c1sccc1SCc1ccc(Cl)cc1,284.789,17,4,heteroaryl,c1ccc(CSc2ccsc2)cc1
Ac7343,O=C(O)c1sccc1SCc1ccc(Cl)c(Cl)c1,319.234,18,4,heteroaryl,c1ccc(CSc2ccsc2)cc1
Ac7346,O=C(O)c1ccc(OCC2CCCO2)cc1,222.24,16,4,benzoic,c1ccc(OCC2CCCO2)cc1
Ac7347,O=C(O)CC1(c2ccccc2)C2CC3CC(C2)CC1C3,270.372,20,3,acyclic_ali,c1ccc(C2C3CC4CC(C3)CC2C4)cc1
Ac7348,O=C(O)c1cccc(CC(=O)c2ccccc2)c1,240.258,18,4,benzoic,O=C(Cc1ccccc1)c1ccccc1
Ac7349,O=C(O)c1cccc(C(=O)Cc2ccccc2)c1,240.258,18,4,benzoic,O=C(Cc1ccccc1)c1ccccc1
Ac7352,O=C(O)c1cnc2ncc(Br)cn12,242.032,13,1,heteroaryl,c1cnc2nccn2c1
Ac7354,O=C(O)C1CCCN(Cc2cccc(Cl)c2)C1,253.729,17,3,cyclic_ali,c1ccc(CN2CCCCC2)cc1
Ac7355,Cc1ccc(S(=O)(=O)N(C)C)cc1C(=O)O,243.284,16,3,benzoic,c1ccccc1
Ac7356,Cc1ccc(S(=O)(=O)N2CCOCC2)cc1C(=O)O,285.321,19,3,benzoic,O=S(=O)(c1ccccc1)N1CCOCC1
Ac7358,COc1cc(CC(=O)O)ccc1C(F)(F)F,234.173,16,3,acyclic_ali,c1ccccc1
Ac7359,Cc1cc(C(=O)O)cc(C)c1CN(C)C(=O)OC(C)(C)C,293.363,21,3,benzoic,c1ccccc1
Ac7360,O=C(O)CCCC(=O)c1cccc(C(F)(F)F)c1,260.211,18,5,acyclic_ali,c1ccccc1
Ac7362,O=C(O)c1cn(Cc2cccc(F)c2)nn1,221.191,16,3,heteroaryl,c1ccc(Cn2ccnn2)cc1
Ac7370,Cc1noc2nc(-c3ccco3)cc(C(=O)O)c12,244.206,18,2,aryl_other,c1coc(-c2ccc3cnoc3n2)c1
Ac7372,Cc1cc(C(=O)O)c2c(-c3ccco3)noc2n1,244.206,18,2,aryl_other,c1coc(-c2noc3ncccc23)c1
Ac7373,Cc1noc2nc3c(c(C(=O)O)c12)CCC3,218.212,16,1,aryl_other,c1noc2nc3c(cc12)CCC3
Ac7374,CC(C)c1noc2nc(-c3ccco3)cc(C(=O)O)c12,272.26,20,3,aryl_other,c1coc(-c2ccc3cnoc3n2)c1
Ac7377,CCCc1noc2nc(-c3ccco3)cc(C(=O)O)c12,272.26,20,4,aryl_other,c1coc(-c2ccc3cnoc3n2)c1
Ac7378,Cc1noc2nc(-c3cccc(Cl)c3)cc(C(=O)O)c12,288.69,20,2,aryl_other,c1ccc(-c2ccc3cnoc3n2)cc1
Ac7380,Cc1noc2nc(-c3ccccc3F)cc(C(=O)O)c12,272.235,20,2,aryl_other,c1ccc(-c2ccc3cnoc3n2)cc1
Ac7381,Cc1noc2nc(-c3ccccc3Cl)cc(C(=O)O)c12,288.69,20,2,aryl_other,c1ccc(-c2ccc3cnoc3n2)cc1
Ac7383,Cc1cc(-c2cc(C(=O)O)c3c(C)noc3n2)c(C)o1,272.26,20,2,aryl_other,c1cc(-c2ccc3cnoc3n2)co1
Ac7384,O=C(O)c1cc(C2CC2)nc2onc(-c3ccco3)c12,270.244,20,3,aryl_other,c1coc(-c2noc3nc(C4CC4)ccc23)c1
Ac7385,O=C(O)c1cc(-c2ccco2)nc2onc(C3CC3)c12,270.244,20,3,aryl_other,c1coc(-c2ccc3c(C4CC4)noc3n2)c1
Ac7386,Cc1noc2nc(-c3ccc(F)cc3)cc(C(=O)O)c12,272.235,20,2,aryl_other,c1ccc(-c2ccc3cnoc3n2)cc1
Ac7387,O=C(O)c1cc(C2CC2)nc2onc(-c3ccccc3)c12,280.283,21,3,aryl_other,c1ccc(-c2noc3nc(C4CC4)ccc23)cc1
Ac7388,O=C(O)c1cc(-c2ccccc2)nc2onc(C3CC3)c12,280.283,21,3,aryl_other,c1ccc(-c2ccc3c(C4CC4)noc3n2)cc1
Ac7389,O=C(O)c1cc(-c2ccco2)nc2onc(-c3ccco3)c12,296.238,22,3,aryl_other,c1coc(-c2ccc3c(-c4ccco4)noc3n2)c1
Ac7390,CCOc1ccc(-c2cc(C(=O)O)c3c(C)noc3n2)cc1,298.298,22,4,aryl_other,c1ccc(-c2ccc3cnoc3n2)cc1
Ac7391,Cc1ccc(-c2cc(C(=O)O)c3c(C)noc3n2)c(C)c1,282.299,21,2,aryl_other,c1ccc(-c2ccc3cnoc3n2)cc1
Ac7392,Cc1noc2nc(-c3cc(F)ccc3F)cc(C(=O)O)c12,290.225,21,2,aryl_other,c1ccc(-c2ccc3cnoc3n2)cc1
Ac7393,O=C(O)c1cc(-c2ccccc2F)nc2onc(C3CC3)c12,298.273,22,3,aryl_other,c1ccc(-c2ccc3c(C4CC4)noc3n2)cc1
Ac7394,Cc1noc2nc(-c3ccccc3C(F)(F)F)cc(C(=O)O)c12,322.242,23,2,aryl_other,c1ccc(-c2ccc3cnoc3n2)cc1
Ac7395,Cc1ccc(N(Cc2ccc(C(=O)O)cc2)S(C)(=O)=O)cc1C,333.409,23,5,benzoic,c1ccc(CNc2ccccc2)cc1
Ac7396,O=C(O)CCNS(=O)(=O)c1cccc2nsnc12,287.322,18,5,acyclic_ali,c1ccc2nsnc2c1
Ac7397,O=C(O)C1(c2nc3ccccc3s2)CC1,219.265,15,2,alpha_quat,c1ccc2sc(C3CC3)nc2c1
Ac7399,C=CCNS(=O)(=O)c1cccc(C(=O)O)c1,241.268,16,5,benzoic,c1ccccc1
Ac7401,COCCS(=O)(=O)c1ccc(CC(=O)O)cc1,258.295,17,6,acyclic_ali,c1ccccc1
Ac7402,N#Cc1ccc(Sc2ccc(C(=O)O)cc2)cc1,255.298,18,3,benzoic,c1ccc(Sc2ccccc2)cc1
Ac7407,O=C(O)c1cc(-c2ccc(CC(c3ccccc3)c3nc(-c4ccccc4)no3)cc2)no1,437.455,33,7,heteroaryl,c1ccc(-c2noc(C(Cc3ccc(-c4ccon4)cc3)c3ccccc3)n2)cc1
Ac7408,O=C(O)c1cc(-c2ccc(CC(C(=O)c3ccc(Cl)cc3)c3ccc(F)c(F)c3)cc2)no1,467.855,33,7,heteroaryl,O=C(c1ccccc1)C(Cc1ccc(-c2ccon2)cc1)c1ccccc1
Ac7409,O=C(O)c1nn2cccnc2c1Br,242.032,13,1,heteroaryl,c1cnc2ccnn2c1
Ac7410,COc1ccc(Cn2ccc(C(=O)O)n2)cc1,232.239,17,4,heteroaryl,c1ccc(Cn2cccn2)cc1
Ac7411,O=C(O)Cc1c(Cl)cc(OC(F)(F)F)cc1Cl,289.036,17,3,acyclic_ali,c1ccccc1
Ac7413,O=C(O)c1cc(Cl)c(F)c([N+](=O)[O-])c1,219.555,14,2,benzoic,c1ccccc1
Ac7414,O=C(O)c1[nH]nc(C(F)(F)F)c1[N+](=O)[O-],225.082,15,2,heteroaryl,c1cn[nH]c1
Ac7416,CCOc1ccc(CC(=O)O)c(F)c1F,216.183,15,4,acyclic_ali,c1ccccc1
Ac7417,CC(C)COc1cc(Br)cc(C(=O)O)c1,273.126,15,4,benzoic,c1ccccc1
Ac7420,O=C(O)c1ccc(CS(=O)(=O)Cl)cc1,234.66,14,3,benzoic,c1ccccc1
Ac7421,CC1(C)OB(c2cc(F)ccc2C(=O)O)OC1(C)C,266.077,19,2,benzoic,c1ccc(B2OCCO2)cc1
Ac7422,CC1(C)OB(c2cc(C(F)(F)F)ccc2C(=O)O)OC1(C)C,316.084,22,2,benzoic,c1ccc(B2OCCO2)cc1
Ac7424,CCc1nc(-c2cccc(C(=O)O)c2)no1,218.212,16,3,benzoic,c1ccc(-c2ncon2)cc1
Ac7425,COC(=O)c1sc(C(=O)O)cc1C(F)(F)F,254.185,16,2,heteroaryl,c1ccsc1
Ac7426,CCC(C(=O)O)c1cccc(C(F)(F)F)c1,232.201,16,3,acyclic_ali,c1ccccc1
Ac7428,COc1cn(-c2ccccc2)nc1C(=O)O,218.212,16,3,heteroaryl,c1ccc(-n2cccn2)cc1
Ac7429,O=C(O)c1ccc(C(Br)Br)c(Cl)c1,328.387,13,2,benzoic,c1ccccc1
Ac7430,O=C(O)c1ccc(COC(F)(F)F)cc1,220.146,15,3,benzoic,c1ccccc1
Ac7433,O=C(O)c1cc(-c2ccccc2)nc2nc(N3CCCCC3)sc12,339.42,24,3,aryl_other,c1ccc(-c2ccc3sc(N4CCCCC4)nc3n2)cc1
Ac7434,O=C(O)c1cccc(Cn2cc(Br)cn2)c1,281.109,16,3,benzoic,c1ccc(Cn2cccn2)cc1
Ac7435,O=C(O)CCSc1cc(F)ccc1F,218.224,14,4,acyclic_ali,c1ccccc1
Ac7436,O=C(O)c1cccc(CSc2cc(Cl)cc(Cl)c2)c1,313.205,19,4,benzoic,c1ccc(CSc2ccccc2)cc1
Ac7437,Cc1ccc(SCc2cccc(C(=O)O)c2)c(C)c1,272.369,19,4,benzoic,c1ccc(CSc2ccccc2)cc1
Ac7438,Cc1ccc(C)c(SCc2cccc(C(=O)O)c2)c1,272.369,19,4,benzoic,c1ccc(CSc2ccccc2)cc1
Ac7439,O=C(O)[C@H](Cc1ccccc1)n1sc2ccccc2c1=O,299.351,21,4,acyclic_ali,O=c1c2ccccc2sn1CCc1ccccc1
Ac7440,CCn1cc(Br)c(C(=O)O)n1,219.038,11,2,heteroaryl,c1cn[nH]c1
Ac7442,O=C(O)c1oc2ccccc2c1CSCc1ccccc1,298.363,21,5,heteroaryl,c1ccc(CSCc2coc3ccccc23)cc1
Ac7443,Cc1nn(Cc2ccccc2Cl)c(Cl)c1C(=O)O,285.13,18,3,aryl_other,c1ccc(Cn2cccn2)cc1
Ac7444,O=C(O)c1cc2c(s1)-c1cc(Cl)ccc1SC2,282.773,17,1,heteroaryl,c1ccc2c(c1)SCc1ccsc1-2
Ac7448,CC(C)C1(C(=O)O)CCN(C(=O)OC(C)(C)C)CC1,271.357,19,2,alpha_quat,C1CCNCC1
Ac7449,Cc1nn(C)c(Oc2cccc(Cl)c2)c1C(=O)O,266.684,18,3,aryl_other,c1ccc(Oc2ccn[nH]2)cc1
Ac7450,COc1cc(C(F)(F)F)n2nc(C(=O)O)cc2c1,260.171,18,2,heteroaryl,c1ccn2nccc2c1
Ac7452,Cc1cc(S(=O)(=O)C(C)C)ccc1C(=O)O,242.296,16,3,benzoic,c1ccccc1
Ac7455,CNS(=O)(=O)c1ccc(C(=O)O)cn1,216.218,14,3,aryl_other,c1ccncc1
Ac7457,Cc1cc(C(=O)O)nn1-c1cccc(F)c1,220.203,16,2,heteroaryl,c1ccc(-n2cccn2)cc1
Ac7458,COc1ccc(-n2nc(C(=O)O)cc2C)cc1,232.239,17,3,heteroaryl,c1ccc(-n2cccn2)cc1
Ac7459,Cn1nc(-c2ccc(Cl)cc2Cl)cc1C(=O)O,271.103,17,2,heteroaryl,c1ccc(-c2cc[nH]n2)cc1
Ac7460,Cc1cc(N2CCCS2(=O)=O)ccc1C(=O)O,255.295,17,2,benzoic,O=S1(=O)CCCN1c1ccccc1
Ac7461,O=C(O)c1scnc1-c1ccc(Br)cc1,284.134,15,2,heteroaryl,c1ccc(-c2cscn2)cc1
Ac7462,O=C(O)c1cn(Cc2ccccc2)nc1[N+](=O)[O-],247.21,18,4,aryl_other,c1ccc(Cn2cccn2)cc1
Ac7463,CC(C)(C)OC(=O)N1CCc2ccc(CC(=O)O)cc2C1,291.347,21,2,acyclic_ali,c1ccc2c(c1)CCNC2
Ac7464,O=C(O)c1cc(-c2ccccc2)nc2c1cnn2Cc1cccnc1,330.347,25,4,aryl_other,c1ccc(-c2ccc3cnn(Cc4cccnc4)c3n2)cc1
Ac7465,O=C(O)c1cc(-c2ccccc2)nc2c1cnn2Cc1ccccc1,329.359,25,4,aryl_other,c1ccc(Cn2ncc3ccc(-c4ccccc4)nc32)cc1
Ac7466,O=C(O)c1cc(-c2ccccc2)nc2c1cnn2Cc1ccco1,319.32,24,4,aryl_other,c1ccc(-c2ccc3cnn(Cc4ccco4)c3n2)cc1
Ac7467,CCn1ncc2c(C(=O)O)cc(-c3ccccc3)nc21,267.288,20,3,aryl_other,c1ccc(-c2ccc3cn[nH]c3n2)cc1
Ac7471,O=C(O)c1ccc(Br)c(OC(F)(F)F)c1F,303.005,16,2,benzoic,c1ccccc1
Ac7472,Cc1nc(-c2ccc(Cl)s2)sc1C(=O)O,259.739,15,2,heteroaryl,c1csc(-c2nccs2)c1
Ac7473,Cc1ccccc1-c1cc(C(=O)O)n(C)n1,216.24,16,2,heteroaryl,c1ccc(-c2cc[nH]n2)cc1
Ac7474,COc1ccc(-c2cc(C(=O)O)n(C)n2)cc1OC,262.265,19,4,heteroaryl,c1ccc(-c2cc[nH]n2)cc1
Ac7475,Cc1ccc(S(=O)(=O)F)cc1C(=O)O,218.205,14,2,benzoic,c1ccccc1
Ac7476,O=C(O)c1cc(S(=O)(=O)F)ccc1Br,283.074,14,2,benzoic,c1ccccc1
Ac7477,CCc1ccc(C(=O)O)cc1C#Cc1cnc2ccnn2c1,291.31,22,2,benzoic,C(#Cc1cnc2ccnn2c1)c1ccccc1
Ac7478,O=C(O)c1cc(OC(F)(F)F)c(Br)cc1Cl,319.46,16,2,benzoic,c1ccccc1
Ac7481,O=C(O)CC1(c2ccc(C(F)(F)F)cc2)CCC1,258.239,18,3,acyclic_ali,c1ccc(C2CCC2)cc1
Ac7483,CN(CCOc1ccccc1C(=O)O)C(=O)OC(C)(C)C,295.335,21,5,benzoic,c1ccccc1
Ac7485,CC(C)(C)OC(=O)N1C[C@H](C(=O)O)[C@@H](c2cccc(F)c2)C1,309.337,22,2,cyclic_ali,c1ccc(C2CCNC2)cc1
Ac7486,O=C(O)c1cc(Cl)cc(S(F)(F)(F)(F)F)c1,282.617,16,2,benzoic,c1ccccc1
Ac7487,Cc1cc(C(=O)O)cc(S(F)(F)(F)(F)F)c1,262.199,16,2,benzoic,c1ccccc1
Ac7488,CC(C)(c1cccc(C(=O)O)c1)C(F)(F)F,232.201,16,2,benzoic,c1ccccc1
Ac7489,COc1ccc(S(F)(F)(F)(F)F)cc1C(=O)O,278.198,17,3,benzoic,c1ccccc1
Ac7490,O=C(O)CS(=O)(=O)Nc1ccc(F)c([N+](=O)[O-])c1,278.217,18,5,acyclic_ali,c1ccccc1
Ac7491,CC(C)COc1cccc(OCC(=O)O)c1,224.256,16,6,acyclic_ali,c1ccccc1
Ac7492,Cc1c(C(=O)O)cnn1-c1ccc(Cl)cc1Cl,271.103,17,2,aryl_other,c1ccc(-n2cccn2)cc1
Ac7493,CC(C)c1c(C(=O)O)cnn1-c1ccc(C(F)(F)F)cn1,299.252,21,3,aryl_other,c1ccc(-n2cccn2)nc1
Ac7494,O=C(O)c1csc(OCCOC2CCCCO2)n1,273.31,18,6,heteroaryl,c1csc(OCCOC2CCCCO2)n1
Ac7499,CC(C)CC(NS(=O)(=O)c1ccc(C(C)(C)C)cc1)C(=O)O,327.446,22,6,alpha_amino,c1ccccc1
Ac7500,CC(C)CC(NS(=O)(=O)c1ccc(F)cc1)C(=O)O,289.328,19,6,alpha_amino,c1ccccc1
Ac7501,N#CC(Cc1ccc(Br)cc1)C(=O)O,254.083,14,3,acyclic_ali,c1ccccc1
Ac7502,N#CC(Cc1cccc(Br)c1)C(=O)O,254.083,14,3,acyclic_ali,c1ccccc1
Ac7503,CCN(CC)S(=O)(=O)c1cc(C(=O)O)ccc1C,271.338,18,5,benzoic,c1ccccc1
Ac7506,COC(=O)c1c(C(=O)O)nn2ccccc12,220.184,16,2,heteroaryl,c1ccn2nccc2c1
Ac7507,COc1ccc(-c2nn(-c3ccccc3)cc2/C=C/C(=O)O)cc1,320.348,24,5,other,c1ccc(-c2ccn(-c3ccccc3)n2)cc1
Ac7509,O=C(O)CCc1cc(C(F)(F)F)ccc1C(F)(F)F,286.171,19,3,acyclic_ali,c1ccccc1
Ac7510,CC(C)(C)OC(=O)N1CC2(C1)CS(=O)(=O)CC2C(=O)O,305.352,20,1,cyclic_ali,O=S1(=O)CCC2(CNC2)C1
Ac7511,O=C(O)C1(n2cc(C(F)(F)F)cn2)CC1,220.15,15,2,cyclic_ali,c1cnn(C2CC2)c1
Ac7514,O=C(O)c1cccc(OCCC(F)(F)F)c1,234.173,16,4,benzoic,c1ccccc1
Ac7515,CC(F)(F)COc1ccc(C(=O)O)cc1Cl,250.628,16,4,benzoic,c1ccccc1
Ac7516,CCOc1ccc(-c2cc(C(=O)O)no2)cc1OCC,277.276,20,6,heteroaryl,c1ccc(-c2ccno2)cc1
Ac7517,Cc1cc(C(F)(F)F)c2cc(C(=O)O)oc2n1,245.156,17,1,heteroaryl,c1cnc2occc2c1
Ac7520,O=C(O)CCNS(=O)(=O)c1ccc(F)cc1,247.247,16,5,acyclic_ali,c1ccccc1
Ac7521,CC(C)Oc1cc(C(=O)O)cc(C(F)(F)F)c1,248.2,17,3,benzoic,c1ccccc1
Ac7522,CS(=O)(=O)c1ccc(C(=O)O)c(C(F)(F)F)c1,268.212,17,2,benzoic,c1ccccc1
Ac7523,O=C(O)COCCOCCOCCOCCN1C(=O)C=CC1=O,331.321,23,14,acyclic_ali,O=C1C=CC(=O)N1
Ac7524,Cc1c(Br)ccc([N+](=O)[O-])c1C(=O)O,260.043,14,2,benzoic,c1ccccc1
Ac7525,Cc1noc(C(=O)O)c1I,252.995,10,1,heteroaryl,c1cnoc1
Ac7527,CC(C)(C)OC(=O)c1cccnc1C(=O)O,223.228,16,2,heteroaryl,c1ccncc1
Ac7528,COc1ccc(S(=O)(=O)N2CCOCC2)cc1C(=O)O,301.32,20,4,benzoic,O=S(=O)(c1ccccc1)N1CCOCC1
Ac7529,O=C(O)/C(=C/c1ccc(Br)cc1)c1cccs1,309.184,17,3,other,C(=Cc1cccs1)c1ccccc1
Ac7532,CC(C)(C)OC(=O)N1CCCC1c1nc(C(=O)O)cs1,298.364,20,2,heteroaryl,c1csc(C2CCCN2)n1
Ac7533,CN(C)S(=O)(=O)c1cc(C(=O)O)ccc1Br,308.153,16,3,benzoic,c1ccccc1
Ac7534,CCc1ccc(-c2cc(C(=O)O)[nH]n2)cc1,216.24,16,3,heteroaryl,c1ccc(-c2cc[nH]n2)cc1
Ac7535,Cc1ccc(-c2cc(C(=O)O)[nH]n2)cc1C,216.24,16,2,heteroaryl,c1ccc(-c2cc[nH]n2)cc1
Ac7536,CCOc1ccc(-c2cc(C(=O)O)[nH]n2)cc1,232.239,17,4,heteroaryl,c1ccc(-c2cc[nH]n2)cc1
Ac7537,COc1ccc(-c2cc(C(=O)O)[nH]n2)c(OC)c1,248.238,18,4,heteroaryl,c1ccc(-c2cc[nH]n2)cc1
Ac7538,O=C(O)c1cc(-c2ccc3c(c2)OCCO3)n[nH]1,246.222,18,2,heteroaryl,c1cc(-c2ccc3c(c2)OCCO3)n[nH]1
Ac7539,Cn1nc(C(=O)O)cc1-c1ccc(F)cc1,220.203,16,2,heteroaryl,c1ccc(-c2ccn[nH]2)cc1
Ac7541,CC1(C)CC2CC(C)(CN2S(=O)(=O)c2ccc(C(=O)O)cc2)C1,337.441,23,3,benzoic,O=S(=O)(c1ccccc1)N1CC2CCCC1C2
Ac7542,O=C(O)c1cccc(CNS(=O)(=O)c2cccs2)c1,297.357,19,5,benzoic,O=S(=O)(NCc1ccccc1)c1cccs1
Ac7543,O=C(O)CSc1ncc(C(F)(F)F)cc1Cl,271.647,16,3,acyclic_ali,c1ccncc1
Ac7544,O=C(O)C1CCN(C(=O)c2ccc(F)cc2F)CC1,269.247,19,2,cyclic_ali,O=C(c1ccccc1)N1CCCCC1
Ac7545,N#Cc1c(-c2ccccc2)cc(-c2ccccc2)nc1SCCC(=O)O,360.438,26,6,acyclic_ali,c1ccc(-c2ccnc(-c3ccccc3)c2)cc1
Ac7546,CCCc1cc(=O)oc2cc(OC(C)C(=O)O)ccc12,276.288,20,5,acyclic_ali,O=c1ccc2ccccc2o1
Ac7553,CC(C)(C)OC(=O)N1CCC2(C(=O)O)CC2C1,241.287,17,1,alpha_quat,C1CC2CC2CN1
Ac7555,Cc1ccc(-c2nc(C)c(C(=O)O)s2)c(C)c1,247.319,17,2,heteroaryl,c1ccc(-c2nccs2)cc1
Ac7556,COc1cc(CC(=O)O)cc(OC)c1Br,275.098,15,4,acyclic_ali,c1ccccc1
Ac7557,Cc1c(Cl)c(C(F)(F)F)nn1C(C)C(=O)O,256.611,16,2,acyclic_ali,c1cn[nH]c1
Ac7558,O=C(O)Cc1ccc(C(F)(F)F)c(Cl)c1,238.592,15,2,acyclic_ali,c1ccccc1
Ac7559,CCC(C(=O)O)n1nc(C(F)(F)F)cc1C,236.193,16,3,acyclic_ali,c1cn[nH]c1
Ac7560,Cc1cc(C(F)(F)F)nn1C(C)C(=O)O,222.166,15,2,acyclic_ali,c1cn[nH]c1
Ac7561,O=C(O)Cc1ccc(Cl)c(OC(F)(F)F)c1,254.591,16,3,acyclic_ali,c1ccccc1
Ac7562,Cc1c(Cl)c(C(F)F)nn1CC(=O)O,224.594,14,3,acyclic_ali,c1cn[nH]c1
Ac7563,COc1ccc(C(=O)O)cc1S(=O)(=O)N(C)C,259.283,17,4,benzoic,c1ccccc1
Ac7564,O=C(O)c1ncc(Br)cc1C(F)F,252.014,13,2,heteroaryl,c1ccncc1
Ac7565,O=C(O)c1ncc(Cl)cc1C(F)(F)F,225.553,14,1,heteroaryl,c1ccncc1
Ac7566,Cc1nc(-c2c(Cl)cccc2Cl)sc1C(=O)O,288.155,17,2,heteroaryl,c1ccc(-c2nccs2)cc1
Ac7567,O=C(O)c1cnn(-c2ncc(Cl)cn2)c1,224.607,15,2,aryl_other,c1cnc(-n2cccn2)nc1
Ac7570,CN1C(=O)CC(C(=O)O)C1c1cccs1,225.269,15,2,cyclic_ali,O=C1CCC(c2cccs2)N1
Ac7571,O=C(O)COc1cc(C(F)(F)F)ccc1F,238.136,16,3,acyclic_ali,c1ccccc1
Ac7572,O=C(O)COc1cc(Br)cc(F)c1F,267.025,14,3,acyclic_ali,c1ccccc1
Ac7577,CC(C)N(CC(=O)O)S(=O)(=O)c1ccccc1,257.311,17,5,alpha_amino,c1ccccc1
Ac7579,O=C(O)c1cccnc1SCC(F)(F)F,237.202,15,3,aryl_other,c1ccncc1
Ac7580,O=C(O)c1cccnc1SC1CCCC1,223.297,15,3,aryl_other,c1ccc(SC2CCCC2)nc1
Ac7582,O=C(O)c1ccc(N2CCCCS2(=O)=O)cc1Cl,289.74,18,2,benzoic,O=S1(=O)CCCCN1c1ccccc1
Ac7583,Cc1ccccc1-c1nc(C(=O)O)cs1,219.265,15,2,heteroaryl,c1ccc(-c2nccs2)cc1
Ac7584,CC(C)(C)n1ncc(C(=O)O)c1Br,247.092,13,1,aryl_other,c1cn[nH]c1
Ac7585,O=C(O)CCc1c(F)cccc1Br,247.063,13,3,acyclic_ali,c1ccccc1
Ac7586,CCS(=O)(=O)c1ccc(Br)c(C(=O)O)c1,293.138,15,3,benzoic,c1ccccc1
Ac7587,O=C(O)c1cnn2c(C(F)F)cc(-c3ccccc3)nc12,289.241,21,3,aryl_other,c1ccc(-c2ccn3nccc3n2)cc1
Ac7588,O=C(O)c1cc(Br)ccc1C(F)F,251.026,13,2,benzoic,c1ccccc1
Ac7590,Cc1cc(C(=O)O)n(-c2cccc(C(F)(F)F)c2)n1,270.21,19,2,heteroaryl,c1ccc(-n2cccn2)cc1
Ac7591,Cc1cc(C(=O)O)n(-c2ccccc2Br)n1,281.109,16,2,heteroaryl,c1ccc(-n2cccn2)cc1
Ac7592,Cc1nn(-c2ccc(F)cc2)nc1C(=O)O,221.191,16,2,heteroaryl,c1ccc(-n2nccn2)cc1
Ac7593,O=C(O)c1nnn(-c2ccccc2Cl)c1-c1cccnc1,300.705,21,3,heteroaryl,c1ccc(-n2nncc2-c2cccnc2)cc1
Ac7594,CC(C)c1c(C(=O)O)nnn1-c1ccc(F)cc1,249.245,18,3,heteroaryl,c1ccc(-n2ccnn2)cc1
Ac7595,O=C(O)c1ccc(Cn2nccc2Br)cc1,281.109,16,3,benzoic,c1ccc(Cn2cccn2)cc1
Ac7596,CC1(C)OB(c2ccc(C(=O)O)nc2)OC1(C)C,249.075,18,2,heteroaryl,c1cncc(B2OCCO2)c1
Ac7597,Cc1c(I)cc(Cl)cc1C(=O)O,296.491,12,1,benzoic,c1ccccc1
Ac7598,O=C(O)c1ccc(F)c(S(=O)(=O)NC2CC2)c1,259.258,17,4,benzoic,O=S(=O)(NC1CC1)c1ccccc1
Ac7599,COc1ccc(Cn2nnc(C(=O)O)c2C)cc1,247.254,18,4,heteroaryl,c1ccc(Cn2ccnn2)cc1
Ac7600,CC(C)(C)OC(=O)N1CC(c2ccc(C(=O)O)cc2)C1,277.32,20,2,benzoic,c1ccc(C2CNC2)cc1
Ac7601,CC(C)(C)OC(=O)N1CCC[C@H]1Cn1cc(C(=O)O)nn1,296.327,21,3,heteroaryl,c1cn(CC2CCCN2)nn1
Ac7605,CC(=O)c1cccc(OCc2cc(C(=O)O)no2)c1,261.233,19,5,heteroaryl,c1ccc(OCc2ccno2)cc1
Ac7606,O=C(O)C1CCCN1S(=O)(=O)c1ccc(Cl)s1,295.769,17,3,alpha_amino,O=S(=O)(c1cccs1)N1CCCC1
Ac7609,CCOc1ccc(C(=O)CC(Sc2ccc(Cl)cc2)C(=O)O)cc1,364.85,24,8,acyclic_ali,O=C(CCSc1ccccc1)c1ccccc1
Ac7610,CCOc1ccccc1-c1cc(C(=O)O)c2cc(Br)ccc2n1,372.218,23,4,aryl_other,c1ccc(-c2ccc3ccccc3n2)cc1
Ac7611,COc1ccc(-c2cc(C(=O)O)c3cc(Br)ccc3n2)c(OC)c1,388.217,24,4,aryl_other,c1ccc(-c2ccc3ccccc3n2)cc1
Ac7612,Cc1ccc(S(=O)(=O)NC(C)(C)C)cc1C(=O)O,271.338,18,3,benzoic,c1ccccc1
Ac7613,O=C(O)[C@H]1CN(C(=O)OCC2c3ccccc3-c3ccccc32)C[C@@H]1c1ccccc1,413.473,31,4,cyclic_ali,O=C(OCC1c2ccccc2-c2ccccc21)N1CCC(c2ccccc2)C1
Ac7615,O=C(O)c1ccc(OC(F)F)c([N+](=O)[O-])c1,233.126,16,4,benzoic,c1ccccc1
Ac7617,COc1ccc(Cl)c(CC(=O)O)c1F,218.611,14,3,acyclic_ali,c1ccccc1
Ac7618,O=C(O)c1ccc2c(c1)CN(C(=O)OCC1c3ccccc3-c3ccccc31)CC2,399.446,30,3,benzoic,O=C(OCC1c2ccccc2-c2ccccc21)N1CCc2ccccc2C1
Ac7620,O=C(O)c1ccc(S(=O)(=O)NC2CCCC2)cc1,269.322,18,4,benzoic,O=S(=O)(NC1CCCC1)c1ccccc1
Ac7621,Cc1cc(C)nc(N2CCC(C(=O)O)CC2)n1,235.287,17,2,cyclic_ali,c1cnc(N2CCCCC2)nc1
Ac7622,O=C(O)c1ccn2nc(Br)nc2c1,242.032,13,1,aryl_other,c1ccn2ncnc2c1
Ac7623,CC(C)(C)OC(=O)N1CCC2(C(=O)O)CC12,227.26,16,1,alpha_quat,C1CC2CC2N1
Ac7624,O=C(O)C(c1ccccc1)n1sc2ccccc2c1=O,285.324,20,3,acyclic_ali,O=c1c2ccccc2sn1Cc1ccccc1
Ac7625,COc1cccc(N(CC(=O)O)S(C)(=O)=O)c1,259.283,17,5,alpha_amino,c1ccccc1
Ac7626,O=C(O)c1nnn(-c2cccc(Br)c2)c1C(F)(F)F,336.067,19,2,heteroaryl,c1ccc(-n2ccnn2)cc1
Ac7627,Cc1nn(C)c(C(F)(F)Cl)c1C(=O)O,224.594,14,2,aryl_other,c1cn[nH]c1
Ac7628,CCn1nc(C)c(C(=O)O)c1C(F)(F)F,222.166,15,2,aryl_other,c1cn[nH]c1
Ac7629,CCn1nc(C)c(C(=O)O)c1C(F)(F)Cl,238.621,15,3,aryl_other,c1cn[nH]c1
Ac7630,O=C(O)/C=C/c1ccc(Sc2ccc(Cl)cc2)c([N+](=O)[O-])c1,335.768,22,5,other,c1ccc(Sc2ccccc2)cc1
Ac7631,O=C(O)c1cnn2c(-c3ccccc3)ccnc12,239.234,18,2,aryl_other,c1ccc(-c2ccnc3ccnn23)cc1
Ac7632,CC(C)(C)OC(=O)N1C[C@@H]2C[C@@H](C[C@@H](C(=O)O)C2)C1,269.341,19,1,cyclic_ali,C1CC2CNCC(C1)C2
Ac7633,COc1ccc(OC)c(-c2cc(C(=O)O)n[nH]2)c1,248.238,18,4,heteroaryl,c1ccc(-c2ccn[nH]2)cc1
Ac7634,CCOc1ccc(OCCCC(=O)O)cc1,224.256,16,7,acyclic_ali,c1ccccc1
Ac7635,CC(C)(Oc1ccc(F)c(Br)c1)C(=O)O,277.089,15,3,acyclic_ali,c1ccccc1
Ac7636,CN(C(=O)OC(C)(C)C)c1cc(C(=O)O)n(C)n1,255.274,18,2,heteroaryl,c1cn[nH]c1
Ac7637,COCOc1cc(Br)cc(C(=O)O)c1,261.071,14,4,benzoic,c1ccccc1
Ac7639,O=C(O)/C=C/c1cc(C(F)(F)F)ccc1Cl,250.603,16,2,other,c1ccccc1
Ac7640,O=C(CC(SCc1ccc(Cl)cc1)C(=O)O)c1ccc(Cl)cc1,369.269,23,7,acyclic_ali,O=C(CCSCc1ccccc1)c1ccccc1
Ac7641,CC(C)c1ccc(C(=O)CC(Sc2ccc(Cl)cc2)C(=O)O)cc1,362.878,24,7,acyclic_ali,O=C(CCSc1ccccc1)c1ccccc1
Ac7642,O=C(O)c1ccc(Br)c(OC2COC2)c1,273.082,15,3,benzoic,c1ccc(OC2COC2)cc1
Ac7643,O=C(O)c1ccc(Br)c(OC(F)F)c1,267.025,14,3,benzoic,c1ccccc1
Ac7644,O=C(O)c1cc(I)c(Br)cc1F,344.905,12,1,benzoic,c1ccccc1
Ac7645,CCC(Oc1ccc(OC(F)(F)F)cc1)C(=O)O,264.199,18,5,acyclic_ali,c1ccccc1
Ac7646,CCC(Cc1ccc(OC(F)(F)F)cc1)C(=O)O,262.227,18,5,acyclic_ali,c1ccccc1
Ac7649,COC(=O)C1CC(C(=O)O)CN(C(=O)OCc2ccccc2)C1,321.329,23,4,cyclic_ali,O=C(OCc1ccccc1)N1CCCCC1
Ac7650,O=C(O)c1cnc(Cl)cc1I,283.452,11,1,aryl_other,c1ccncc1
Ac7651,O=C(O)C(=O)N1CCC(C(F)(F)F)CC1,225.166,15,0,other,C1CCNCC1
Ac7653,N#CCc1cc(Br)ccc1C(=O)O,240.056,13,2,benzoic,c1ccccc1
Ac7656,CS(=O)(=O)Nc1cc(C(=O)O)ccc1Cl,249.675,15,3,benzoic,c1ccccc1
Ac7658,Cn1cc(C(=O)O)c(CN2C(=O)c3ccccc3C2=O)n1,285.259,21,3,aryl_other,O=C1c2ccccc2C(=O)N1Cc1cc[nH]n1
Ac7659,Cc1cc(OC(F)(F)F)ccc1CC(=O)O,234.173,16,3,acyclic_ali,c1ccccc1
Ac7660,CCOC(=O)C(C(=O)O)c1ccccc1F,226.203,16,4,acyclic_ali,c1ccccc1
Ac7661,CN(C)S(=O)(=O)c1ccc(C(=O)O)o1,219.218,14,3,heteroaryl,c1ccoc1
Ac7663,NS(=O)(=O)c1ccc(Br)c(C(=O)O)c1,280.099,14,2,benzoic,c1ccccc1
Ac7664,Cc1nn(Cc2ccc(C(=O)O)cc2)c(C)c1[N+](=O)[O-],275.264,20,4,benzoic,c1ccc(Cn2cccn2)cc1
Ac7665,O=C(O)/C=C/c1ccc(S(=O)(=O)NCc2ccco2)cc1,307.327,21,6,other,O=S(=O)(NCc1ccco1)c1ccccc1
Ac7667,COc1ccc(-c2nc(CC(=O)O)cs2)cc1OC,279.317,19,5,acyclic_ali,c1ccc(-c2nccs2)cc1
Ac7668,CC(C)(C)OC(=O)N1CC(C(=O)O)C(F)(F)C1,251.229,17,1,cyclic_ali,C1CCNC1
Ac7669,CC(C)(C)OC(=O)N1CCC2(C=C(C(=O)O)c3ccccc3O2)CC1,345.395,25,1,other,C1=CC2(CCNCC2)Oc2ccccc21
Ac7671,O=C(O)CCCCCC#CCOC1CCCCO1,254.326,18,7,acyclic_ali,C1CCOCC1
Ac7672,O=C(O)c1ccc(-n2cccn2)c(I)c1,314.082,15,2,benzoic,c1ccc(-n2cccn2)cc1
Ac7673,CCS(=O)(=O)c1ccc(C2(C(=O)O)CC2)cc1,254.307,17,4,alpha_quat,c1ccc(C2CC2)cc1
Ac7674,CCc1ccc(I)cc1C(=O)O,276.073,12,2,benzoic,c1ccccc1
Ac7677,O=C(O)c1c(F)cc(Br)c([N+](=O)[O-])c1F,281.996,15,2,benzoic,c1ccccc1
Ac7678,O=C(O)c1ccccc1SCC1CCCO1,238.308,16,4,benzoic,c1ccc(SCC2CCCO2)cc1
Ac7679,Cc1ccc(S(=O)(=O)NC2(CC(=O)O)CCCCC2)cc1,311.403,21,5,acyclic_ali,O=S(=O)(NC1CCCCC1)c1ccccc1
Ac7681,O=C(O)c1ccccc1-c1ccc(Cn2ccnc2)cc1,278.311,21,4,benzoic,c1ccc(-c2ccc(Cn3ccnc3)cc2)cc1
Ac7682,O=C(O)C1CCCN(S(=O)(=O)N2CCCC2)C1,262.331,17,3,cyclic_ali,O=S(=O)(N1CCCCC1)N1CCCC1
Ac7683,Cc1cccc(N(CC(=O)O)S(C)(=O)=O)c1,243.284,16,4,alpha_amino,c1ccccc1
Ac7684,O=C(O)c1sccc1S(=O)(=O)N1CCCC1,261.324,16,3,heteroaryl,O=S(=O)(c1ccsc1)N1CCCC1
Ac7685,Cc1cc2c(C)nc3ccc(C(=O)O)cc3c2o1,241.246,18,1,benzoic,c1ccc2c(c1)ncc1ccoc12
Ac7686,O=C(O)c1ccc(Cn2cc(Cl)cn2)o1,226.619,15,3,heteroaryl,c1coc(Cn2cccn2)c1
Ac7687,O=C(O)C1CCN(C(=O)Cc2ccc(Cl)cc2)CC1,281.739,19,3,cyclic_ali,O=C(Cc1ccccc1)N1CCCCC1
Ac7690,O=Cc1cc(Cl)c(C(=O)O)c(Cl)c1,219.023,13,2,benzoic,c1ccccc1
Ac7692,O=C(O)c1cc(Br)c(I)cc1F,344.905,12,1,benzoic,c1ccccc1
Ac7693,O=C(O)COc1ccc(-n2cnnn2)cc1,220.188,16,4,acyclic_ali,c1ccc(-n2cnnn2)cc1
Ac7694,CCc1ncc(Br)cc1C(=O)O,230.061,12,2,aryl_other,c1ccncc1
Ac7695,O=C(O)c1c(F)cc(F)c([N+](=O)[O-])c1F,221.09,15,2,benzoic,c1ccccc1
Ac7696,O=C(O)C1(c2c(Cl)cccc2Cl)CCC1,245.105,15,2,alpha_quat,c1ccc(C2CCC2)cc1
Ac7697,COc1ccc2[nH]cc(C[C@H](NC(=O)OC(C)(C)C)C(=O)O)c2c1,334.372,24,5,alpha_amino,c1ccc2[nH]ccc2c1
Ac7698,O=C(O)CCNC(=O)/C=C/c1ccccc1F,237.23,17,5,acyclic_ali,c1ccccc1
Ac7700,O=C(O)COc1ccc(C(=O)c2ccccc2Cl)cc1,290.702,20,5,acyclic_ali,O=C(c1ccccc1)c1ccccc1
Ac7701,CC(C)(C)OC(=O)N1CCC(c2ccc(C(=O)O)c(F)c2)CC1,323.364,23,2,benzoic,c1ccc(C2CCNCC2)cc1
Ac7702,CC(C)(Cc1ccc(Br)s1)C(=O)O,263.156,13,3,alpha_quat,c1ccsc1
Ac7703,O=C(O)CNS(=O)(=O)c1ccccc1F,233.22,15,4,alpha_amino,c1ccccc1
Ac7704,O=C(O)/C=C/c1ccc(OC(F)(F)F)c(Cl)c1,266.602,17,3,other,c1ccccc1
Ac7705,O=C(O)CCc1ccc(OC(F)(F)F)c(Cl)c1,268.618,17,4,acyclic_ali,c1ccccc1
Ac7706,N#CC(CC(=O)O)c1ccc(Br)cc1,254.083,14,3,acyclic_ali,c1ccccc1
Ac7708,O=C(O)CSc1nc(-c2cccc(Cl)c2)no1,270.697,17,4,acyclic_ali,c1ccc(-c2ncon2)cc1
Ac7709,CC(CC(=O)O)c1ccc(F)c(Br)c1,261.09,14,3,acyclic_ali,c1ccccc1
Ac7710,CC(C)(C)OC(=O)N1CCC(Oc2ccccc2)(C(=O)O)CC1,321.373,23,3,cyclic_ali,c1ccc(OC2CCNCC2)cc1
Ac7711,CC1(C)OB(c2ccc(Cl)c(C(=O)O)c2)OC1(C)C,282.532,19,2,benzoic,c1ccc(B2OCCO2)cc1
Ac7713,COC(=O)c1cccc(C(F)(F)C(=O)O)c1,230.166,16,3,acyclic_ali,c1ccccc1
Ac7714,O=C(O)c1c(F)ccc(S(=O)(=O)O)c1F,238.167,15,2,benzoic,c1ccccc1
Ac7715,CC(C)(C)OC(=O)N1CCCC1c1ocnc1C(=O)O,282.296,20,2,heteroaryl,c1ncc(C2CCCN2)o1
Ac7716,CC(C)(C)OC(=O)N1CCC(c2ocnc2C(=O)O)C1,282.296,20,2,heteroaryl,c1ncc(C2CCNC2)o1
Ac7717,O=C(O)Cc1ccc(Br)cc1I,340.942,12,2,acyclic_ali,c1ccccc1
Ac7718,NS(=O)(=O)c1cc(Br)cc(C(=O)O)c1,280.099,14,2,benzoic,c1ccccc1
Ac7719,Cc1c(C(=O)O)nnn1-c1ccc(C2CC2)cc1Cl,277.711,19,3,heteroaryl,c1cn(-c2ccc(C3CC3)cc2)nn1
Ac7720,COc1ccc(Br)c(C(=O)O)c1Cl,265.49,13,2,benzoic,c1ccccc1
Ac7721,O=C(O)C1CCN(CCCc2ccccc2)CC1,247.338,18,5,cyclic_ali,c1ccc(CCCN2CCCCC2)cc1
Ac7722,O=C(O)Cc1ccc(I)c(F)c1,280.036,12,2,acyclic_ali,c1ccccc1
Ac7723,O=C(O)c1nc2ccccc2nc1C(F)(F)F,242.156,17,1,heteroaryl,c1ccc2nccnc2c1
Ac7724,CC(C)NC(=O)Nc1ccc(C(=O)O)c(O)c1,238.243,17,3,benzoic,c1ccccc1
Ac7725,CC(C)NC(=O)Nc1ccc(O)c(C(=O)O)c1,238.243,17,3,benzoic,c1ccccc1
Ac7727,O=C(O)c1sccc1S(=O)(=O)Nc1cccc2[nH]ncc12,323.355,21,4,heteroaryl,O=S(=O)(Nc1cccc2[nH]ncc12)c1ccsc1
Ac7728,CCC1CCN(C(=O)OC(C)(C)C)C1C(=O)O,243.303,17,2,alpha_amino,C1CCNC1
Ac7731,CCCCCCCCCCOc1ccc(/C=C\C(=O)O)cc1,304.43,22,12,other,c1ccccc1
Ac7732,CC(C)(C)OC(=O)N1C2CCC1CC(CC(=O)O)C2,269.341,19,2,acyclic_ali,C1CC2CCC(C1)N2
Ac7733,O=C(O)[C@@H]1CC[C@H](C(F)(F)F)N(C(=O)OCc2ccccc2)C1,331.29,23,3,cyclic_ali,O=C(OCc1ccccc1)N1CCCCC1
Ac7734,O=C(O)Cc1ccc(OCC(F)(F)F)c(F)c1,252.163,17,4,acyclic_ali,c1ccccc1
Ac7737,CC1(C)OB(c2ccc(C3(C(=O)O)CC3)cc2)OC1(C)C,288.152,21,3,alpha_quat,c1cc(C2CC2)ccc1B1OCCO1
Ac7738,CC(C)(C)OC(=O)N1CC(c2cc(C(=O)O)on2)C1,268.269,19,2,heteroaryl,c1cc(C2CNC2)no1
Ac7740,CC(C)(C)OC(=O)N1CC(c2nocc2C(=O)O)C1,268.269,19,2,aryl_other,c1cc(C2CNC2)no1
Ac7743,O=C(O)C1CCCN(C(=O)C(F)(F)F)C1,225.166,15,1,cyclic_ali,C1CCNCC1
Ac7748,N#Cc1ccc(Oc2ccc(C(=O)O)cc2)nc1,240.218,18,3,benzoic,c1ccc(Oc2ccccn2)cc1
Ac7750,O=C(O)c1cc(Br)cn2ncnc12,242.032,13,1,aryl_other,c1ccn2ncnc2c1
Ac7753,CC1(C)OB(c2ccc(C(=O)O)cc2[N+](=O)[O-])OC1(C)C,293.084,21,3,benzoic,c1ccc(B2OCCO2)cc1
Ac7754,O=C(O)C1(c2cccc(Br)c2)CCCCC1,283.165,16,2,alpha_quat,c1ccc(C2CCCCC2)cc1
Ac7756,COc1ccc(OC(F)(F)F)cc1CC(=O)O,250.172,17,4,acyclic_ali,c1ccccc1
Ac7757,CCCCOc1cccc(-c2cc(C(=O)O)c3ccccc3n2)c1,321.376,24,6,aryl_other,c1ccc(-c2ccc3ccccc3n2)cc1
Ac7758,O=C(O)c1cc2c(cc1Br)OCCO2,259.055,14,1,benzoic,c1ccc2c(c1)OCCO2
Ac7762,Cc1ccc(S(=O)(=O)OCCOCCOCCOCCC(=O)O)cc1,376.427,25,14,acyclic_ali,c1ccccc1
Ac7767,COc1c(Br)cc(F)cc1C(=O)O,249.035,13,2,benzoic,c1ccccc1
Ac7768,O=C(O)C1(c2cccc(Br)c2)CC(F)(F)C1,291.091,16,2,alpha_quat,c1ccc(C2CCC2)cc1
Ac7769,COc1ccc2cc(C(=O)O)sc2c1F,226.228,15,2,heteroaryl,c1ccc2sccc2c1
Ac7771,Cc1cc(Br)c(F)cc1C(=O)O,233.036,12,1,benzoic,c1ccccc1
Ac7772,C[Si](C)(C)C#Cc1cccc(C(=O)O)c1,218.328,15,1,benzoic,c1ccccc1
Ac7773,Cc1c(CCC(=O)O)c(=O)oc2cc3c(cc12)CCC(C)(C)O3,316.353,23,3,acyclic_ali,O=c1ccc2cc3c(cc2o1)OCCC3
Ac7774,CC(C)(C)OC(=O)N1CCCC(C(=O)O)C1c1ccccc1,305.374,22,2,cyclic_ali,c1ccc(C2CCCCN2)cc1
Ac7775,CC(C)(C)OC(=O)N1CC(F)CC(C(=O)O)C1,247.266,17,1,cyclic_ali,C1CCNCC1
Ac7776,O=C(O)Cc1cccc(Br)c1F,233.036,12,2,acyclic_ali,c1ccccc1
Ac7777,O=C(O)c1sc2cccc(F)c2c1Cl,230.647,14,1,heteroaryl,c1ccc2sccc2c1
Ac7778,Cc1c(OC(C)C(=O)O)ccc2c(-c3ccccc3)cc(=O)oc12,324.332,24,4,acyclic_ali,O=c1cc(-c2ccccc2)c2ccccc2o1
Ac7779,O=C(O)c1cnn2c(Br)cccc12,241.044,13,1,aryl_other,c1ccn2nccc2c1
Ac7780,CN(C)C(=O)COc1ccccc1C(=O)O,223.228,16,4,benzoic,c1ccccc1
Ac7781,COCCOc1cc(Br)cc(C(=O)O)c1,275.098,15,5,benzoic,c1ccccc1
Ac7782,O=C(O)c1cc(I)cc(Br)c1F,344.905,12,1,benzoic,c1ccccc1
Ac7783,O=C(O)COc1ccc(C2SCCCS2)cc1,270.375,17,4,acyclic_ali,c1ccc(C2SCCCS2)cc1
Ac7784,O=C(O)COc1ccc(Oc2ccccn2)cc1,245.234,18,5,acyclic_ali,c1ccc(Oc2ccccn2)cc1
Ac7785,O=C(O)c1c(Cl)cccc1OC(F)(F)F,240.564,15,2,benzoic,c1ccccc1
Ac7788,Cc1ccccc1CN1CCC(C(=O)O)CC1,233.311,17,3,cyclic_ali,c1ccc(CN2CCCCC2)cc1
Ac7789,Cc1c(C(=O)O)nnn1-c1ccc(F)c(F)c1,239.181,17,2,heteroaryl,c1ccc(-n2ccnn2)cc1
Ac7790,Cc1c(C(=O)O)nnn1-c1ccc(F)c(Cl)c1,255.636,17,2,heteroaryl,c1ccc(-n2ccnn2)cc1
Ac7791,COc1ccc([C@@H](C)N2C[C@H](C(=O)O)CC2=O)cc1,263.293,19,4,cyclic_ali,O=C1CCCN1Cc1ccccc1
Ac7792,COc1nc(OC)c(C(=O)O)cc1Br,262.059,14,3,aryl_other,c1ccncc1
Ac7793,O=C(O)CCc1ccc(Br)cc1Cl,263.518,13,3,acyclic_ali,c1ccccc1
Ac7794,Cc1nc(-c2cccs2)ccc1C(=O)O,219.265,15,2,aryl_other,c1ccc(-c2cccs2)nc1
Ac7795,O=C(O)C(F)(F)Oc1cccc(C(F)(F)F)c1,256.126,17,3,acyclic_ali,c1ccccc1
Ac7796,CCC(Oc1ccc(F)cc1F)C(=O)O,216.183,15,4,acyclic_ali,c1ccccc1
Ac7797,O=C(O)C(c1ccc(Br)cc1)C1CC1,255.111,14,3,acyclic_ali,c1ccc(CC2CC2)cc1
Ac7800,O=Cc1ccc(Br)c(C(=O)O)c1,229.029,12,2,benzoic,c1ccccc1
Ac7802,CCC(Cc1cccc(Br)c1)C(=O)O,257.127,14,4,acyclic_ali,c1ccccc1
Ac7803,CC(C)(C)OC(=O)N1CC2(C(=O)O)CC1CO2,243.259,17,1,cyclic_ali,C1OC2CNC1C2
Ac7804,Cc1cc(C)c2nc(-c3ccco3)cc(C(=O)O)c2c1,267.284,20,2,aryl_other,c1coc(-c2ccc3ccccc3n2)c1
Ac7806,O=C(O)c1csc2nc(-c3ccc(Cl)cc3)cn12,278.72,18,2,heteroaryl,c1ccc(-c2cn3ccsc3n2)cc1
Ac7807,O=C(O)CC(c1ccc(Cl)cc1)C(F)(F)F,252.619,16,3,acyclic_ali,c1ccccc1
Ac7808,CC(C(=O)O)c1ccc(C(F)(F)F)cc1F,236.164,16,2,acyclic_ali,c1ccccc1
Ac7809,O=C(O)C(F)(F)Cc1ccc(Br)cc1,265.053,14,3,acyclic_ali,c1ccccc1
Ac7810,CC(C)OCCOc1ccc(C(=O)O)cc1,224.256,16,6,benzoic,c1ccccc1
Ac7811,CC(C)(C)c1ccc(S(=O)(=O)NCCC(=O)O)cc1,285.365,19,5,acyclic_ali,c1ccccc1
Ac7812,Cc1csc(Sc2ccc([N+](=O)[O-])cc2C(=O)O)n1,296.329,19,4,benzoic,c1ccc(Sc2nccs2)cc1
Ac7813,O=C(O)c1cnn(-c2nc3ccccc3s2)c1,245.263,17,2,aryl_other,c1ccc2sc(-n3cccn3)nc2c1
Ac7815,CCCCn1nc(C)c(-c2cc(C(=O)O)[nH]n2)c1C,262.313,19,5,heteroaryl,c1cc(-c2cn[nH]c2)n[nH]1
Ac7816,C=C(C)Cn1nc(C)c(-c2cc(C(=O)O)[nH]n2)c1C,260.297,19,4,heteroaryl,c1cc(-c2cn[nH]c2)n[nH]1
Ac7817,Cc1c(C(=O)O)nnn1-c1cccc([N+](=O)[O-])c1,248.198,18,3,heteroaryl,c1ccc(-n2ccnn2)cc1
Ac7821,Cc1c(-c2cc(C(=O)O)c3ccccc3n2)cnn1C,267.288,20,2,aryl_other,c1ccc2nc(-c3cn[nH]c3)ccc2c1
Ac7822,CCc1ccc(-c2cc(C(=O)O)c3cc(Br)ccc3n2)cc1,356.219,22,3,aryl_other,c1ccc(-c2ccc3ccccc3n2)cc1
Ac7824,CC(C)(Oc1c(F)cccc1F)C(=O)O,216.183,15,3,acyclic_ali,c1ccccc1
Ac7825,CCCS(=O)(=O)N1CCCC1C(=O)O,221.278,14,4,alpha_amino,C1CCNC1
Ac7828,COc1ccc2oc(COc3ccc(Cl)cc3)c(C(=O)O)c2c1,332.739,23,5,aryl_other,c1ccc(OCc2cc3ccccc3o2)cc1
Ac7829,O=C(O)c1cccc2c1C(=O)N(Cc1ccncc1)C2,268.272,20,3,benzoic,O=C1c2ccccc2CN1Cc1ccncc1
Ac7833,O=C(O)c1cccc2c1C(=O)N(Cc1cccs1)C2,273.313,19,3,benzoic,O=C1c2ccccc2CN1Cc1cccs1
Ac7834,O=C(O)Cc1cccc(F)c1C(F)(F)F,222.137,15,2,acyclic_ali,c1ccccc1
Ac7835,O=C(O)c1cc(F)c([N+](=O)[O-])cc1Br,264.006,14,2,benzoic,c1ccccc1
Ac7836,O=C(O)c1cnccc1-c1ccc(F)cc1,217.199,16,2,aryl_other,c1ccc(-c2ccncc2)cc1
Ac7837,Cc1cc(=O)oc2cc(OCC(=O)O)c(Cl)cc12,268.652,18,3,acyclic_ali,O=c1ccc2ccccc2o1
Ac7838,CCCc1cc(=O)oc2cc(OCC(=O)O)c(Cl)cc12,296.706,20,5,acyclic_ali,O=c1ccc2ccccc2o1
Ac7839,Cc1c(C)c2cc(Cl)c(OCC(=O)O)cc2oc1=O,282.679,19,3,acyclic_ali,O=c1ccc2ccccc2o1
Ac7840,O=C(O)COc1ccc2cc(-c3ccc(F)cc3)c(=O)oc2c1,314.268,23,4,acyclic_ali,O=c1oc2ccccc2cc1-c1ccccc1
Ac7841,O=C(O)COc1ccc2cc(-c3ccc(Cl)cc3)c(=O)oc2c1,330.723,23,4,acyclic_ali,O=c1oc2ccccc2cc1-c1ccccc1
Ac7842,CCc1cc(=O)oc2cc(C)cc(OCC(=O)O)c12,262.261,19,4,acyclic_ali,O=c1ccc2ccccc2o1
Ac7843,CCCCc1cc(=O)oc2cc(C)cc(OCC(=O)O)c12,290.315,21,6,acyclic_ali,O=c1ccc2ccccc2o1
Ac7844,O=C(O)CCN(Cc1ccc(F)cc1)C(=O)OCC1c2ccccc2-c2ccccc21,419.452,31,7,acyclic_ali,O=C(NCc1ccccc1)OCC1c2ccccc2-c2ccccc21
Ac7845,CC(C)(CC(=O)c1cccc(F)c1)C(=O)O,224.231,16,4,alpha_quat,c1ccccc1
Ac7846,COc1ccccc1C(=O)CC(C)(C)C(=O)O,236.267,17,5,alpha_quat,c1ccccc1
Ac7847,Cc1ccc(C(=O)CC(C)(C)C(=O)O)cc1C,234.295,17,4,alpha_quat,c1ccccc1
Ac7848,Cc1cc(C)cc(C(=O)CC(C)(C)C(=O)O)c1,234.295,17,4,alpha_quat,c1ccccc1
Ac7849,CCOc1ccc(S(=O)(=O)N2CCC(c3ccccc3)CC2)cc1C(=O)O,389.473,27,6,benzoic,O=S(=O)(c1ccccc1)N1CCC(c2ccccc2)CC1
Ac7854,O=C(O)c1oc(-c2ccc([N+](=O)[O-])cc2)nc1C(F)F,284.174,20,4,heteroaryl,c1ccc(-c2ncco2)cc1
Ac7855,CC(C)(C)c1nc(C(F)F)c(C(=O)O)o1,219.187,15,2,heteroaryl,c1cocn1
Ac7856,O=C(O)c1oc(-c2ccccc2)nc1C(F)F,239.177,17,3,heteroaryl,c1ccc(-c2ncco2)cc1
Ac7857,COc1cnc(C(F)(F)F)cc1C(=O)O,221.134,15,2,aryl_other,c1ccncc1
Ac7858,O=C(O)c1ncoc1-c1ccccc1Cl,223.615,15,2,heteroaryl,c1ccc(-c2cnco2)cc1
Ac7859,O=C(O)Cn1cc(COc2ccc(F)cc2)nn1,251.217,18,5,acyclic_ali,c1ccc(OCc2c[nH]nn2)cc1
Ac7862,CC(C)(C)Sc1ccc([N+](=O)[O-])cc1C(=O)O,255.295,17,3,benzoic,c1ccccc1
Ac7863,O=C(O)CCc1ccc(Br)c(Cl)c1,263.518,13,3,acyclic_ali,c1ccccc1
Ac7864,O=C(O)c1c(Br)cccc1C(F)F,251.026,13,2,benzoic,c1ccccc1
Ac7865,CCOc1ccc(-c2cc(C(=O)O)c3cc(Br)ccc3n2)cc1,372.218,23,4,aryl_other,c1ccc(-c2ccc3ccccc3n2)cc1
Ac7867,COc1cc(C(=O)O)cnc1Br,232.033,12,2,aryl_other,c1ccncc1
Ac7868,COc1cc(C(=O)O)cnc1I,279.033,12,2,aryl_other,c1ccncc1
Ac7869,C[Si](C)(C)C#Cc1cc(C(=O)O)cc(S(=O)(=O)F)c1,300.383,19,2,benzoic,c1ccccc1
Ac7870,C[Si](C)(C)C#Cc1cc(C(=O)O)ccc1S(=O)(=O)F,300.383,19,2,benzoic,c1ccccc1
Ac7872,CCS(=O)(=O)c1ncc(Cl)c(C(=O)O)n1,250.663,15,3,heteroaryl,c1cncnc1
Ac7873,O=C(O)c1cc2cccnc2c(-c2ccccc2)c1C(F)(F)F,317.266,23,2,benzoic,c1ccc(-c2cccc3cccnc23)cc1
Ac7874,Cc1nc(-c2cccc(Cl)c2Cl)sc1C(=O)O,288.155,17,2,heteroaryl,c1ccc(-c2nccs2)cc1
Ac7875,O=C(O)c1cnc(-c2ccc(Cl)s2)s1,245.712,14,2,heteroaryl,c1csc(-c2nccs2)c1
Ac7878,CC(C)(C)OC(=O)N1CCC(C23CC(C(=O)O)(C2)C3)CC1,295.379,21,2,alpha_quat,C1CC(C23CC(C2)C3)CCN1
Ac7879,Cc1cccc(-c2nc(CN3CCC(C(=O)O)CC3)c(C)o2)c1,314.385,23,4,cyclic_ali,c1ccc(-c2nc(CN3CCCCC3)co2)cc1
Ac7883,O=C(O)c1ccc(-n2cc(Br)cn2)cc1,267.082,15,2,benzoic,c1ccc(-n2cccn2)cc1
Ac7886,COC(=O)c1cccc(CSc2ncccc2C(=O)O)c1,303.339,21,5,aryl_other,c1ccc(CSc2ccccn2)cc1
Ac7887,O=C(O)COCc1nc(-c2ccccc2)no1,234.211,17,5,acyclic_ali,c1ccc(-c2ncon2)cc1
Ac7888,COc1cccc2cc(-c3ccc(OCC(=O)O)cc3)c(=O)oc12,326.304,24,5,acyclic_ali,O=c1oc2ccccc2cc1-c1ccccc1
Ac7892,Cc1sc(C2CCN(C(=O)OC(C)(C)C)CC2)nc1CC(=O)O,340.445,23,3,acyclic_ali,c1csc(C2CCNCC2)n1
Ac7893,Cc1nn(-c2ccccc2Br)c(C)c1C(=O)O,295.136,17,2,aryl_other,c1ccc(-n2cccn2)cc1
Ac7894,Cc1ccccc1-n1ncc(C(=O)O)c1C,216.24,16,2,aryl_other,c1ccc(-n2cccn2)cc1
Ac7895,COc1cc(S(=O)(=O)N2CCOCC2)cc(C(=O)O)c1OC,331.346,22,5,benzoic,O=S(=O)(c1ccccc1)N1CCOCC1
Ac7896,CCC(Cc1ccc(C(F)(F)F)cc1)C(=O)O,246.228,17,4,acyclic_ali,c1ccccc1
Ac7897,COc1cc(C(=O)O)ccc1OC(F)(F)F,236.145,16,3,benzoic,c1ccccc1
Ac7898,Cc1cc(C(=O)O)cc(C(F)(F)F)c1F,222.137,15,1,benzoic,c1ccccc1
Ac7901,Cc1nc(N2CCN(C)CC2)ncc1C(=O)O,236.275,17,2,aryl_other,c1cnc(N2CCNCC2)nc1
Ac7902,Cc1cc(C(C)(C)C)ccc1Oc1ccc(C(=O)O)cn1,285.343,21,3,aryl_other,c1ccc(Oc2ccccn2)cc1
Ac7906,COC(C(=O)O)c1ccccc1Br,245.072,13,3,acyclic_ali,c1ccccc1
Ac7907,O=C(O)C1CCN(C(=O)c2ccccc2)C1,219.24,16,2,cyclic_ali,O=C(c1ccccc1)N1CCCC1
Ac7908,CC(C)(C(=O)O)c1ccc2c(c1)OCCO2,222.24,16,2,alpha_quat,c1ccc2c(c1)OCCO2
Ac7909,O=C(O)C1(c2ccc(OC(F)(F)F)cc2)CCC1,260.211,18,3,alpha_quat,c1ccc(C2CCC2)cc1
Ac7910,CCS(=O)(=O)c1ccc(Cl)cc1C(=O)O,248.687,15,3,benzoic,c1ccccc1
Ac7911,Cc1cc(Br)c(C(=O)O)cn1,216.034,11,1,aryl_other,c1ccncc1
Ac7914,O=C(O)c1cccc(S(=O)(=O)Nc2ccccn2)c1,278.289,19,4,benzoic,O=S(=O)(Nc1ccccn1)c1ccccc1
Ac7915,O=C(O)CCc1cccnc1Br,230.061,12,3,acyclic_ali,c1ccncc1
Ac7916,COc1ccc(C2(C(=O)O)CC(=O)C2)cc1,220.224,16,3,alpha_quat,O=C1CC(c2ccccc2)C1
Ac7918,O=C(O)C1CN(C(=O)OCc2ccccc2)CC12CC2,275.304,20,3,cyclic_ali,O=C(OCc1ccccc1)N1CCC2(CC2)C1
Ac7921,O=C(O)CCn1cnc2sc3c(c2c1=O)CCCC3,278.333,19,3,acyclic_ali,O=c1[nH]cnc2sc3c(c12)CCCC3
Ac7923,O=C(O)CCN1C(=O)C2C3C=CC(C3)C2C1=O,235.239,17,3,acyclic_ali,O=C1NC(=O)C2C3C=CC(C3)C12
Ac7924,O=C(O)c1cn(-c2ccccc2)nc1-c1ccc(Cl)s1,304.758,20,3,aryl_other,c1ccc(-n2ccc(-c3cccs3)n2)cc1
Ac7926,Cc1ccc(C(=O)CC(C)(C)CC(=O)O)cc1,234.295,17,5,acyclic_ali,c1ccccc1
Ac7927,O=C(O)c1nc(Br)ccc1Br,280.903,11,1,heteroaryl,c1ccncc1
Ac7929,CC(C)(C)OC(=O)N1CCc2cc(CCC(=O)O)ccc2C1,305.374,22,3,acyclic_ali,c1ccc2c(c1)CCNC2
Ac7931,O=C(O)c1cnn(-c2cccc(Br)c2)c1C(F)(F)F,335.079,19,2,aryl_other,c1ccc(-n2cccn2)cc1
Ac7932,Cn1ncc(Br)c1CCC(=O)O,233.065,12,3,acyclic_ali,c1cn[nH]c1
Ac7933,Cn1cc(-c2cnc3ccc(C(=O)O)cc3c2)cn1,253.261,19,2,benzoic,c1ccc2ncc(-c3cn[nH]c3)cc2c1
Ac7935,Cc1ccc(-c2cc(C(=O)O)c3cccc(Cl)c3n2)cc1,297.741,21,2,aryl_other,c1ccc(-c2ccc3ccccc3n2)cc1
Ac7936,O=C(O)CNS(=O)(=O)c1cccc(Cl)c1,249.675,15,4,alpha_amino,c1ccccc1
Ac7937,CCOc1c(Cl)cc(C(=O)O)cc1OC,230.647,15,4,benzoic,c1ccccc1
Ac7938,CC1(C)CC(=O)c2cc(C(=O)O)c(=O)oc2C1,236.223,17,1,aryl_other,O=C1CCCc2oc(=O)ccc21
Ac7939,O=C(O)c1cc2cncc(Br)c2s1,258.096,13,1,heteroaryl,c1cc2sccc2cn1
Ac7940,Cc1ccc(Cl)c(C(=O)O)c1Br,249.491,12,1,benzoic,c1ccccc1
Ac7941,O=C(O)c1cccc(Br)c1C(F)(F)F,269.016,14,1,benzoic,c1ccccc1
Ac7942,O=C(O)CCCc1nc(-c2ccccn2)no1,233.227,17,5,acyclic_ali,c1ccc(-c2ncon2)nc1
Ac7943,CC(C)n1ncc2c(C(=O)O)cc(-c3ccco3)nc21,271.276,20,3,aryl_other,c1coc(-c2ccc3cn[nH]c3n2)c1
Ac7944,CC(C)(C)OC(=O)N1CC[C@H]2OCC[C@@]2(C(=O)O)C1,271.313,19,1,alpha_quat,C1CC2OCCC2CN1
Ac7945,O=C(O)c1cn(-c2ccccc2Br)nn1,268.07,15,2,heteroaryl,c1ccc(-n2ccnn2)cc1
Ac7946,O=C(O)c1cn(-c2cccc(Br)c2)nn1,268.07,15,2,heteroaryl,c1ccc(-n2ccnn2)cc1
Ac7947,O=C(O)CCc1sccc1Br,235.102,11,3,acyclic_ali,c1ccsc1
Ac7948,COCCOc1nc(C)c(C(=O)O)s1,217.246,14,5,heteroaryl,c1cscn1
Ac7952,CS(=O)CCC(NS(=O)(=O)c1ccccc1)C(=O)O,305.377,19,7,alpha_amino,c1ccccc1
Ac7953,Cc1cc(CSc2ncncc2C(=O)O)on1,251.267,17,4,aryl_other,c1cc(SCc2ccno2)ncn1
Ac7954,Cc1cc(CSc2nc(C)cc(C)c2C(=O)O)on1,278.333,19,4,aryl_other,c1ccc(SCc2ccno2)nc1
Ac7955,Cc1cc(CSc2ncccc2C(=O)O)on1,250.279,17,4,aryl_other,c1ccc(SCc2ccno2)nc1
Ac7957,O=C(O)C1CCN(C(=O)c2cccc(Cl)c2)CC1,267.712,18,2,cyclic_ali,O=C(c1ccccc1)N1CCCCC1
Ac7958,O=C(O)C1CCN(C(=O)c2ccc(Cl)s2)CC1,273.741,17,2,cyclic_ali,O=C(c1cccs1)N1CCCCC1
Ac7960,Cc1nn(C)c(Br)c1C(=O)O,219.038,11,1,aryl_other,c1cn[nH]c1
Ac7961,CC(C)(C)OC(=O)N1CCC(n2cc(C(=O)O)nn2)C1,282.3,20,2,heteroaryl,c1cn(C2CCNC2)nn1
Ac7962,CC(C)(C)OC(=O)N1CCCC(n2cc(C(=O)O)nn2)C1,296.327,21,2,heteroaryl,c1cn(C2CCCNC2)nn1
Ac7964,COc1cc(Br)c(F)cc1C(=O)O,249.035,13,2,benzoic,c1ccccc1
Ac7965,COc1cccc(-c2cc(C(=O)O)c3cc(Cl)ccc3n2)c1,313.74,22,3,aryl_other,c1ccc(-c2ccc3ccccc3n2)cc1
Ac7966,Cc1sc(Br)cc1CC(=O)O,235.102,11,2,acyclic_ali,c1ccsc1
Ac7968,CC(C)c1ccc2nc(-c3ccccn3)cc(C(=O)O)c2c1,292.338,22,3,aryl_other,c1ccc(-c2ccc3ccccc3n2)nc1
Ac7969,O=C(O)c1cc(-c2ccccn2)nc2ccc(F)cc12,268.247,20,2,aryl_other,c1ccc(-c2ccc3ccccc3n2)nc1
Ac7973,Cc1ccc(SCc2ccc(C(=O)O)o2)cc1,248.303,17,4,heteroaryl,c1ccc(SCc2ccco2)cc1
Ac7976,O=C(O)c1ccc(-c2cc(Cl)ccc2Cl)s1,273.14,16,2,heteroaryl,c1ccc(-c2cccs2)cc1
Ac7977,Cc1ccc2nc(-c3ccccn3)cc(C(=O)O)c2c1,264.284,20,2,aryl_other,c1ccc(-c2ccc3ccccc3n2)nc1
Ac7978,COc1cc2ncn(CCC(=O)O)c(=O)c2cc1OC,278.264,20,5,acyclic_ali,O=c1[nH]cnc2ccccc12
Ac7979,COC(CC(=O)O)c1nc2ccccc2s1,237.28,16,4,acyclic_ali,c1ccc2scnc2c1
Ac7980,CCn1cc(C(=O)O)c(-c2ccccc2)n1,216.24,16,3,aryl_other,c1ccc(-c2cc[nH]n2)cc1
Ac7981,Cc1nc(Cc2ccccn2)sc1C(=O)O,234.28,16,3,heteroaryl,c1ccc(Cc2nccs2)nc1
Ac7983,Cc1cc(Cl)c(Br)cc1C(=O)O,249.491,12,1,benzoic,c1ccccc1
Ac7984,O=C(O)CCc1nc(-c2cnccn2)no1,220.188,16,4,acyclic_ali,c1cnc(-c2ncon2)cn1
Ac7985,O=C(O)c1ccc(S(=O)(=O)NC2CC2)cc1,241.268,16,4,benzoic,O=S(=O)(NC1CC1)c1ccccc1
Ac7986,O=C(O)COCCOCCN1C(=O)C=CC1=O,243.215,17,8,acyclic_ali,O=C1C=CC(=O)N1
Ac7988,O=C(O)/C=C/c1ccc(-c2ccccc2Cl)s1,264.733,17,3,other,c1ccc(-c2cccs2)cc1
Ac7989,O=C(O)Cc1cc(Br)ccn1,216.034,11,2,acyclic_ali,c1ccncc1
Ac7991,Cc1c(C)c2ccc(OC(C)C(=O)O)cc2oc1=O,262.261,19,3,acyclic_ali,O=c1ccc2ccccc2o1
Ac7992,O=C(O)COc1ccc2oc3ccccc3c2c1,242.23,18,3,acyclic_ali,c1ccc2c(c1)oc1ccccc12
Ac7993,CC(C)(C)OC(=O)N1CC(C(=O)O)C(c2cccc(Cl)c2)C1,325.792,22,2,cyclic_ali,c1ccc(C2CCNC2)cc1
Ac7994,CCc1c(C(=O)O)cnn1-c1ccccn1,217.228,16,3,aryl_other,c1ccc(-n2cccn2)nc1
Ac7995,CC(C)c1c(C(=O)O)cnn1-c1ccccn1,231.255,17,3,aryl_other,c1ccc(-n2cccn2)nc1
Ac7996,CC(C)Cc1ccc(-c2cc(C(=O)O)c3ccccc3n2)cc1,305.377,23,4,aryl_other,c1ccc(-c2ccc3ccccc3n2)cc1
Ac7998,Cc1nc(N2CCN(C(=O)OC(C)(C)C)CC2)sc1C(=O)O,327.406,22,2,heteroaryl,c1csc(N2CCNCC2)n1
Ac7999,COc1cc(Br)cc(C(=O)O)c1F,249.035,13,2,benzoic,c1ccccc1
Ac8000,Cc1ccc(Sc2ncccc2C(=O)O)c(C)c1,259.33,18,3,aryl_other,c1ccc(Sc2ccccn2)cc1
Ac8002,CCc1ccc2c(Cl)c(C(=O)O)sc2c1,240.711,15,2,heteroaryl,c1ccc2sccc2c1
Ac8006,O=C(O)c1cc(F)cc(CBr)c1,233.036,12,2,benzoic,c1ccccc1
Ac8007,CCc1ccc(-c2nc(C(=O)O)cs2)cc1,233.292,16,3,heteroaryl,c1ccc(-c2nccs2)cc1
Ac8008,O=C(O)c1csc(-c2cc(Cl)cc(Cl)c2)n1,274.128,16,2,heteroaryl,c1ccc(-c2nccs2)cc1
Ac8009,O=C(O)c1csc(-c2cccc(F)c2)n1,223.228,15,2,heteroaryl,c1ccc(-c2nccs2)cc1
Ac8010,O=C(O)c1csc(-c2cccc(Br)c2)n1,284.134,15,2,heteroaryl,c1ccc(-c2nccs2)cc1
Ac8011,CC(C)S(=O)(=O)c1ccc(F)c(C(=O)O)c1,246.259,16,3,benzoic,c1ccccc1
Ac8012,CCCCCCCCCCC/C=C/c1ccc(C(=O)O)cc1,302.458,22,12,benzoic,c1ccccc1
Ac8013,COc1cc(F)c(S(=O)(=O)Cl)cc1C(=O)O,268.649,16,3,benzoic,c1ccccc1
Ac8014,O=C(O)c1ccc(NS(=O)(=O)c2ccc(Cl)s2)cc1,317.775,19,4,benzoic,O=S(=O)(Nc1ccccc1)c1cccs1
Ac8015,CCCc1c(C(=O)O)nnn1-c1ccc(C(C)(C)C)cc1,287.363,21,4,heteroaryl,c1ccc(-n2ccnn2)cc1
Ac8016,O=C(O)c1cc([N+](=O)[O-])cc(Cl)c1Br,280.461,14,2,benzoic,c1ccccc1
Ac8017,Cc1ccc([N+](=O)[O-])c(C(=O)O)c1Br,260.043,14,2,benzoic,c1ccccc1
Ac8018,Cc1ccc(C(F)(F)F)c(CC(=O)O)c1,218.174,15,2,acyclic_ali,c1ccccc1
Ac8019,CCS(=O)(=O)N1CCC(CC(=O)O)CC1,235.305,15,4,acyclic_ali,C1CCNCC1
Ac8021,O=C(O)[C@H]1CCCC[C@@H]1N1C(=O)c2cc3ccccc3cc2C1=O,323.348,24,2,cyclic_ali,O=C1c2cc3ccccc3cc2C(=O)N1C1CCCCC1
Ac8022,CC(C)(C(=O)O)c1ccc([N+](=O)[O-])cc1F,227.191,16,3,alpha_quat,c1ccccc1
Ac8024,O=C(O)c1cc(F)nc(Br)c1,219.997,11,1,aryl_other,c1ccncc1
Ac8026,Cc1nn(-c2cccc(C(=O)O)c2)c(C)c1Cl,250.685,17,2,benzoic,c1ccc(-n2cccn2)cc1
Ac8027,CCC1CN(C(=O)OC(C)(C)C)CC1C(=O)O,243.303,17,2,cyclic_ali,C1CCNC1
Ac8028,COc1ccc(/C=C2\SC(=O)N(CCCC(=O)O)C2=O)cc1,321.354,22,6,acyclic_ali,O=C1NC(=O)C(=Cc2ccccc2)S1
Ac8029,CC(C)(C)OC(=O)N1CC2CC1(CCC(=O)O)C2,255.314,18,3,acyclic_ali,C1NC2CC1C2
Ac8030,COc1cc(C(=O)O)ccc1OCCC(C)C,238.283,17,6,benzoic,c1ccccc1
Ac8031,O=C(O)C1(CCCc2ccccc2)CCCCC1,246.35,18,5,alpha_quat,c1ccc(CCCC2CCCCC2)cc1
Ac8032,CC(C)(C)OC(=O)N(C(=O)OC(C)(C)C)c1ncc(C(=O)O)cn1,339.348,24,2,aryl_other,c1cncnc1
Ac8033,Cc1sc2ncc(C(=O)O)c(=O)n2c1C,224.241,15,1,aryl_other,O=c1ccnc2sccn12
Ac8037,CC(C)(C)OC(=O)N1CCCC2(C(=O)O)CC2C1,255.314,18,1,alpha_quat,C1CNCC2CC2C1
Ac8039,CCCCS(=O)(=O)N1CCCC1C(=O)O,235.305,15,5,alpha_amino,C1CCNC1
Ac8040,CC(=O)c1cccc(OCCCC(=O)O)c1,222.24,16,6,acyclic_ali,c1ccccc1
Ac8042,O=Cc1cc(Cl)cc(Br)c1OCC(=O)O,293.5,15,4,acyclic_ali,c1ccccc1
Ac8043,CC(=O)c1cnc2cc(C(=O)O)nn2c1C,219.2,16,2,heteroaryl,c1cnc2ccnn2c1
Ac8044,CC(=O)c1ccc(S(=O)(=O)NCCC(=O)O)cc1,271.294,18,6,acyclic_ali,c1ccccc1
Ac8045,CC(=O)c1cccc(S(=O)(=O)NCCC(=O)O)c1,271.294,18,6,acyclic_ali,c1ccccc1
Ac8046,COc1cc(C=O)cc(Cl)c1OC(C)C(=O)O,258.657,17,5,acyclic_ali,c1ccccc1
Ac8048,Cc1ccc(Cn2nc(C)c(C=O)c2SCC(=O)O)cc1,304.371,21,6,acyclic_ali,c1ccc(Cn2cccn2)cc1
Ac8049,COc1cc(C=O)cc(Cl)c1OCC(=O)O,244.63,16,5,acyclic_ali,c1ccccc1
Ac8051,COc1cc(C(C)=O)ccc1OCCC(=O)O,238.239,17,6,acyclic_ali,c1ccccc1
Ac8055,CCOc1cc(C=O)cc([N+](=O)[O-])c1OC(C)C(=O)O,283.236,20,7,acyclic_ali,c1ccccc1
Ac8056,COc1cc(C(C)=O)ccc1SCC(=O)O,240.28,16,5,acyclic_ali,c1ccccc1
Ac8059,COc1cc([N+](=O)[O-])cc(C=O)c1OC(C)C(=O)O,269.209,19,6,acyclic_ali,c1ccccc1
Ac8060,CC(Oc1c(Cl)cc(C=O)cc1Cl)C(=O)O,263.076,16,4,acyclic_ali,c1ccccc1
Ac8061,CC(=O)c1ccc(S(=O)(=O)N[C@@H](C)C(=O)O)cc1,271.294,18,5,alpha_amino,c1ccccc1
Ac8063,O=Cc1ccc(S(=O)(=O)NCC(=O)O)cc1,243.24,16,5,alpha_amino,c1ccccc1
Ac8070,COc1cc(C=O)cc(OC)c1OC(C)C(=O)O,254.238,18,6,acyclic_ali,c1ccccc1
Ac8072,CC(=O)c1cnc2sc(C(=O)O)c(C)c2c1,235.264,16,2,heteroaryl,c1cnc2sccc2c1
Ac8075,CC(=O)c1cc(C#N)c(SCC(=O)O)nc1C,250.279,17,4,acyclic_ali,c1ccncc1
Ac8077,COc1cc(C=O)cc(Br)c1OCC(=O)O,289.081,16,5,acyclic_ali,c1ccccc1
Ac8078,CC(=O)c1ccc(S(=O)(=O)NCC(=O)O)cc1,257.267,17,5,alpha_amino,c1ccccc1
Ac8080,CC(=O)c1cnc(SCC(=O)O)nc1C,226.257,15,4,acyclic_ali,c1cncnc1
Ac8081,CC(Oc1ccc(C=O)cc1Br)C(=O)O,273.082,15,4,acyclic_ali,c1ccccc1
Ac8082,COc1ccc(C(C)=O)cc1CSCC(=O)O,254.307,17,6,acyclic_ali,c1ccccc1
Ac8085,CC(=O)c1cc(Cl)ccc1OC(C)C(=O)O,242.658,16,4,acyclic_ali,c1ccccc1
Ac8088,CCOc1cc(C=O)cc(Cl)c1OC(C)C(=O)O,272.684,18,6,acyclic_ali,c1ccccc1
Ac8089,CC(=O)c1cccc(S(=O)(=O)NCC(=O)O)c1,257.267,17,5,alpha_amino,c1ccccc1
Ac8091,CC(=O)c1ccc(SCC(=O)O)c(F)c1,228.244,15,4,acyclic_ali,c1ccccc1
Ac8093,COc1cc(C=O)c(Cl)cc1OCC(=O)O,244.63,16,5,acyclic_ali,c1ccccc1
Ac8094,CC(Oc1ccc(C=O)cc1Cl)C(=O)O,228.631,15,4,acyclic_ali,c1ccccc1
Ac8095,Cc1nn(Cc2ccccc2Cl)c(SCC(=O)O)c1C=O,324.789,21,6,acyclic_ali,c1ccc(Cn2cccn2)cc1
Ac8097,CC(=O)CCc1ccc(OC(C)C(=O)O)cc1,236.267,17,6,acyclic_ali,c1ccccc1
Ac8101,COc1cc(Cl)cc(C=O)c1OC(C)C(=O)O,258.657,17,5,acyclic_ali,c1ccccc1
Ac8102,COc1cc(Cl)cc(C=O)c1OCC(=O)O,244.63,16,5,acyclic_ali,c1ccccc1
Ac8103,O=C(O)c1ccnc2cc(Br)sc12,258.096,13,1,aryl_other,c1cnc2ccsc2c1
Ac8107,O=C(O)c1ccc(CN2CCCC2=O)cc1,219.24,16,3,benzoic,O=C1CCCN1Cc1ccccc1
Ac8108,O=C(O)Cc1ccc(S(=O)(=O)Cl)c([N+](=O)[O-])c1,279.657,17,4,acyclic_ali,c1ccccc1
Ac8109,O=C(O)c1cccc(S(=O)(=O)Cl)c1[N+](=O)[O-],265.63,16,3,benzoic,c1ccccc1
Ac8110,Cc1cc(C)c2c(C)c(C(=O)O)sc2n1,221.281,15,1,heteroaryl,c1cnc2sccc2c1
Ac8111,O=C(O)Cc1c(F)cc(Br)cc1[N+](=O)[O-],278.033,15,3,acyclic_ali,c1ccccc1
Ac8115,O=C(O)c1cc(Cl)c(C(F)(F)F)cn1,225.553,14,1,heteroaryl,c1ccncc1
Ac8121,C[C@@H]1CN(C(=O)OCc2ccccc2)C[C@H]1C(=O)O,263.293,19,3,cyclic_ali,O=C(OCc1ccccc1)N1CCCC1
Ac8123,Cc1cc(C)nc(N2CCCC(C(=O)O)C2)n1,235.287,17,2,cyclic_ali,c1cnc(N2CCCCC2)nc1
Ac8124,Cc1cnc2n(c1=O)C(CC(=O)O)CS2,226.257,15,2,acyclic_ali,O=c1ccnc2n1CCS2
Ac8125,Cc1onc(C(=O)O)c1Cn1cc(Cl)cn1,241.634,16,3,heteroaryl,c1cnn(Cc2cnoc2)c1
Ac8126,Cc1oc(S(=O)(=O)N2CCCC2)cc1C(=O)O,259.283,17,3,aryl_other,O=S(=O)(c1ccco1)N1CCCC1
Ac8127,O=C(O)c1c(Cl)ccnc1Br,236.452,11,1,aryl_other,c1ccncc1
Ac8128,O=C(O)c1ccc2oc(C(=O)c3ccccc3)cc2c1,266.252,20,3,benzoic,O=C(c1ccccc1)c1cc2ccccc2o1
Ac8131,O=C(O)CCC(=O)c1cc(F)c(F)c(F)c1,232.157,16,4,acyclic_ali,c1ccccc1
Ac8132,CCN(CC)S(=O)(=O)c1ccc(/C=C/C(=O)O)cc1,283.349,19,6,other,c1ccccc1
Ac8133,O=C(O)CNS(=O)(=O)c1cccc2nsnc12,273.295,17,4,alpha_amino,c1ccc2nsnc2c1
Ac8134,O=C(O)CCN1C(=O)C2CC=CCC2C1=O,223.228,16,3,acyclic_ali,O=C1NC(=O)C2CC=CCC12
Ac8135,Cn1nc(C(=O)O)c2c1CCN(C(=O)OC(C)(C)C)C2,281.312,20,1,heteroaryl,c1n[nH]c2c1CNCC2
Ac8137,O=C(O)c1cc(Br)ncc1Cl,236.452,11,1,aryl_other,c1ccncc1
Ac8138,O=C(O)CCc1nccn1C(c1ccccc1)(c1ccccc1)c1ccccc1,382.463,29,7,acyclic_ali,c1ccc(C(c2ccccc2)(c2ccccc2)n2ccnc2)cc1
Ac8140,CCN(CC)C(=O)Oc1ccc(C(=O)O)cc1,237.255,17,4,benzoic,c1ccccc1
Ac8142,O=C(O)c1ccc(Br)c(Br)n1,280.903,11,1,heteroaryl,c1ccncc1
Ac8143,CCCCSCc1cc(C(=O)O)oc1C,228.313,15,6,heteroaryl,c1ccoc1
Ac8144,Cc1ccc(C(=O)O)c(F)c1Br,233.036,12,1,benzoic,c1ccccc1
Ac8145,COc1ncc(I)cc1C(=O)O,279.033,12,2,aryl_other,c1ccncc1
Ac8146,O=C(O)C1CC2CCC(C1)N2C(=O)OCc1ccccc1,289.331,21,3,cyclic_ali,O=C(OCc1ccccc1)N1C2CCCC1CC2
Ac8147,O=C(O)C1CCN(C(=O)OCC(F)(F)F)CC1,255.192,17,2,cyclic_ali,C1CCNCC1
Ac8148,O=C(O)COc1ccc(C(F)(F)F)cn1,221.134,15,3,acyclic_ali,c1ccncc1
Ac8149,CC(CS(=O)(=O)c1ccc(Br)cc1)C(=O)O,307.165,16,4,acyclic_ali,c1ccccc1
Ac8150,COc1ccc(S(=O)(=O)CC(C)C(=O)O)cc1,258.295,17,5,acyclic_ali,c1ccccc1
Ac8151,CCc1c(Br)cc(C(=O)O)cc1Br,307.969,13,2,benzoic,c1ccccc1
Ac8152,O=C(O)c1cc([N+](=O)[O-])c(Cl)c(C(F)(F)F)c1,269.562,17,2,benzoic,c1ccccc1
Ac8153,COc1ccc(C(F)(F)F)nc1C(=O)O,221.134,15,2,heteroaryl,c1ccncc1
Ac8154,CC(C)(C)OC(=O)N1CC(C2CC(C(=O)O)C2)C1,255.314,18,2,cyclic_ali,C1CC(C2CNC2)C1
Ac8155,CN1CCN(c2cc(C(=O)O)ccn2)CC1,221.26,16,2,aryl_other,c1ccc(N2CCNCC2)nc1
Ac8156,O=C(O)C1C2C=CC3(CN(Cc4ccc(F)cc4)C(=O)C13)O2,303.289,22,3,cyclic_ali,O=C1C2CC3C=CC2(CN1Cc1ccccc1)O3
Ac8157,O=C(O)C1C2C=CC3(CN(C4CCCCC4)C(=O)C13)O2,277.32,20,2,cyclic_ali,O=C1C2CC3C=CC2(CN1C1CCCCC1)O3
Ac8158,COc1cc(Br)ncc1C(=O)O,232.033,12,2,aryl_other,c1ccncc1
Ac8163,N#Cc1cccc(OCCCCC(=O)O)c1,219.24,16,6,acyclic_ali,c1ccccc1
Ac8165,O=C(O)Cc1cccc(C(F)(F)F)c1F,222.137,15,2,acyclic_ali,c1ccccc1
Ac8168,O=C(O)c1ccnc(-c2ccc(Cl)cc2)n1,234.642,16,2,heteroaryl,c1ccc(-c2ncccn2)cc1
Ac8169,Cc1cc(C(=O)O)nc(-c2ccc(Cl)cc2)n1,248.669,17,2,heteroaryl,c1ccc(-c2ncccn2)cc1
Ac8170,CC(C)(C)OC(=O)N1CC(n2ccc(C(=O)O)n2)C1,267.285,19,2,heteroaryl,c1cnn(C2CNC2)c1
Ac8171,O=C(O)C1(c2ccc3c(c2)OCCO3)CCCC1,248.278,18,2,alpha_quat,c1cc2c(cc1C1CCCC1)OCCO2
Ac8172,O=C(O)C12CC3CC(C1)CC(n1cncn1)(C3)C2,247.298,18,2,alpha_quat,c1ncn(C23CC4CC(CC(C4)C2)C3)n1
Ac8173,O=C(O)c1ccc(B(O)O)c(Cl)c1Cl,234.831,14,2,benzoic,c1ccccc1
Ac8174,O=C(O)Cc1ncc(C(F)(F)F)cc1Cl,239.58,15,2,acyclic_ali,c1ccncc1
Ac8175,O=C(O)c1ccc(-c2cccc([N+](=O)[O-])c2)s1,249.247,17,3,heteroaryl,c1ccc(-c2cccs2)cc1
Ac8176,O=C(CCl)Nc1cc2ccccc2cc1C(=O)O,263.68,18,3,benzoic,c1ccc2ccccc2c1
Ac8178,O=C(O)C1CN(C(=O)c2cc(-c3ccccc3)on2)c2ccccc21,334.331,25,3,cyclic_ali,O=C(c1cc(-c2ccccc2)on1)N1CCc2ccccc21
Ac8179,COc1ccccc1-c1cc(C(=O)N2CC(C(=O)O)c3ccccc32)no1,364.357,27,4,cyclic_ali,O=C(c1cc(-c2ccccc2)on1)N1CCc2ccccc21
Ac8180,O=C(O)C1CN(C(=O)c2cc(-c3cccc(Cl)c3)on2)c2ccccc21,368.776,26,3,cyclic_ali,O=C(c1cc(-c2ccccc2)on1)N1CCc2ccccc21
Ac8183,CCc1ccc(-n2cc(C(=O)O)nn2)cc1,217.228,16,3,heteroaryl,c1ccc(-n2ccnn2)cc1
Ac8185,O=C(O)c1cc2c(Cl)nc(Cl)nc2[nH]1,232.026,14,1,heteroaryl,c1ncc2cc[nH]c2n1
Ac8186,O=C(O)C1Cc2ccccc2N1S(=O)(=O)c1ccc2ccccc2c1,353.399,25,3,alpha_amino,O=S(=O)(c1ccc2ccccc2c1)N1CCc2ccccc21
Ac8187,O=C(O)c1c(Cl)c(O)cc(O)c1Cl,223.011,13,1,benzoic,c1ccccc1
Ac8189,O=C(O)c1cc(Br)cc2[nH]ccc12,240.056,13,1,benzoic,c1ccc2[nH]ccc2c1
Ac8190,CCc1ccc(-c2cc(C(=O)O)c3cccc(C)c3n2)s1,297.379,21,3,aryl_other,c1csc(-c2ccc3ccccc3n2)c1
Ac8192,CC(C)(C)c1ccnc2c(C(=O)O)cnn12,219.244,16,1,aryl_other,c1cnc2ccnn2c1
Ac8194,O=C(Nc1sc2c(c1C(=O)O)CCC2)c1ccccc1,287.34,20,3,aryl_other,O=C(Nc1cc2c(s1)CCC2)c1ccccc1
Ac8195,O=C(O)CCc1cn(-c2ccccc2)nc1-c1ccc2c(c1)OCO2,336.347,25,5,acyclic_ali,c1ccc(-n2ccc(-c3ccc4c(c3)OCO4)n2)cc1
Ac8196,COCCOc1cccc(/C=C/C(=O)O)c1,222.24,16,6,other,c1ccccc1
Ac8197,CC(C)(C)OC(=O)N1C[C@@H](O)CC1C(=O)O,231.248,16,1,alpha_amino,C1CCNC1
Ac8198,O=C(O)C12CC3CC(C1)CC(n1ncnn1)(C3)C2,248.286,18,2,alpha_quat,c1nnn(C23CC4CC(CC(C4)C2)C3)n1
Ac8199,Cc1nnn(C23CC4CC(CC(C(=O)O)(C4)C2)C3)n1,262.313,19,2,alpha_quat,c1nnn(C23CC4CC(CC(C4)C2)C3)n1
Ac8200,O=C(O)Cc1ccc(I)cn1,263.034,11,2,acyclic_ali,c1ccncc1
Ac8201,CC(C)(C)OC(=O)N[C@H](Cc1c[nH]c2ccc(Br)cc12)C(=O)O,383.242,23,4,alpha_amino,c1ccc2[nH]ccc2c1
Ac8202,CC(C(=O)O)c1ccc(S(=O)(=O)N(C)C)cc1,257.311,17,4,acyclic_ali,c1ccccc1
Ac8203,O=C(O)Cc1csc(-c2cccc(Cl)c2Cl)n1,288.155,17,3,acyclic_ali,c1ccc(-c2nccs2)cc1
Ac8206,O=C(O)c1ccc(OC(F)(F)F)cc1Cl,240.564,15,2,benzoic,c1ccccc1
Ac8207,COc1ccc2c(c1)c(CC(=O)O)c(C)n2C(=O)c1ccc(Cl)cc1,357.793,25,4,acyclic_ali,O=C(c1ccccc1)n1ccc2ccccc21
Ac8208,O=C(O)c1cc(Cl)cc(C(F)(F)F)n1,225.553,14,1,heteroaryl,c1ccncc1
Ac8209,COc1ccc(-c2nnc(S)n2CC(=O)O)cc1,265.294,18,4,acyclic_ali,c1ccc(-c2nnc[nH]2)cc1
Ac8210,Cc1ccc(SC2=C(C(=O)O)CCCC2)cc1,248.347,17,3,other,C1=C(Sc2ccccc2)CCCC1
Ac8211,CCc1c(C(=O)O)cnn1Cc1ccccc1,230.267,17,4,aryl_other,c1ccc(Cn2cccn2)cc1
Ac8212,O=C(O)C1(c2ccc(F)c(Br)c2)CC1,259.074,14,2,alpha_quat,c1ccc(C2CC2)cc1
Ac8213,O=C(O)C[C@@H](CNC(=O)OCC1c2ccccc2-c2ccccc21)NC(=O)OCc1ccccc1,474.513,35,9,acyclic_ali,O=C(NCCNC(=O)OCC1c2ccccc2-c2ccccc21)OCc1ccccc1
Ac8214,CC(C)(CC(=O)O)Cc1ccc(Cl)cc1,226.703,15,4,acyclic_ali,c1ccccc1
Ac8216,COc1ccccc1CN1C(=O)c2ccc(C(=O)O)cc2C1=O,311.293,23,4,benzoic,O=C1c2ccccc2C(=O)N1Cc1ccccc1
Ac8217,CC(c1ccccc1)N1C(=O)c2ccc(C(=O)O)cc2C1=O,295.294,22,3,benzoic,O=C1c2ccccc2C(=O)N1Cc1ccccc1
Ac8219,COc1ccc(C(=O)O)cc1-n1cnnn1,220.188,16,3,benzoic,c1ccc(-n2cnnn2)cc1
Ac8221,CC(C)=CCSc1ccccc1C(=O)O,222.309,15,4,benzoic,c1ccccc1
Ac8222,CS(=O)(=O)c1ccc(OCCCC(=O)O)cc1,258.295,17,6,acyclic_ali,c1ccccc1
Ac8223,O=C(O)CCCCn1ccc2cc(Br)ccc21,296.164,17,5,acyclic_ali,c1ccc2[nH]ccc2c1
Ac8224,CS(=O)(=O)c1cc(C(=O)O)ccc1Br,279.111,14,2,benzoic,c1ccccc1
Ac8225,O=C(O)c1sccc1S(=O)(=O)Cl,226.662,12,2,heteroaryl,c1ccsc1
Ac8230,Cc1c(CC(=O)O)c(=O)oc2cc3c(cc12)CCC1(CCCCC1)O3,342.391,25,2,acyclic_ali,O=c1ccc2cc3c(cc2o1)OC1(CCCCC1)CC3
Ac8231,C=C(C)COc1ccc2c(C)c(CC(=O)O)c(=O)oc2c1C,302.326,22,5,acyclic_ali,O=c1ccc2ccccc2o1
Ac8232,Cn1c(SCC(=O)O)nnc1-c1cccs1,255.324,16,4,acyclic_ali,c1csc(-c2nnc[nH]2)c1
Ac8234,O=C(Nc1nc(C(=O)O)cs1)c1ccccc1,248.263,17,3,heteroaryl,O=C(Nc1nccs1)c1ccccc1
Ac8235,O=C(O)c1c(F)cccc1OC(F)(F)F,224.109,15,2,benzoic,c1ccccc1
Ac8236,COC(=O)[C@H]1C[C@@H](C(=O)O)CCN1C(=O)OC(C)(C)C,287.312,20,2,cyclic_ali,C1CCNCC1
Ac8237,CC(C)(C)OC(=O)N1C[C@H](Cc2ccncc2)C[C@H]1C(=O)O,306.362,22,3,alpha_amino,c1cc(CC2CCNC2)ccn1
Ac8241,O=C(O)[C@@H]1C[C@H](C2CCCCC2)CN1C(=O)OCC1c2ccccc2-c2ccccc21,419.521,31,4,alpha_amino,O=C(OCC1c2ccccc2-c2ccccc21)N1CCC(C2CCCCC2)C1
Ac8242,CCCCCCCCCCCCCC(=O)NCCCC[C@H](NC(=O)OCc1ccccc1)C(=O)O,490.685,35,21,alpha_amino,c1ccccc1
Ac8243,O=C(O)c1cc(C(F)(F)C(F)(F)F)on1,231.076,15,2,heteroaryl,c1cnoc1
Ac8246,O=C(NC(C(=O)O)C1CC1)OCC1c2ccccc2-c2ccccc21,337.375,25,5,alpha_amino,O=C(NCC1CC1)OCC1c2ccccc2-c2ccccc21
Ac8247,CC(C)(C)OC(=O)NCCS(=O)(=O)N(CC(=O)O)C1CCCC1,350.437,23,7,alpha_amino,C1CCCC1
Ac8248,O=C(O)c1[nH]c2ccccc2c1-c1cccs1,243.287,17,2,heteroaryl,c1csc(-c2c[nH]c3ccccc23)c1
Ac8249,O=C(Nc1ccccc1C(=O)O)c1ccc2c(c1)OCO2,285.255,21,3,benzoic,O=C(Nc1ccccc1)c1ccc2c(c1)OCO2
Ac8250,O=C(O)c1ccc(-c2cccc3[nH]ccc23)[nH]1,226.235,17,2,heteroaryl,c1c[nH]c(-c2cccc3[nH]ccc23)c1
Ac8251,O=C(O)Cn1ccc2ccc([N+](=O)[O-])cc21,220.184,16,3,acyclic_ali,c1ccc2[nH]ccc2c1
Ac8252,COc1ccc(C(=O)O)cc1Cn1nc(C)cc1C,260.293,19,4,benzoic,c1ccc(Cn2cccn2)cc1
Ac8253,Cc1nn(Cc2cccc(C(=O)O)c2)c(C)c1Br,309.163,18,3,benzoic,c1ccc(Cn2cccn2)cc1
Ac8258,O=C(O)c1ccccc1NS(=O)(=O)c1ccc2c(c1)OCCO2,335.337,23,4,benzoic,O=S(=O)(Nc1ccccc1)c1ccc2c(c1)OCCO2
Ac8260,Cc1nn(-c2ccccn2)c2ncc(C(=O)O)cc12,254.249,19,2,aryl_other,c1ccc(-n2ncc3cccnc32)nc1
Ac8261,O=C(O)CCc1nnc(-c2cc(F)ccc2Br)o1,315.098,18,4,acyclic_ali,c1ccc(-c2nnco2)cc1
Ac8262,O=C(O)CCc1nnc(-c2ccccc2I)o1,344.108,17,4,acyclic_ali,c1ccc(-c2nnco2)cc1
Ac8263,COc1ccc(Br)c(-c2nnc(CCC(=O)O)o2)c1,327.134,19,5,acyclic_ali,c1ccc(-c2nnco2)cc1
Ac8265,CC(C)C(C(=O)O)n1cnc2ccccc2c1=O,246.266,18,3,acyclic_ali,O=c1[nH]cnc2ccccc12
Ac8266,CCC(C(=O)O)n1cnc2ccccc2c1=O,232.239,17,3,acyclic_ali,O=c1[nH]cnc2ccccc12
Ac8272,O=C(O)c1cccc(CN2CCCCCC2)c1,233.311,17,3,benzoic,c1ccc(CN2CCCCCC2)cc1
Ac8273,CC(C)(C)OC(=O)N1CCC(C(=O)O)C(C)(C)C1,257.33,18,1,cyclic_ali,C1CCNCC1
Ac8274,C[C@@H]1CN(C(=O)OC(C)(C)C)CC[C@H]1C(=O)O,243.303,17,1,cyclic_ali,C1CCNCC1
Ac8275,CC(C)(C)OC(=O)N1CCC(C(=O)O)CC1(C)C,257.33,18,1,cyclic_ali,C1CCNCC1
Ac8276,O=C(O)COc1cc2oc(=O)cc(-c3ccccc3)c2cc1Cl,330.723,23,4,acyclic_ali,O=c1cc(-c2ccccc2)c2ccccc2o1
Ac8278,Cn1c(C(F)(F)C(=O)O)nc2ccccc21,226.182,16,2,acyclic_ali,c1ccc2[nH]cnc2c1
Ac8279,Cc1c(Cl)cc(I)cc1C(=O)O,296.491,12,1,benzoic,c1ccccc1
Ac8282,O=C(O)c1ccc(Br)cc1C1CC1,241.084,13,2,benzoic,c1ccc(C2CC2)cc1
Ac8283,Cc1sc2ncn(CC(=O)O)c(=O)c2c1C,238.268,16,2,acyclic_ali,O=c1[nH]cnc2sccc12
Ac8284,COCCC(Cc1cccc(Br)c1)C(=O)O,287.153,16,6,acyclic_ali,c1ccccc1
Ac8285,O=C(O)C(c1ccc(Cl)cc1)N1CCCC1,239.702,16,3,alpha_amino,c1ccc(CN2CCCC2)cc1
Ac8287,C#CCOc1ccc(C(=O)c2ccc(OCCCCC(=O)O)cc2)cc1,352.386,26,10,acyclic_ali,O=C(c1ccccc1)c1ccccc1
Ac8288,O=C(O)c1cc(Br)c(F)cc1I,344.905,12,1,benzoic,c1ccccc1
Ac8289,O=C(O)c1ccc2nc(-n3cccc3)sc2c1,244.275,17,2,benzoic,c1ccc2sc(-n3cccc3)nc2c1
Ac8291,O=C(O)CCSc1ccccc1Br,261.14,13,4,acyclic_ali,c1ccccc1
Ac8295,O=C(O)Cc1ccc(-c2ccc3c(c2)OCO3)cc1,256.257,19,3,acyclic_ali,c1ccc(-c2ccc3c(c2)OCO3)cc1
Ac8298,O=C(O)C(OC1CCOCC1)c1ccccc1,236.267,17,4,acyclic_ali,c1ccc(COC2CCOCC2)cc1
Ac8299,O=C(O)C(OCC(F)(F)F)c1ccccc1,234.173,16,4,acyclic_ali,c1ccccc1
Ac8301,O=C(O)CCCC(=O)c1ccc(F)c(F)c1,228.194,16,5,acyclic_ali,c1ccccc1
Ac8302,O=C(O)C1(c2cc(F)cc(F)c2)CCCC1,226.222,16,2,alpha_quat,c1ccc(C2CCCC2)cc1
Ac8303,O=C(O)c1sccc1NS(=O)(=O)c1ccc(F)cc1,301.32,19,4,heteroaryl,O=S(=O)(Nc1ccsc1)c1ccccc1
Ac8304,O=C(O)c1cccnc1Oc1ccccc1Br,294.104,17,3,aryl_other,c1ccc(Oc2ccccn2)cc1
Ac8305,O=C(O)c1cccnc1Oc1cccc(Br)c1,294.104,17,3,aryl_other,c1ccc(Oc2ccccn2)cc1
Ac8306,Cc1ccc2c(c1)C(=O)N(C(C)C(=O)O)C2=O,233.223,17,2,alpha_amino,O=C1NC(=O)c2ccccc21
Ac8307,COc1ccc2c(c1)c(C=O)c(C(=O)O)n2C,233.223,17,3,heteroaryl,c1ccc2[nH]ccc2c1
Ac8308,Cc1cccc(-c2nn(-c3ccccc3)cc2C(=O)O)c1,278.311,21,3,aryl_other,c1ccc(-c2ccn(-c3ccccc3)n2)cc1
Ac8309,Cc1ccccc1-c1nn(-c2ccccc2)cc1C(=O)O,278.311,21,3,aryl_other,c1ccc(-c2ccn(-c3ccccc3)n2)cc1
Ac8310,CC(C)c1ccc(-c2nn(-c3ccccc3)cc2C(=O)O)cc1,306.365,23,4,aryl_other,c1ccc(-c2ccn(-c3ccccc3)n2)cc1
Ac8312,NS(=O)(=O)c1cc(C(=O)O)c(Cl)o1,225.609,13,2,aryl_other,c1ccoc1
Ac8313,O=C(O)c1ccc(Br)c(C(F)(F)F)n1,270.004,14,1,heteroaryl,c1ccncc1
Ac8314,O=C(O)Cc1ncc(Cl)cc1Br,250.479,12,2,acyclic_ali,c1ccncc1
Ac8315,COc1c(Br)cc(Br)c(N)c1C(=O)O,324.956,14,2,benzoic,c1ccccc1
Ac8316,O=C(O)c1ccc(-c2ccccc2F)s1,222.24,15,2,heteroaryl,c1ccc(-c2cccs2)cc1
Ac8317,O=C(O)c1ccc(-c2cccc3cccnc23)cc1,249.269,19,2,benzoic,c1ccc(-c2cccc3cccnc23)cc1
Ac8318,CC(C(=O)O)S(=O)(=O)c1ccc(C(F)(F)F)cn1,283.227,18,3,acyclic_ali,c1ccncc1
Ac8319,O=C(O)C(=O)c1c(-c2ccccc2)cc2ccccn12,265.268,20,3,other,c1ccc(-c2cc3ccccn3c2)cc1
Ac8320,O=C(O)c1ccc(C(F)F)c(Br)c1,251.026,13,2,benzoic,c1ccccc1
Ac8321,CC(C)(C)OC(=O)N1CCC2(CCC2C(=O)O)CC1,269.341,19,1,cyclic_ali,C1CC2(C1)CCNCC2
Ac8322,O=C(O)C1CCN(c2ccccc2Br)C1=O,284.109,16,2,cyclic_ali,O=C1CCCN1c1ccccc1
Ac8323,CCOc1c(Br)cccc1C(=O)O,245.072,13,3,benzoic,c1ccccc1
Ac8324,COc1cccc(C(=O)O)c1C(F)(F)F,220.146,15,2,benzoic,c1ccccc1
Ac8330,O=C(O)c1cc(S(=O)(=O)NCc2ccco2)c(Cl)cc1Cl,350.179,21,5,benzoic,O=S(=O)(NCc1ccco1)c1ccccc1
Ac8332,O=C(O)c1ccc(Br)c2c1OCCC2,257.083,14,1,benzoic,c1ccc2c(c1)CCCO2
Ac8333,O=C(O)c1cc(Cl)cc(-c2cccs2)c1,238.695,15,2,benzoic,c1ccc(-c2cccs2)cc1
Ac8335,COc1ccc(CC(CNC(=O)OC(C)(C)C)C(=O)O)cc1,309.362,22,6,acyclic_ali,c1ccccc1
Ac8337,O=C(O)C1(c2ccc3c(c2)OCO3)CCCCC1,248.278,18,2,alpha_quat,c1cc2c(cc1C1CCCCC1)OCO2
Ac8338,CC(C)(C)OC(=O)NC1(C(=O)O)CC2(CC(F)(F)C2)C1,291.294,20,2,alpha_amino,C1CC2(C1)CCC2
Ac8339,CC(C)(C)OC(=O)NCC1(C(=O)O)CC2(CC(F)(F)C2)C1,305.321,21,3,alpha_quat,C1CC2(C1)CCC2
Ac8340,O=C(O)c1cc(Br)c(O)cc1F,235.008,12,1,benzoic,c1ccccc1
Ac8342,CC(C)(C)OC(=O)n1c(C(=O)O)ccc1C(F)(F)F,279.214,19,1,heteroaryl,c1cc[nH]c1
Ac8345,O=C(O)C1COc2c(Br)cccc2C1,257.083,14,1,cyclic_ali,c1ccc2c(c1)CCCO2
Ac8346,O=C(O)C1CCC1c1ccc(Cl)c(Cl)c1,245.105,15,2,cyclic_ali,c1ccc(C2CCC2)cc1
Ac8351,O=C(O)CCCCCCCCNC(=O)OCc1ccccc1,307.39,22,11,acyclic_ali,c1ccccc1
Ac8352,CC(C)(C)c1ccc(C2(C(=O)O)CC2)cc1,218.296,16,2,alpha_quat,c1ccc(C2CC2)cc1
Ac8353,Cc1cc(Br)cc(C)c1OCC(=O)O,259.099,14,3,acyclic_ali,c1ccccc1
Ac8355,O=C(O)C(F)(F)n1cc(-c2ccccc2)nn1,239.181,17,3,acyclic_ali,c1ccc(-c2c[nH]nn2)cc1
Ac8357,O=C(O)c1ccc(-c2nnc(C(F)F)o2)cc1,240.165,17,3,benzoic,c1ccc(-c2nnco2)cc1
Ac8359,O=C(O)CN1C(=O)c2ccccc2N2C(=O)c3ccccc3C12,308.293,23,2,alpha_amino,O=C1NC2c3ccccc3C(=O)N2c2ccccc21
Ac8361,O=C(Nc1ccc(Cl)c(Cl)c1)C1C(C(=O)O)[C@H]2C=C[C@@H]1C2,326.179,21,3,cyclic_ali,O=C(Nc1ccccc1)C1CC2C=CC1C2
Ac8363,CC(=O)c1ccc(C(=O)O)c(I)c1,290.056,13,2,benzoic,c1ccccc1
Ac8364,O=C(O)C1=CCCN(C(=O)OCC2c3ccccc3-c3ccccc32)C1,349.386,26,3,other,O=C(OCC1c2ccccc2-c2ccccc21)N1CC=CCC1
Ac8365,O=C(O)c1c(F)cccc1NC(=O)C(F)(F)F,251.135,17,2,benzoic,c1ccccc1
Ac8368,O=C(O)[C@H]1C[C@@H](C(=O)OCc2ccccc2)C1,234.251,17,4,cyclic_ali,O=C(OCc1ccccc1)C1CCC1
Ac8371,CC(C)(C)OC(=O)NC(Cc1cccc(Cl)c1F)C(=O)O,317.744,21,4,alpha_amino,c1ccccc1
Ac8373,Cc1c(I)cc(Br)cc1C(=O)O,340.942,12,1,benzoic,c1ccccc1
Ac8374,COc1nccc(Br)c1C(=O)O,232.033,12,2,aryl_other,c1ccncc1
Ac8375,COc1ccc(F)c(Br)c1C(=O)O,249.035,13,2,benzoic,c1ccccc1
Ac8377,O=C(O)CCCCOc1ccc(Br)cc1,273.126,15,6,acyclic_ali,c1ccccc1
Ac8378,O=C(O)c1cc(-c2ccccc2)n2nccc2n1,239.234,18,2,heteroaryl,c1ccc(-c2ccnc3ccnn23)cc1
Ac8379,O=C(O)Cn1c(S)nnc1-c1ccccc1,235.268,16,3,acyclic_ali,c1ccc(-c2nnc[nH]2)cc1
Ac8380,Cc1ccc(-c2nnc(S)n2CC(=O)O)cc1,249.295,17,3,acyclic_ali,c1ccc(-c2nnc[nH]2)cc1
Ac8381,Cc1ccsc1-c1ccc(C(=O)O)s1,224.306,14,2,heteroaryl,c1csc(-c2cccs2)c1
Ac8382,CC(=O)Nc1cc(C(=O)O)c(Br)cn1,259.059,14,2,aryl_other,c1ccncc1
Ac8383,COc1ccc(CN2CCC(C(=O)O)CC2)cc1,249.31,18,4,cyclic_ali,c1ccc(CN2CCCCC2)cc1
Ac8385,O=C1NC(=O)/C(=C\c2ccc(C(=O)O)cc2)S1,249.247,17,2,benzoic,O=C1NC(=O)C(=Cc2ccccc2)S1
Ac8386,O=C(O)Cc1ccc(SCc2ccco2)cc1,248.303,17,5,acyclic_ali,c1ccc(SCc2ccco2)cc1
Ac8387,O=C(O)c1ccnc(Cl)c1C(F)(F)F,225.553,14,1,aryl_other,c1ccncc1
Ac8388,COc1ccc2[nH]c(-c3ccc(F)cc3)c(CCC(=O)O)c2c1,313.328,23,5,acyclic_ali,c1ccc(-c2cc3ccccc3[nH]2)cc1
Ac8389,O=C(O)CCc1c(-c2ccccc2)[nH]c2c(Br)cccc12,344.208,21,4,acyclic_ali,c1ccc(-c2cc3ccccc3[nH]2)cc1
Ac8391,Cc1nnnn1C(C(=O)O)c1ccccc1,218.216,16,3,acyclic_ali,c1ccc(Cn2cnnn2)cc1
Ac8392,O=C(O)CN(C(=O)OCC1c2ccccc2-c2ccccc21)C1CCCC1,365.429,27,5,alpha_amino,O=C(NC1CCCC1)OCC1c2ccccc2-c2ccccc21
Ac8393,O=C(O)CN(C(=O)OCC1c2ccccc2-c2ccccc21)C1CCCCC1,379.456,28,5,alpha_amino,O=C(NC1CCCCC1)OCC1c2ccccc2-c2ccccc21
Ac8395,COc1ccc(CN(CC(=O)O)C(=O)OCC2c3ccccc3-c3ccccc32)cc1,417.461,31,7,alpha_amino,O=C(NCc1ccccc1)OCC1c2ccccc2-c2ccccc21
Ac8398,CCn1cc(Br)cc1C(=O)O,218.05,11,2,heteroaryl,c1cc[nH]c1
Ac8399,O=C(O)C[C@H](Cc1ccccc1F)NC(=O)OCC1c2ccccc2-c2ccccc21,419.452,31,7,acyclic_ali,O=C(NCCc1ccccc1)OCC1c2ccccc2-c2ccccc21
Ac8403,O=C(O)c1coc(-c2c(F)cccc2F)n1,225.15,16,2,heteroaryl,c1ccc(-c2ncco2)cc1
Ac8404,CC(C)(C)OC(=O)N1CC2(CC(=O)NC2C(=O)O)C1,270.285,19,1,alpha_amino,O=C1CC2(CNC2)CN1
Ac8405,O=C(O)C(CC(F)F)c1ccc(F)cc1,218.174,15,4,acyclic_ali,c1ccccc1
Ac8406,CC(C)(C)OC(=O)N1CCCC(O)(C(=O)O)C1,245.275,17,1,cyclic_ali,C1CCNCC1
Ac8409,COc1ccc([C@H](NC(=O)OCC2c3ccccc3-c3ccccc32)C(=O)O)cc1,403.434,30,6,alpha_amino,O=C(NCc1ccccc1)OCC1c2ccccc2-c2ccccc21
Ac8410,CC(C)(C)OC(=O)N[C@H](CC(=O)O)C1CC1,229.276,16,4,acyclic_ali,C1CC1
Ac8411,CC(C)(C)OC(=O)N1CC[C@@H](F)[C@@H]1C(=O)O,233.239,16,1,alpha_amino,C1CCNC1
Ac8412,CC(C)(C)OC(=O)NC1(C(=O)O)CCC(F)(F)C1,265.256,18,2,alpha_amino,C1CCCC1
Ac8413,O=C(O)c1cc2nc(Cl)nc(Cl)c2[nH]1,232.026,14,1,heteroaryl,c1ncc2[nH]ccc2n1
Ac8414,COc1c(C(F)(F)F)ccc(C(=O)O)c1F,238.136,16,2,benzoic,c1ccccc1
Ac8415,Cc1c(F)cc(Br)c(C(=O)O)c1F,251.026,13,1,benzoic,c1ccccc1
Ac8416,O=C(O)c1cc(C(F)(F)F)cc(Br)c1F,287.006,15,1,benzoic,c1ccccc1
Ac8417,O=C(O)c1ncc(C(F)(F)F)cc1Br,270.004,14,1,heteroaryl,c1ccncc1
Ac8421,O=C(O)c1cnc(Br)c(C(F)(F)F)c1,270.004,14,1,aryl_other,c1ccncc1
Ac8422,O=C(O)C1CCCN1Cc1ccc(Cl)cc1,239.702,16,3,alpha_amino,c1ccc(CN2CCCC2)cc1
Ac8425,O=C(O)CCNS(=O)(=O)c1c(Cl)cccc1Cl,298.147,17,5,acyclic_ali,c1ccccc1
Ac8426,Cc1cc(C)c(S(=O)(=O)NCCC(=O)O)c(C)c1,271.338,18,5,acyclic_ali,c1ccccc1
Ac8427,O=C(O)CCNS(=O)(=O)c1ccc(Br)s1,314.182,15,5,acyclic_ali,c1ccsc1
Ac8428,O=C(O)CCNS(=O)(=O)c1cccs1,235.286,14,5,acyclic_ali,c1ccsc1
Ac8429,COc1cc(-c2cc(C(=O)O)c3ccccc3n2)ccc1O,295.294,22,3,aryl_other,c1ccc(-c2ccc3ccccc3n2)cc1
Ac8432,O=C(O)c1c(F)cc(Br)c(F)c1F,254.989,13,1,benzoic,c1ccccc1
Ac8436,O=C(O)c1csc(COc2ccc(Cl)cc2)n1,269.709,17,4,heteroaryl,c1ccc(OCc2nccs2)cc1
Ac8437,O=C(O)c1cnn(-c2ccc(C(F)(F)F)cc2)c1,256.183,18,2,aryl_other,c1ccc(-n2cccn2)cc1
Ac8438,Cc1nn(Cc2ccc(C#N)cc2)cc1C(=O)O,241.25,18,3,aryl_other,c1ccc(Cn2cccn2)cc1
Ac8443,O=C(O)c1cc(Br)nn1-c1ccc(F)cc1,285.072,16,2,heteroaryl,c1ccc(-n2cccn2)cc1
Ac8444,Cc1cc(C(=O)O)c(C)n1-c1ccccc1F,233.242,17,2,aryl_other,c1ccc(-n2cccc2)cc1
Ac8445,Cc1cc(C(=O)O)c(C)n1-c1cccc(F)c1,233.242,17,2,aryl_other,c1ccc(-n2cccc2)cc1
Ac8446,Cc1cccc(-n2c(C)cc(C(=O)O)c2C)c1,229.279,17,2,aryl_other,c1ccc(-n2cccc2)cc1
Ac8447,Cc1cc(C(=O)O)c(C)n1-c1cccc(Cl)c1,249.697,17,2,aryl_other,c1ccc(-n2cccc2)cc1
Ac8448,Cc1cc(C(=O)O)c(C)n1-c1cccc(C(C)C)c1,257.333,19,3,aryl_other,c1ccc(-n2cccc2)cc1
Ac8449,COc1cccc(-n2c(C)cc(C(=O)O)c2C)c1,245.278,18,3,aryl_other,c1ccc(-n2cccc2)cc1
Ac8450,O=C(O)C1CCN(c2ccccc2Cl)C1,225.675,15,2,cyclic_ali,c1ccc(N2CCCC2)cc1
Ac8452,CC(C)(C)OC(=O)NC(C(=O)O)C1CCCO1,245.275,17,3,alpha_amino,C1CCOC1
Ac8453,COCCC(NC(=O)OCc1ccccc1)C(=O)O,267.281,19,7,alpha_amino,c1ccccc1
Ac8454,CC(C)(C)OC(=O)NC(C(=O)O)C1COC1,231.248,16,3,alpha_amino,C1COC1
Ac8461,CNS(=O)(=O)c1ccc(C)c(C(=O)O)c1,229.257,15,3,benzoic,c1ccccc1
Ac8463,CC(Cn1cnc2ccc(Br)cc2c1=O)C(=O)O,311.135,18,3,acyclic_ali,O=c1[nH]cnc2ccccc12
Ac8465,O=C(O)c1ccc(S(=O)(=O)C2CC2)cc1,226.253,15,3,benzoic,O=S(=O)(c1ccccc1)C1CC1
Ac8466,Cc1cc(S(N)(=O)=O)sc1C(=O)O,221.259,13,2,heteroaryl,c1ccsc1
Ac8467,CS(=O)(=O)Nc1ccc(C(=O)O)c(O)c1,231.229,15,3,benzoic,c1ccccc1
Ac8468,CC(C(=O)O)n1ccc2cc(Br)ccc21,268.11,15,2,acyclic_ali,c1ccc2[nH]ccc2c1
Ac8469,Cc1nn(C)cc1-c1noc(C)c1C(=O)O,221.216,16,2,aryl_other,c1cc(-c2cn[nH]c2)no1
Ac8470,O=C1CCC(N2Cc3cc(C(=O)O)ccc3C2=O)C(=O)N1,288.259,21,2,benzoic,O=C1CCC(N2Cc3ccccc3C2=O)C(=O)N1
Ac8472,Cc1ccc(-c2nnc(S)n2CCC(=O)O)cc1,263.322,18,4,acyclic_ali,c1ccc(-c2nnc[nH]2)cc1
Ac8473,O=C(O)c1cc(Br)cc(Cl)n1,236.452,11,1,heteroaryl,c1ccncc1
Ac8476,O=C(O)c1cncn1-c1ccccc1Cl,222.631,15,2,heteroaryl,c1ccc(-n2ccnc2)cc1
Ac8477,O=C(O)c1cc(F)ncc1Br,219.997,11,1,aryl_other,c1ccncc1
Ac8478,CC1(C)OB(c2ccccc2CC(=O)O)OC1(C)C,262.114,19,3,acyclic_ali,c1ccc(B2OCCO2)cc1
Ac8479,O=C(O)Cc1cc(Br)c(O)c([N+](=O)[O-])c1,276.042,15,3,acyclic_ali,c1ccccc1
Ac8481,CC(CC(=O)O)c1ccc(NC(=O)OC(C)(C)C)cc1,279.336,20,4,acyclic_ali,c1ccccc1
Ac8482,O=C(N[C@H](Cc1cccc(Br)c1)C(=O)O)OCC1c2ccccc2-c2ccccc21,466.331,30,6,alpha_amino,O=C(NCCc1ccccc1)OCC1c2ccccc2-c2ccccc21
Ac8485,O=C(O)CCC(=O)N1CCc2ccccc2C1,233.267,17,3,acyclic_ali,c1ccc2c(c1)CCNC2
Ac8486,O=C(O)CC1(NC(=O)OCc2ccccc2)CCCCC1,291.347,21,5,acyclic_ali,O=C(NC1CCCCC1)OCc1ccccc1
Ac8487,Cc1ccc(S(=O)(=O)OCCOCCOCC(=O)O)cc1,318.347,21,10,acyclic_ali,c1ccccc1
Ac8488,CCOC(=O)NC(=S)Nc1ccccc1C(=O)O,268.294,18,3,benzoic,c1ccccc1
Ac8489,CC(C)(C)OC(=O)NC1(CCC(=O)O)CC1,229.276,16,4,acyclic_ali,C1CC1
Ac8491,CCSc1ccc(Cl)cc1C(=O)O,216.689,13,3,benzoic,c1ccccc1
Ac8493,O=C(O)C(F)(F)c1ccccc1C(F)(F)F,240.127,16,2,acyclic_ali,c1ccccc1
Ac8494,O=C(O)c1cc(F)cc(Br)c1[N+](=O)[O-],264.006,14,2,benzoic,c1ccccc1
Ac8497,O=C(O)c1nc(Cl)n(Cc2ccccc2)n1,237.646,16,3,heteroaryl,c1ccc(Cn2cncn2)cc1
Ac8499,CC(C)(C)OC(=O)N[C@H]1COc2ccccc2N(CC(=O)O)C1=O,336.344,24,3,alpha_amino,O=C1CCOc2ccccc2N1
Ac8501,Cc1ccc2c(c1)N(CC(=O)O)C(=O)CO2,221.212,16,2,alpha_amino,O=C1COc2ccccc2N1
Ac8503,Cc1cc(C(F)(F)F)n(-c2nc(C(=O)O)cs2)n1,277.227,18,2,heteroaryl,c1cnn(-c2nccs2)c1
Ac8505,COc1ccc(/C=C2\CCc3c2nc2ccccc2c3C(=O)O)cc1OC,361.397,27,4,aryl_other,C(=C1CCc2cc3ccccc3nc21)c1ccccc1
Ac8506,CN(C)c1ccc(/C=C2\CCc3c2nc2ccccc2c3C(=O)O)cc1,344.414,26,3,aryl_other,C(=C1CCc2cc3ccccc3nc21)c1ccccc1
Ac8508,CCC(C)C(=O)N[C@@H](Cc1ccc(O)cc1)C(=O)O,265.309,19,6,alpha_amino,c1ccccc1
Ac8509,O=C(O)CCC(=O)Nc1nc2ccc(Cl)cc2s1,284.724,18,4,acyclic_ali,c1ccc2scnc2c1
Ac8510,O=C(O)Cn1cnc2sc3c(c2c1=O)CCC3,250.279,17,2,acyclic_ali,O=c1[nH]cnc2sc3c(c12)CCC3
Ac8511,Cn1cc(NC(=O)OC(C)(C)C)c(C(=O)O)n1,241.247,17,2,heteroaryl,c1cn[nH]c1
Ac8513,O=C(O)c1cnn(-c2ccc(F)cc2F)c1,224.166,16,2,aryl_other,c1ccc(-n2cccn2)cc1
Ac8514,O=C(O)CCn1cc(Br)cn1,219.038,11,3,acyclic_ali,c1cn[nH]c1
Ac8515,O=C(O)CCc1nnc2ccc(Cl)nn12,226.623,15,3,acyclic_ali,c1cnn2cnnc2c1
Ac8516,O=C(O)CCC(=O)NC1CCN(Cc2ccccc2)CC1,290.363,21,6,acyclic_ali,c1ccc(CN2CCCCC2)cc1
Ac8521,Cc1cc(C)cc(OCC(C)(C)C(=O)O)c1,222.284,16,4,alpha_quat,c1ccccc1
Ac8522,COc1cc(OC)c(CN(CC(=O)O)C(=O)OCC2c3ccccc3-c3ccccc32)c(OC)c1,477.513,35,9,alpha_amino,O=C(NCc1ccccc1)OCC1c2ccccc2-c2ccccc21
Ac8523,CC(C)(C)OC(=O)N1CCN(C(C)(C)C(=O)O)CC1,272.345,19,2,alpha_amino,C1CNCCN1
Ac8524,O=C(O)c1cc(Br)cc(C2CC2)c1,241.084,13,2,benzoic,c1ccc(C2CC2)cc1
Ac8527,CC(C)(C)c1cc(C(=O)O)nn1-c1ccccc1,244.294,18,2,heteroaryl,c1ccc(-n2cccn2)cc1
Ac8528,CC(C)(C)OC(=O)NC1CC2(C1)CC2C(=O)O,241.287,17,2,cyclic_ali,C1CC2(C1)CC2
