electrophile_desc0,electrophile_desc1,electrophile_desc2,ligand_desc0,ligand_desc1,ligand_desc2,base_desc0,base_desc1,base_desc2,solvent_desc0,solvent_desc1,solvent_desc2
0.39023039432875495,1.0,0.8410355399114342,0.28272746375288926,0.0,0.6898688915375446,0.07099973897154789,0.975015746378333,0.15533215060122219,0.0,0.9999999999999999,0.3100358422939067
0.39023039432875495,1.0,0.8410355399114342,0.28272746375288926,0.0,0.6898688915375446,0.07099973897154789,0.975015746378333,0.15533215060122219,1.0000000000000002,0.0,0.29091995221027456
0.39023039432875495,1.0,0.8410355399114342,0.28272746375288926,0.0,0.6898688915375446,0.07099973897154789,0.975015746378333,0.15533215060122219,0.697053153401267,0.4401975773256497,0.0
0.39023039432875495,1.0,0.8410355399114342,0.28272746375288926,0.0,0.6898688915375446,0.07099973897154789,0.975015746378333,0.15533215060122219,0.10823464610300215,0.4013877455015876,0.9999999999999998
0.39023039432875495,1.0,0.8410355399114342,0.28272746375288926,0.0,0.6898688915375446,0.0,0.4611589334453075,0.0,0.0,0.9999999999999999,0.3100358422939067
0.39023039432875495,1.0,0.8410355399114342,0.28272746375288926,0.0,0.6898688915375446,0.0,0.4611589334453075,0.0,1.0000000000000002,0.0,0.29091995221027456
0.39023039432875495,1.0,0.8410355399114342,0.28272746375288926,0.0,0.6898688915375446,0.0,0.4611589334453075,0.0,0.697053153401267,0.4401975773256497,0.0
0.39023039432875495,1.0,0.8410355399114342,0.28272746375288926,0.0,0.6898688915375446,0.0,0.4611589334453075,0.0,0.10823464610300215,0.4013877455015876,0.9999999999999998
0.39023039432875495,1.0,0.8410355399114342,0.28272746375288926,0.0,0.6898688915375446,1.0,1.0,0.5901833234772325,0.0,0.9999999999999999,0.3100358422939067
0.39023039432875495,1.0,0.8410355399114342,0.28272746375288926,0.0,0.6898688915375446,1.0,1.0,0.5901833234772325,1.0000000000000002,0.0,0.29091995221027456
0.39023039432875495,1.0,0.8410355399114342,0.28272746375288926,0.0,0.6898688915375446,1.0,1.0,0.5901833234772325,0.697053153401267,0.4401975773256497,0.0
0.39023039432875495,1.0,0.8410355399114342,0.28272746375288926,0.0,0.6898688915375446,1.0,1.0,0.5901833234772325,0.10823464610300215,0.4013877455015876,0.9999999999999998
0.39023039432875495,1.0,0.8410355399114342,0.28272746375288926,0.0,0.6898688915375446,0.10702166536152442,0.9070963678353978,0.7001774098166764,0.0,0.9999999999999999,0.3100358422939067
0.39023039432875495,1.0,0.8410355399114342,0.28272746375288926,0.0,0.6898688915375446,0.10702166536152442,0.9070963678353978,0.7001774098166764,1.0000000000000002,0.0,0.29091995221027456
0.39023039432875495,1.0,0.8410355399114342,0.28272746375288926,0.0,0.6898688915375446,0.10702166536152442,0.9070963678353978,0.7001774098166764,0.697053153401267,0.4401975773256497,0.0
0.39023039432875495,1.0,0.8410355399114342,0.28272746375288926,0.0,0.6898688915375446,0.10702166536152442,0.9070963678353978,0.7001774098166764,0.10823464610300215,0.4013877455015876,0.9999999999999998
0.39023039432875495,1.0,0.8410355399114342,0.28272746375288926,0.0,0.6898688915375446,0.3492560689115113,0.8275246693260551,0.2781391681450819,0.0,0.9999999999999999,0.3100358422939067
0.39023039432875495,1.0,0.8410355399114342,0.28272746375288926,0.0,0.6898688915375446,0.3492560689115113,0.8275246693260551,0.2781391681450819,1.0000000000000002,0.0,0.29091995221027456
0.39023039432875495,1.0,0.8410355399114342,0.28272746375288926,0.0,0.6898688915375446,0.3492560689115113,0.8275246693260551,0.2781391681450819,0.697053153401267,0.4401975773256497,0.0
0.39023039432875495,1.0,0.8410355399114342,0.28272746375288926,0.0,0.6898688915375446,0.3492560689115113,0.8275246693260551,0.2781391681450819,0.10823464610300215,0.4013877455015876,0.9999999999999998
0.39023039432875495,1.0,0.8410355399114342,0.28272746375288926,0.0,0.6898688915375446,0.1536152440616027,0.4086710056686962,0.3378671397595112,0.0,0.9999999999999999,0.3100358422939067
0.39023039432875495,1.0,0.8410355399114342,0.28272746375288926,0.0,0.6898688915375446,0.1536152440616027,0.4086710056686962,0.3378671397595112,1.0000000000000002,0.0,0.29091995221027456
0.39023039432875495,1.0,0.8410355399114342,0.28272746375288926,0.0,0.6898688915375446,0.1536152440616027,0.4086710056686962,0.3378671397595112,0.697053153401267,0.4401975773256497,0.0
0.39023039432875495,1.0,0.8410355399114342,0.28272746375288926,0.0,0.6898688915375446,0.1536152440616027,0.4086710056686962,0.3378671397595112,0.10823464610300215,0.4013877455015876,0.9999999999999998
0.39023039432875495,1.0,0.8410355399114342,0.28272746375288926,0.0,0.6898688915375446,0.9655442443226312,0.4583245853453705,0.4931992903607333,0.0,0.9999999999999999,0.3100358422939067
0.39023039432875495,1.0,0.8410355399114342,0.28272746375288926,0.0,0.6898688915375446,0.9655442443226312,0.4583245853453705,0.4931992903607333,1.0000000000000002,0.0,0.29091995221027456
0.39023039432875495,1.0,0.8410355399114342,0.28272746375288926,0.0,0.6898688915375446,0.9655442443226312,0.4583245853453705,0.4931992903607333,0.697053153401267,0.4401975773256497,0.0
0.39023039432875495,1.0,0.8410355399114342,0.28272746375288926,0.0,0.6898688915375446,0.9655442443226312,0.4583245853453705,0.4931992903607333,0.10823464610300215,0.4013877455015876,0.9999999999999998
0.39023039432875495,1.0,0.8410355399114342,0.28272746375288926,0.0,0.6898688915375446,0.9817280083529103,0.0,1.0,0.0,0.9999999999999999,0.3100358422939067
0.39023039432875495,1.0,0.8410355399114342,0.28272746375288926,0.0,0.6898688915375446,0.9817280083529103,0.0,1.0,1.0000000000000002,0.0,0.29091995221027456
0.39023039432875495,1.0,0.8410355399114342,0.28272746375288926,0.0,0.6898688915375446,0.9817280083529103,0.0,1.0,0.697053153401267,0.4401975773256497,0.0
0.39023039432875495,1.0,0.8410355399114342,0.28272746375288926,0.0,0.6898688915375446,0.9817280083529103,0.0,1.0,0.10823464610300215,0.4013877455015876,0.9999999999999998
0.39023039432875495,1.0,0.8410355399114342,0.30731246060096656,0.7355525306273976,0.20715137067938016,0.07099973897154789,0.975015746378333,0.15533215060122219,0.0,0.9999999999999999,0.3100358422939067
0.39023039432875495,1.0,0.8410355399114342,0.30731246060096656,0.7355525306273976,0.20715137067938016,0.07099973897154789,0.975015746378333,0.15533215060122219,1.0000000000000002,0.0,0.29091995221027456
0.39023039432875495,1.0,0.8410355399114342,0.30731246060096656,0.7355525306273976,0.20715137067938016,0.07099973897154789,0.975015746378333,0.15533215060122219,0.697053153401267,0.4401975773256497,0.0
0.39023039432875495,1.0,0.8410355399114342,0.30731246060096656,0.7355525306273976,0.20715137067938016,0.07099973897154789,0.975015746378333,0.15533215060122219,0.10823464610300215,0.4013877455015876,0.9999999999999998
0.39023039432875495,1.0,0.8410355399114342,0.30731246060096656,0.7355525306273976,0.20715137067938016,0.0,0.4611589334453075,0.0,0.0,0.9999999999999999,0.3100358422939067
0.39023039432875495,1.0,0.8410355399114342,0.30731246060096656,0.7355525306273976,0.20715137067938016,0.0,0.4611589334453075,0.0,1.0000000000000002,0.0,0.29091995221027456
0.39023039432875495,1.0,0.8410355399114342,0.30731246060096656,0.7355525306273976,0.20715137067938016,0.0,0.4611589334453075,0.0,0.697053153401267,0.4401975773256497,0.0
0.39023039432875495,1.0,0.8410355399114342,0.30731246060096656,0.7355525306273976,0.20715137067938016,0.0,0.4611589334453075,0.0,0.10823464610300215,0.4013877455015876,0.9999999999999998
0.39023039432875495,1.0,0.8410355399114342,0.30731246060096656,0.7355525306273976,0.20715137067938016,1.0,1.0,0.5901833234772325,0.0,0.9999999999999999,0.3100358422939067
0.39023039432875495,1.0,0.8410355399114342,0.30731246060096656,0.7355525306273976,0.20715137067938016,1.0,1.0,0.5901833234772325,1.0000000000000002,0.0,0.29091995221027456
0.39023039432875495,1.0,0.8410355399114342,0.30731246060096656,0.7355525306273976,0.20715137067938016,1.0,1.0,0.5901833234772325,0.697053153401267,0.4401975773256497,0.0
0.39023039432875495,1.0,0.8410355399114342,0.30731246060096656,0.7355525306273976,0.20715137067938016,1.0,1.0,0.5901833234772325,0.10823464610300215,0.4013877455015876,0.9999999999999998
0.39023039432875495,1.0,0.8410355399114342,0.30731246060096656,0.7355525306273976,0.20715137067938016,0.10702166536152442,0.9070963678353978,0.7001774098166764,0.0,0.9999999999999999,0.3100358422939067
0.39023039432875495,1.0,0.8410355399114342,0.30731246060096656,0.7355525306273976,0.20715137067938016,0.10702166536152442,0.9070963678353978,0.7001774098166764,1.0000000000000002,0.0,0.29091995221027456
0.39023039432875495,1.0,0.8410355399114342,0.30731246060096656,0.7355525306273976,0.20715137067938016,0.10702166536152442,0.9070963678353978,0.7001774098166764,0.697053153401267,0.4401975773256497,0.0
0.39023039432875495,1.0,0.8410355399114342,0.30731246060096656,0.7355525306273976,0.20715137067938016,0.10702166536152442,0.9070963678353978,0.7001774098166764,0.10823464610300215,0.4013877455015876,0.9999999999999998
0.39023039432875495,1.0,0.8410355399114342,0.30731246060096656,0.7355525306273976,0.20715137067938016,0.3492560689115113,0.8275246693260551,0.2781391681450819,0.0,0.9999999999999999,0.3100358422939067
0.39023039432875495,1.0,0.8410355399114342,0.30731246060096656,0.7355525306273976,0.20715137067938016,0.3492560689115113,0.8275246693260551,0.2781391681450819,1.0000000000000002,0.0,0.29091995221027456
0.39023039432875495,1.0,0.8410355399114342,0.30731246060096656,0.7355525306273976,0.20715137067938016,0.3492560689115113,0.8275246693260551,0.2781391681450819,0.697053153401267,0.4401975773256497,0.0
0.39023039432875495,1.0,0.8410355399114342,0.30731246060096656,0.7355525306273976,0.20715137067938016,0.3492560689115113,0.8275246693260551,0.2781391681450819,0.10823464610300215,0.4013877455015876,0.9999999999999998
0.39023039432875495,1.0,0.8410355399114342,0.30731246060096656,0.7355525306273976,0.20715137067938016,0.1536152440616027,0.4086710056686962,0.3378671397595112,0.0,0.9999999999999999,0.3100358422939067
0.39023039432875495,1.0,0.8410355399114342,0.30731246060096656,0.7355525306273976,0.20715137067938016,0.1536152440616027,0.4086710056686962,0.3378671397595112,1.0000000000000002,0.0,0.29091995221027456
0.39023039432875495,1.0,0.8410355399114342,0.30731246060096656,0.7355525306273976,0.20715137067938016,0.1536152440616027,0.4086710056686962,0.3378671397595112,0.697053153401267,0.4401975773256497,0.0
0.39023039432875495,1.0,0.8410355399114342,0.30731246060096656,0.7355525306273976,0.20715137067938016,0.1536152440616027,0.4086710056686962,0.3378671397595112,0.10823464610300215,0.4013877455015876,0.9999999999999998
0.39023039432875495,1.0,0.8410355399114342,0.30731246060096656,0.7355525306273976,0.20715137067938016,0.9655442443226312,0.4583245853453705,0.4931992903607333,0.0,0.9999999999999999,0.3100358422939067
0.39023039432875495,1.0,0.8410355399114342,0.30731246060096656,0.7355525306273976,0.20715137067938016,0.9655442443226312,0.4583245853453705,0.4931992903607333,1.0000000000000002,0.0,0.29091995221027456
0.39023039432875495,1.0,0.8410355399114342,0.30731246060096656,0.7355525306273976,0.20715137067938016,0.9655442443226312,0.4583245853453705,0.4931992903607333,0.697053153401267,0.4401975773256497,0.0
0.39023039432875495,1.0,0.8410355399114342,0.30731246060096656,0.7355525306273976,0.20715137067938016,0.9655442443226312,0.4583245853453705,0.4931992903607333,0.10823464610300215,0.4013877455015876,0.9999999999999998
0.39023039432875495,1.0,0.8410355399114342,0.30731246060096656,0.7355525306273976,0.20715137067938016,0.9817280083529103,0.0,1.0,0.0,0.9999999999999999,0.3100358422939067
0.39023039432875495,1.0,0.8410355399114342,0.30731246060096656,0.7355525306273976,0.20715137067938016,0.9817280083529103,0.0,1.0,1.0000000000000002,0.0,0.29091995221027456
0.39023039432875495,1.0,0.8410355399114342,0.30731246060096656,0.7355525306273976,0.20715137067938016,0.9817280083529103,0.0,1.0,0.697053153401267,0.4401975773256497,0.0
0.39023039432875495,1.0,0.8410355399114342,0.30731246060096656,0.7355525306273976,0.20715137067938016,0.9817280083529103,0.0,1.0,0.10823464610300215,0.4013877455015876,0.9999999999999998
0.39023039432875495,1.0,0.8410355399114342,0.7482664425299431,0.3349832941467641,0.8704410011918953,0.07099973897154789,0.975015746378333,0.15533215060122219,0.0,0.9999999999999999,0.3100358422939067
0.39023039432875495,1.0,0.8410355399114342,0.7482664425299431,0.3349832941467641,0.8704410011918953,0.07099973897154789,0.975015746378333,0.15533215060122219,1.0000000000000002,0.0,0.29091995221027456
0.39023039432875495,1.0,0.8410355399114342,0.7482664425299431,0.3349832941467641,0.8704410011918953,0.07099973897154789,0.975015746378333,0.15533215060122219,0.697053153401267,0.4401975773256497,0.0
0.39023039432875495,1.0,0.8410355399114342,0.7482664425299431,0.3349832941467641,0.8704410011918953,0.07099973897154789,0.975015746378333,0.15533215060122219,0.10823464610300215,0.4013877455015876,0.9999999999999998
0.39023039432875495,1.0,0.8410355399114342,0.7482664425299431,0.3349832941467641,0.8704410011918953,0.0,0.4611589334453075,0.0,0.0,0.9999999999999999,0.3100358422939067
0.39023039432875495,1.0,0.8410355399114342,0.7482664425299431,0.3349832941467641,0.8704410011918953,0.0,0.4611589334453075,0.0,1.0000000000000002,0.0,0.29091995221027456
0.39023039432875495,1.0,0.8410355399114342,0.7482664425299431,0.3349832941467641,0.8704410011918953,0.0,0.4611589334453075,0.0,0.697053153401267,0.4401975773256497,0.0
0.39023039432875495,1.0,0.8410355399114342,0.7482664425299431,0.3349832941467641,0.8704410011918953,0.0,0.4611589334453075,0.0,0.10823464610300215,0.4013877455015876,0.9999999999999998
0.39023039432875495,1.0,0.8410355399114342,0.7482664425299431,0.3349832941467641,0.8704410011918953,1.0,1.0,0.5901833234772325,0.0,0.9999999999999999,0.3100358422939067
0.39023039432875495,1.0,0.8410355399114342,0.7482664425299431,0.3349832941467641,0.8704410011918953,1.0,1.0,0.5901833234772325,1.0000000000000002,0.0,0.29091995221027456
0.39023039432875495,1.0,0.8410355399114342,0.7482664425299431,0.3349832941467641,0.8704410011918953,1.0,1.0,0.5901833234772325,0.697053153401267,0.4401975773256497,0.0
0.39023039432875495,1.0,0.8410355399114342,0.7482664425299431,0.3349832941467641,0.8704410011918953,1.0,1.0,0.5901833234772325,0.10823464610300215,0.4013877455015876,0.9999999999999998
0.39023039432875495,1.0,0.8410355399114342,0.7482664425299431,0.3349832941467641,0.8704410011918953,0.10702166536152442,0.9070963678353978,0.7001774098166764,0.0,0.9999999999999999,0.3100358422939067
0.39023039432875495,1.0,0.8410355399114342,0.7482664425299431,0.3349832941467641,0.8704410011918953,0.10702166536152442,0.9070963678353978,0.7001774098166764,1.0000000000000002,0.0,0.29091995221027456
0.39023039432875495,1.0,0.8410355399114342,0.7482664425299431,0.3349832941467641,0.8704410011918953,0.10702166536152442,0.9070963678353978,0.7001774098166764,0.697053153401267,0.4401975773256497,0.0
0.39023039432875495,1.0,0.8410355399114342,0.7482664425299431,0.3349832941467641,0.8704410011918953,0.10702166536152442,0.9070963678353978,0.7001774098166764,0.10823464610300215,0.4013877455015876,0.9999999999999998
0.39023039432875495,1.0,0.8410355399114342,0.7482664425299431,0.3349832941467641,0.8704410011918953,0.3492560689115113,0.8275246693260551,0.2781391681450819,0.0,0.9999999999999999,0.3100358422939067
0.39023039432875495,1.0,0.8410355399114342,0.7482664425299431,0.3349832941467641,0.8704410011918953,0.3492560689115113,0.8275246693260551,0.2781391681450819,1.0000000000000002,0.0,0.29091995221027456
0.39023039432875495,1.0,0.8410355399114342,0.7482664425299431,0.3349832941467641,0.8704410011918953,0.3492560689115113,0.8275246693260551,0.2781391681450819,0.697053153401267,0.4401975773256497,0.0
0.39023039432875495,1.0,0.8410355399114342,0.7482664425299431,0.3349832941467641,0.8704410011918953,0.3492560689115113,0.8275246693260551,0.2781391681450819,0.10823464610300215,0.4013877455015876,0.9999999999999998
0.39023039432875495,1.0,0.8410355399114342,0.7482664425299431,0.3349832941467641,0.8704410011918953,0.1536152440616027,0.4086710056686962,0.3378671397595112,0.0,0.9999999999999999,0.3100358422939067
0.39023039432875495,1.0,0.8410355399114342,0.7482664425299431,0.3349832941467641,0.8704410011918953,0.1536152440616027,0.4086710056686962,0.3378671397595112,1.0000000000000002,0.0,0.29091995221027456
0.39023039432875495,1.0,0.8410355399114342,0.7482664425299431,0.3349832941467641,0.8704410011918953,0.1536152440616027,0.4086710056686962,0.3378671397595112,0.697053153401267,0.4401975773256497,0.0
0.39023039432875495,1.0,0.8410355399114342,0.7482664425299431,0.3349832941467641,0.8704410011918953,0.1536152440616027,0.4086710056686962,0.3378671397595112,0.10823464610300215,0.4013877455015876,0.9999999999999998
0.39023039432875495,1.0,0.8410355399114342,0.7482664425299431,0.3349832941467641,0.8704410011918953,0.9655442443226312,0.4583245853453705,0.4931992903607333,0.0,0.9999999999999999,0.3100358422939067
0.39023039432875495,1.0,0.8410355399114342,0.7482664425299431,0.3349832941467641,0.8704410011918953,0.9655442443226312,0.4583245853453705,0.4931992903607333,1.0000000000000002,0.0,0.29091995221027456
0.39023039432875495,1.0,0.8410355399114342,0.7482664425299431,0.3349832941467641,0.8704410011918953,0.9655442443226312,0.4583245853453705,0.4931992903607333,0.697053153401267,0.4401975773256497,0.0
0.39023039432875495,1.0,0.8410355399114342,0.7482664425299431,0.3349832941467641,0.8704410011918953,0.9655442443226312,0.4583245853453705,0.4931992903607333,0.10823464610300215,0.4013877455015876,0.9999999999999998
0.39023039432875495,1.0,0.8410355399114342,0.7482664425299431,0.3349832941467641,0.8704410011918953,0.9817280083529103,0.0,1.0,0.0,0.9999999999999999,0.3100358422939067
0.39023039432875495,1.0,0.8410355399114342,0.7482664425299431,0.3349832941467641,0.8704410011918953,0.9817280083529103,0.0,1.0,1.0000000000000002,0.0,0.29091995221027456
0.39023039432875495,1.0,0.8410355399114342,0.7482664425299431,0.3349832941467641,0.8704410011918953,0.9817280083529103,0.0,1.0,0.697053153401267,0.4401975773256497,0.0
0.39023039432875495,1.0,0.8410355399114342,0.7482664425299431,0.3349832941467641,0.8704410011918953,0.9817280083529103,0.0,1.0,0.10823464610300215,0.4013877455015876,0.9999999999999998
0.39023039432875495,1.0,0.8410355399114342,0.0,0.8396238089345379,0.6827175208581644,0.07099973897154789,0.975015746378333,0.15533215060122219,0.0,0.9999999999999999,0.3100358422939067
0.39023039432875495,1.0,0.8410355399114342,0.0,0.8396238089345379,0.6827175208581644,0.07099973897154789,0.975015746378333,0.15533215060122219,1.0000000000000002,0.0,0.29091995221027456
0.39023039432875495,1.0,0.8410355399114342,0.0,0.8396238089345379,0.6827175208581644,0.07099973897154789,0.975015746378333,0.15533215060122219,0.697053153401267,0.4401975773256497,0.0
0.39023039432875495,1.0,0.8410355399114342,0.0,0.8396238089345379,0.6827175208581644,0.07099973897154789,0.975015746378333,0.15533215060122219,0.10823464610300215,0.4013877455015876,0.9999999999999998
0.39023039432875495,1.0,0.8410355399114342,0.0,0.8396238089345379,0.6827175208581644,0.0,0.4611589334453075,0.0,0.0,0.9999999999999999,0.3100358422939067
0.39023039432875495,1.0,0.8410355399114342,0.0,0.8396238089345379,0.6827175208581644,0.0,0.4611589334453075,0.0,1.0000000000000002,0.0,0.29091995221027456
0.39023039432875495,1.0,0.8410355399114342,0.0,0.8396238089345379,0.6827175208581644,0.0,0.4611589334453075,0.0,0.697053153401267,0.4401975773256497,0.0
0.39023039432875495,1.0,0.8410355399114342,0.0,0.8396238089345379,0.6827175208581644,0.0,0.4611589334453075,0.0,0.10823464610300215,0.4013877455015876,0.9999999999999998
0.39023039432875495,1.0,0.8410355399114342,0.0,0.8396238089345379,0.6827175208581644,1.0,1.0,0.5901833234772325,0.0,0.9999999999999999,0.3100358422939067
0.39023039432875495,1.0,0.8410355399114342,0.0,0.8396238089345379,0.6827175208581644,1.0,1.0,0.5901833234772325,1.0000000000000002,0.0,0.29091995221027456
0.39023039432875495,1.0,0.8410355399114342,0.0,0.8396238089345379,0.6827175208581644,1.0,1.0,0.5901833234772325,0.697053153401267,0.4401975773256497,0.0
0.39023039432875495,1.0,0.8410355399114342,0.0,0.8396238089345379,0.6827175208581644,1.0,1.0,0.5901833234772325,0.10823464610300215,0.4013877455015876,0.9999999999999998
0.39023039432875495,1.0,0.8410355399114342,0.0,0.8396238089345379,0.6827175208581644,0.10702166536152442,0.9070963678353978,0.7001774098166764,0.0,0.9999999999999999,0.3100358422939067
0.39023039432875495,1.0,0.8410355399114342,0.0,0.8396238089345379,0.6827175208581644,0.10702166536152442,0.9070963678353978,0.7001774098166764,1.0000000000000002,0.0,0.29091995221027456
0.39023039432875495,1.0,0.8410355399114342,0.0,0.8396238089345379,0.6827175208581644,0.10702166536152442,0.9070963678353978,0.7001774098166764,0.697053153401267,0.4401975773256497,0.0
0.39023039432875495,1.0,0.8410355399114342,0.0,0.8396238089345379,0.6827175208581644,0.10702166536152442,0.9070963678353978,0.7001774098166764,0.10823464610300215,0.4013877455015876,0.9999999999999998
0.39023039432875495,1.0,0.8410355399114342,0.0,0.8396238089345379,0.6827175208581644,0.3492560689115113,0.8275246693260551,0.2781391681450819,0.0,0.9999999999999999,0.3100358422939067
0.39023039432875495,1.0,0.8410355399114342,0.0,0.8396238089345379,0.6827175208581644,0.3492560689115113,0.8275246693260551,0.2781391681450819,1.0000000000000002,0.0,0.29091995221027456
0.39023039432875495,1.0,0.8410355399114342,0.0,0.8396238089345379,0.6827175208581644,0.3492560689115113,0.8275246693260551,0.2781391681450819,0.697053153401267,0.4401975773256497,0.0
0.39023039432875495,1.0,0.8410355399114342,0.0,0.8396238089345379,0.6827175208581644,0.3492560689115113,0.8275246693260551,0.2781391681450819,0.10823464610300215,0.4013877455015876,0.9999999999999998
0.39023039432875495,1.0,0.8410355399114342,0.0,0.8396238089345379,0.6827175208581644,0.1536152440616027,0.4086710056686962,0.3378671397595112,0.0,0.9999999999999999,0.3100358422939067
0.39023039432875495,1.0,0.8410355399114342,0.0,0.8396238089345379,0.6827175208581644,0.1536152440616027,0.4086710056686962,0.3378671397595112,1.0000000000000002,0.0,0.29091995221027456
0.39023039432875495,1.0,0.8410355399114342,0.0,0.8396238089345379,0.6827175208581644,0.1536152440616027,0.4086710056686962,0.3378671397595112,0.697053153401267,0.4401975773256497,0.0
0.39023039432875495,1.0,0.8410355399114342,0.0,0.8396238089345379,0.6827175208581644,0.1536152440616027,0.4086710056686962,0.3378671397595112,0.10823464610300215,0.4013877455015876,0.9999999999999998
0.39023039432875495,1.0,0.8410355399114342,0.0,0.8396238089345379,0.6827175208581644,0.9655442443226312,0.4583245853453705,0.4931992903607333,0.0,0.9999999999999999,0.3100358422939067
0.39023039432875495,1.0,0.8410355399114342,0.0,0.8396238089345379,0.6827175208581644,0.9655442443226312,0.4583245853453705,0.4931992903607333,1.0000000000000002,0.0,0.29091995221027456
0.39023039432875495,1.0,0.8410355399114342,0.0,0.8396238089345379,0.6827175208581644,0.9655442443226312,0.4583245853453705,0.4931992903607333,0.697053153401267,0.4401975773256497,0.0
0.39023039432875495,1.0,0.8410355399114342,0.0,0.8396238089345379,0.6827175208581644,0.9655442443226312,0.4583245853453705,0.4931992903607333,0.10823464610300215,0.4013877455015876,0.9999999999999998
0.39023039432875495,1.0,0.8410355399114342,0.0,0.8396238089345379,0.6827175208581644,0.9817280083529103,0.0,1.0,0.0,0.9999999999999999,0.3100358422939067
0.39023039432875495,1.0,0.8410355399114342,0.0,0.8396238089345379,0.6827175208581644,0.9817280083529103,0.0,1.0,1.0000000000000002,0.0,0.29091995221027456
0.39023039432875495,1.0,0.8410355399114342,0.0,0.8396238089345379,0.6827175208581644,0.9817280083529103,0.0,1.0,0.697053153401267,0.4401975773256497,0.0
0.39023039432875495,1.0,0.8410355399114342,0.0,0.8396238089345379,0.6827175208581644,0.9817280083529103,0.0,1.0,0.10823464610300215,0.4013877455015876,0.9999999999999998
0.39023039432875495,1.0,0.8410355399114342,0.9180500105064089,0.057294889246380404,0.9804529201430274,0.07099973897154789,0.975015746378333,0.15533215060122219,0.0,0.9999999999999999,0.3100358422939067
0.39023039432875495,1.0,0.8410355399114342,0.9180500105064089,0.057294889246380404,0.9804529201430274,0.07099973897154789,0.975015746378333,0.15533215060122219,1.0000000000000002,0.0,0.29091995221027456
0.39023039432875495,1.0,0.8410355399114342,0.9180500105064089,0.057294889246380404,0.9804529201430274,0.07099973897154789,0.975015746378333,0.15533215060122219,0.697053153401267,0.4401975773256497,0.0
0.39023039432875495,1.0,0.8410355399114342,0.9180500105064089,0.057294889246380404,0.9804529201430274,0.07099973897154789,0.975015746378333,0.15533215060122219,0.10823464610300215,0.4013877455015876,0.9999999999999998
0.39023039432875495,1.0,0.8410355399114342,0.9180500105064089,0.057294889246380404,0.9804529201430274,0.0,0.4611589334453075,0.0,0.0,0.9999999999999999,0.3100358422939067
0.39023039432875495,1.0,0.8410355399114342,0.9180500105064089,0.057294889246380404,0.9804529201430274,0.0,0.4611589334453075,0.0,1.0000000000000002,0.0,0.29091995221027456
0.39023039432875495,1.0,0.8410355399114342,0.9180500105064089,0.057294889246380404,0.9804529201430274,0.0,0.4611589334453075,0.0,0.697053153401267,0.4401975773256497,0.0
0.39023039432875495,1.0,0.8410355399114342,0.9180500105064089,0.057294889246380404,0.9804529201430274,0.0,0.4611589334453075,0.0,0.10823464610300215,0.4013877455015876,0.9999999999999998
0.39023039432875495,1.0,0.8410355399114342,0.9180500105064089,0.057294889246380404,0.9804529201430274,1.0,1.0,0.5901833234772325,0.0,0.9999999999999999,0.3100358422939067
0.39023039432875495,1.0,0.8410355399114342,0.9180500105064089,0.057294889246380404,0.9804529201430274,1.0,1.0,0.5901833234772325,1.0000000000000002,0.0,0.29091995221027456
0.39023039432875495,1.0,0.8410355399114342,0.9180500105064089,0.057294889246380404,0.9804529201430274,1.0,1.0,0.5901833234772325,0.697053153401267,0.4401975773256497,0.0
0.39023039432875495,1.0,0.8410355399114342,0.9180500105064089,0.057294889246380404,0.9804529201430274,1.0,1.0,0.5901833234772325,0.10823464610300215,0.4013877455015876,0.9999999999999998
0.39023039432875495,1.0,0.8410355399114342,0.9180500105064089,0.057294889246380404,0.9804529201430274,0.10702166536152442,0.9070963678353978,0.7001774098166764,0.0,0.9999999999999999,0.3100358422939067
0.39023039432875495,1.0,0.8410355399114342,0.9180500105064089,0.057294889246380404,0.9804529201430274,0.10702166536152442,0.9070963678353978,0.7001774098166764,1.0000000000000002,0.0,0.29091995221027456
0.39023039432875495,1.0,0.8410355399114342,0.9180500105064089,0.057294889246380404,0.9804529201430274,0.10702166536152442,0.9070963678353978,0.7001774098166764,0.697053153401267,0.4401975773256497,0.0
0.39023039432875495,1.0,0.8410355399114342,0.9180500105064089,0.057294889246380404,0.9804529201430274,0.10702166536152442,0.9070963678353978,0.7001774098166764,0.10823464610300215,0.4013877455015876,0.9999999999999998
0.39023039432875495,1.0,0.8410355399114342,0.9180500105064089,0.057294889246380404,0.9804529201430274,0.3492560689115113,0.8275246693260551,0.2781391681450819,0.0,0.9999999999999999,0.3100358422939067
0.39023039432875495,1.0,0.8410355399114342,0.9180500105064089,0.057294889246380404,0.9804529201430274,0.3492560689115113,0.8275246693260551,0.2781391681450819,1.0000000000000002,0.0,0.29091995221027456
0.39023039432875495,1.0,0.8410355399114342,0.9180500105064089,0.057294889246380404,0.9804529201430274,0.3492560689115113,0.8275246693260551,0.2781391681450819,0.697053153401267,0.4401975773256497,0.0
0.39023039432875495,1.0,0.8410355399114342,0.9180500105064089,0.057294889246380404,0.9804529201430274,0.3492560689115113,0.8275246693260551,0.2781391681450819,0.10823464610300215,0.4013877455015876,0.9999999999999998
0.39023039432875495,1.0,0.8410355399114342,0.9180500105064089,0.057294889246380404,0.9804529201430274,0.1536152440616027,0.4086710056686962,0.3378671397595112,0.0,0.9999999999999999,0.3100358422939067
0.39023039432875495,1.0,0.8410355399114342,0.9180500105064089,0.057294889246380404,0.9804529201430274,0.1536152440616027,0.4086710056686962,0.3378671397595112,1.0000000000000002,0.0,0.29091995221027456
0.39023039432875495,1.0,0.8410355399114342,0.9180500105064089,0.057294889246380404,0.9804529201430274,0.1536152440616027,0.4086710056686962,0.3378671397595112,0.697053153401267,0.4401975773256497,0.0
0.39023039432875495,1.0,0.8410355399114342,0.9180500105064089,0.057294889246380404,0.9804529201430274,0.1536152440616027,0.4086710056686962,0.3378671397595112,0.10823464610300215,0.4013877455015876,0.9999999999999998
0.39023039432875495,1.0,0.8410355399114342,0.9180500105064089,0.057294889246380404,0.9804529201430274,0.9655442443226312,0.4583245853453705,0.4931992903607333,0.0,0.9999999999999999,0.3100358422939067
0.39023039432875495,1.0,0.8410355399114342,0.9180500105064089,0.057294889246380404,0.9804529201430274,0.9655442443226312,0.4583245853453705,0.4931992903607333,1.0000000000000002,0.0,0.29091995221027456
0.39023039432875495,1.0,0.8410355399114342,0.9180500105064089,0.057294889246380404,0.9804529201430274,0.9655442443226312,0.4583245853453705,0.4931992903607333,0.697053153401267,0.4401975773256497,0.0
0.39023039432875495,1.0,0.8410355399114342,0.9180500105064089,0.057294889246380404,0.9804529201430274,0.9655442443226312,0.4583245853453705,0.4931992903607333,0.10823464610300215,0.4013877455015876,0.9999999999999998
0.39023039432875495,1.0,0.8410355399114342,0.9180500105064089,0.057294889246380404,0.9804529201430274,0.9817280083529103,0.0,1.0,0.0,0.9999999999999999,0.3100358422939067
0.39023039432875495,1.0,0.8410355399114342,0.9180500105064089,0.057294889246380404,0.9804529201430274,0.9817280083529103,0.0,1.0,1.0000000000000002,0.0,0.29091995221027456
0.39023039432875495,1.0,0.8410355399114342,0.9180500105064089,0.057294889246380404,0.9804529201430274,0.9817280083529103,0.0,1.0,0.697053153401267,0.4401975773256497,0.0
0.39023039432875495,1.0,0.8410355399114342,0.9180500105064089,0.057294889246380404,0.9804529201430274,0.9817280083529103,0.0,1.0,0.10823464610300215,0.4013877455015876,0.9999999999999998
0.39023039432875495,1.0,0.8410355399114342,0.9999999999999999,0.4271748545972034,1.0,0.07099973897154789,0.975015746378333,0.15533215060122219,0.0,0.9999999999999999,0.3100358422939067
0.39023039432875495,1.0,0.8410355399114342,0.9999999999999999,0.4271748545972034,1.0,0.07099973897154789,0.975015746378333,0.15533215060122219,1.0000000000000002,0.0,0.29091995221027456
0.39023039432875495,1.0,0.8410355399114342,0.9999999999999999,0.4271748545972034,1.0,0.07099973897154789,0.975015746378333,0.15533215060122219,0.697053153401267,0.4401975773256497,0.0
0.39023039432875495,1.0,0.8410355399114342,0.9999999999999999,0.4271748545972034,1.0,0.07099973897154789,0.975015746378333,0.15533215060122219,0.10823464610300215,0.4013877455015876,0.9999999999999998
0.39023039432875495,1.0,0.8410355399114342,0.9999999999999999,0.4271748545972034,1.0,0.0,0.4611589334453075,0.0,0.0,0.9999999999999999,0.3100358422939067
0.39023039432875495,1.0,0.8410355399114342,0.9999999999999999,0.4271748545972034,1.0,0.0,0.4611589334453075,0.0,1.0000000000000002,0.0,0.29091995221027456
0.39023039432875495,1.0,0.8410355399114342,0.9999999999999999,0.4271748545972034,1.0,0.0,0.4611589334453075,0.0,0.697053153401267,0.4401975773256497,0.0
0.39023039432875495,1.0,0.8410355399114342,0.9999999999999999,0.4271748545972034,1.0,0.0,0.4611589334453075,0.0,0.10823464610300215,0.4013877455015876,0.9999999999999998
0.39023039432875495,1.0,0.8410355399114342,0.9999999999999999,0.4271748545972034,1.0,1.0,1.0,0.5901833234772325,0.0,0.9999999999999999,0.3100358422939067
0.39023039432875495,1.0,0.8410355399114342,0.9999999999999999,0.4271748545972034,1.0,1.0,1.0,0.5901833234772325,1.0000000000000002,0.0,0.29091995221027456
0.39023039432875495,1.0,0.8410355399114342,0.9999999999999999,0.4271748545972034,1.0,1.0,1.0,0.5901833234772325,0.697053153401267,0.4401975773256497,0.0
0.39023039432875495,1.0,0.8410355399114342,0.9999999999999999,0.4271748545972034,1.0,1.0,1.0,0.5901833234772325,0.10823464610300215,0.4013877455015876,0.9999999999999998
0.39023039432875495,1.0,0.8410355399114342,0.9999999999999999,0.4271748545972034,1.0,0.10702166536152442,0.9070963678353978,0.7001774098166764,0.0,0.9999999999999999,0.3100358422939067
0.39023039432875495,1.0,0.8410355399114342,0.9999999999999999,0.4271748545972034,1.0,0.10702166536152442,0.9070963678353978,0.7001774098166764,1.0000000000000002,0.0,0.29091995221027456
0.39023039432875495,1.0,0.8410355399114342,0.9999999999999999,0.4271748545972034,1.0,0.10702166536152442,0.9070963678353978,0.7001774098166764,0.697053153401267,0.4401975773256497,0.0
0.39023039432875495,1.0,0.8410355399114342,0.9999999999999999,0.4271748545972034,1.0,0.10702166536152442,0.9070963678353978,0.7001774098166764,0.10823464610300215,0.4013877455015876,0.9999999999999998
0.39023039432875495,1.0,0.8410355399114342,0.9999999999999999,0.4271748545972034,1.0,0.3492560689115113,0.8275246693260551,0.2781391681450819,0.0,0.9999999999999999,0.3100358422939067
0.39023039432875495,1.0,0.8410355399114342,0.9999999999999999,0.4271748545972034,1.0,0.3492560689115113,0.8275246693260551,0.2781391681450819,1.0000000000000002,0.0,0.29091995221027456
0.39023039432875495,1.0,0.8410355399114342,0.9999999999999999,0.4271748545972034,1.0,0.3492560689115113,0.8275246693260551,0.2781391681450819,0.697053153401267,0.4401975773256497,0.0
0.39023039432875495,1.0,0.8410355399114342,0.9999999999999999,0.4271748545972034,1.0,0.3492560689115113,0.8275246693260551,0.2781391681450819,0.10823464610300215,0.4013877455015876,0.9999999999999998
0.39023039432875495,1.0,0.8410355399114342,0.9999999999999999,0.4271748545972034,1.0,0.1536152440616027,0.4086710056686962,0.3378671397595112,0.0,0.9999999999999999,0.3100358422939067
0.39023039432875495,1.0,0.8410355399114342,0.9999999999999999,0.4271748545972034,1.0,0.1536152440616027,0.4086710056686962,0.3378671397595112,1.0000000000000002,0.0,0.29091995221027456
0.39023039432875495,1.0,0.8410355399114342,0.9999999999999999,0.4271748545972034,1.0,0.1536152440616027,0.4086710056686962,0.3378671397595112,0.697053153401267,0.4401975773256497,0.0
0.39023039432875495,1.0,0.8410355399114342,0.9999999999999999,0.4271748545972034,1.0,0.1536152440616027,0.4086710056686962,0.3378671397595112,0.10823464610300215,0.4013877455015876,0.9999999999999998
0.39023039432875495,1.0,0.8410355399114342,0.9999999999999999,0.4271748545972034,1.0,0.9655442443226312,0.4583245853453705,0.4931992903607333,0.0,0.9999999999999999,0.3100358422939067
0.39023039432875495,1.0,0.8410355399114342,0.9999999999999999,0.4271748545972034,1.0,0.9655442443226312,0.4583245853453705,0.4931992903607333,1.0000000000000002,0.0,0.29091995221027456
0.39023039432875495,1.0,0.8410355399114342,0.9999999999999999,0.4271748545972034,1.0,0.9655442443226312,0.4583245853453705,0.4931992903607333,0.697053153401267,0.4401975773256497,0.0
0.39023039432875495,1.0,0.8410355399114342,0.9999999999999999,0.4271748545972034,1.0,0.9655442443226312,0.4583245853453705,0.4931992903607333,0.10823464610300215,0.4013877455015876,0.9999999999999998
0.39023039432875495,1.0,0.8410355399114342,0.9999999999999999,0.4271748545972034,1.0,0.9817280083529103,0.0,1.0,0.0,0.9999999999999999,0.3100358422939067
0.39023039432875495,1.0,0.8410355399114342,0.9999999999999999,0.4271748545972034,1.0,0.9817280083529103,0.0,1.0,1.0000000000000002,0.0,0.29091995221027456
0.39023039432875495,1.0,0.8410355399114342,0.9999999999999999,0.4271748545972034,1.0,0.9817280083529103,0.0,1.0,0.697053153401267,0.4401975773256497,0.0
0.39023039432875495,1.0,0.8410355399114342,0.9999999999999999,0.4271748545972034,1.0,0.9817280083529103,0.0,1.0,0.10823464610300215,0.4013877455015876,0.9999999999999998
0.39023039432875495,1.0,0.8410355399114342,0.00021012817818869337,0.05296374211112484,0.8307508939213348,0.07099973897154789,0.975015746378333,0.15533215060122219,0.0,0.9999999999999999,0.3100358422939067
0.39023039432875495,1.0,0.8410355399114342,0.00021012817818869337,0.05296374211112484,0.8307508939213348,0.07099973897154789,0.975015746378333,0.15533215060122219,1.0000000000000002,0.0,0.29091995221027456
0.39023039432875495,1.0,0.8410355399114342,0.00021012817818869337,0.05296374211112484,0.8307508939213348,0.07099973897154789,0.975015746378333,0.15533215060122219,0.697053153401267,0.4401975773256497,0.0
0.39023039432875495,1.0,0.8410355399114342,0.00021012817818869337,0.05296374211112484,0.8307508939213348,0.07099973897154789,0.975015746378333,0.15533215060122219,0.10823464610300215,0.4013877455015876,0.9999999999999998
0.39023039432875495,1.0,0.8410355399114342,0.00021012817818869337,0.05296374211112484,0.8307508939213348,0.0,0.4611589334453075,0.0,0.0,0.9999999999999999,0.3100358422939067
0.39023039432875495,1.0,0.8410355399114342,0.00021012817818869337,0.05296374211112484,0.8307508939213348,0.0,0.4611589334453075,0.0,1.0000000000000002,0.0,0.29091995221027456
0.39023039432875495,1.0,0.8410355399114342,0.00021012817818869337,0.05296374211112484,0.8307508939213348,0.0,0.4611589334453075,0.0,0.697053153401267,0.4401975773256497,0.0
0.39023039432875495,1.0,0.8410355399114342,0.00021012817818869337,0.05296374211112484,0.8307508939213348,0.0,0.4611589334453075,0.0,0.10823464610300215,0.4013877455015876,0.9999999999999998
0.39023039432875495,1.0,0.8410355399114342,0.00021012817818869337,0.05296374211112484,0.8307508939213348,1.0,1.0,0.5901833234772325,0.0,0.9999999999999999,0.3100358422939067
0.39023039432875495,1.0,0.8410355399114342,0.00021012817818869337,0.05296374211112484,0.8307508939213348,1.0,1.0,0.5901833234772325,1.0000000000000002,0.0,0.29091995221027456
0.39023039432875495,1.0,0.8410355399114342,0.00021012817818869337,0.05296374211112484,0.8307508939213348,1.0,1.0,0.5901833234772325,0.697053153401267,0.4401975773256497,0.0
0.39023039432875495,1.0,0.8410355399114342,0.00021012817818869337,0.05296374211112484,0.8307508939213348,1.0,1.0,0.5901833234772325,0.10823464610300215,0.4013877455015876,0.9999999999999998
0.39023039432875495,1.0,0.8410355399114342,0.00021012817818869337,0.05296374211112484,0.8307508939213348,0.10702166536152442,0.9070963678353978,0.7001774098166764,0.0,0.9999999999999999,0.3100358422939067
0.39023039432875495,1.0,0.8410355399114342,0.00021012817818869337,0.05296374211112484,0.8307508939213348,0.10702166536152442,0.9070963678353978,0.7001774098166764,1.0000000000000002,0.0,0.29091995221027456
0.39023039432875495,1.0,0.8410355399114342,0.00021012817818869337,0.05296374211112484,0.8307508939213348,0.10702166536152442,0.9070963678353978,0.7001774098166764,0.697053153401267,0.4401975773256497,0.0
0.39023039432875495,1.0,0.8410355399114342,0.00021012817818869337,0.05296374211112484,0.8307508939213348,0.10702166536152442,0.9070963678353978,0.7001774098166764,0.10823464610300215,0.4013877455015876,0.9999999999999998
0.39023039432875495,1.0,0.8410355399114342,0.00021012817818869337,0.05296374211112484,0.8307508939213348,0.3492560689115113,0.8275246693260551,0.2781391681450819,0.0,0.9999999999999999,0.3100358422939067
0.39023039432875495,1.0,0.8410355399114342,0.00021012817818869337,0.05296374211112484,0.8307508939213348,0.3492560689115113,0.8275246693260551,0.2781391681450819,1.0000000000000002,0.0,0.29091995221027456
0.39023039432875495,1.0,0.8410355399114342,0.00021012817818869337,0.05296374211112484,0.8307508939213348,0.3492560689115113,0.8275246693260551,0.2781391681450819,0.697053153401267,0.4401975773256497,0.0
0.39023039432875495,1.0,0.8410355399114342,0.00021012817818869337,0.05296374211112484,0.8307508939213348,0.3492560689115113,0.8275246693260551,0.2781391681450819,0.10823464610300215,0.4013877455015876,0.9999999999999998
0.39023039432875495,1.0,0.8410355399114342,0.00021012817818869337,0.05296374211112484,0.8307508939213348,0.1536152440616027,0.4086710056686962,0.3378671397595112,0.0,0.9999999999999999,0.3100358422939067
0.39023039432875495,1.0,0.8410355399114342,0.00021012817818869337,0.05296374211112484,0.8307508939213348,0.1536152440616027,0.4086710056686962,0.3378671397595112,1.0000000000000002,0.0,0.29091995221027456
0.39023039432875495,1.0,0.8410355399114342,0.00021012817818869337,0.05296374211112484,0.8307508939213348,0.1536152440616027,0.4086710056686962,0.3378671397595112,0.697053153401267,0.4401975773256497,0.0
0.39023039432875495,1.0,0.8410355399114342,0.00021012817818869337,0.05296374211112484,0.8307508939213348,0.1536152440616027,0.4086710056686962,0.3378671397595112,0.10823464610300215,0.4013877455015876,0.9999999999999998
0.39023039432875495,1.0,0.8410355399114342,0.00021012817818869337,0.05296374211112484,0.8307508939213348,0.9655442443226312,0.4583245853453705,0.4931992903607333,0.0,0.9999999999999999,0.3100358422939067
0.39023039432875495,1.0,0.8410355399114342,0.00021012817818869337,0.05296374211112484,0.8307508939213348,0.9655442443226312,0.4583245853453705,0.4931992903607333,1.0000000000000002,0.0,0.29091995221027456
0.39023039432875495,1.0,0.8410355399114342,0.00021012817818869337,0.05296374211112484,0.8307508939213348,0.9655442443226312,0.4583245853453705,0.4931992903607333,0.697053153401267,0.4401975773256497,0.0
0.39023039432875495,1.0,0.8410355399114342,0.00021012817818869337,0.05296374211112484,0.8307508939213348,0.9655442443226312,0.4583245853453705,0.4931992903607333,0.10823464610300215,0.4013877455015876,0.9999999999999998
0.39023039432875495,1.0,0.8410355399114342,0.00021012817818869337,0.05296374211112484,0.8307508939213348,0.9817280083529103,0.0,1.0,0.0,0.9999999999999999,0.3100358422939067
0.39023039432875495,1.0,0.8410355399114342,0.00021012817818869337,0.05296374211112484,0.8307508939213348,0.9817280083529103,0.0,1.0,1.0000000000000002,0.0,0.29091995221027456
0.39023039432875495,1.0,0.8410355399114342,0.00021012817818869337,0.05296374211112484,0.8307508939213348,0.9817280083529103,0.0,1.0,0.697053153401267,0.4401975773256497,0.0
0.39023039432875495,1.0,0.8410355399114342,0.00021012817818869337,0.05296374211112484,0.8307508939213348,0.9817280083529103,0.0,1.0,0.10823464610300215,0.4013877455015876,0.9999999999999998
0.39023039432875495,1.0,0.8410355399114342,0.3867409119562933,0.9365177577032547,0.06686531585220501,0.07099973897154789,0.975015746378333,0.15533215060122219,0.0,0.9999999999999999,0.3100358422939067
0.39023039432875495,1.0,0.8410355399114342,0.3867409119562933,0.9365177577032547,0.06686531585220501,0.07099973897154789,0.975015746378333,0.15533215060122219,1.0000000000000002,0.0,0.29091995221027456
0.39023039432875495,1.0,0.8410355399114342,0.3867409119562933,0.9365177577032547,0.06686531585220501,0.07099973897154789,0.975015746378333,0.15533215060122219,0.697053153401267,0.4401975773256497,0.0
0.39023039432875495,1.0,0.8410355399114342,0.3867409119562933,0.9365177577032547,0.06686531585220501,0.07099973897154789,0.975015746378333,0.15533215060122219,0.10823464610300215,0.4013877455015876,0.9999999999999998
0.39023039432875495,1.0,0.8410355399114342,0.3867409119562933,0.9365177577032547,0.06686531585220501,0.0,0.4611589334453075,0.0,0.0,0.9999999999999999,0.3100358422939067
0.39023039432875495,1.0,0.8410355399114342,0.3867409119562933,0.9365177577032547,0.06686531585220501,0.0,0.4611589334453075,0.0,1.0000000000000002,0.0,0.29091995221027456
0.39023039432875495,1.0,0.8410355399114342,0.3867409119562933,0.9365177577032547,0.06686531585220501,0.0,0.4611589334453075,0.0,0.697053153401267,0.4401975773256497,0.0
0.39023039432875495,1.0,0.8410355399114342,0.3867409119562933,0.9365177577032547,0.06686531585220501,0.0,0.4611589334453075,0.0,0.10823464610300215,0.4013877455015876,0.9999999999999998
0.39023039432875495,1.0,0.8410355399114342,0.3867409119562933,0.9365177577032547,0.06686531585220501,1.0,1.0,0.5901833234772325,0.0,0.9999999999999999,0.3100358422939067
0.39023039432875495,1.0,0.8410355399114342,0.3867409119562933,0.9365177577032547,0.06686531585220501,1.0,1.0,0.5901833234772325,1.0000000000000002,0.0,0.29091995221027456
0.39023039432875495,1.0,0.8410355399114342,0.3867409119562933,0.9365177577032547,0.06686531585220501,1.0,1.0,0.5901833234772325,0.697053153401267,0.4401975773256497,0.0
0.39023039432875495,1.0,0.8410355399114342,0.3867409119562933,0.9365177577032547,0.06686531585220501,1.0,1.0,0.5901833234772325,0.10823464610300215,0.4013877455015876,0.9999999999999998
0.39023039432875495,1.0,0.8410355399114342,0.3867409119562933,0.9365177577032547,0.06686531585220501,0.10702166536152442,0.9070963678353978,0.7001774098166764,0.0,0.9999999999999999,0.3100358422939067
0.39023039432875495,1.0,0.8410355399114342,0.3867409119562933,0.9365177577032547,0.06686531585220501,0.10702166536152442,0.9070963678353978,0.7001774098166764,1.0000000000000002,0.0,0.29091995221027456
0.39023039432875495,1.0,0.8410355399114342,0.3867409119562933,0.9365177577032547,0.06686531585220501,0.10702166536152442,0.9070963678353978,0.7001774098166764,0.697053153401267,0.4401975773256497,0.0
0.39023039432875495,1.0,0.8410355399114342,0.3867409119562933,0.9365177577032547,0.06686531585220501,0.10702166536152442,0.9070963678353978,0.7001774098166764,0.10823464610300215,0.4013877455015876,0.9999999999999998
0.39023039432875495,1.0,0.8410355399114342,0.3867409119562933,0.9365177577032547,0.06686531585220501,0.3492560689115113,0.8275246693260551,0.2781391681450819,0.0,0.9999999999999999,0.3100358422939067
0.39023039432875495,1.0,0.8410355399114342,0.3867409119562933,0.9365177577032547,0.06686531585220501,0.3492560689115113,0.8275246693260551,0.2781391681450819,1.0000000000000002,0.0,0.29091995221027456
0.39023039432875495,1.0,0.8410355399114342,0.3867409119562933,0.9365177577032547,0.06686531585220501,0.3492560689115113,0.8275246693260551,0.2781391681450819,0.697053153401267,0.4401975773256497,0.0
0.39023039432875495,1.0,0.8410355399114342,0.3867409119562933,0.9365177577032547,0.06686531585220501,0.3492560689115113,0.8275246693260551,0.2781391681450819,0.10823464610300215,0.4013877455015876,0.9999999999999998
0.39023039432875495,1.0,0.8410355399114342,0.3867409119562933,0.9365177577032547,0.06686531585220501,0.1536152440616027,0.4086710056686962,0.3378671397595112,0.0,0.9999999999999999,0.3100358422939067
0.39023039432875495,1.0,0.8410355399114342,0.3867409119562933,0.9365177577032547,0.06686531585220501,0.1536152440616027,0.4086710056686962,0.3378671397595112,1.0000000000000002,0.0,0.29091995221027456
0.39023039432875495,1.0,0.8410355399114342,0.3867409119562933,0.9365177577032547,0.06686531585220501,0.1536152440616027,0.4086710056686962,0.3378671397595112,0.697053153401267,0.4401975773256497,0.0
0.39023039432875495,1.0,0.8410355399114342,0.3867409119562933,0.9365177577032547,0.06686531585220501,0.1536152440616027,0.4086710056686962,0.3378671397595112,0.10823464610300215,0.4013877455015876,0.9999999999999998
0.39023039432875495,1.0,0.8410355399114342,0.3867409119562933,0.9365177577032547,0.06686531585220501,0.9655442443226312,0.4583245853453705,0.4931992903607333,0.0,0.9999999999999999,0.3100358422939067
0.39023039432875495,1.0,0.8410355399114342,0.3867409119562933,0.9365177577032547,0.06686531585220501,0.9655442443226312,0.4583245853453705,0.4931992903607333,1.0000000000000002,0.0,0.29091995221027456
0.39023039432875495,1.0,0.8410355399114342,0.3867409119562933,0.9365177577032547,0.06686531585220501,0.9655442443226312,0.4583245853453705,0.4931992903607333,0.697053153401267,0.4401975773256497,0.0
0.39023039432875495,1.0,0.8410355399114342,0.3867409119562933,0.9365177577032547,0.06686531585220501,0.9655442443226312,0.4583245853453705,0.4931992903607333,0.10823464610300215,0.4013877455015876,0.9999999999999998
0.39023039432875495,1.0,0.8410355399114342,0.3867409119562933,0.9365177577032547,0.06686531585220501,0.9817280083529103,0.0,1.0,0.0,0.9999999999999999,0.3100358422939067
0.39023039432875495,1.0,0.8410355399114342,0.3867409119562933,0.9365177577032547,0.06686531585220501,0.9817280083529103,0.0,1.0,1.0000000000000002,0.0,0.29091995221027456
0.39023039432875495,1.0,0.8410355399114342,0.3867409119562933,0.9365177577032547,0.06686531585220501,0.9817280083529103,0.0,1.0,0.697053153401267,0.4401975773256497,0.0
0.39023039432875495,1.0,0.8410355399114342,0.3867409119562933,0.9365177577032547,0.06686531585220501,0.9817280083529103,0.0,1.0,0.10823464610300215,0.4013877455015876,0.9999999999999998
0.39023039432875495,1.0,0.8410355399114342,0.7575120823702458,0.4532854844697438,0.772824791418355,0.07099973897154789,0.975015746378333,0.15533215060122219,0.0,0.9999999999999999,0.3100358422939067
0.39023039432875495,1.0,0.8410355399114342,0.7575120823702458,0.4532854844697438,0.772824791418355,0.07099973897154789,0.975015746378333,0.15533215060122219,1.0000000000000002,0.0,0.29091995221027456
0.39023039432875495,1.0,0.8410355399114342,0.7575120823702458,0.4532854844697438,0.772824791418355,0.07099973897154789,0.975015746378333,0.15533215060122219,0.697053153401267,0.4401975773256497,0.0
0.39023039432875495,1.0,0.8410355399114342,0.7575120823702458,0.4532854844697438,0.772824791418355,0.07099973897154789,0.975015746378333,0.15533215060122219,0.10823464610300215,0.4013877455015876,0.9999999999999998
0.39023039432875495,1.0,0.8410355399114342,0.7575120823702458,0.4532854844697438,0.772824791418355,0.0,0.4611589334453075,0.0,0.0,0.9999999999999999,0.3100358422939067
0.39023039432875495,1.0,0.8410355399114342,0.7575120823702458,0.4532854844697438,0.772824791418355,0.0,0.4611589334453075,0.0,1.0000000000000002,0.0,0.29091995221027456
0.39023039432875495,1.0,0.8410355399114342,0.7575120823702458,0.4532854844697438,0.772824791418355,0.0,0.4611589334453075,0.0,0.697053153401267,0.4401975773256497,0.0
0.39023039432875495,1.0,0.8410355399114342,0.7575120823702458,0.4532854844697438,0.772824791418355,0.0,0.4611589334453075,0.0,0.10823464610300215,0.4013877455015876,0.9999999999999998
0.39023039432875495,1.0,0.8410355399114342,0.7575120823702458,0.4532854844697438,0.772824791418355,1.0,1.0,0.5901833234772325,0.0,0.9999999999999999,0.3100358422939067
0.39023039432875495,1.0,0.8410355399114342,0.7575120823702458,0.4532854844697438,0.772824791418355,1.0,1.0,0.5901833234772325,1.0000000000000002,0.0,0.29091995221027456
0.39023039432875495,1.0,0.8410355399114342,0.7575120823702458,0.4532854844697438,0.772824791418355,1.0,1.0,0.5901833234772325,0.697053153401267,0.4401975773256497,0.0
0.39023039432875495,1.0,0.8410355399114342,0.7575120823702458,0.4532854844697438,0.772824791418355,1.0,1.0,0.5901833234772325,0.10823464610300215,0.4013877455015876,0.9999999999999998
0.39023039432875495,1.0,0.8410355399114342,0.7575120823702458,0.4532854844697438,0.772824791418355,0.10702166536152442,0.9070963678353978,0.7001774098166764,0.0,0.9999999999999999,0.3100358422939067
0.39023039432875495,1.0,0.8410355399114342,0.7575120823702458,0.4532854844697438,0.772824791418355,0.10702166536152442,0.9070963678353978,0.7001774098166764,1.0000000000000002,0.0,0.29091995221027456
0.39023039432875495,1.0,0.8410355399114342,0.7575120823702458,0.4532854844697438,0.772824791418355,0.10702166536152442,0.9070963678353978,0.7001774098166764,0.697053153401267,0.4401975773256497,0.0
0.39023039432875495,1.0,0.8410355399114342,0.7575120823702458,0.4532854844697438,0.772824791418355,0.10702166536152442,0.9070963678353978,0.7001774098166764,0.10823464610300215,0.4013877455015876,0.9999999999999998
0.39023039432875495,1.0,0.8410355399114342,0.7575120823702458,0.4532854844697438,0.772824791418355,0.3492560689115113,0.8275246693260551,0.2781391681450819,0.0,0.9999999999999999,0.3100358422939067
0.39023039432875495,1.0,0.8410355399114342,0.7575120823702458,0.4532854844697438,0.772824791418355,0.3492560689115113,0.8275246693260551,0.2781391681450819,1.0000000000000002,0.0,0.29091995221027456
0.39023039432875495,1.0,0.8410355399114342,0.7575120823702458,0.4532854844697438,0.772824791418355,0.3492560689115113,0.8275246693260551,0.2781391681450819,0.697053153401267,0.4401975773256497,0.0
0.39023039432875495,1.0,0.8410355399114342,0.7575120823702458,0.4532854844697438,0.772824791418355,0.3492560689115113,0.8275246693260551,0.2781391681450819,0.10823464610300215,0.4013877455015876,0.9999999999999998
0.39023039432875495,1.0,0.8410355399114342,0.7575120823702458,0.4532854844697438,0.772824791418355,0.1536152440616027,0.4086710056686962,0.3378671397595112,0.0,0.9999999999999999,0.3100358422939067
0.39023039432875495,1.0,0.8410355399114342,0.7575120823702458,0.4532854844697438,0.772824791418355,0.1536152440616027,0.4086710056686962,0.3378671397595112,1.0000000000000002,0.0,0.29091995221027456
0.39023039432875495,1.0,0.8410355399114342,0.7575120823702458,0.4532854844697438,0.772824791418355,0.1536152440616027,0.4086710056686962,0.3378671397595112,0.697053153401267,0.4401975773256497,0.0
0.39023039432875495,1.0,0.8410355399114342,0.7575120823702458,0.4532854844697438,0.772824791418355,0.1536152440616027,0.4086710056686962,0.3378671397595112,0.10823464610300215,0.4013877455015876,0.9999999999999998
0.39023039432875495,1.0,0.8410355399114342,0.7575120823702458,0.4532854844697438,0.772824791418355,0.9655442443226312,0.4583245853453705,0.4931992903607333,0.0,0.9999999999999999,0.3100358422939067
0.39023039432875495,1.0,0.8410355399114342,0.7575120823702458,0.4532854844697438,0.772824791418355,0.9655442443226312,0.4583245853453705,0.4931992903607333,1.0000000000000002,0.0,0.29091995221027456
0.39023039432875495,1.0,0.8410355399114342,0.7575120823702458,0.4532854844697438,0.772824791418355,0.9655442443226312,0.4583245853453705,0.4931992903607333,0.697053153401267,0.4401975773256497,0.0
0.39023039432875495,1.0,0.8410355399114342,0.7575120823702458,0.4532854844697438,0.772824791418355,0.9655442443226312,0.4583245853453705,0.4931992903607333,0.10823464610300215,0.4013877455015876,0.9999999999999998
0.39023039432875495,1.0,0.8410355399114342,0.7575120823702458,0.4532854844697438,0.772824791418355,0.9817280083529103,0.0,1.0,0.0,0.9999999999999999,0.3100358422939067
0.39023039432875495,1.0,0.8410355399114342,0.7575120823702458,0.4532854844697438,0.772824791418355,0.9817280083529103,0.0,1.0,1.0000000000000002,0.0,0.29091995221027456
0.39023039432875495,1.0,0.8410355399114342,0.7575120823702458,0.4532854844697438,0.772824791418355,0.9817280083529103,0.0,1.0,0.697053153401267,0.4401975773256497,0.0
0.39023039432875495,1.0,0.8410355399114342,0.7575120823702458,0.4532854844697438,0.772824791418355,0.9817280083529103,0.0,1.0,0.10823464610300215,0.4013877455015876,0.9999999999999998
0.39023039432875495,1.0,0.8410355399114342,0.7432233662534146,0.796559831703997,0.0,0.07099973897154789,0.975015746378333,0.15533215060122219,0.0,0.9999999999999999,0.3100358422939067
0.39023039432875495,1.0,0.8410355399114342,0.7432233662534146,0.796559831703997,0.0,0.07099973897154789,0.975015746378333,0.15533215060122219,1.0000000000000002,0.0,0.29091995221027456
0.39023039432875495,1.0,0.8410355399114342,0.7432233662534146,0.796559831703997,0.0,0.07099973897154789,0.975015746378333,0.15533215060122219,0.697053153401267,0.4401975773256497,0.0
0.39023039432875495,1.0,0.8410355399114342,0.7432233662534146,0.796559831703997,0.0,0.07099973897154789,0.975015746378333,0.15533215060122219,0.10823464610300215,0.4013877455015876,0.9999999999999998
0.39023039432875495,1.0,0.8410355399114342,0.7432233662534146,0.796559831703997,0.0,0.0,0.4611589334453075,0.0,0.0,0.9999999999999999,0.3100358422939067
0.39023039432875495,1.0,0.8410355399114342,0.7432233662534146,0.796559831703997,0.0,0.0,0.4611589334453075,0.0,1.0000000000000002,0.0,0.29091995221027456
0.39023039432875495,1.0,0.8410355399114342,0.7432233662534146,0.796559831703997,0.0,0.0,0.4611589334453075,0.0,0.697053153401267,0.4401975773256497,0.0
0.39023039432875495,1.0,0.8410355399114342,0.7432233662534146,0.796559831703997,0.0,0.0,0.4611589334453075,0.0,0.10823464610300215,0.4013877455015876,0.9999999999999998
0.39023039432875495,1.0,0.8410355399114342,0.7432233662534146,0.796559831703997,0.0,1.0,1.0,0.5901833234772325,0.0,0.9999999999999999,0.3100358422939067
0.39023039432875495,1.0,0.8410355399114342,0.7432233662534146,0.796559831703997,0.0,1.0,1.0,0.5901833234772325,1.0000000000000002,0.0,0.29091995221027456
0.39023039432875495,1.0,0.8410355399114342,0.7432233662534146,0.796559831703997,0.0,1.0,1.0,0.5901833234772325,0.697053153401267,0.4401975773256497,0.0
0.39023039432875495,1.0,0.8410355399114342,0.7432233662534146,0.796559831703997,0.0,1.0,1.0,0.5901833234772325,0.10823464610300215,0.4013877455015876,0.9999999999999998
0.39023039432875495,1.0,0.8410355399114342,0.7432233662534146,0.796559831703997,0.0,0.10702166536152442,0.9070963678353978,0.7001774098166764,0.0,0.9999999999999999,0.3100358422939067
0.39023039432875495,1.0,0.8410355399114342,0.7432233662534146,0.796559831703997,0.0,0.10702166536152442,0.9070963678353978,0.7001774098166764,1.0000000000000002,0.0,0.29091995221027456
0.39023039432875495,1.0,0.8410355399114342,0.7432233662534146,0.796559831703997,0.0,0.10702166536152442,0.9070963678353978,0.7001774098166764,0.697053153401267,0.4401975773256497,0.0
0.39023039432875495,1.0,0.8410355399114342,0.7432233662534146,0.796559831703997,0.0,0.10702166536152442,0.9070963678353978,0.7001774098166764,0.10823464610300215,0.4013877455015876,0.9999999999999998
0.39023039432875495,1.0,0.8410355399114342,0.7432233662534146,0.796559831703997,0.0,0.3492560689115113,0.8275246693260551,0.2781391681450819,0.0,0.9999999999999999,0.3100358422939067
0.39023039432875495,1.0,0.8410355399114342,0.7432233662534146,0.796559831703997,0.0,0.3492560689115113,0.8275246693260551,0.2781391681450819,1.0000000000000002,0.0,0.29091995221027456
0.39023039432875495,1.0,0.8410355399114342,0.7432233662534146,0.796559831703997,0.0,0.3492560689115113,0.8275246693260551,0.2781391681450819,0.697053153401267,0.4401975773256497,0.0
0.39023039432875495,1.0,0.8410355399114342,0.7432233662534146,0.796559831703997,0.0,0.3492560689115113,0.8275246693260551,0.2781391681450819,0.10823464610300215,0.4013877455015876,0.9999999999999998
0.39023039432875495,1.0,0.8410355399114342,0.7432233662534146,0.796559831703997,0.0,0.1536152440616027,0.4086710056686962,0.3378671397595112,0.0,0.9999999999999999,0.3100358422939067
0.39023039432875495,1.0,0.8410355399114342,0.7432233662534146,0.796559831703997,0.0,0.1536152440616027,0.4086710056686962,0.3378671397595112,1.0000000000000002,0.0,0.29091995221027456
0.39023039432875495,1.0,0.8410355399114342,0.7432233662534146,0.796559831703997,0.0,0.1536152440616027,0.4086710056686962,0.3378671397595112,0.697053153401267,0.4401975773256497,0.0
0.39023039432875495,1.0,0.8410355399114342,0.7432233662534146,0.796559831703997,0.0,0.1536152440616027,0.4086710056686962,0.3378671397595112,0.10823464610300215,0.4013877455015876,0.9999999999999998
0.39023039432875495,1.0,0.8410355399114342,0.7432233662534146,0.796559831703997,0.0,0.9655442443226312,0.4583245853453705,0.4931992903607333,0.0,0.9999999999999999,0.3100358422939067
0.39023039432875495,1.0,0.8410355399114342,0.7432233662534146,0.796559831703997,0.0,0.9655442443226312,0.4583245853453705,0.4931992903607333,1.0000000000000002,0.0,0.29091995221027456
0.39023039432875495,1.0,0.8410355399114342,0.7432233662534146,0.796559831703997,0.0,0.9655442443226312,0.4583245853453705,0.4931992903607333,0.697053153401267,0.4401975773256497,0.0
0.39023039432875495,1.0,0.8410355399114342,0.7432233662534146,0.796559831703997,0.0,0.9655442443226312,0.4583245853453705,0.4931992903607333,0.10823464610300215,0.4013877455015876,0.9999999999999998
0.39023039432875495,1.0,0.8410355399114342,0.7432233662534146,0.796559831703997,0.0,0.9817280083529103,0.0,1.0,0.0,0.9999999999999999,0.3100358422939067
0.39023039432875495,1.0,0.8410355399114342,0.7432233662534146,0.796559831703997,0.0,0.9817280083529103,0.0,1.0,1.0000000000000002,0.0,0.29091995221027456
0.39023039432875495,1.0,0.8410355399114342,0.7432233662534146,0.796559831703997,0.0,0.9817280083529103,0.0,1.0,0.697053153401267,0.4401975773256497,0.0
0.39023039432875495,1.0,0.8410355399114342,0.7432233662534146,0.796559831703997,0.0,0.9817280083529103,0.0,1.0,0.10823464610300215,0.4013877455015876,0.9999999999999998
0.39023039432875495,1.0,0.8410355399114342,0.5457028787560411,0.2518252691498577,0.4370679380214541,0.07099973897154789,0.975015746378333,0.15533215060122219,0.0,0.9999999999999999,0.3100358422939067
0.39023039432875495,1.0,0.8410355399114342,0.5457028787560411,0.2518252691498577,0.4370679380214541,0.07099973897154789,0.975015746378333,0.15533215060122219,1.0000000000000002,0.0,0.29091995221027456
0.39023039432875495,1.0,0.8410355399114342,0.5457028787560411,0.2518252691498577,0.4370679380214541,0.07099973897154789,0.975015746378333,0.15533215060122219,0.697053153401267,0.4401975773256497,0.0
0.39023039432875495,1.0,0.8410355399114342,0.5457028787560411,0.2518252691498577,0.4370679380214541,0.07099973897154789,0.975015746378333,0.15533215060122219,0.10823464610300215,0.4013877455015876,0.9999999999999998
0.39023039432875495,1.0,0.8410355399114342,0.5457028787560411,0.2518252691498577,0.4370679380214541,0.0,0.4611589334453075,0.0,0.0,0.9999999999999999,0.3100358422939067
0.39023039432875495,1.0,0.8410355399114342,0.5457028787560411,0.2518252691498577,0.4370679380214541,0.0,0.4611589334453075,0.0,1.0000000000000002,0.0,0.29091995221027456
0.39023039432875495,1.0,0.8410355399114342,0.5457028787560411,0.2518252691498577,0.4370679380214541,0.0,0.4611589334453075,0.0,0.697053153401267,0.4401975773256497,0.0
0.39023039432875495,1.0,0.8410355399114342,0.5457028787560411,0.2518252691498577,0.4370679380214541,0.0,0.4611589334453075,0.0,0.10823464610300215,0.4013877455015876,0.9999999999999998
0.39023039432875495,1.0,0.8410355399114342,0.5457028787560411,0.2518252691498577,0.4370679380214541,1.0,1.0,0.5901833234772325,0.0,0.9999999999999999,0.3100358422939067
0.39023039432875495,1.0,0.8410355399114342,0.5457028787560411,0.2518252691498577,0.4370679380214541,1.0,1.0,0.5901833234772325,1.0000000000000002,0.0,0.29091995221027456
0.39023039432875495,1.0,0.8410355399114342,0.5457028787560411,0.2518252691498577,0.4370679380214541,1.0,1.0,0.5901833234772325,0.697053153401267,0.4401975773256497,0.0
0.39023039432875495,1.0,0.8410355399114342,0.5457028787560411,0.2518252691498577,0.4370679380214541,1.0,1.0,0.5901833234772325,0.10823464610300215,0.4013877455015876,0.9999999999999998
0.39023039432875495,1.0,0.8410355399114342,0.5457028787560411,0.2518252691498577,0.4370679380214541,0.10702166536152442,0.9070963678353978,0.7001774098166764,0.0,0.9999999999999999,0.3100358422939067
0.39023039432875495,1.0,0.8410355399114342,0.5457028787560411,0.2518252691498577,0.4370679380214541,0.10702166536152442,0.9070963678353978,0.7001774098166764,1.0000000000000002,0.0,0.29091995221027456
0.39023039432875495,1.0,0.8410355399114342,0.5457028787560411,0.2518252691498577,0.4370679380214541,0.10702166536152442,0.9070963678353978,0.7001774098166764,0.697053153401267,0.4401975773256497,0.0
0.39023039432875495,1.0,0.8410355399114342,0.5457028787560411,0.2518252691498577,0.4370679380214541,0.10702166536152442,0.9070963678353978,0.7001774098166764,0.10823464610300215,0.4013877455015876,0.9999999999999998
0.39023039432875495,1.0,0.8410355399114342,0.5457028787560411,0.2518252691498577,0.4370679380214541,0.3492560689115113,0.8275246693260551,0.2781391681450819,0.0,0.9999999999999999,0.3100358422939067
0.39023039432875495,1.0,0.8410355399114342,0.5457028787560411,0.2518252691498577,0.4370679380214541,0.3492560689115113,0.8275246693260551,0.2781391681450819,1.0000000000000002,0.0,0.29091995221027456
0.39023039432875495,1.0,0.8410355399114342,0.5457028787560411,0.2518252691498577,0.4370679380214541,0.3492560689115113,0.8275246693260551,0.2781391681450819,0.697053153401267,0.4401975773256497,0.0
0.39023039432875495,1.0,0.8410355399114342,0.5457028787560411,0.2518252691498577,0.4370679380214541,0.3492560689115113,0.8275246693260551,0.2781391681450819,0.10823464610300215,0.4013877455015876,0.9999999999999998
0.39023039432875495,1.0,0.8410355399114342,0.5457028787560411,0.2518252691498577,0.4370679380214541,0.1536152440616027,0.4086710056686962,0.3378671397595112,0.0,0.9999999999999999,0.3100358422939067
0.39023039432875495,1.0,0.8410355399114342,0.5457028787560411,0.2518252691498577,0.4370679380214541,0.1536152440616027,0.4086710056686962,0.3378671397595112,1.0000000000000002,0.0,0.29091995221027456
0.39023039432875495,1.0,0.8410355399114342,0.5457028787560411,0.2518252691498577,0.4370679380214541,0.1536152440616027,0.4086710056686962,0.3378671397595112,0.697053153401267,0.4401975773256497,0.0
0.39023039432875495,1.0,0.8410355399114342,0.5457028787560411,0.2518252691498577,0.4370679380214541,0.1536152440616027,0.4086710056686962,0.3378671397595112,0.10823464610300215,0.4013877455015876,0.9999999999999998
0.39023039432875495,1.0,0.8410355399114342,0.5457028787560411,0.2518252691498577,0.4370679380214541,0.9655442443226312,0.4583245853453705,0.4931992903607333,0.0,0.9999999999999999,0.3100358422939067
0.39023039432875495,1.0,0.8410355399114342,0.5457028787560411,0.2518252691498577,0.4370679380214541,0.9655442443226312,0.4583245853453705,0.4931992903607333,1.0000000000000002,0.0,0.29091995221027456
0.39023039432875495,1.0,0.8410355399114342,0.5457028787560411,0.2518252691498577,0.4370679380214541,0.9655442443226312,0.4583245853453705,0.4931992903607333,0.697053153401267,0.4401975773256497,0.0
0.39023039432875495,1.0,0.8410355399114342,0.5457028787560411,0.2518252691498577,0.4370679380214541,0.9655442443226312,0.4583245853453705,0.4931992903607333,0.10823464610300215,0.4013877455015876,0.9999999999999998
0.39023039432875495,1.0,0.8410355399114342,0.5457028787560411,0.2518252691498577,0.4370679380214541,0.9817280083529103,0.0,1.0,0.0,0.9999999999999999,0.3100358422939067
0.39023039432875495,1.0,0.8410355399114342,0.5457028787560411,0.2518252691498577,0.4370679380214541,0.9817280083529103,0.0,1.0,1.0000000000000002,0.0,0.29091995221027456
0.39023039432875495,1.0,0.8410355399114342,0.5457028787560411,0.2518252691498577,0.4370679380214541,0.9817280083529103,0.0,1.0,0.697053153401267,0.4401975773256497,0.0
0.39023039432875495,1.0,0.8410355399114342,0.5457028787560411,0.2518252691498577,0.4370679380214541,0.9817280083529103,0.0,1.0,0.10823464610300215,0.4013877455015876,0.9999999999999998
0.39023039432875495,1.0,0.8410355399114342,0.29491489808783355,1.0,0.7398092967818832,0.07099973897154789,0.975015746378333,0.15533215060122219,0.0,0.9999999999999999,0.3100358422939067
0.39023039432875495,1.0,0.8410355399114342,0.29491489808783355,1.0,0.7398092967818832,0.07099973897154789,0.975015746378333,0.15533215060122219,1.0000000000000002,0.0,0.29091995221027456
0.39023039432875495,1.0,0.8410355399114342,0.29491489808783355,1.0,0.7398092967818832,0.07099973897154789,0.975015746378333,0.15533215060122219,0.697053153401267,0.4401975773256497,0.0
0.39023039432875495,1.0,0.8410355399114342,0.29491489808783355,1.0,0.7398092967818832,0.07099973897154789,0.975015746378333,0.15533215060122219,0.10823464610300215,0.4013877455015876,0.9999999999999998
0.39023039432875495,1.0,0.8410355399114342,0.29491489808783355,1.0,0.7398092967818832,0.0,0.4611589334453075,0.0,0.0,0.9999999999999999,0.3100358422939067
0.39023039432875495,1.0,0.8410355399114342,0.29491489808783355,1.0,0.7398092967818832,0.0,0.4611589334453075,0.0,1.0000000000000002,0.0,0.29091995221027456
0.39023039432875495,1.0,0.8410355399114342,0.29491489808783355,1.0,0.7398092967818832,0.0,0.4611589334453075,0.0,0.697053153401267,0.4401975773256497,0.0
0.39023039432875495,1.0,0.8410355399114342,0.29491489808783355,1.0,0.7398092967818832,0.0,0.4611589334453075,0.0,0.10823464610300215,0.4013877455015876,0.9999999999999998
0.39023039432875495,1.0,0.8410355399114342,0.29491489808783355,1.0,0.7398092967818832,1.0,1.0,0.5901833234772325,0.0,0.9999999999999999,0.3100358422939067
0.39023039432875495,1.0,0.8410355399114342,0.29491489808783355,1.0,0.7398092967818832,1.0,1.0,0.5901833234772325,1.0000000000000002,0.0,0.29091995221027456
0.39023039432875495,1.0,0.8410355399114342,0.29491489808783355,1.0,0.7398092967818832,1.0,1.0,0.5901833234772325,0.697053153401267,0.4401975773256497,0.0
0.39023039432875495,1.0,0.8410355399114342,0.29491489808783355,1.0,0.7398092967818832,1.0,1.0,0.5901833234772325,0.10823464610300215,0.4013877455015876,0.9999999999999998
0.39023039432875495,1.0,0.8410355399114342,0.29491489808783355,1.0,0.7398092967818832,0.10702166536152442,0.9070963678353978,0.7001774098166764,0.0,0.9999999999999999,0.3100358422939067
0.39023039432875495,1.0,0.8410355399114342,0.29491489808783355,1.0,0.7398092967818832,0.10702166536152442,0.9070963678353978,0.7001774098166764,1.0000000000000002,0.0,0.29091995221027456
0.39023039432875495,1.0,0.8410355399114342,0.29491489808783355,1.0,0.7398092967818832,0.10702166536152442,0.9070963678353978,0.7001774098166764,0.697053153401267,0.4401975773256497,0.0
0.39023039432875495,1.0,0.8410355399114342,0.29491489808783355,1.0,0.7398092967818832,0.10702166536152442,0.9070963678353978,0.7001774098166764,0.10823464610300215,0.4013877455015876,0.9999999999999998
0.39023039432875495,1.0,0.8410355399114342,0.29491489808783355,1.0,0.7398092967818832,0.3492560689115113,0.8275246693260551,0.2781391681450819,0.0,0.9999999999999999,0.3100358422939067
0.39023039432875495,1.0,0.8410355399114342,0.29491489808783355,1.0,0.7398092967818832,0.3492560689115113,0.8275246693260551,0.2781391681450819,1.0000000000000002,0.0,0.29091995221027456
0.39023039432875495,1.0,0.8410355399114342,0.29491489808783355,1.0,0.7398092967818832,0.3492560689115113,0.8275246693260551,0.2781391681450819,0.697053153401267,0.4401975773256497,0.0
0.39023039432875495,1.0,0.8410355399114342,0.29491489808783355,1.0,0.7398092967818832,0.3492560689115113,0.8275246693260551,0.2781391681450819,0.10823464610300215,0.4013877455015876,0.9999999999999998
0.39023039432875495,1.0,0.8410355399114342,0.29491489808783355,1.0,0.7398092967818832,0.1536152440616027,0.4086710056686962,0.3378671397595112,0.0,0.9999999999999999,0.3100358422939067
0.39023039432875495,1.0,0.8410355399114342,0.29491489808783355,1.0,0.7398092967818832,0.1536152440616027,0.4086710056686962,0.3378671397595112,1.0000000000000002,0.0,0.29091995221027456
0.39023039432875495,1.0,0.8410355399114342,0.29491489808783355,1.0,0.7398092967818832,0.1536152440616027,0.4086710056686962,0.3378671397595112,0.697053153401267,0.4401975773256497,0.0
0.39023039432875495,1.0,0.8410355399114342,0.29491489808783355,1.0,0.7398092967818832,0.1536152440616027,0.4086710056686962,0.3378671397595112,0.10823464610300215,0.4013877455015876,0.9999999999999998
0.39023039432875495,1.0,0.8410355399114342,0.29491489808783355,1.0,0.7398092967818832,0.9655442443226312,0.4583245853453705,0.4931992903607333,0.0,0.9999999999999999,0.3100358422939067
0.39023039432875495,1.0,0.8410355399114342,0.29491489808783355,1.0,0.7398092967818832,0.9655442443226312,0.4583245853453705,0.4931992903607333,1.0000000000000002,0.0,0.29091995221027456
0.39023039432875495,1.0,0.8410355399114342,0.29491489808783355,1.0,0.7398092967818832,0.9655442443226312,0.4583245853453705,0.4931992903607333,0.697053153401267,0.4401975773256497,0.0
0.39023039432875495,1.0,0.8410355399114342,0.29491489808783355,1.0,0.7398092967818832,0.9655442443226312,0.4583245853453705,0.4931992903607333,0.10823464610300215,0.4013877455015876,0.9999999999999998
0.39023039432875495,1.0,0.8410355399114342,0.29491489808783355,1.0,0.7398092967818832,0.9817280083529103,0.0,1.0,0.0,0.9999999999999999,0.3100358422939067
0.39023039432875495,1.0,0.8410355399114342,0.29491489808783355,1.0,0.7398092967818832,0.9817280083529103,0.0,1.0,1.0000000000000002,0.0,0.29091995221027456
0.39023039432875495,1.0,0.8410355399114342,0.29491489808783355,1.0,0.7398092967818832,0.9817280083529103,0.0,1.0,0.697053153401267,0.4401975773256497,0.0
0.39023039432875495,1.0,0.8410355399114342,0.29491489808783355,1.0,0.7398092967818832,0.9817280083529103,0.0,1.0,0.10823464610300215,0.4013877455015876,0.9999999999999998
0.4297740363314133,0.42490925589836664,0.40490518905416156,0.28272746375288926,0.0,0.6898688915375446,0.07099973897154789,0.975015746378333,0.15533215060122219,0.0,0.9999999999999999,0.3100358422939067
0.4297740363314133,0.42490925589836664,0.40490518905416156,0.28272746375288926,0.0,0.6898688915375446,0.07099973897154789,0.975015746378333,0.15533215060122219,1.0000000000000002,0.0,0.29091995221027456
0.4297740363314133,0.42490925589836664,0.40490518905416156,0.28272746375288926,0.0,0.6898688915375446,0.07099973897154789,0.975015746378333,0.15533215060122219,0.697053153401267,0.4401975773256497,0.0
0.4297740363314133,0.42490925589836664,0.40490518905416156,0.28272746375288926,0.0,0.6898688915375446,0.07099973897154789,0.975015746378333,0.15533215060122219,0.10823464610300215,0.4013877455015876,0.9999999999999998
0.4297740363314133,0.42490925589836664,0.40490518905416156,0.28272746375288926,0.0,0.6898688915375446,0.0,0.4611589334453075,0.0,0.0,0.9999999999999999,0.3100358422939067
0.4297740363314133,0.42490925589836664,0.40490518905416156,0.28272746375288926,0.0,0.6898688915375446,0.0,0.4611589334453075,0.0,1.0000000000000002,0.0,0.29091995221027456
0.4297740363314133,0.42490925589836664,0.40490518905416156,0.28272746375288926,0.0,0.6898688915375446,0.0,0.4611589334453075,0.0,0.697053153401267,0.4401975773256497,0.0
0.4297740363314133,0.42490925589836664,0.40490518905416156,0.28272746375288926,0.0,0.6898688915375446,0.0,0.4611589334453075,0.0,0.10823464610300215,0.4013877455015876,0.9999999999999998
0.4297740363314133,0.42490925589836664,0.40490518905416156,0.28272746375288926,0.0,0.6898688915375446,1.0,1.0,0.5901833234772325,0.0,0.9999999999999999,0.3100358422939067
0.4297740363314133,0.42490925589836664,0.40490518905416156,0.28272746375288926,0.0,0.6898688915375446,1.0,1.0,0.5901833234772325,1.0000000000000002,0.0,0.29091995221027456
0.4297740363314133,0.42490925589836664,0.40490518905416156,0.28272746375288926,0.0,0.6898688915375446,1.0,1.0,0.5901833234772325,0.697053153401267,0.4401975773256497,0.0
0.4297740363314133,0.42490925589836664,0.40490518905416156,0.28272746375288926,0.0,0.6898688915375446,1.0,1.0,0.5901833234772325,0.10823464610300215,0.4013877455015876,0.9999999999999998
0.4297740363314133,0.42490925589836664,0.40490518905416156,0.28272746375288926,0.0,0.6898688915375446,0.10702166536152442,0.9070963678353978,0.7001774098166764,0.0,0.9999999999999999,0.3100358422939067
0.4297740363314133,0.42490925589836664,0.40490518905416156,0.28272746375288926,0.0,0.6898688915375446,0.10702166536152442,0.9070963678353978,0.7001774098166764,1.0000000000000002,0.0,0.29091995221027456
0.4297740363314133,0.42490925589836664,0.40490518905416156,0.28272746375288926,0.0,0.6898688915375446,0.10702166536152442,0.9070963678353978,0.7001774098166764,0.697053153401267,0.4401975773256497,0.0
0.4297740363314133,0.42490925589836664,0.40490518905416156,0.28272746375288926,0.0,0.6898688915375446,0.10702166536152442,0.9070963678353978,0.7001774098166764,0.10823464610300215,0.4013877455015876,0.9999999999999998
0.4297740363314133,0.42490925589836664,0.40490518905416156,0.28272746375288926,0.0,0.6898688915375446,0.3492560689115113,0.8275246693260551,0.2781391681450819,0.0,0.9999999999999999,0.3100358422939067
0.4297740363314133,0.42490925589836664,0.40490518905416156,0.28272746375288926,0.0,0.6898688915375446,0.3492560689115113,0.8275246693260551,0.2781391681450819,1.0000000000000002,0.0,0.29091995221027456
0.4297740363314133,0.42490925589836664,0.40490518905416156,0.28272746375288926,0.0,0.6898688915375446,0.3492560689115113,0.8275246693260551,0.2781391681450819,0.697053153401267,0.4401975773256497,0.0
0.4297740363314133,0.42490925589836664,0.40490518905416156,0.28272746375288926,0.0,0.6898688915375446,0.3492560689115113,0.8275246693260551,0.2781391681450819,0.10823464610300215,0.4013877455015876,0.9999999999999998
0.4297740363314133,0.42490925589836664,0.40490518905416156,0.28272746375288926,0.0,0.6898688915375446,0.1536152440616027,0.4086710056686962,0.3378671397595112,0.0,0.9999999999999999,0.3100358422939067
0.4297740363314133,0.42490925589836664,0.40490518905416156,0.28272746375288926,0.0,0.6898688915375446,0.1536152440616027,0.4086710056686962,0.3378671397595112,1.0000000000000002,0.0,0.29091995221027456
0.4297740363314133,0.42490925589836664,0.40490518905416156,0.28272746375288926,0.0,0.6898688915375446,0.1536152440616027,0.4086710056686962,0.3378671397595112,0.697053153401267,0.4401975773256497,0.0
0.4297740363314133,0.42490925589836664,0.40490518905416156,0.28272746375288926,0.0,0.6898688915375446,0.1536152440616027,0.4086710056686962,0.3378671397595112,0.10823464610300215,0.4013877455015876,0.9999999999999998
0.4297740363314133,0.42490925589836664,0.40490518905416156,0.28272746375288926,0.0,0.6898688915375446,0.9655442443226312,0.4583245853453705,0.4931992903607333,0.0,0.9999999999999999,0.3100358422939067
0.4297740363314133,0.42490925589836664,0.40490518905416156,0.28272746375288926,0.0,0.6898688915375446,0.9655442443226312,0.4583245853453705,0.4931992903607333,1.0000000000000002,0.0,0.29091995221027456
0.4297740363314133,0.42490925589836664,0.40490518905416156,0.28272746375288926,0.0,0.6898688915375446,0.9655442443226312,0.4583245853453705,0.4931992903607333,0.697053153401267,0.4401975773256497,0.0
0.4297740363314133,0.42490925589836664,0.40490518905416156,0.28272746375288926,0.0,0.6898688915375446,0.9655442443226312,0.4583245853453705,0.4931992903607333,0.10823464610300215,0.4013877455015876,0.9999999999999998
0.4297740363314133,0.42490925589836664,0.40490518905416156,0.28272746375288926,0.0,0.6898688915375446,0.9817280083529103,0.0,1.0,0.0,0.9999999999999999,0.3100358422939067
0.4297740363314133,0.42490925589836664,0.40490518905416156,0.28272746375288926,0.0,0.6898688915375446,0.9817280083529103,0.0,1.0,1.0000000000000002,0.0,0.29091995221027456
0.4297740363314133,0.42490925589836664,0.40490518905416156,0.28272746375288926,0.0,0.6898688915375446,0.9817280083529103,0.0,1.0,0.697053153401267,0.4401975773256497,0.0
0.4297740363314133,0.42490925589836664,0.40490518905416156,0.28272746375288926,0.0,0.6898688915375446,0.9817280083529103,0.0,1.0,0.10823464610300215,0.4013877455015876,0.9999999999999998
0.4297740363314133,0.42490925589836664,0.40490518905416156,0.30731246060096656,0.7355525306273976,0.20715137067938016,0.07099973897154789,0.975015746378333,0.15533215060122219,0.0,0.9999999999999999,0.3100358422939067
0.4297740363314133,0.42490925589836664,0.40490518905416156,0.30731246060096656,0.7355525306273976,0.20715137067938016,0.07099973897154789,0.975015746378333,0.15533215060122219,1.0000000000000002,0.0,0.29091995221027456
0.4297740363314133,0.42490925589836664,0.40490518905416156,0.30731246060096656,0.7355525306273976,0.20715137067938016,0.07099973897154789,0.975015746378333,0.15533215060122219,0.697053153401267,0.4401975773256497,0.0
0.4297740363314133,0.42490925589836664,0.40490518905416156,0.30731246060096656,0.7355525306273976,0.20715137067938016,0.07099973897154789,0.975015746378333,0.15533215060122219,0.10823464610300215,0.4013877455015876,0.9999999999999998
0.4297740363314133,0.42490925589836664,0.40490518905416156,0.30731246060096656,0.7355525306273976,0.20715137067938016,0.0,0.4611589334453075,0.0,0.0,0.9999999999999999,0.3100358422939067
0.4297740363314133,0.42490925589836664,0.40490518905416156,0.30731246060096656,0.7355525306273976,0.20715137067938016,0.0,0.4611589334453075,0.0,1.0000000000000002,0.0,0.29091995221027456
0.4297740363314133,0.42490925589836664,0.40490518905416156,0.30731246060096656,0.7355525306273976,0.20715137067938016,0.0,0.4611589334453075,0.0,0.697053153401267,0.4401975773256497,0.0
0.4297740363314133,0.42490925589836664,0.40490518905416156,0.30731246060096656,0.7355525306273976,0.20715137067938016,0.0,0.4611589334453075,0.0,0.10823464610300215,0.4013877455015876,0.9999999999999998
0.4297740363314133,0.42490925589836664,0.40490518905416156,0.30731246060096656,0.7355525306273976,0.20715137067938016,1.0,1.0,0.5901833234772325,0.0,0.9999999999999999,0.3100358422939067
0.4297740363314133,0.42490925589836664,0.40490518905416156,0.30731246060096656,0.7355525306273976,0.20715137067938016,1.0,1.0,0.5901833234772325,1.0000000000000002,0.0,0.29091995221027456
0.4297740363314133,0.42490925589836664,0.40490518905416156,0.30731246060096656,0.7355525306273976,0.20715137067938016,1.0,1.0,0.5901833234772325,0.697053153401267,0.4401975773256497,0.0
0.4297740363314133,0.42490925589836664,0.40490518905416156,0.30731246060096656,0.7355525306273976,0.20715137067938016,1.0,1.0,0.5901833234772325,0.10823464610300215,0.4013877455015876,0.9999999999999998
0.4297740363314133,0.42490925589836664,0.40490518905416156,0.30731246060096656,0.7355525306273976,0.20715137067938016,0.10702166536152442,0.9070963678353978,0.7001774098166764,0.0,0.9999999999999999,0.3100358422939067
0.4297740363314133,0.42490925589836664,0.40490518905416156,0.30731246060096656,0.7355525306273976,0.20715137067938016,0.10702166536152442,0.9070963678353978,0.7001774098166764,1.0000000000000002,0.0,0.29091995221027456
0.4297740363314133,0.42490925589836664,0.40490518905416156,0.30731246060096656,0.7355525306273976,0.20715137067938016,0.10702166536152442,0.9070963678353978,0.7001774098166764,0.697053153401267,0.4401975773256497,0.0
0.4297740363314133,0.42490925589836664,0.40490518905416156,0.30731246060096656,0.7355525306273976,0.20715137067938016,0.10702166536152442,0.9070963678353978,0.7001774098166764,0.10823464610300215,0.4013877455015876,0.9999999999999998
0.4297740363314133,0.42490925589836664,0.40490518905416156,0.30731246060096656,0.7355525306273976,0.20715137067938016,0.3492560689115113,0.8275246693260551,0.2781391681450819,0.0,0.9999999999999999,0.3100358422939067
0.4297740363314133,0.42490925589836664,0.40490518905416156,0.30731246060096656,0.7355525306273976,0.20715137067938016,0.3492560689115113,0.8275246693260551,0.2781391681450819,1.0000000000000002,0.0,0.29091995221027456
0.4297740363314133,0.42490925589836664,0.40490518905416156,0.30731246060096656,0.7355525306273976,0.20715137067938016,0.3492560689115113,0.8275246693260551,0.2781391681450819,0.697053153401267,0.4401975773256497,0.0
0.4297740363314133,0.42490925589836664,0.40490518905416156,0.30731246060096656,0.7355525306273976,0.20715137067938016,0.3492560689115113,0.8275246693260551,0.2781391681450819,0.10823464610300215,0.4013877455015876,0.9999999999999998
0.4297740363314133,0.42490925589836664,0.40490518905416156,0.30731246060096656,0.7355525306273976,0.20715137067938016,0.1536152440616027,0.4086710056686962,0.3378671397595112,0.0,0.9999999999999999,0.3100358422939067
0.4297740363314133,0.42490925589836664,0.40490518905416156,0.30731246060096656,0.7355525306273976,0.20715137067938016,0.1536152440616027,0.4086710056686962,0.3378671397595112,1.0000000000000002,0.0,0.29091995221027456
0.4297740363314133,0.42490925589836664,0.40490518905416156,0.30731246060096656,0.7355525306273976,0.20715137067938016,0.1536152440616027,0.4086710056686962,0.3378671397595112,0.697053153401267,0.4401975773256497,0.0
0.4297740363314133,0.42490925589836664,0.40490518905416156,0.30731246060096656,0.7355525306273976,0.20715137067938016,0.1536152440616027,0.4086710056686962,0.3378671397595112,0.10823464610300215,0.4013877455015876,0.9999999999999998
0.4297740363314133,0.42490925589836664,0.40490518905416156,0.30731246060096656,0.7355525306273976,0.20715137067938016,0.9655442443226312,0.4583245853453705,0.4931992903607333,0.0,0.9999999999999999,0.3100358422939067
0.4297740363314133,0.42490925589836664,0.40490518905416156,0.30731246060096656,0.7355525306273976,0.20715137067938016,0.9655442443226312,0.4583245853453705,0.4931992903607333,1.0000000000000002,0.0,0.29091995221027456
0.4297740363314133,0.42490925589836664,0.40490518905416156,0.30731246060096656,0.7355525306273976,0.20715137067938016,0.9655442443226312,0.4583245853453705,0.4931992903607333,0.697053153401267,0.4401975773256497,0.0
0.4297740363314133,0.42490925589836664,0.40490518905416156,0.30731246060096656,0.7355525306273976,0.20715137067938016,0.9655442443226312,0.4583245853453705,0.4931992903607333,0.10823464610300215,0.4013877455015876,0.9999999999999998
0.4297740363314133,0.42490925589836664,0.40490518905416156,0.30731246060096656,0.7355525306273976,0.20715137067938016,0.9817280083529103,0.0,1.0,0.0,0.9999999999999999,0.3100358422939067
0.4297740363314133,0.42490925589836664,0.40490518905416156,0.30731246060096656,0.7355525306273976,0.20715137067938016,0.9817280083529103,0.0,1.0,1.0000000000000002,0.0,0.29091995221027456
0.4297740363314133,0.42490925589836664,0.40490518905416156,0.30731246060096656,0.7355525306273976,0.20715137067938016,0.9817280083529103,0.0,1.0,0.697053153401267,0.4401975773256497,0.0
0.4297740363314133,0.42490925589836664,0.40490518905416156,0.30731246060096656,0.7355525306273976,0.20715137067938016,0.9817280083529103,0.0,1.0,0.10823464610300215,0.4013877455015876,0.9999999999999998
0.4297740363314133,0.42490925589836664,0.40490518905416156,0.7482664425299431,0.3349832941467641,0.8704410011918953,0.07099973897154789,0.975015746378333,0.15533215060122219,0.0,0.9999999999999999,0.3100358422939067
0.4297740363314133,0.42490925589836664,0.40490518905416156,0.7482664425299431,0.3349832941467641,0.8704410011918953,0.07099973897154789,0.975015746378333,0.15533215060122219,1.0000000000000002,0.0,0.29091995221027456
0.4297740363314133,0.42490925589836664,0.40490518905416156,0.7482664425299431,0.3349832941467641,0.8704410011918953,0.07099973897154789,0.975015746378333,0.15533215060122219,0.697053153401267,0.4401975773256497,0.0
0.4297740363314133,0.42490925589836664,0.40490518905416156,0.7482664425299431,0.3349832941467641,0.8704410011918953,0.07099973897154789,0.975015746378333,0.15533215060122219,0.10823464610300215,0.4013877455015876,0.9999999999999998
0.4297740363314133,0.42490925589836664,0.40490518905416156,0.7482664425299431,0.3349832941467641,0.8704410011918953,0.0,0.4611589334453075,0.0,0.0,0.9999999999999999,0.3100358422939067
0.4297740363314133,0.42490925589836664,0.40490518905416156,0.7482664425299431,0.3349832941467641,0.8704410011918953,0.0,0.4611589334453075,0.0,1.0000000000000002,0.0,0.29091995221027456
0.4297740363314133,0.42490925589836664,0.40490518905416156,0.7482664425299431,0.3349832941467641,0.8704410011918953,0.0,0.4611589334453075,0.0,0.697053153401267,0.4401975773256497,0.0
0.4297740363314133,0.42490925589836664,0.40490518905416156,0.7482664425299431,0.3349832941467641,0.8704410011918953,0.0,0.4611589334453075,0.0,0.10823464610300215,0.4013877455015876,0.9999999999999998
0.4297740363314133,0.42490925589836664,0.40490518905416156,0.7482664425299431,0.3349832941467641,0.8704410011918953,1.0,1.0,0.5901833234772325,0.0,0.9999999999999999,0.3100358422939067
0.4297740363314133,0.42490925589836664,0.40490518905416156,0.7482664425299431,0.3349832941467641,0.8704410011918953,1.0,1.0,0.5901833234772325,1.0000000000000002,0.0,0.29091995221027456
0.4297740363314133,0.42490925589836664,0.40490518905416156,0.7482664425299431,0.3349832941467641,0.8704410011918953,1.0,1.0,0.5901833234772325,0.697053153401267,0.4401975773256497,0.0
0.4297740363314133,0.42490925589836664,0.40490518905416156,0.7482664425299431,0.3349832941467641,0.8704410011918953,1.0,1.0,0.5901833234772325,0.10823464610300215,0.4013877455015876,0.9999999999999998
0.4297740363314133,0.42490925589836664,0.40490518905416156,0.7482664425299431,0.3349832941467641,0.8704410011918953,0.10702166536152442,0.9070963678353978,0.7001774098166764,0.0,0.9999999999999999,0.3100358422939067
0.4297740363314133,0.42490925589836664,0.40490518905416156,0.7482664425299431,0.3349832941467641,0.8704410011918953,0.10702166536152442,0.9070963678353978,0.7001774098166764,1.0000000000000002,0.0,0.29091995221027456
0.4297740363314133,0.42490925589836664,0.40490518905416156,0.7482664425299431,0.3349832941467641,0.8704410011918953,0.10702166536152442,0.9070963678353978,0.7001774098166764,0.697053153401267,0.4401975773256497,0.0
0.4297740363314133,0.42490925589836664,0.40490518905416156,0.7482664425299431,0.3349832941467641,0.8704410011918953,0.10702166536152442,0.9070963678353978,0.7001774098166764,0.10823464610300215,0.4013877455015876,0.9999999999999998
0.4297740363314133,0.42490925589836664,0.40490518905416156,0.7482664425299431,0.3349832941467641,0.8704410011918953,0.3492560689115113,0.8275246693260551,0.2781391681450819,0.0,0.9999999999999999,0.3100358422939067
0.4297740363314133,0.42490925589836664,0.40490518905416156,0.7482664425299431,0.3349832941467641,0.8704410011918953,0.3492560689115113,0.8275246693260551,0.2781391681450819,1.0000000000000002,0.0,0.29091995221027456
0.4297740363314133,0.42490925589836664,0.40490518905416156,0.7482664425299431,0.3349832941467641,0.8704410011918953,0.3492560689115113,0.8275246693260551,0.2781391681450819,0.697053153401267,0.4401975773256497,0.0
0.4297740363314133,0.42490925589836664,0.40490518905416156,0.7482664425299431,0.3349832941467641,0.8704410011918953,0.3492560689115113,0.8275246693260551,0.2781391681450819,0.10823464610300215,0.4013877455015876,0.9999999999999998
0.4297740363314133,0.42490925589836664,0.40490518905416156,0.7482664425299431,0.3349832941467641,0.8704410011918953,0.1536152440616027,0.4086710056686962,0.3378671397595112,0.0,0.9999999999999999,0.3100358422939067
0.4297740363314133,0.42490925589836664,0.40490518905416156,0.7482664425299431,0.3349832941467641,0.8704410011918953,0.1536152440616027,0.4086710056686962,0.3378671397595112,1.0000000000000002,0.0,0.29091995221027456
0.4297740363314133,0.42490925589836664,0.40490518905416156,0.7482664425299431,0.3349832941467641,0.8704410011918953,0.1536152440616027,0.4086710056686962,0.3378671397595112,0.697053153401267,0.4401975773256497,0.0
0.4297740363314133,0.42490925589836664,0.40490518905416156,0.7482664425299431,0.3349832941467641,0.8704410011918953,0.1536152440616027,0.4086710056686962,0.3378671397595112,0.10823464610300215,0.4013877455015876,0.9999999999999998
0.4297740363314133,0.42490925589836664,0.40490518905416156,0.7482664425299431,0.3349832941467641,0.8704410011918953,0.9655442443226312,0.4583245853453705,0.4931992903607333,0.0,0.9999999999999999,0.3100358422939067
0.4297740363314133,0.42490925589836664,0.40490518905416156,0.7482664425299431,0.3349832941467641,0.8704410011918953,0.9655442443226312,0.4583245853453705,0.4931992903607333,1.0000000000000002,0.0,0.29091995221027456
0.4297740363314133,0.42490925589836664,0.40490518905416156,0.7482664425299431,0.3349832941467641,0.8704410011918953,0.9655442443226312,0.4583245853453705,0.4931992903607333,0.697053153401267,0.4401975773256497,0.0
0.4297740363314133,0.42490925589836664,0.40490518905416156,0.7482664425299431,0.3349832941467641,0.8704410011918953,0.9655442443226312,0.4583245853453705,0.4931992903607333,0.10823464610300215,0.4013877455015876,0.9999999999999998
0.4297740363314133,0.42490925589836664,0.40490518905416156,0.7482664425299431,0.3349832941467641,0.8704410011918953,0.9817280083529103,0.0,1.0,0.0,0.9999999999999999,0.3100358422939067
0.4297740363314133,0.42490925589836664,0.40490518905416156,0.7482664425299431,0.3349832941467641,0.8704410011918953,0.9817280083529103,0.0,1.0,1.0000000000000002,0.0,0.29091995221027456
0.4297740363314133,0.42490925589836664,0.40490518905416156,0.7482664425299431,0.3349832941467641,0.8704410011918953,0.9817280083529103,0.0,1.0,0.697053153401267,0.4401975773256497,0.0
0.4297740363314133,0.42490925589836664,0.40490518905416156,0.7482664425299431,0.3349832941467641,0.8704410011918953,0.9817280083529103,0.0,1.0,0.10823464610300215,0.4013877455015876,0.9999999999999998
0.4297740363314133,0.42490925589836664,0.40490518905416156,0.0,0.8396238089345379,0.6827175208581644,0.07099973897154789,0.975015746378333,0.15533215060122219,0.0,0.9999999999999999,0.3100358422939067
0.4297740363314133,0.42490925589836664,0.40490518905416156,0.0,0.8396238089345379,0.6827175208581644,0.07099973897154789,0.975015746378333,0.15533215060122219,1.0000000000000002,0.0,0.29091995221027456
0.4297740363314133,0.42490925589836664,0.40490518905416156,0.0,0.8396238089345379,0.6827175208581644,0.07099973897154789,0.975015746378333,0.15533215060122219,0.697053153401267,0.4401975773256497,0.0
0.4297740363314133,0.42490925589836664,0.40490518905416156,0.0,0.8396238089345379,0.6827175208581644,0.07099973897154789,0.975015746378333,0.15533215060122219,0.10823464610300215,0.4013877455015876,0.9999999999999998
0.4297740363314133,0.42490925589836664,0.40490518905416156,0.0,0.8396238089345379,0.6827175208581644,0.0,0.4611589334453075,0.0,0.0,0.9999999999999999,0.3100358422939067
0.4297740363314133,0.42490925589836664,0.40490518905416156,0.0,0.8396238089345379,0.6827175208581644,0.0,0.4611589334453075,0.0,1.0000000000000002,0.0,0.29091995221027456
0.4297740363314133,0.42490925589836664,0.40490518905416156,0.0,0.8396238089345379,0.6827175208581644,0.0,0.4611589334453075,0.0,0.697053153401267,0.4401975773256497,0.0
0.4297740363314133,0.42490925589836664,0.40490518905416156,0.0,0.8396238089345379,0.6827175208581644,0.0,0.4611589334453075,0.0,0.10823464610300215,0.4013877455015876,0.9999999999999998
0.4297740363314133,0.42490925589836664,0.40490518905416156,0.0,0.8396238089345379,0.6827175208581644,1.0,1.0,0.5901833234772325,0.0,0.9999999999999999,0.3100358422939067
0.4297740363314133,0.42490925589836664,0.40490518905416156,0.0,0.8396238089345379,0.6827175208581644,1.0,1.0,0.5901833234772325,1.0000000000000002,0.0,0.29091995221027456
0.4297740363314133,0.42490925589836664,0.40490518905416156,0.0,0.8396238089345379,0.6827175208581644,1.0,1.0,0.5901833234772325,0.697053153401267,0.4401975773256497,0.0
0.4297740363314133,0.42490925589836664,0.40490518905416156,0.0,0.8396238089345379,0.6827175208581644,1.0,1.0,0.5901833234772325,0.10823464610300215,0.4013877455015876,0.9999999999999998
0.4297740363314133,0.42490925589836664,0.40490518905416156,0.0,0.8396238089345379,0.6827175208581644,0.10702166536152442,0.9070963678353978,0.7001774098166764,0.0,0.9999999999999999,0.3100358422939067
0.4297740363314133,0.42490925589836664,0.40490518905416156,0.0,0.8396238089345379,0.6827175208581644,0.10702166536152442,0.9070963678353978,0.7001774098166764,1.0000000000000002,0.0,0.29091995221027456
0.4297740363314133,0.42490925589836664,0.40490518905416156,0.0,0.8396238089345379,0.6827175208581644,0.10702166536152442,0.9070963678353978,0.7001774098166764,0.697053153401267,0.4401975773256497,0.0
0.4297740363314133,0.42490925589836664,0.40490518905416156,0.0,0.8396238089345379,0.6827175208581644,0.10702166536152442,0.9070963678353978,0.7001774098166764,0.10823464610300215,0.4013877455015876,0.9999999999999998
0.4297740363314133,0.42490925589836664,0.40490518905416156,0.0,0.8396238089345379,0.6827175208581644,0.3492560689115113,0.8275246693260551,0.2781391681450819,0.0,0.9999999999999999,0.3100358422939067
0.4297740363314133,0.42490925589836664,0.40490518905416156,0.0,0.8396238089345379,0.6827175208581644,0.3492560689115113,0.8275246693260551,0.2781391681450819,1.0000000000000002,0.0,0.29091995221027456
0.4297740363314133,0.42490925589836664,0.40490518905416156,0.0,0.8396238089345379,0.6827175208581644,0.3492560689115113,0.8275246693260551,0.2781391681450819,0.697053153401267,0.4401975773256497,0.0
0.4297740363314133,0.42490925589836664,0.40490518905416156,0.0,0.8396238089345379,0.6827175208581644,0.3492560689115113,0.8275246693260551,0.2781391681450819,0.10823464610300215,0.4013877455015876,0.9999999999999998
0.4297740363314133,0.42490925589836664,0.40490518905416156,0.0,0.8396238089345379,0.6827175208581644,0.1536152440616027,0.4086710056686962,0.3378671397595112,0.0,0.9999999999999999,0.3100358422939067
0.4297740363314133,0.42490925589836664,0.40490518905416156,0.0,0.8396238089345379,0.6827175208581644,0.1536152440616027,0.4086710056686962,0.3378671397595112,1.0000000000000002,0.0,0.29091995221027456
0.4297740363314133,0.42490925589836664,0.40490518905416156,0.0,0.8396238089345379,0.6827175208581644,0.1536152440616027,0.4086710056686962,0.3378671397595112,0.697053153401267,0.4401975773256497,0.0
0.4297740363314133,0.42490925589836664,0.40490518905416156,0.0,0.8396238089345379,0.6827175208581644,0.1536152440616027,0.4086710056686962,0.3378671397595112,0.10823464610300215,0.4013877455015876,0.9999999999999998
0.4297740363314133,0.42490925589836664,0.40490518905416156,0.0,0.8396238089345379,0.6827175208581644,0.9655442443226312,0.4583245853453705,0.4931992903607333,0.0,0.9999999999999999,0.3100358422939067
0.4297740363314133,0.42490925589836664,0.40490518905416156,0.0,0.8396238089345379,0.6827175208581644,0.9655442443226312,0.4583245853453705,0.4931992903607333,1.0000000000000002,0.0,0.29091995221027456
0.4297740363314133,0.42490925589836664,0.40490518905416156,0.0,0.8396238089345379,0.6827175208581644,0.9655442443226312,0.4583245853453705,0.4931992903607333,0.697053153401267,0.4401975773256497,0.0
0.4297740363314133,0.42490925589836664,0.40490518905416156,0.0,0.8396238089345379,0.6827175208581644,0.9655442443226312,0.4583245853453705,0.4931992903607333,0.10823464610300215,0.4013877455015876,0.9999999999999998
0.4297740363314133,0.42490925589836664,0.40490518905416156,0.0,0.8396238089345379,0.6827175208581644,0.9817280083529103,0.0,1.0,0.0,0.9999999999999999,0.3100358422939067
0.4297740363314133,0.42490925589836664,0.40490518905416156,0.0,0.8396238089345379,0.6827175208581644,0.9817280083529103,0.0,1.0,1.0000000000000002,0.0,0.29091995221027456
0.4297740363314133,0.42490925589836664,0.40490518905416156,0.0,0.8396238089345379,0.6827175208581644,0.9817280083529103,0.0,1.0,0.697053153401267,0.4401975773256497,0.0
0.4297740363314133,0.42490925589836664,0.40490518905416156,0.0,0.8396238089345379,0.6827175208581644,0.9817280083529103,0.0,1.0,0.10823464610300215,0.4013877455015876,0.9999999999999998
0.4297740363314133,0.42490925589836664,0.40490518905416156,0.9180500105064089,0.057294889246380404,0.9804529201430274,0.07099973897154789,0.975015746378333,0.15533215060122219,0.0,0.9999999999999999,0.3100358422939067
0.4297740363314133,0.42490925589836664,0.40490518905416156,0.9180500105064089,0.057294889246380404,0.9804529201430274,0.07099973897154789,0.975015746378333,0.15533215060122219,1.0000000000000002,0.0,0.29091995221027456
0.4297740363314133,0.42490925589836664,0.40490518905416156,0.9180500105064089,0.057294889246380404,0.9804529201430274,0.07099973897154789,0.975015746378333,0.15533215060122219,0.697053153401267,0.4401975773256497,0.0
0.4297740363314133,0.42490925589836664,0.40490518905416156,0.9180500105064089,0.057294889246380404,0.9804529201430274,0.07099973897154789,0.975015746378333,0.15533215060122219,0.10823464610300215,0.4013877455015876,0.9999999999999998
0.4297740363314133,0.42490925589836664,0.40490518905416156,0.9180500105064089,0.057294889246380404,0.9804529201430274,0.0,0.4611589334453075,0.0,0.0,0.9999999999999999,0.3100358422939067
0.4297740363314133,0.42490925589836664,0.40490518905416156,0.9180500105064089,0.057294889246380404,0.9804529201430274,0.0,0.4611589334453075,0.0,1.0000000000000002,0.0,0.29091995221027456
0.4297740363314133,0.42490925589836664,0.40490518905416156,0.9180500105064089,0.057294889246380404,0.9804529201430274,0.0,0.4611589334453075,0.0,0.697053153401267,0.4401975773256497,0.0
0.4297740363314133,0.42490925589836664,0.40490518905416156,0.9180500105064089,0.057294889246380404,0.9804529201430274,0.0,0.4611589334453075,0.0,0.10823464610300215,0.4013877455015876,0.9999999999999998
0.4297740363314133,0.42490925589836664,0.40490518905416156,0.9180500105064089,0.057294889246380404,0.9804529201430274,1.0,1.0,0.5901833234772325,0.0,0.9999999999999999,0.3100358422939067
0.4297740363314133,0.42490925589836664,0.40490518905416156,0.9180500105064089,0.057294889246380404,0.9804529201430274,1.0,1.0,0.5901833234772325,1.0000000000000002,0.0,0.29091995221027456
0.4297740363314133,0.42490925589836664,0.40490518905416156,0.9180500105064089,0.057294889246380404,0.9804529201430274,1.0,1.0,0.5901833234772325,0.697053153401267,0.4401975773256497,0.0
0.4297740363314133,0.42490925589836664,0.40490518905416156,0.9180500105064089,0.057294889246380404,0.9804529201430274,1.0,1.0,0.5901833234772325,0.10823464610300215,0.4013877455015876,0.9999999999999998
0.4297740363314133,0.42490925589836664,0.40490518905416156,0.9180500105064089,0.057294889246380404,0.9804529201430274,0.10702166536152442,0.9070963678353978,0.7001774098166764,0.0,0.9999999999999999,0.3100358422939067
0.4297740363314133,0.42490925589836664,0.40490518905416156,0.9180500105064089,0.057294889246380404,0.9804529201430274,0.10702166536152442,0.9070963678353978,0.7001774098166764,1.0000000000000002,0.0,0.29091995221027456
0.4297740363314133,0.42490925589836664,0.40490518905416156,0.9180500105064089,0.057294889246380404,0.9804529201430274,0.10702166536152442,0.9070963678353978,0.7001774098166764,0.697053153401267,0.4401975773256497,0.0
0.4297740363314133,0.42490925589836664,0.40490518905416156,0.9180500105064089,0.057294889246380404,0.9804529201430274,0.10702166536152442,0.9070963678353978,0.7001774098166764,0.10823464610300215,0.4013877455015876,0.9999999999999998
0.4297740363314133,0.42490925589836664,0.40490518905416156,0.9180500105064089,0.057294889246380404,0.9804529201430274,0.3492560689115113,0.8275246693260551,0.2781391681450819,0.0,0.9999999999999999,0.3100358422939067
0.4297740363314133,0.42490925589836664,0.40490518905416156,0.9180500105064089,0.057294889246380404,0.9804529201430274,0.3492560689115113,0.8275246693260551,0.2781391681450819,1.0000000000000002,0.0,0.29091995221027456
0.4297740363314133,0.42490925589836664,0.40490518905416156,0.9180500105064089,0.057294889246380404,0.9804529201430274,0.3492560689115113,0.8275246693260551,0.2781391681450819,0.697053153401267,0.4401975773256497,0.0
0.4297740363314133,0.42490925589836664,0.40490518905416156,0.9180500105064089,0.057294889246380404,0.9804529201430274,0.3492560689115113,0.8275246693260551,0.2781391681450819,0.10823464610300215,0.4013877455015876,0.9999999999999998
0.4297740363314133,0.42490925589836664,0.40490518905416156,0.9180500105064089,0.057294889246380404,0.9804529201430274,0.1536152440616027,0.4086710056686962,0.3378671397595112,0.0,0.9999999999999999,0.3100358422939067
0.4297740363314133,0.42490925589836664,0.40490518905416156,0.9180500105064089,0.057294889246380404,0.9804529201430274,0.1536152440616027,0.4086710056686962,0.3378671397595112,1.0000000000000002,0.0,0.29091995221027456
0.4297740363314133,0.42490925589836664,0.40490518905416156,0.9180500105064089,0.057294889246380404,0.9804529201430274,0.1536152440616027,0.4086710056686962,0.3378671397595112,0.697053153401267,0.4401975773256497,0.0
0.4297740363314133,0.42490925589836664,0.40490518905416156,0.9180500105064089,0.057294889246380404,0.9804529201430274,0.1536152440616027,0.4086710056686962,0.3378671397595112,0.10823464610300215,0.4013877455015876,0.9999999999999998
0.4297740363314133,0.42490925589836664,0.40490518905416156,0.9180500105064089,0.057294889246380404,0.9804529201430274,0.9655442443226312,0.4583245853453705,0.4931992903607333,0.0,0.9999999999999999,0.3100358422939067
0.4297740363314133,0.42490925589836664,0.40490518905416156,0.9180500105064089,0.057294889246380404,0.9804529201430274,0.9655442443226312,0.4583245853453705,0.4931992903607333,1.0000000000000002,0.0,0.29091995221027456
0.4297740363314133,0.42490925589836664,0.40490518905416156,0.9180500105064089,0.057294889246380404,0.9804529201430274,0.9655442443226312,0.4583245853453705,0.4931992903607333,0.697053153401267,0.4401975773256497,0.0
0.4297740363314133,0.42490925589836664,0.40490518905416156,0.9180500105064089,0.057294889246380404,0.9804529201430274,0.9655442443226312,0.4583245853453705,0.4931992903607333,0.10823464610300215,0.4013877455015876,0.9999999999999998
0.4297740363314133,0.42490925589836664,0.40490518905416156,0.9180500105064089,0.057294889246380404,0.9804529201430274,0.9817280083529103,0.0,1.0,0.0,0.9999999999999999,0.3100358422939067
0.4297740363314133,0.42490925589836664,0.40490518905416156,0.9180500105064089,0.057294889246380404,0.9804529201430274,0.9817280083529103,0.0,1.0,1.0000000000000002,0.0,0.29091995221027456
0.4297740363314133,0.42490925589836664,0.40490518905416156,0.9180500105064089,0.057294889246380404,0.9804529201430274,0.9817280083529103,0.0,1.0,0.697053153401267,0.4401975773256497,0.0
0.4297740363314133,0.42490925589836664,0.40490518905416156,0.9180500105064089,0.057294889246380404,0.9804529201430274,0.9817280083529103,0.0,1.0,0.10823464610300215,0.4013877455015876,0.9999999999999998
0.4297740363314133,0.42490925589836664,0.40490518905416156,0.9999999999999999,0.4271748545972034,1.0,0.07099973897154789,0.975015746378333,0.15533215060122219,0.0,0.9999999999999999,0.3100358422939067
0.4297740363314133,0.42490925589836664,0.40490518905416156,0.9999999999999999,0.4271748545972034,1.0,0.07099973897154789,0.975015746378333,0.15533215060122219,1.0000000000000002,0.0,0.29091995221027456
0.4297740363314133,0.42490925589836664,0.40490518905416156,0.9999999999999999,0.4271748545972034,1.0,0.07099973897154789,0.975015746378333,0.15533215060122219,0.697053153401267,0.4401975773256497,0.0
0.4297740363314133,0.42490925589836664,0.40490518905416156,0.9999999999999999,0.4271748545972034,1.0,0.07099973897154789,0.975015746378333,0.15533215060122219,0.10823464610300215,0.4013877455015876,0.9999999999999998
0.4297740363314133,0.42490925589836664,0.40490518905416156,0.9999999999999999,0.4271748545972034,1.0,0.0,0.4611589334453075,0.0,0.0,0.9999999999999999,0.3100358422939067
0.4297740363314133,0.42490925589836664,0.40490518905416156,0.9999999999999999,0.4271748545972034,1.0,0.0,0.4611589334453075,0.0,1.0000000000000002,0.0,0.29091995221027456
0.4297740363314133,0.42490925589836664,0.40490518905416156,0.9999999999999999,0.4271748545972034,1.0,0.0,0.4611589334453075,0.0,0.697053153401267,0.4401975773256497,0.0
0.4297740363314133,0.42490925589836664,0.40490518905416156,0.9999999999999999,0.4271748545972034,1.0,0.0,0.4611589334453075,0.0,0.10823464610300215,0.4013877455015876,0.9999999999999998
0.4297740363314133,0.42490925589836664,0.40490518905416156,0.9999999999999999,0.4271748545972034,1.0,1.0,1.0,0.5901833234772325,0.0,0.9999999999999999,0.3100358422939067
0.4297740363314133,0.42490925589836664,0.40490518905416156,0.9999999999999999,0.4271748545972034,1.0,1.0,1.0,0.5901833234772325,1.0000000000000002,0.0,0.29091995221027456
0.4297740363314133,0.42490925589836664,0.40490518905416156,0.9999999999999999,0.4271748545972034,1.0,1.0,1.0,0.5901833234772325,0.697053153401267,0.4401975773256497,0.0
0.4297740363314133,0.42490925589836664,0.40490518905416156,0.9999999999999999,0.4271748545972034,1.0,1.0,1.0,0.5901833234772325,0.10823464610300215,0.4013877455015876,0.9999999999999998
0.4297740363314133,0.42490925589836664,0.40490518905416156,0.9999999999999999,0.4271748545972034,1.0,0.10702166536152442,0.9070963678353978,0.7001774098166764,0.0,0.9999999999999999,0.3100358422939067
0.4297740363314133,0.42490925589836664,0.40490518905416156,0.9999999999999999,0.4271748545972034,1.0,0.10702166536152442,0.9070963678353978,0.7001774098166764,1.0000000000000002,0.0,0.29091995221027456
0.4297740363314133,0.42490925589836664,0.40490518905416156,0.9999999999999999,0.4271748545972034,1.0,0.10702166536152442,0.9070963678353978,0.7001774098166764,0.697053153401267,0.4401975773256497,0.0
0.4297740363314133,0.42490925589836664,0.40490518905416156,0.9999999999999999,0.4271748545972034,1.0,0.10702166536152442,0.9070963678353978,0.7001774098166764,0.10823464610300215,0.4013877455015876,0.9999999999999998
0.4297740363314133,0.42490925589836664,0.40490518905416156,0.9999999999999999,0.4271748545972034,1.0,0.3492560689115113,0.8275246693260551,0.2781391681450819,0.0,0.9999999999999999,0.3100358422939067
0.4297740363314133,0.42490925589836664,0.40490518905416156,0.9999999999999999,0.4271748545972034,1.0,0.3492560689115113,0.8275246693260551,0.2781391681450819,1.0000000000000002,0.0,0.29091995221027456
0.4297740363314133,0.42490925589836664,0.40490518905416156,0.9999999999999999,0.4271748545972034,1.0,0.3492560689115113,0.8275246693260551,0.2781391681450819,0.697053153401267,0.4401975773256497,0.0
0.4297740363314133,0.42490925589836664,0.40490518905416156,0.9999999999999999,0.4271748545972034,1.0,0.3492560689115113,0.8275246693260551,0.2781391681450819,0.10823464610300215,0.4013877455015876,0.9999999999999998
0.4297740363314133,0.42490925589836664,0.40490518905416156,0.9999999999999999,0.4271748545972034,1.0,0.1536152440616027,0.4086710056686962,0.3378671397595112,0.0,0.9999999999999999,0.3100358422939067
0.4297740363314133,0.42490925589836664,0.40490518905416156,0.9999999999999999,0.4271748545972034,1.0,0.1536152440616027,0.4086710056686962,0.3378671397595112,1.0000000000000002,0.0,0.29091995221027456
0.4297740363314133,0.42490925589836664,0.40490518905416156,0.9999999999999999,0.4271748545972034,1.0,0.1536152440616027,0.4086710056686962,0.3378671397595112,0.697053153401267,0.4401975773256497,0.0
0.4297740363314133,0.42490925589836664,0.40490518905416156,0.9999999999999999,0.4271748545972034,1.0,0.1536152440616027,0.4086710056686962,0.3378671397595112,0.10823464610300215,0.4013877455015876,0.9999999999999998
0.4297740363314133,0.42490925589836664,0.40490518905416156,0.9999999999999999,0.4271748545972034,1.0,0.9655442443226312,0.4583245853453705,0.4931992903607333,0.0,0.9999999999999999,0.3100358422939067
0.4297740363314133,0.42490925589836664,0.40490518905416156,0.9999999999999999,0.4271748545972034,1.0,0.9655442443226312,0.4583245853453705,0.4931992903607333,1.0000000000000002,0.0,0.29091995221027456
0.4297740363314133,0.42490925589836664,0.40490518905416156,0.9999999999999999,0.4271748545972034,1.0,0.9655442443226312,0.4583245853453705,0.4931992903607333,0.697053153401267,0.4401975773256497,0.0
0.4297740363314133,0.42490925589836664,0.40490518905416156,0.9999999999999999,0.4271748545972034,1.0,0.9655442443226312,0.4583245853453705,0.4931992903607333,0.10823464610300215,0.4013877455015876,0.9999999999999998
0.4297740363314133,0.42490925589836664,0.40490518905416156,0.9999999999999999,0.4271748545972034,1.0,0.9817280083529103,0.0,1.0,0.0,0.9999999999999999,0.3100358422939067
0.4297740363314133,0.42490925589836664,0.40490518905416156,0.9999999999999999,0.4271748545972034,1.0,0.9817280083529103,0.0,1.0,1.0000000000000002,0.0,0.29091995221027456
0.4297740363314133,0.42490925589836664,0.40490518905416156,0.9999999999999999,0.4271748545972034,1.0,0.9817280083529103,0.0,1.0,0.697053153401267,0.4401975773256497,0.0
0.4297740363314133,0.42490925589836664,0.40490518905416156,0.9999999999999999,0.4271748545972034,1.0,0.9817280083529103,0.0,1.0,0.10823464610300215,0.4013877455015876,0.9999999999999998
0.4297740363314133,0.42490925589836664,0.40490518905416156,0.00021012817818869337,0.05296374211112484,0.8307508939213348,0.07099973897154789,0.975015746378333,0.15533215060122219,0.0,0.9999999999999999,0.3100358422939067
0.4297740363314133,0.42490925589836664,0.40490518905416156,0.00021012817818869337,0.05296374211112484,0.8307508939213348,0.07099973897154789,0.975015746378333,0.15533215060122219,1.0000000000000002,0.0,0.29091995221027456
0.4297740363314133,0.42490925589836664,0.40490518905416156,0.00021012817818869337,0.05296374211112484,0.8307508939213348,0.07099973897154789,0.975015746378333,0.15533215060122219,0.697053153401267,0.4401975773256497,0.0
0.4297740363314133,0.42490925589836664,0.40490518905416156,0.00021012817818869337,0.05296374211112484,0.8307508939213348,0.07099973897154789,0.975015746378333,0.15533215060122219,0.10823464610300215,0.4013877455015876,0.9999999999999998
0.4297740363314133,0.42490925589836664,0.40490518905416156,0.00021012817818869337,0.05296374211112484,0.8307508939213348,0.0,0.4611589334453075,0.0,0.0,0.9999999999999999,0.3100358422939067
0.4297740363314133,0.42490925589836664,0.40490518905416156,0.00021012817818869337,0.05296374211112484,0.8307508939213348,0.0,0.4611589334453075,0.0,1.0000000000000002,0.0,0.29091995221027456
0.4297740363314133,0.42490925589836664,0.40490518905416156,0.00021012817818869337,0.05296374211112484,0.8307508939213348,0.0,0.4611589334453075,0.0,0.697053153401267,0.4401975773256497,0.0
0.4297740363314133,0.42490925589836664,0.40490518905416156,0.00021012817818869337,0.05296374211112484,0.8307508939213348,0.0,0.4611589334453075,0.0,0.10823464610300215,0.4013877455015876,0.9999999999999998
0.4297740363314133,0.42490925589836664,0.40490518905416156,0.00021012817818869337,0.05296374211112484,0.8307508939213348,1.0,1.0,0.5901833234772325,0.0,0.9999999999999999,0.3100358422939067
0.4297740363314133,0.42490925589836664,0.40490518905416156,0.00021012817818869337,0.05296374211112484,0.8307508939213348,1.0,1.0,0.5901833234772325,1.0000000000000002,0.0,0.29091995221027456
0.4297740363314133,0.42490925589836664,0.40490518905416156,0.00021012817818869337,0.05296374211112484,0.8307508939213348,1.0,1.0,0.5901833234772325,0.697053153401267,0.4401975773256497,0.0
0.4297740363314133,0.42490925589836664,0.40490518905416156,0.00021012817818869337,0.05296374211112484,0.8307508939213348,1.0,1.0,0.5901833234772325,0.10823464610300215,0.4013877455015876,0.9999999999999998
0.4297740363314133,0.42490925589836664,0.40490518905416156,0.00021012817818869337,0.05296374211112484,0.8307508939213348,0.10702166536152442,0.9070963678353978,0.7001774098166764,0.0,0.9999999999999999,0.3100358422939067
0.4297740363314133,0.42490925589836664,0.40490518905416156,0.00021012817818869337,0.05296374211112484,0.8307508939213348,0.10702166536152442,0.9070963678353978,0.7001774098166764,1.0000000000000002,0.0,0.29091995221027456
0.4297740363314133,0.42490925589836664,0.40490518905416156,0.00021012817818869337,0.05296374211112484,0.8307508939213348,0.10702166536152442,0.9070963678353978,0.7001774098166764,0.697053153401267,0.4401975773256497,0.0
0.4297740363314133,0.42490925589836664,0.40490518905416156,0.00021012817818869337,0.05296374211112484,0.8307508939213348,0.10702166536152442,0.9070963678353978,0.7001774098166764,0.10823464610300215,0.4013877455015876,0.9999999999999998
0.4297740363314133,0.42490925589836664,0.40490518905416156,0.00021012817818869337,0.05296374211112484,0.8307508939213348,0.3492560689115113,0.8275246693260551,0.2781391681450819,0.0,0.9999999999999999,0.3100358422939067
0.4297740363314133,0.42490925589836664,0.40490518905416156,0.00021012817818869337,0.05296374211112484,0.8307508939213348,0.3492560689115113,0.8275246693260551,0.2781391681450819,1.0000000000000002,0.0,0.29091995221027456
0.4297740363314133,0.42490925589836664,0.40490518905416156,0.00021012817818869337,0.05296374211112484,0.8307508939213348,0.3492560689115113,0.8275246693260551,0.2781391681450819,0.697053153401267,0.4401975773256497,0.0
0.4297740363314133,0.42490925589836664,0.40490518905416156,0.00021012817818869337,0.05296374211112484,0.8307508939213348,0.3492560689115113,0.8275246693260551,0.2781391681450819,0.10823464610300215,0.4013877455015876,0.9999999999999998
0.4297740363314133,0.42490925589836664,0.40490518905416156,0.00021012817818869337,0.05296374211112484,0.8307508939213348,0.1536152440616027,0.4086710056686962,0.3378671397595112,0.0,0.9999999999999999,0.3100358422939067
0.4297740363314133,0.42490925589836664,0.40490518905416156,0.00021012817818869337,0.05296374211112484,0.8307508939213348,0.1536152440616027,0.4086710056686962,0.3378671397595112,1.0000000000000002,0.0,0.29091995221027456
0.4297740363314133,0.42490925589836664,0.40490518905416156,0.00021012817818869337,0.05296374211112484,0.8307508939213348,0.1536152440616027,0.4086710056686962,0.3378671397595112,0.697053153401267,0.4401975773256497,0.0
0.4297740363314133,0.42490925589836664,0.40490518905416156,0.00021012817818869337,0.05296374211112484,0.8307508939213348,0.1536152440616027,0.4086710056686962,0.3378671397595112,0.10823464610300215,0.4013877455015876,0.9999999999999998
0.4297740363314133,0.42490925589836664,0.40490518905416156,0.00021012817818869337,0.05296374211112484,0.8307508939213348,0.9655442443226312,0.4583245853453705,0.4931992903607333,0.0,0.9999999999999999,0.3100358422939067
0.4297740363314133,0.42490925589836664,0.40490518905416156,0.00021012817818869337,0.05296374211112484,0.8307508939213348,0.9655442443226312,0.4583245853453705,0.4931992903607333,1.0000000000000002,0.0,0.29091995221027456
0.4297740363314133,0.42490925589836664,0.40490518905416156,0.00021012817818869337,0.05296374211112484,0.8307508939213348,0.9655442443226312,0.4583245853453705,0.4931992903607333,0.697053153401267,0.4401975773256497,0.0
0.4297740363314133,0.42490925589836664,0.40490518905416156,0.00021012817818869337,0.05296374211112484,0.8307508939213348,0.9655442443226312,0.4583245853453705,0.4931992903607333,0.10823464610300215,0.4013877455015876,0.9999999999999998
0.4297740363314133,0.42490925589836664,0.40490518905416156,0.00021012817818869337,0.05296374211112484,0.8307508939213348,0.9817280083529103,0.0,1.0,0.0,0.9999999999999999,0.3100358422939067
0.4297740363314133,0.42490925589836664,0.40490518905416156,0.00021012817818869337,0.05296374211112484,0.8307508939213348,0.9817280083529103,0.0,1.0,1.0000000000000002,0.0,0.29091995221027456
0.4297740363314133,0.42490925589836664,0.40490518905416156,0.00021012817818869337,0.05296374211112484,0.8307508939213348,0.9817280083529103,0.0,1.0,0.697053153401267,0.4401975773256497,0.0
0.4297740363314133,0.42490925589836664,0.40490518905416156,0.00021012817818869337,0.05296374211112484,0.8307508939213348,0.9817280083529103,0.0,1.0,0.10823464610300215,0.4013877455015876,0.9999999999999998
0.4297740363314133,0.42490925589836664,0.40490518905416156,0.3867409119562933,0.9365177577032547,0.06686531585220501,0.07099973897154789,0.975015746378333,0.15533215060122219,0.0,0.9999999999999999,0.3100358422939067
0.4297740363314133,0.42490925589836664,0.40490518905416156,0.3867409119562933,0.9365177577032547,0.06686531585220501,0.07099973897154789,0.975015746378333,0.15533215060122219,1.0000000000000002,0.0,0.29091995221027456
0.4297740363314133,0.42490925589836664,0.40490518905416156,0.3867409119562933,0.9365177577032547,0.06686531585220501,0.07099973897154789,0.975015746378333,0.15533215060122219,0.697053153401267,0.4401975773256497,0.0
0.4297740363314133,0.42490925589836664,0.40490518905416156,0.3867409119562933,0.9365177577032547,0.06686531585220501,0.07099973897154789,0.975015746378333,0.15533215060122219,0.10823464610300215,0.4013877455015876,0.9999999999999998
0.4297740363314133,0.42490925589836664,0.40490518905416156,0.3867409119562933,0.9365177577032547,0.06686531585220501,0.0,0.4611589334453075,0.0,0.0,0.9999999999999999,0.3100358422939067
0.4297740363314133,0.42490925589836664,0.40490518905416156,0.3867409119562933,0.9365177577032547,0.06686531585220501,0.0,0.4611589334453075,0.0,1.0000000000000002,0.0,0.29091995221027456
0.4297740363314133,0.42490925589836664,0.40490518905416156,0.3867409119562933,0.9365177577032547,0.06686531585220501,0.0,0.4611589334453075,0.0,0.697053153401267,0.4401975773256497,0.0
0.4297740363314133,0.42490925589836664,0.40490518905416156,0.3867409119562933,0.9365177577032547,0.06686531585220501,0.0,0.4611589334453075,0.0,0.10823464610300215,0.4013877455015876,0.9999999999999998
0.4297740363314133,0.42490925589836664,0.40490518905416156,0.3867409119562933,0.9365177577032547,0.06686531585220501,1.0,1.0,0.5901833234772325,0.0,0.9999999999999999,0.3100358422939067
0.4297740363314133,0.42490925589836664,0.40490518905416156,0.3867409119562933,0.9365177577032547,0.06686531585220501,1.0,1.0,0.5901833234772325,1.0000000000000002,0.0,0.29091995221027456
0.4297740363314133,0.42490925589836664,0.40490518905416156,0.3867409119562933,0.9365177577032547,0.06686531585220501,1.0,1.0,0.5901833234772325,0.697053153401267,0.4401975773256497,0.0
0.4297740363314133,0.42490925589836664,0.40490518905416156,0.3867409119562933,0.9365177577032547,0.06686531585220501,1.0,1.0,0.5901833234772325,0.10823464610300215,0.4013877455015876,0.9999999999999998
0.4297740363314133,0.42490925589836664,0.40490518905416156,0.3867409119562933,0.9365177577032547,0.06686531585220501,0.10702166536152442,0.9070963678353978,0.7001774098166764,0.0,0.9999999999999999,0.3100358422939067
0.4297740363314133,0.42490925589836664,0.40490518905416156,0.3867409119562933,0.9365177577032547,0.06686531585220501,0.10702166536152442,0.9070963678353978,0.7001774098166764,1.0000000000000002,0.0,0.29091995221027456
0.4297740363314133,0.42490925589836664,0.40490518905416156,0.3867409119562933,0.9365177577032547,0.06686531585220501,0.10702166536152442,0.9070963678353978,0.7001774098166764,0.697053153401267,0.4401975773256497,0.0
0.4297740363314133,0.42490925589836664,0.40490518905416156,0.3867409119562933,0.9365177577032547,0.06686531585220501,0.10702166536152442,0.9070963678353978,0.7001774098166764,0.10823464610300215,0.4013877455015876,0.9999999999999998
0.4297740363314133,0.42490925589836664,0.40490518905416156,0.3867409119562933,0.9365177577032547,0.06686531585220501,0.3492560689115113,0.8275246693260551,0.2781391681450819,0.0,0.9999999999999999,0.3100358422939067
0.4297740363314133,0.42490925589836664,0.40490518905416156,0.3867409119562933,0.9365177577032547,0.06686531585220501,0.3492560689115113,0.8275246693260551,0.2781391681450819,1.0000000000000002,0.0,0.29091995221027456
0.4297740363314133,0.42490925589836664,0.40490518905416156,0.3867409119562933,0.9365177577032547,0.06686531585220501,0.3492560689115113,0.8275246693260551,0.2781391681450819,0.697053153401267,0.4401975773256497,0.0
0.4297740363314133,0.42490925589836664,0.40490518905416156,0.3867409119562933,0.9365177577032547,0.06686531585220501,0.3492560689115113,0.8275246693260551,0.2781391681450819,0.10823464610300215,0.4013877455015876,0.9999999999999998
0.4297740363314133,0.42490925589836664,0.40490518905416156,0.3867409119562933,0.9365177577032547,0.06686531585220501,0.1536152440616027,0.4086710056686962,0.3378671397595112,0.0,0.9999999999999999,0.3100358422939067
0.4297740363314133,0.42490925589836664,0.40490518905416156,0.3867409119562933,0.9365177577032547,0.06686531585220501,0.1536152440616027,0.4086710056686962,0.3378671397595112,1.0000000000000002,0.0,0.29091995221027456
0.4297740363314133,0.42490925589836664,0.40490518905416156,0.3867409119562933,0.9365177577032547,0.06686531585220501,0.1536152440616027,0.4086710056686962,0.3378671397595112,0.697053153401267,0.4401975773256497,0.0
0.4297740363314133,0.42490925589836664,0.40490518905416156,0.3867409119562933,0.9365177577032547,0.06686531585220501,0.1536152440616027,0.4086710056686962,0.3378671397595112,0.10823464610300215,0.4013877455015876,0.9999999999999998
0.4297740363314133,0.42490925589836664,0.40490518905416156,0.3867409119562933,0.9365177577032547,0.06686531585220501,0.9655442443226312,0.4583245853453705,0.4931992903607333,0.0,0.9999999999999999,0.3100358422939067
0.4297740363314133,0.42490925589836664,0.40490518905416156,0.3867409119562933,0.9365177577032547,0.06686531585220501,0.9655442443226312,0.4583245853453705,0.4931992903607333,1.0000000000000002,0.0,0.29091995221027456
0.4297740363314133,0.42490925589836664,0.40490518905416156,0.3867409119562933,0.9365177577032547,0.06686531585220501,0.9655442443226312,0.4583245853453705,0.4931992903607333,0.697053153401267,0.4401975773256497,0.0
0.4297740363314133,0.42490925589836664,0.40490518905416156,0.3867409119562933,0.9365177577032547,0.06686531585220501,0.9655442443226312,0.4583245853453705,0.4931992903607333,0.10823464610300215,0.4013877455015876,0.9999999999999998
0.4297740363314133,0.42490925589836664,0.40490518905416156,0.3867409119562933,0.9365177577032547,0.06686531585220501,0.9817280083529103,0.0,1.0,0.0,0.9999999999999999,0.3100358422939067
0.4297740363314133,0.42490925589836664,0.40490518905416156,0.3867409119562933,0.9365177577032547,0.06686531585220501,0.9817280083529103,0.0,1.0,1.0000000000000002,0.0,0.29091995221027456
0.4297740363314133,0.42490925589836664,0.40490518905416156,0.3867409119562933,0.9365177577032547,0.06686531585220501,0.9817280083529103,0.0,1.0,0.697053153401267,0.4401975773256497,0.0
0.4297740363314133,0.42490925589836664,0.40490518905416156,0.3867409119562933,0.9365177577032547,0.06686531585220501,0.9817280083529103,0.0,1.0,0.10823464610300215,0.4013877455015876,0.9999999999999998
0.4297740363314133,0.42490925589836664,0.40490518905416156,0.7575120823702458,0.4532854844697438,0.772824791418355,0.07099973897154789,0.975015746378333,0.15533215060122219,0.0,0.9999999999999999,0.3100358422939067
0.4297740363314133,0.42490925589836664,0.40490518905416156,0.7575120823702458,0.4532854844697438,0.772824791418355,0.07099973897154789,0.975015746378333,0.15533215060122219,1.0000000000000002,0.0,0.29091995221027456
0.4297740363314133,0.42490925589836664,0.40490518905416156,0.7575120823702458,0.4532854844697438,0.772824791418355,0.07099973897154789,0.975015746378333,0.15533215060122219,0.697053153401267,0.4401975773256497,0.0
0.4297740363314133,0.42490925589836664,0.40490518905416156,0.7575120823702458,0.4532854844697438,0.772824791418355,0.07099973897154789,0.975015746378333,0.15533215060122219,0.10823464610300215,0.4013877455015876,0.9999999999999998
0.4297740363314133,0.42490925589836664,0.40490518905416156,0.7575120823702458,0.4532854844697438,0.772824791418355,0.0,0.4611589334453075,0.0,0.0,0.9999999999999999,0.3100358422939067
0.4297740363314133,0.42490925589836664,0.40490518905416156,0.7575120823702458,0.4532854844697438,0.772824791418355,0.0,0.4611589334453075,0.0,1.0000000000000002,0.0,0.29091995221027456
0.4297740363314133,0.42490925589836664,0.40490518905416156,0.7575120823702458,0.4532854844697438,0.772824791418355,0.0,0.4611589334453075,0.0,0.697053153401267,0.4401975773256497,0.0
0.4297740363314133,0.42490925589836664,0.40490518905416156,0.7575120823702458,0.4532854844697438,0.772824791418355,0.0,0.4611589334453075,0.0,0.10823464610300215,0.4013877455015876,0.9999999999999998
0.4297740363314133,0.42490925589836664,0.40490518905416156,0.7575120823702458,0.4532854844697438,0.772824791418355,1.0,1.0,0.5901833234772325,0.0,0.9999999999999999,0.3100358422939067
0.4297740363314133,0.42490925589836664,0.40490518905416156,0.7575120823702458,0.4532854844697438,0.772824791418355,1.0,1.0,0.5901833234772325,1.0000000000000002,0.0,0.29091995221027456
0.4297740363314133,0.42490925589836664,0.40490518905416156,0.7575120823702458,0.4532854844697438,0.772824791418355,1.0,1.0,0.5901833234772325,0.697053153401267,0.4401975773256497,0.0
0.4297740363314133,0.42490925589836664,0.40490518905416156,0.7575120823702458,0.4532854844697438,0.772824791418355,1.0,1.0,0.5901833234772325,0.10823464610300215,0.4013877455015876,0.9999999999999998
0.4297740363314133,0.42490925589836664,0.40490518905416156,0.7575120823702458,0.4532854844697438,0.772824791418355,0.10702166536152442,0.9070963678353978,0.7001774098166764,0.0,0.9999999999999999,0.3100358422939067
0.4297740363314133,0.42490925589836664,0.40490518905416156,0.7575120823702458,0.4532854844697438,0.772824791418355,0.10702166536152442,0.9070963678353978,0.7001774098166764,1.0000000000000002,0.0,0.29091995221027456
0.4297740363314133,0.42490925589836664,0.40490518905416156,0.7575120823702458,0.4532854844697438,0.772824791418355,0.10702166536152442,0.9070963678353978,0.7001774098166764,0.697053153401267,0.4401975773256497,0.0
0.4297740363314133,0.42490925589836664,0.40490518905416156,0.7575120823702458,0.4532854844697438,0.772824791418355,0.10702166536152442,0.9070963678353978,0.7001774098166764,0.10823464610300215,0.4013877455015876,0.9999999999999998
0.4297740363314133,0.42490925589836664,0.40490518905416156,0.7575120823702458,0.4532854844697438,0.772824791418355,0.3492560689115113,0.8275246693260551,0.2781391681450819,0.0,0.9999999999999999,0.3100358422939067
0.4297740363314133,0.42490925589836664,0.40490518905416156,0.7575120823702458,0.4532854844697438,0.772824791418355,0.3492560689115113,0.8275246693260551,0.2781391681450819,1.0000000000000002,0.0,0.29091995221027456
0.4297740363314133,0.42490925589836664,0.40490518905416156,0.7575120823702458,0.4532854844697438,0.772824791418355,0.3492560689115113,0.8275246693260551,0.2781391681450819,0.697053153401267,0.4401975773256497,0.0
0.4297740363314133,0.42490925589836664,0.40490518905416156,0.7575120823702458,0.4532854844697438,0.772824791418355,0.3492560689115113,0.8275246693260551,0.2781391681450819,0.10823464610300215,0.4013877455015876,0.9999999999999998
0.4297740363314133,0.42490925589836664,0.40490518905416156,0.7575120823702458,0.4532854844697438,0.772824791418355,0.1536152440616027,0.4086710056686962,0.3378671397595112,0.0,0.9999999999999999,0.3100358422939067
0.4297740363314133,0.42490925589836664,0.40490518905416156,0.7575120823702458,0.4532854844697438,0.772824791418355,0.1536152440616027,0.4086710056686962,0.3378671397595112,1.0000000000000002,0.0,0.29091995221027456
0.4297740363314133,0.42490925589836664,0.40490518905416156,0.7575120823702458,0.4532854844697438,0.772824791418355,0.1536152440616027,0.4086710056686962,0.3378671397595112,0.697053153401267,0.4401975773256497,0.0
0.4297740363314133,0.42490925589836664,0.40490518905416156,0.7575120823702458,0.4532854844697438,0.772824791418355,0.1536152440616027,0.4086710056686962,0.3378671397595112,0.10823464610300215,0.4013877455015876,0.9999999999999998
0.4297740363314133,0.42490925589836664,0.40490518905416156,0.7575120823702458,0.4532854844697438,0.772824791418355,0.9655442443226312,0.4583245853453705,0.4931992903607333,0.0,0.9999999999999999,0.3100358422939067
0.4297740363314133,0.42490925589836664,0.40490518905416156,0.7575120823702458,0.4532854844697438,0.772824791418355,0.9655442443226312,0.4583245853453705,0.4931992903607333,1.0000000000000002,0.0,0.29091995221027456
0.4297740363314133,0.42490925589836664,0.40490518905416156,0.7575120823702458,0.4532854844697438,0.772824791418355,0.9655442443226312,0.4583245853453705,0.4931992903607333,0.697053153401267,0.4401975773256497,0.0
0.4297740363314133,0.42490925589836664,0.40490518905416156,0.7575120823702458,0.4532854844697438,0.772824791418355,0.9655442443226312,0.4583245853453705,0.4931992903607333,0.10823464610300215,0.4013877455015876,0.9999999999999998
0.4297740363314133,0.42490925589836664,0.40490518905416156,0.7575120823702458,0.4532854844697438,0.772824791418355,0.9817280083529103,0.0,1.0,0.0,0.9999999999999999,0.3100358422939067
0.4297740363314133,0.42490925589836664,0.40490518905416156,0.7575120823702458,0.4532854844697438,0.772824791418355,0.9817280083529103,0.0,1.0,1.0000000000000002,0.0,0.29091995221027456
0.4297740363314133,0.42490925589836664,0.40490518905416156,0.7575120823702458,0.4532854844697438,0.772824791418355,0.9817280083529103,0.0,1.0,0.697053153401267,0.4401975773256497,0.0
0.4297740363314133,0.42490925589836664,0.40490518905416156,0.7575120823702458,0.4532854844697438,0.772824791418355,0.9817280083529103,0.0,1.0,0.10823464610300215,0.4013877455015876,0.9999999999999998
0.4297740363314133,0.42490925589836664,0.40490518905416156,0.7432233662534146,0.796559831703997,0.0,0.07099973897154789,0.975015746378333,0.15533215060122219,0.0,0.9999999999999999,0.3100358422939067
0.4297740363314133,0.42490925589836664,0.40490518905416156,0.7432233662534146,0.796559831703997,0.0,0.07099973897154789,0.975015746378333,0.15533215060122219,1.0000000000000002,0.0,0.29091995221027456
0.4297740363314133,0.42490925589836664,0.40490518905416156,0.7432233662534146,0.796559831703997,0.0,0.07099973897154789,0.975015746378333,0.15533215060122219,0.697053153401267,0.4401975773256497,0.0
0.4297740363314133,0.42490925589836664,0.40490518905416156,0.7432233662534146,0.796559831703997,0.0,0.07099973897154789,0.975015746378333,0.15533215060122219,0.10823464610300215,0.4013877455015876,0.9999999999999998
0.4297740363314133,0.42490925589836664,0.40490518905416156,0.7432233662534146,0.796559831703997,0.0,0.0,0.4611589334453075,0.0,0.0,0.9999999999999999,0.3100358422939067
0.4297740363314133,0.42490925589836664,0.40490518905416156,0.7432233662534146,0.796559831703997,0.0,0.0,0.4611589334453075,0.0,1.0000000000000002,0.0,0.29091995221027456
0.4297740363314133,0.42490925589836664,0.40490518905416156,0.7432233662534146,0.796559831703997,0.0,0.0,0.4611589334453075,0.0,0.697053153401267,0.4401975773256497,0.0
0.4297740363314133,0.42490925589836664,0.40490518905416156,0.7432233662534146,0.796559831703997,0.0,0.0,0.4611589334453075,0.0,0.10823464610300215,0.4013877455015876,0.9999999999999998
0.4297740363314133,0.42490925589836664,0.40490518905416156,0.7432233662534146,0.796559831703997,0.0,1.0,1.0,0.5901833234772325,0.0,0.9999999999999999,0.3100358422939067
0.4297740363314133,0.42490925589836664,0.40490518905416156,0.7432233662534146,0.796559831703997,0.0,1.0,1.0,0.5901833234772325,1.0000000000000002,0.0,0.29091995221027456
0.4297740363314133,0.42490925589836664,0.40490518905416156,0.7432233662534146,0.796559831703997,0.0,1.0,1.0,0.5901833234772325,0.697053153401267,0.4401975773256497,0.0
0.4297740363314133,0.42490925589836664,0.40490518905416156,0.7432233662534146,0.796559831703997,0.0,1.0,1.0,0.5901833234772325,0.10823464610300215,0.4013877455015876,0.9999999999999998
0.4297740363314133,0.42490925589836664,0.40490518905416156,0.7432233662534146,0.796559831703997,0.0,0.10702166536152442,0.9070963678353978,0.7001774098166764,0.0,0.9999999999999999,0.3100358422939067
0.4297740363314133,0.42490925589836664,0.40490518905416156,0.7432233662534146,0.796559831703997,0.0,0.10702166536152442,0.9070963678353978,0.7001774098166764,1.0000000000000002,0.0,0.29091995221027456
0.4297740363314133,0.42490925589836664,0.40490518905416156,0.7432233662534146,0.796559831703997,0.0,0.10702166536152442,0.9070963678353978,0.7001774098166764,0.697053153401267,0.4401975773256497,0.0
0.4297740363314133,0.42490925589836664,0.40490518905416156,0.7432233662534146,0.796559831703997,0.0,0.10702166536152442,0.9070963678353978,0.7001774098166764,0.10823464610300215,0.4013877455015876,0.9999999999999998
0.4297740363314133,0.42490925589836664,0.40490518905416156,0.7432233662534146,0.796559831703997,0.0,0.3492560689115113,0.8275246693260551,0.2781391681450819,0.0,0.9999999999999999,0.3100358422939067
0.4297740363314133,0.42490925589836664,0.40490518905416156,0.7432233662534146,0.796559831703997,0.0,0.3492560689115113,0.8275246693260551,0.2781391681450819,1.0000000000000002,0.0,0.29091995221027456
0.4297740363314133,0.42490925589836664,0.40490518905416156,0.7432233662534146,0.796559831703997,0.0,0.3492560689115113,0.8275246693260551,0.2781391681450819,0.697053153401267,0.4401975773256497,0.0
0.4297740363314133,0.42490925589836664,0.40490518905416156,0.7432233662534146,0.796559831703997,0.0,0.3492560689115113,0.8275246693260551,0.2781391681450819,0.10823464610300215,0.4013877455015876,0.9999999999999998
0.4297740363314133,0.42490925589836664,0.40490518905416156,0.7432233662534146,0.796559831703997,0.0,0.1536152440616027,0.4086710056686962,0.3378671397595112,0.0,0.9999999999999999,0.3100358422939067
0.4297740363314133,0.42490925589836664,0.40490518905416156,0.7432233662534146,0.796559831703997,0.0,0.1536152440616027,0.4086710056686962,0.3378671397595112,1.0000000000000002,0.0,0.29091995221027456
0.4297740363314133,0.42490925589836664,0.40490518905416156,0.7432233662534146,0.796559831703997,0.0,0.1536152440616027,0.4086710056686962,0.3378671397595112,0.697053153401267,0.4401975773256497,0.0
0.4297740363314133,0.42490925589836664,0.40490518905416156,0.7432233662534146,0.796559831703997,0.0,0.1536152440616027,0.4086710056686962,0.3378671397595112,0.10823464610300215,0.4013877455015876,0.9999999999999998
0.4297740363314133,0.42490925589836664,0.40490518905416156,0.7432233662534146,0.796559831703997,0.0,0.9655442443226312,0.4583245853453705,0.4931992903607333,0.0,0.9999999999999999,0.3100358422939067
0.4297740363314133,0.42490925589836664,0.40490518905416156,0.7432233662534146,0.796559831703997,0.0,0.9655442443226312,0.4583245853453705,0.4931992903607333,1.0000000000000002,0.0,0.29091995221027456
0.4297740363314133,0.42490925589836664,0.40490518905416156,0.7432233662534146,0.796559831703997,0.0,0.9655442443226312,0.4583245853453705,0.4931992903607333,0.697053153401267,0.4401975773256497,0.0
0.4297740363314133,0.42490925589836664,0.40490518905416156,0.7432233662534146,0.796559831703997,0.0,0.9655442443226312,0.4583245853453705,0.4931992903607333,0.10823464610300215,0.4013877455015876,0.9999999999999998
0.4297740363314133,0.42490925589836664,0.40490518905416156,0.7432233662534146,0.796559831703997,0.0,0.9817280083529103,0.0,1.0,0.0,0.9999999999999999,0.3100358422939067
0.4297740363314133,0.42490925589836664,0.40490518905416156,0.7432233662534146,0.796559831703997,0.0,0.9817280083529103,0.0,1.0,1.0000000000000002,0.0,0.29091995221027456
0.4297740363314133,0.42490925589836664,0.40490518905416156,0.7432233662534146,0.796559831703997,0.0,0.9817280083529103,0.0,1.0,0.697053153401267,0.4401975773256497,0.0
0.4297740363314133,0.42490925589836664,0.40490518905416156,0.7432233662534146,0.796559831703997,0.0,0.9817280083529103,0.0,1.0,0.10823464610300215,0.4013877455015876,0.9999999999999998
0.4297740363314133,0.42490925589836664,0.40490518905416156,0.5457028787560411,0.2518252691498577,0.4370679380214541,0.07099973897154789,0.975015746378333,0.15533215060122219,0.0,0.9999999999999999,0.3100358422939067
0.4297740363314133,0.42490925589836664,0.40490518905416156,0.5457028787560411,0.2518252691498577,0.4370679380214541,0.07099973897154789,0.975015746378333,0.15533215060122219,1.0000000000000002,0.0,0.29091995221027456
0.4297740363314133,0.42490925589836664,0.40490518905416156,0.5457028787560411,0.2518252691498577,0.4370679380214541,0.07099973897154789,0.975015746378333,0.15533215060122219,0.697053153401267,0.4401975773256497,0.0
0.4297740363314133,0.42490925589836664,0.40490518905416156,0.5457028787560411,0.2518252691498577,0.4370679380214541,0.07099973897154789,0.975015746378333,0.15533215060122219,0.10823464610300215,0.4013877455015876,0.9999999999999998
0.4297740363314133,0.42490925589836664,0.40490518905416156,0.5457028787560411,0.2518252691498577,0.4370679380214541,0.0,0.4611589334453075,0.0,0.0,0.9999999999999999,0.3100358422939067
0.4297740363314133,0.42490925589836664,0.40490518905416156,0.5457028787560411,0.2518252691498577,0.4370679380214541,0.0,0.4611589334453075,0.0,1.0000000000000002,0.0,0.29091995221027456
0.4297740363314133,0.42490925589836664,0.40490518905416156,0.5457028787560411,0.2518252691498577,0.4370679380214541,0.0,0.4611589334453075,0.0,0.697053153401267,0.4401975773256497,0.0
0.4297740363314133,0.42490925589836664,0.40490518905416156,0.5457028787560411,0.2518252691498577,0.4370679380214541,0.0,0.4611589334453075,0.0,0.10823464610300215,0.4013877455015876,0.9999999999999998
0.4297740363314133,0.42490925589836664,0.40490518905416156,0.5457028787560411,0.2518252691498577,0.4370679380214541,1.0,1.0,0.5901833234772325,0.0,0.9999999999999999,0.3100358422939067
0.4297740363314133,0.42490925589836664,0.40490518905416156,0.5457028787560411,0.2518252691498577,0.4370679380214541,1.0,1.0,0.5901833234772325,1.0000000000000002,0.0,0.29091995221027456
0.4297740363314133,0.42490925589836664,0.40490518905416156,0.5457028787560411,0.2518252691498577,0.4370679380214541,1.0,1.0,0.5901833234772325,0.697053153401267,0.4401975773256497,0.0
0.4297740363314133,0.42490925589836664,0.40490518905416156,0.5457028787560411,0.2518252691498577,0.4370679380214541,1.0,1.0,0.5901833234772325,0.10823464610300215,0.4013877455015876,0.9999999999999998
0.4297740363314133,0.42490925589836664,0.40490518905416156,0.5457028787560411,0.2518252691498577,0.4370679380214541,0.10702166536152442,0.9070963678353978,0.7001774098166764,0.0,0.9999999999999999,0.3100358422939067
0.4297740363314133,0.42490925589836664,0.40490518905416156,0.5457028787560411,0.2518252691498577,0.4370679380214541,0.10702166536152442,0.9070963678353978,0.7001774098166764,1.0000000000000002,0.0,0.29091995221027456
0.4297740363314133,0.42490925589836664,0.40490518905416156,0.5457028787560411,0.2518252691498577,0.4370679380214541,0.10702166536152442,0.9070963678353978,0.7001774098166764,0.697053153401267,0.4401975773256497,0.0
0.4297740363314133,0.42490925589836664,0.40490518905416156,0.5457028787560411,0.2518252691498577,0.4370679380214541,0.10702166536152442,0.9070963678353978,0.7001774098166764,0.10823464610300215,0.4013877455015876,0.9999999999999998
0.4297740363314133,0.42490925589836664,0.40490518905416156,0.5457028787560411,0.2518252691498577,0.4370679380214541,0.3492560689115113,0.8275246693260551,0.2781391681450819,0.0,0.9999999999999999,0.3100358422939067
0.4297740363314133,0.42490925589836664,0.40490518905416156,0.5457028787560411,0.2518252691498577,0.4370679380214541,0.3492560689115113,0.8275246693260551,0.2781391681450819,1.0000000000000002,0.0,0.29091995221027456
0.4297740363314133,0.42490925589836664,0.40490518905416156,0.5457028787560411,0.2518252691498577,0.4370679380214541,0.3492560689115113,0.8275246693260551,0.2781391681450819,0.697053153401267,0.4401975773256497,0.0
0.4297740363314133,0.42490925589836664,0.40490518905416156,0.5457028787560411,0.2518252691498577,0.4370679380214541,0.3492560689115113,0.8275246693260551,0.2781391681450819,0.10823464610300215,0.4013877455015876,0.9999999999999998
0.4297740363314133,0.42490925589836664,0.40490518905416156,0.5457028787560411,0.2518252691498577,0.4370679380214541,0.1536152440616027,0.4086710056686962,0.3378671397595112,0.0,0.9999999999999999,0.3100358422939067
0.4297740363314133,0.42490925589836664,0.40490518905416156,0.5457028787560411,0.2518252691498577,0.4370679380214541,0.1536152440616027,0.4086710056686962,0.3378671397595112,1.0000000000000002,0.0,0.29091995221027456
0.4297740363314133,0.42490925589836664,0.40490518905416156,0.5457028787560411,0.2518252691498577,0.4370679380214541,0.1536152440616027,0.4086710056686962,0.3378671397595112,0.697053153401267,0.4401975773256497,0.0
0.4297740363314133,0.42490925589836664,0.40490518905416156,0.5457028787560411,0.2518252691498577,0.4370679380214541,0.1536152440616027,0.4086710056686962,0.3378671397595112,0.10823464610300215,0.4013877455015876,0.9999999999999998
0.4297740363314133,0.42490925589836664,0.40490518905416156,0.5457028787560411,0.2518252691498577,0.4370679380214541,0.9655442443226312,0.4583245853453705,0.4931992903607333,0.0,0.9999999999999999,0.3100358422939067
0.4297740363314133,0.42490925589836664,0.40490518905416156,0.5457028787560411,0.2518252691498577,0.4370679380214541,0.9655442443226312,0.4583245853453705,0.4931992903607333,1.0000000000000002,0.0,0.29091995221027456
0.4297740363314133,0.42490925589836664,0.40490518905416156,0.5457028787560411,0.2518252691498577,0.4370679380214541,0.9655442443226312,0.4583245853453705,0.4931992903607333,0.697053153401267,0.4401975773256497,0.0
0.4297740363314133,0.42490925589836664,0.40490518905416156,0.5457028787560411,0.2518252691498577,0.4370679380214541,0.9655442443226312,0.4583245853453705,0.4931992903607333,0.10823464610300215,0.4013877455015876,0.9999999999999998
0.4297740363314133,0.42490925589836664,0.40490518905416156,0.5457028787560411,0.2518252691498577,0.4370679380214541,0.9817280083529103,0.0,1.0,0.0,0.9999999999999999,0.3100358422939067
0.4297740363314133,0.42490925589836664,0.40490518905416156,0.5457028787560411,0.2518252691498577,0.4370679380214541,0.9817280083529103,0.0,1.0,1.0000000000000002,0.0,0.29091995221027456
0.4297740363314133,0.42490925589836664,0.40490518905416156,0.5457028787560411,0.2518252691498577,0.4370679380214541,0.9817280083529103,0.0,1.0,0.697053153401267,0.4401975773256497,0.0
0.4297740363314133,0.42490925589836664,0.40490518905416156,0.5457028787560411,0.2518252691498577,0.4370679380214541,0.9817280083529103,0.0,1.0,0.10823464610300215,0.4013877455015876,0.9999999999999998
0.4297740363314133,0.42490925589836664,0.40490518905416156,0.29491489808783355,1.0,0.7398092967818832,0.07099973897154789,0.975015746378333,0.15533215060122219,0.0,0.9999999999999999,0.3100358422939067
0.4297740363314133,0.42490925589836664,0.40490518905416156,0.29491489808783355,1.0,0.7398092967818832,0.07099973897154789,0.975015746378333,0.15533215060122219,1.0000000000000002,0.0,0.29091995221027456
0.4297740363314133,0.42490925589836664,0.40490518905416156,0.29491489808783355,1.0,0.7398092967818832,0.07099973897154789,0.975015746378333,0.15533215060122219,0.697053153401267,0.4401975773256497,0.0
0.4297740363314133,0.42490925589836664,0.40490518905416156,0.29491489808783355,1.0,0.7398092967818832,0.07099973897154789,0.975015746378333,0.15533215060122219,0.10823464610300215,0.4013877455015876,0.9999999999999998
0.4297740363314133,0.42490925589836664,0.40490518905416156,0.29491489808783355,1.0,0.7398092967818832,0.0,0.4611589334453075,0.0,0.0,0.9999999999999999,0.3100358422939067
0.4297740363314133,0.42490925589836664,0.40490518905416156,0.29491489808783355,1.0,0.7398092967818832,0.0,0.4611589334453075,0.0,1.0000000000000002,0.0,0.29091995221027456
0.4297740363314133,0.42490925589836664,0.40490518905416156,0.29491489808783355,1.0,0.7398092967818832,0.0,0.4611589334453075,0.0,0.697053153401267,0.4401975773256497,0.0
0.4297740363314133,0.42490925589836664,0.40490518905416156,0.29491489808783355,1.0,0.7398092967818832,0.0,0.4611589334453075,0.0,0.10823464610300215,0.4013877455015876,0.9999999999999998
0.4297740363314133,0.42490925589836664,0.40490518905416156,0.29491489808783355,1.0,0.7398092967818832,1.0,1.0,0.5901833234772325,0.0,0.9999999999999999,0.3100358422939067
0.4297740363314133,0.42490925589836664,0.40490518905416156,0.29491489808783355,1.0,0.7398092967818832,1.0,1.0,0.5901833234772325,1.0000000000000002,0.0,0.29091995221027456
0.4297740363314133,0.42490925589836664,0.40490518905416156,0.29491489808783355,1.0,0.7398092967818832,1.0,1.0,0.5901833234772325,0.697053153401267,0.4401975773256497,0.0
0.4297740363314133,0.42490925589836664,0.40490518905416156,0.29491489808783355,1.0,0.7398092967818832,1.0,1.0,0.5901833234772325,0.10823464610300215,0.4013877455015876,0.9999999999999998
0.4297740363314133,0.42490925589836664,0.40490518905416156,0.29491489808783355,1.0,0.7398092967818832,0.10702166536152442,0.9070963678353978,0.7001774098166764,0.0,0.9999999999999999,0.3100358422939067
0.4297740363314133,0.42490925589836664,0.40490518905416156,0.29491489808783355,1.0,0.7398092967818832,0.10702166536152442,0.9070963678353978,0.7001774098166764,1.0000000000000002,0.0,0.29091995221027456
0.4297740363314133,0.42490925589836664,0.40490518905416156,0.29491489808783355,1.0,0.7398092967818832,0.10702166536152442,0.9070963678353978,0.7001774098166764,0.697053153401267,0.4401975773256497,0.0
0.4297740363314133,0.42490925589836664,0.40490518905416156,0.29491489808783355,1.0,0.7398092967818832,0.10702166536152442,0.9070963678353978,0.7001774098166764,0.10823464610300215,0.4013877455015876,0.9999999999999998
0.4297740363314133,0.42490925589836664,0.40490518905416156,0.29491489808783355,1.0,0.7398092967818832,0.3492560689115113,0.8275246693260551,0.2781391681450819,0.0,0.9999999999999999,0.3100358422939067
0.4297740363314133,0.42490925589836664,0.40490518905416156,0.29491489808783355,1.0,0.7398092967818832,0.3492560689115113,0.8275246693260551,0.2781391681450819,1.0000000000000002,0.0,0.29091995221027456
0.4297740363314133,0.42490925589836664,0.40490518905416156,0.29491489808783355,1.0,0.7398092967818832,0.3492560689115113,0.8275246693260551,0.2781391681450819,0.697053153401267,0.4401975773256497,0.0
0.4297740363314133,0.42490925589836664,0.40490518905416156,0.29491489808783355,1.0,0.7398092967818832,0.3492560689115113,0.8275246693260551,0.2781391681450819,0.10823464610300215,0.4013877455015876,0.9999999999999998
0.4297740363314133,0.42490925589836664,0.40490518905416156,0.29491489808783355,1.0,0.7398092967818832,0.1536152440616027,0.4086710056686962,0.3378671397595112,0.0,0.9999999999999999,0.3100358422939067
0.4297740363314133,0.42490925589836664,0.40490518905416156,0.29491489808783355,1.0,0.7398092967818832,0.1536152440616027,0.4086710056686962,0.3378671397595112,1.0000000000000002,0.0,0.29091995221027456
0.4297740363314133,0.42490925589836664,0.40490518905416156,0.29491489808783355,1.0,0.7398092967818832,0.1536152440616027,0.4086710056686962,0.3378671397595112,0.697053153401267,0.4401975773256497,0.0
0.4297740363314133,0.42490925589836664,0.40490518905416156,0.29491489808783355,1.0,0.7398092967818832,0.1536152440616027,0.4086710056686962,0.3378671397595112,0.10823464610300215,0.4013877455015876,0.9999999999999998
0.4297740363314133,0.42490925589836664,0.40490518905416156,0.29491489808783355,1.0,0.7398092967818832,0.9655442443226312,0.4583245853453705,0.4931992903607333,0.0,0.9999999999999999,0.3100358422939067
0.4297740363314133,0.42490925589836664,0.40490518905416156,0.29491489808783355,1.0,0.7398092967818832,0.9655442443226312,0.4583245853453705,0.4931992903607333,1.0000000000000002,0.0,0.29091995221027456
0.4297740363314133,0.42490925589836664,0.40490518905416156,0.29491489808783355,1.0,0.7398092967818832,0.9655442443226312,0.4583245853453705,0.4931992903607333,0.697053153401267,0.4401975773256497,0.0
0.4297740363314133,0.42490925589836664,0.40490518905416156,0.29491489808783355,1.0,0.7398092967818832,0.9655442443226312,0.4583245853453705,0.4931992903607333,0.10823464610300215,0.4013877455015876,0.9999999999999998
0.4297740363314133,0.42490925589836664,0.40490518905416156,0.29491489808783355,1.0,0.7398092967818832,0.9817280083529103,0.0,1.0,0.0,0.9999999999999999,0.3100358422939067
0.4297740363314133,0.42490925589836664,0.40490518905416156,0.29491489808783355,1.0,0.7398092967818832,0.9817280083529103,0.0,1.0,1.0000000000000002,0.0,0.29091995221027456
0.4297740363314133,0.42490925589836664,0.40490518905416156,0.29491489808783355,1.0,0.7398092967818832,0.9817280083529103,0.0,1.0,0.697053153401267,0.4401975773256497,0.0
0.4297740363314133,0.42490925589836664,0.40490518905416156,0.29491489808783355,1.0,0.7398092967818832,0.9817280083529103,0.0,1.0,0.10823464610300215,0.4013877455015876,0.9999999999999998
0.1285999113867966,0.8686479128856625,0.0,0.28272746375288926,0.0,0.6898688915375446,0.07099973897154789,0.975015746378333,0.15533215060122219,0.0,0.9999999999999999,0.3100358422939067
0.1285999113867966,0.8686479128856625,0.0,0.28272746375288926,0.0,0.6898688915375446,0.07099973897154789,0.975015746378333,0.15533215060122219,1.0000000000000002,0.0,0.29091995221027456
0.1285999113867966,0.8686479128856625,0.0,0.28272746375288926,0.0,0.6898688915375446,0.07099973897154789,0.975015746378333,0.15533215060122219,0.697053153401267,0.4401975773256497,0.0
0.1285999113867966,0.8686479128856625,0.0,0.28272746375288926,0.0,0.6898688915375446,0.07099973897154789,0.975015746378333,0.15533215060122219,0.10823464610300215,0.4013877455015876,0.9999999999999998
0.1285999113867966,0.8686479128856625,0.0,0.28272746375288926,0.0,0.6898688915375446,0.0,0.4611589334453075,0.0,0.0,0.9999999999999999,0.3100358422939067
0.1285999113867966,0.8686479128856625,0.0,0.28272746375288926,0.0,0.6898688915375446,0.0,0.4611589334453075,0.0,1.0000000000000002,0.0,0.29091995221027456
0.1285999113867966,0.8686479128856625,0.0,0.28272746375288926,0.0,0.6898688915375446,0.0,0.4611589334453075,0.0,0.697053153401267,0.4401975773256497,0.0
0.1285999113867966,0.8686479128856625,0.0,0.28272746375288926,0.0,0.6898688915375446,0.0,0.4611589334453075,0.0,0.10823464610300215,0.4013877455015876,0.9999999999999998
0.1285999113867966,0.8686479128856625,0.0,0.28272746375288926,0.0,0.6898688915375446,1.0,1.0,0.5901833234772325,0.0,0.9999999999999999,0.3100358422939067
0.1285999113867966,0.8686479128856625,0.0,0.28272746375288926,0.0,0.6898688915375446,1.0,1.0,0.5901833234772325,1.0000000000000002,0.0,0.29091995221027456
0.1285999113867966,0.8686479128856625,0.0,0.28272746375288926,0.0,0.6898688915375446,1.0,1.0,0.5901833234772325,0.697053153401267,0.4401975773256497,0.0
0.1285999113867966,0.8686479128856625,0.0,0.28272746375288926,0.0,0.6898688915375446,1.0,1.0,0.5901833234772325,0.10823464610300215,0.4013877455015876,0.9999999999999998
0.1285999113867966,0.8686479128856625,0.0,0.28272746375288926,0.0,0.6898688915375446,0.10702166536152442,0.9070963678353978,0.7001774098166764,0.0,0.9999999999999999,0.3100358422939067
0.1285999113867966,0.8686479128856625,0.0,0.28272746375288926,0.0,0.6898688915375446,0.10702166536152442,0.9070963678353978,0.7001774098166764,1.0000000000000002,0.0,0.29091995221027456
0.1285999113867966,0.8686479128856625,0.0,0.28272746375288926,0.0,0.6898688915375446,0.10702166536152442,0.9070963678353978,0.7001774098166764,0.697053153401267,0.4401975773256497,0.0
0.1285999113867966,0.8686479128856625,0.0,0.28272746375288926,0.0,0.6898688915375446,0.10702166536152442,0.9070963678353978,0.7001774098166764,0.10823464610300215,0.4013877455015876,0.9999999999999998
0.1285999113867966,0.8686479128856625,0.0,0.28272746375288926,0.0,0.6898688915375446,0.3492560689115113,0.8275246693260551,0.2781391681450819,0.0,0.9999999999999999,0.3100358422939067
0.1285999113867966,0.8686479128856625,0.0,0.28272746375288926,0.0,0.6898688915375446,0.3492560689115113,0.8275246693260551,0.2781391681450819,1.0000000000000002,0.0,0.29091995221027456
0.1285999113867966,0.8686479128856625,0.0,0.28272746375288926,0.0,0.6898688915375446,0.3492560689115113,0.8275246693260551,0.2781391681450819,0.697053153401267,0.4401975773256497,0.0
0.1285999113867966,0.8686479128856625,0.0,0.28272746375288926,0.0,0.6898688915375446,0.3492560689115113,0.8275246693260551,0.2781391681450819,0.10823464610300215,0.4013877455015876,0.9999999999999998
0.1285999113867966,0.8686479128856625,0.0,0.28272746375288926,0.0,0.6898688915375446,0.1536152440616027,0.4086710056686962,0.3378671397595112,0.0,0.9999999999999999,0.3100358422939067
0.1285999113867966,0.8686479128856625,0.0,0.28272746375288926,0.0,0.6898688915375446,0.1536152440616027,0.4086710056686962,0.3378671397595112,1.0000000000000002,0.0,0.29091995221027456
0.1285999113867966,0.8686479128856625,0.0,0.28272746375288926,0.0,0.6898688915375446,0.1536152440616027,0.4086710056686962,0.3378671397595112,0.697053153401267,0.4401975773256497,0.0
0.1285999113867966,0.8686479128856625,0.0,0.28272746375288926,0.0,0.6898688915375446,0.1536152440616027,0.4086710056686962,0.3378671397595112,0.10823464610300215,0.4013877455015876,0.9999999999999998
0.1285999113867966,0.8686479128856625,0.0,0.28272746375288926,0.0,0.6898688915375446,0.9655442443226312,0.4583245853453705,0.4931992903607333,0.0,0.9999999999999999,0.3100358422939067
0.1285999113867966,0.8686479128856625,0.0,0.28272746375288926,0.0,0.6898688915375446,0.9655442443226312,0.4583245853453705,0.4931992903607333,1.0000000000000002,0.0,0.29091995221027456
0.1285999113867966,0.8686479128856625,0.0,0.28272746375288926,0.0,0.6898688915375446,0.9655442443226312,0.4583245853453705,0.4931992903607333,0.697053153401267,0.4401975773256497,0.0
0.1285999113867966,0.8686479128856625,0.0,0.28272746375288926,0.0,0.6898688915375446,0.9655442443226312,0.4583245853453705,0.4931992903607333,0.10823464610300215,0.4013877455015876,0.9999999999999998
0.1285999113867966,0.8686479128856625,0.0,0.28272746375288926,0.0,0.6898688915375446,0.9817280083529103,0.0,1.0,0.0,0.9999999999999999,0.3100358422939067
0.1285999113867966,0.8686479128856625,0.0,0.28272746375288926,0.0,0.6898688915375446,0.9817280083529103,0.0,1.0,1.0000000000000002,0.0,0.29091995221027456
0.1285999113867966,0.8686479128856625,0.0,0.28272746375288926,0.0,0.6898688915375446,0.9817280083529103,0.0,1.0,0.697053153401267,0.4401975773256497,0.0
0.1285999113867966,0.8686479128856625,0.0,0.28272746375288926,0.0,0.6898688915375446,0.9817280083529103,0.0,1.0,0.10823464610300215,0.4013877455015876,0.9999999999999998
0.1285999113867966,0.8686479128856625,0.0,0.30731246060096656,0.7355525306273976,0.20715137067938016,0.07099973897154789,0.975015746378333,0.15533215060122219,0.0,0.9999999999999999,0.3100358422939067
0.1285999113867966,0.8686479128856625,0.0,0.30731246060096656,0.7355525306273976,0.20715137067938016,0.07099973897154789,0.975015746378333,0.15533215060122219,1.0000000000000002,0.0,0.29091995221027456
0.1285999113867966,0.8686479128856625,0.0,0.30731246060096656,0.7355525306273976,0.20715137067938016,0.07099973897154789,0.975015746378333,0.15533215060122219,0.697053153401267,0.4401975773256497,0.0
0.1285999113867966,0.8686479128856625,0.0,0.30731246060096656,0.7355525306273976,0.20715137067938016,0.07099973897154789,0.975015746378333,0.15533215060122219,0.10823464610300215,0.4013877455015876,0.9999999999999998
0.1285999113867966,0.8686479128856625,0.0,0.30731246060096656,0.7355525306273976,0.20715137067938016,0.0,0.4611589334453075,0.0,0.0,0.9999999999999999,0.3100358422939067
0.1285999113867966,0.8686479128856625,0.0,0.30731246060096656,0.7355525306273976,0.20715137067938016,0.0,0.4611589334453075,0.0,1.0000000000000002,0.0,0.29091995221027456
0.1285999113867966,0.8686479128856625,0.0,0.30731246060096656,0.7355525306273976,0.20715137067938016,0.0,0.4611589334453075,0.0,0.697053153401267,0.4401975773256497,0.0
0.1285999113867966,0.8686479128856625,0.0,0.30731246060096656,0.7355525306273976,0.20715137067938016,0.0,0.4611589334453075,0.0,0.10823464610300215,0.4013877455015876,0.9999999999999998
0.1285999113867966,0.8686479128856625,0.0,0.30731246060096656,0.7355525306273976,0.20715137067938016,1.0,1.0,0.5901833234772325,0.0,0.9999999999999999,0.3100358422939067
0.1285999113867966,0.8686479128856625,0.0,0.30731246060096656,0.7355525306273976,0.20715137067938016,1.0,1.0,0.5901833234772325,1.0000000000000002,0.0,0.29091995221027456
0.1285999113867966,0.8686479128856625,0.0,0.30731246060096656,0.7355525306273976,0.20715137067938016,1.0,1.0,0.5901833234772325,0.697053153401267,0.4401975773256497,0.0
0.1285999113867966,0.8686479128856625,0.0,0.30731246060096656,0.7355525306273976,0.20715137067938016,1.0,1.0,0.5901833234772325,0.10823464610300215,0.4013877455015876,0.9999999999999998
0.1285999113867966,0.8686479128856625,0.0,0.30731246060096656,0.7355525306273976,0.20715137067938016,0.10702166536152442,0.9070963678353978,0.7001774098166764,0.0,0.9999999999999999,0.3100358422939067
0.1285999113867966,0.8686479128856625,0.0,0.30731246060096656,0.7355525306273976,0.20715137067938016,0.10702166536152442,0.9070963678353978,0.7001774098166764,1.0000000000000002,0.0,0.29091995221027456
0.1285999113867966,0.8686479128856625,0.0,0.30731246060096656,0.7355525306273976,0.20715137067938016,0.10702166536152442,0.9070963678353978,0.7001774098166764,0.697053153401267,0.4401975773256497,0.0
0.1285999113867966,0.8686479128856625,0.0,0.30731246060096656,0.7355525306273976,0.20715137067938016,0.10702166536152442,0.9070963678353978,0.7001774098166764,0.10823464610300215,0.4013877455015876,0.9999999999999998
0.1285999113867966,0.8686479128856625,0.0,0.30731246060096656,0.7355525306273976,0.20715137067938016,0.3492560689115113,0.8275246693260551,0.2781391681450819,0.0,0.9999999999999999,0.3100358422939067
0.1285999113867966,0.8686479128856625,0.0,0.30731246060096656,0.7355525306273976,0.20715137067938016,0.3492560689115113,0.8275246693260551,0.2781391681450819,1.0000000000000002,0.0,0.29091995221027456
0.1285999113867966,0.8686479128856625,0.0,0.30731246060096656,0.7355525306273976,0.20715137067938016,0.3492560689115113,0.8275246693260551,0.2781391681450819,0.697053153401267,0.4401975773256497,0.0
0.1285999113867966,0.8686479128856625,0.0,0.30731246060096656,0.7355525306273976,0.20715137067938016,0.3492560689115113,0.8275246693260551,0.2781391681450819,0.10823464610300215,0.4013877455015876,0.9999999999999998
0.1285999113867966,0.8686479128856625,0.0,0.30731246060096656,0.7355525306273976,0.20715137067938016,0.1536152440616027,0.4086710056686962,0.3378671397595112,0.0,0.9999999999999999,0.3100358422939067
0.1285999113867966,0.8686479128856625,0.0,0.30731246060096656,0.7355525306273976,0.20715137067938016,0.1536152440616027,0.4086710056686962,0.3378671397595112,1.0000000000000002,0.0,0.29091995221027456
0.1285999113867966,0.8686479128856625,0.0,0.30731246060096656,0.7355525306273976,0.20715137067938016,0.1536152440616027,0.4086710056686962,0.3378671397595112,0.697053153401267,0.4401975773256497,0.0
0.1285999113867966,0.8686479128856625,0.0,0.30731246060096656,0.7355525306273976,0.20715137067938016,0.1536152440616027,0.4086710056686962,0.3378671397595112,0.10823464610300215,0.4013877455015876,0.9999999999999998
0.1285999113867966,0.8686479128856625,0.0,0.30731246060096656,0.7355525306273976,0.20715137067938016,0.9655442443226312,0.4583245853453705,0.4931992903607333,0.0,0.9999999999999999,0.3100358422939067
0.1285999113867966,0.8686479128856625,0.0,0.30731246060096656,0.7355525306273976,0.20715137067938016,0.9655442443226312,0.4583245853453705,0.4931992903607333,1.0000000000000002,0.0,0.29091995221027456
0.1285999113867966,0.8686479128856625,0.0,0.30731246060096656,0.7355525306273976,0.20715137067938016,0.9655442443226312,0.4583245853453705,0.4931992903607333,0.697053153401267,0.4401975773256497,0.0
0.1285999113867966,0.8686479128856625,0.0,0.30731246060096656,0.7355525306273976,0.20715137067938016,0.9655442443226312,0.4583245853453705,0.4931992903607333,0.10823464610300215,0.4013877455015876,0.9999999999999998
0.1285999113867966,0.8686479128856625,0.0,0.30731246060096656,0.7355525306273976,0.20715137067938016,0.9817280083529103,0.0,1.0,0.0,0.9999999999999999,0.3100358422939067
0.1285999113867966,0.8686479128856625,0.0,0.30731246060096656,0.7355525306273976,0.20715137067938016,0.9817280083529103,0.0,1.0,1.0000000000000002,0.0,0.29091995221027456
0.1285999113867966,0.8686479128856625,0.0,0.30731246060096656,0.7355525306273976,0.20715137067938016,0.9817280083529103,0.0,1.0,0.697053153401267,0.4401975773256497,0.0
0.1285999113867966,0.8686479128856625,0.0,0.30731246060096656,0.7355525306273976,0.20715137067938016,0.9817280083529103,0.0,1.0,0.10823464610300215,0.4013877455015876,0.9999999999999998
0.1285999113867966,0.8686479128856625,0.0,0.7482664425299431,0.3349832941467641,0.8704410011918953,0.07099973897154789,0.975015746378333,0.15533215060122219,0.0,0.9999999999999999,0.3100358422939067
0.1285999113867966,0.8686479128856625,0.0,0.7482664425299431,0.3349832941467641,0.8704410011918953,0.07099973897154789,0.975015746378333,0.15533215060122219,1.0000000000000002,0.0,0.29091995221027456
0.1285999113867966,0.8686479128856625,0.0,0.7482664425299431,0.3349832941467641,0.8704410011918953,0.07099973897154789,0.975015746378333,0.15533215060122219,0.697053153401267,0.4401975773256497,0.0
0.1285999113867966,0.8686479128856625,0.0,0.7482664425299431,0.3349832941467641,0.8704410011918953,0.07099973897154789,0.975015746378333,0.15533215060122219,0.10823464610300215,0.4013877455015876,0.9999999999999998
0.1285999113867966,0.8686479128856625,0.0,0.7482664425299431,0.3349832941467641,0.8704410011918953,0.0,0.4611589334453075,0.0,0.0,0.9999999999999999,0.3100358422939067
0.1285999113867966,0.8686479128856625,0.0,0.7482664425299431,0.3349832941467641,0.8704410011918953,0.0,0.4611589334453075,0.0,1.0000000000000002,0.0,0.29091995221027456
0.1285999113867966,0.8686479128856625,0.0,0.7482664425299431,0.3349832941467641,0.8704410011918953,0.0,0.4611589334453075,0.0,0.697053153401267,0.4401975773256497,0.0
0.1285999113867966,0.8686479128856625,0.0,0.7482664425299431,0.3349832941467641,0.8704410011918953,0.0,0.4611589334453075,0.0,0.10823464610300215,0.4013877455015876,0.9999999999999998
0.1285999113867966,0.8686479128856625,0.0,0.7482664425299431,0.3349832941467641,0.8704410011918953,1.0,1.0,0.5901833234772325,0.0,0.9999999999999999,0.3100358422939067
0.1285999113867966,0.8686479128856625,0.0,0.7482664425299431,0.3349832941467641,0.8704410011918953,1.0,1.0,0.5901833234772325,1.0000000000000002,0.0,0.29091995221027456
0.1285999113867966,0.8686479128856625,0.0,0.7482664425299431,0.3349832941467641,0.8704410011918953,1.0,1.0,0.5901833234772325,0.697053153401267,0.4401975773256497,0.0
0.1285999113867966,0.8686479128856625,0.0,0.7482664425299431,0.3349832941467641,0.8704410011918953,1.0,1.0,0.5901833234772325,0.10823464610300215,0.4013877455015876,0.9999999999999998
0.1285999113867966,0.8686479128856625,0.0,0.7482664425299431,0.3349832941467641,0.8704410011918953,0.10702166536152442,0.9070963678353978,0.7001774098166764,0.0,0.9999999999999999,0.3100358422939067
0.1285999113867966,0.8686479128856625,0.0,0.7482664425299431,0.3349832941467641,0.8704410011918953,0.10702166536152442,0.9070963678353978,0.7001774098166764,1.0000000000000002,0.0,0.29091995221027456
0.1285999113867966,0.8686479128856625,0.0,0.7482664425299431,0.3349832941467641,0.8704410011918953,0.10702166536152442,0.9070963678353978,0.7001774098166764,0.697053153401267,0.4401975773256497,0.0
0.1285999113867966,0.8686479128856625,0.0,0.7482664425299431,0.3349832941467641,0.8704410011918953,0.10702166536152442,0.9070963678353978,0.7001774098166764,0.10823464610300215,0.4013877455015876,0.9999999999999998
0.1285999113867966,0.8686479128856625,0.0,0.7482664425299431,0.3349832941467641,0.8704410011918953,0.3492560689115113,0.8275246693260551,0.2781391681450819,0.0,0.9999999999999999,0.3100358422939067
0.1285999113867966,0.8686479128856625,0.0,0.7482664425299431,0.3349832941467641,0.8704410011918953,0.3492560689115113,0.8275246693260551,0.2781391681450819,1.0000000000000002,0.0,0.29091995221027456
0.1285999113867966,0.8686479128856625,0.0,0.7482664425299431,0.3349832941467641,0.8704410011918953,0.3492560689115113,0.8275246693260551,0.2781391681450819,0.697053153401267,0.4401975773256497,0.0
0.1285999113867966,0.8686479128856625,0.0,0.7482664425299431,0.3349832941467641,0.8704410011918953,0.3492560689115113,0.8275246693260551,0.2781391681450819,0.10823464610300215,0.4013877455015876,0.9999999999999998
0.1285999113867966,0.8686479128856625,0.0,0.7482664425299431,0.3349832941467641,0.8704410011918953,0.1536152440616027,0.4086710056686962,0.3378671397595112,0.0,0.9999999999999999,0.3100358422939067
0.1285999113867966,0.8686479128856625,0.0,0.7482664425299431,0.3349832941467641,0.8704410011918953,0.1536152440616027,0.4086710056686962,0.3378671397595112,1.0000000000000002,0.0,0.29091995221027456
0.1285999113867966,0.8686479128856625,0.0,0.7482664425299431,0.3349832941467641,0.8704410011918953,0.1536152440616027,0.4086710056686962,0.3378671397595112,0.697053153401267,0.4401975773256497,0.0
0.1285999113867966,0.8686479128856625,0.0,0.7482664425299431,0.3349832941467641,0.8704410011918953,0.1536152440616027,0.4086710056686962,0.3378671397595112,0.10823464610300215,0.4013877455015876,0.9999999999999998
0.1285999113867966,0.8686479128856625,0.0,0.7482664425299431,0.3349832941467641,0.8704410011918953,0.9655442443226312,0.4583245853453705,0.4931992903607333,0.0,0.9999999999999999,0.3100358422939067
0.1285999113867966,0.8686479128856625,0.0,0.7482664425299431,0.3349832941467641,0.8704410011918953,0.9655442443226312,0.4583245853453705,0.4931992903607333,1.0000000000000002,0.0,0.29091995221027456
0.1285999113867966,0.8686479128856625,0.0,0.7482664425299431,0.3349832941467641,0.8704410011918953,0.9655442443226312,0.4583245853453705,0.4931992903607333,0.697053153401267,0.4401975773256497,0.0
0.1285999113867966,0.8686479128856625,0.0,0.7482664425299431,0.3349832941467641,0.8704410011918953,0.9655442443226312,0.4583245853453705,0.4931992903607333,0.10823464610300215,0.4013877455015876,0.9999999999999998
0.1285999113867966,0.8686479128856625,0.0,0.7482664425299431,0.3349832941467641,0.8704410011918953,0.9817280083529103,0.0,1.0,0.0,0.9999999999999999,0.3100358422939067
0.1285999113867966,0.8686479128856625,0.0,0.7482664425299431,0.3349832941467641,0.8704410011918953,0.9817280083529103,0.0,1.0,1.0000000000000002,0.0,0.29091995221027456
0.1285999113867966,0.8686479128856625,0.0,0.7482664425299431,0.3349832941467641,0.8704410011918953,0.9817280083529103,0.0,1.0,0.697053153401267,0.4401975773256497,0.0
0.1285999113867966,0.8686479128856625,0.0,0.7482664425299431,0.3349832941467641,0.8704410011918953,0.9817280083529103,0.0,1.0,0.10823464610300215,0.4013877455015876,0.9999999999999998
0.1285999113867966,0.8686479128856625,0.0,0.0,0.8396238089345379,0.6827175208581644,0.07099973897154789,0.975015746378333,0.15533215060122219,0.0,0.9999999999999999,0.3100358422939067
0.1285999113867966,0.8686479128856625,0.0,0.0,0.8396238089345379,0.6827175208581644,0.07099973897154789,0.975015746378333,0.15533215060122219,1.0000000000000002,0.0,0.29091995221027456
0.1285999113867966,0.8686479128856625,0.0,0.0,0.8396238089345379,0.6827175208581644,0.07099973897154789,0.975015746378333,0.15533215060122219,0.697053153401267,0.4401975773256497,0.0
0.1285999113867966,0.8686479128856625,0.0,0.0,0.8396238089345379,0.6827175208581644,0.07099973897154789,0.975015746378333,0.15533215060122219,0.10823464610300215,0.4013877455015876,0.9999999999999998
0.1285999113867966,0.8686479128856625,0.0,0.0,0.8396238089345379,0.6827175208581644,0.0,0.4611589334453075,0.0,0.0,0.9999999999999999,0.3100358422939067
0.1285999113867966,0.8686479128856625,0.0,0.0,0.8396238089345379,0.6827175208581644,0.0,0.4611589334453075,0.0,1.0000000000000002,0.0,0.29091995221027456
0.1285999113867966,0.8686479128856625,0.0,0.0,0.8396238089345379,0.6827175208581644,0.0,0.4611589334453075,0.0,0.697053153401267,0.4401975773256497,0.0
0.1285999113867966,0.8686479128856625,0.0,0.0,0.8396238089345379,0.6827175208581644,0.0,0.4611589334453075,0.0,0.10823464610300215,0.4013877455015876,0.9999999999999998
0.1285999113867966,0.8686479128856625,0.0,0.0,0.8396238089345379,0.6827175208581644,1.0,1.0,0.5901833234772325,0.0,0.9999999999999999,0.3100358422939067
0.1285999113867966,0.8686479128856625,0.0,0.0,0.8396238089345379,0.6827175208581644,1.0,1.0,0.5901833234772325,1.0000000000000002,0.0,0.29091995221027456
0.1285999113867966,0.8686479128856625,0.0,0.0,0.8396238089345379,0.6827175208581644,1.0,1.0,0.5901833234772325,0.697053153401267,0.4401975773256497,0.0
0.1285999113867966,0.8686479128856625,0.0,0.0,0.8396238089345379,0.6827175208581644,1.0,1.0,0.5901833234772325,0.10823464610300215,0.4013877455015876,0.9999999999999998
0.1285999113867966,0.8686479128856625,0.0,0.0,0.8396238089345379,0.6827175208581644,0.10702166536152442,0.9070963678353978,0.7001774098166764,0.0,0.9999999999999999,0.3100358422939067
0.1285999113867966,0.8686479128856625,0.0,0.0,0.8396238089345379,0.6827175208581644,0.10702166536152442,0.9070963678353978,0.7001774098166764,1.0000000000000002,0.0,0.29091995221027456
0.1285999113867966,0.8686479128856625,0.0,0.0,0.8396238089345379,0.6827175208581644,0.10702166536152442,0.9070963678353978,0.7001774098166764,0.697053153401267,0.4401975773256497,0.0
0.1285999113867966,0.8686479128856625,0.0,0.0,0.8396238089345379,0.6827175208581644,0.10702166536152442,0.9070963678353978,0.7001774098166764,0.10823464610300215,0.4013877455015876,0.9999999999999998
0.1285999113867966,0.8686479128856625,0.0,0.0,0.8396238089345379,0.6827175208581644,0.3492560689115113,0.8275246693260551,0.2781391681450819,0.0,0.9999999999999999,0.3100358422939067
0.1285999113867966,0.8686479128856625,0.0,0.0,0.8396238089345379,0.6827175208581644,0.3492560689115113,0.8275246693260551,0.2781391681450819,1.0000000000000002,0.0,0.29091995221027456
0.1285999113867966,0.8686479128856625,0.0,0.0,0.8396238089345379,0.6827175208581644,0.3492560689115113,0.8275246693260551,0.2781391681450819,0.697053153401267,0.4401975773256497,0.0
0.1285999113867966,0.8686479128856625,0.0,0.0,0.8396238089345379,0.6827175208581644,0.3492560689115113,0.8275246693260551,0.2781391681450819,0.10823464610300215,0.4013877455015876,0.9999999999999998
0.1285999113867966,0.8686479128856625,0.0,0.0,0.8396238089345379,0.6827175208581644,0.1536152440616027,0.4086710056686962,0.3378671397595112,0.0,0.9999999999999999,0.3100358422939067
0.1285999113867966,0.8686479128856625,0.0,0.0,0.8396238089345379,0.6827175208581644,0.1536152440616027,0.4086710056686962,0.3378671397595112,1.0000000000000002,0.0,0.29091995221027456
0.1285999113867966,0.8686479128856625,0.0,0.0,0.8396238089345379,0.6827175208581644,0.1536152440616027,0.4086710056686962,0.3378671397595112,0.697053153401267,0.4401975773256497,0.0
0.1285999113867966,0.8686479128856625,0.0,0.0,0.8396238089345379,0.6827175208581644,0.1536152440616027,0.4086710056686962,0.3378671397595112,0.10823464610300215,0.4013877455015876,0.9999999999999998
0.1285999113867966,0.8686479128856625,0.0,0.0,0.8396238089345379,0.6827175208581644,0.9655442443226312,0.4583245853453705,0.4931992903607333,0.0,0.9999999999999999,0.3100358422939067
0.1285999113867966,0.8686479128856625,0.0,0.0,0.8396238089345379,0.6827175208581644,0.9655442443226312,0.4583245853453705,0.4931992903607333,1.0000000000000002,0.0,0.29091995221027456
0.1285999113867966,0.8686479128856625,0.0,0.0,0.8396238089345379,0.6827175208581644,0.9655442443226312,0.4583245853453705,0.4931992903607333,0.697053153401267,0.4401975773256497,0.0
0.1285999113867966,0.8686479128856625,0.0,0.0,0.8396238089345379,0.6827175208581644,0.9655442443226312,0.4583245853453705,0.4931992903607333,0.10823464610300215,0.4013877455015876,0.9999999999999998
0.1285999113867966,0.8686479128856625,0.0,0.0,0.8396238089345379,0.6827175208581644,0.9817280083529103,0.0,1.0,0.0,0.9999999999999999,0.3100358422939067
0.1285999113867966,0.8686479128856625,0.0,0.0,0.8396238089345379,0.6827175208581644,0.9817280083529103,0.0,1.0,1.0000000000000002,0.0,0.29091995221027456
0.1285999113867966,0.8686479128856625,0.0,0.0,0.8396238089345379,0.6827175208581644,0.9817280083529103,0.0,1.0,0.697053153401267,0.4401975773256497,0.0
0.1285999113867966,0.8686479128856625,0.0,0.0,0.8396238089345379,0.6827175208581644,0.9817280083529103,0.0,1.0,0.10823464610300215,0.4013877455015876,0.9999999999999998
0.1285999113867966,0.8686479128856625,0.0,0.9180500105064089,0.057294889246380404,0.9804529201430274,0.07099973897154789,0.975015746378333,0.15533215060122219,0.0,0.9999999999999999,0.3100358422939067
0.1285999113867966,0.8686479128856625,0.0,0.9180500105064089,0.057294889246380404,0.9804529201430274,0.07099973897154789,0.975015746378333,0.15533215060122219,1.0000000000000002,0.0,0.29091995221027456
0.1285999113867966,0.8686479128856625,0.0,0.9180500105064089,0.057294889246380404,0.9804529201430274,0.07099973897154789,0.975015746378333,0.15533215060122219,0.697053153401267,0.4401975773256497,0.0
0.1285999113867966,0.8686479128856625,0.0,0.9180500105064089,0.057294889246380404,0.9804529201430274,0.07099973897154789,0.975015746378333,0.15533215060122219,0.10823464610300215,0.4013877455015876,0.9999999999999998
0.1285999113867966,0.8686479128856625,0.0,0.9180500105064089,0.057294889246380404,0.9804529201430274,0.0,0.4611589334453075,0.0,0.0,0.9999999999999999,0.3100358422939067
0.1285999113867966,0.8686479128856625,0.0,0.9180500105064089,0.057294889246380404,0.9804529201430274,0.0,0.4611589334453075,0.0,1.0000000000000002,0.0,0.29091995221027456
0.1285999113867966,0.8686479128856625,0.0,0.9180500105064089,0.057294889246380404,0.9804529201430274,0.0,0.4611589334453075,0.0,0.697053153401267,0.4401975773256497,0.0
0.1285999113867966,0.8686479128856625,0.0,0.9180500105064089,0.057294889246380404,0.9804529201430274,0.0,0.4611589334453075,0.0,0.10823464610300215,0.4013877455015876,0.9999999999999998
0.1285999113867966,0.8686479128856625,0.0,0.9180500105064089,0.057294889246380404,0.9804529201430274,1.0,1.0,0.5901833234772325,0.0,0.9999999999999999,0.3100358422939067
0.1285999113867966,0.8686479128856625,0.0,0.9180500105064089,0.057294889246380404,0.9804529201430274,1.0,1.0,0.5901833234772325,1.0000000000000002,0.0,0.29091995221027456
0.1285999113867966,0.8686479128856625,0.0,0.9180500105064089,0.057294889246380404,0.9804529201430274,1.0,1.0,0.5901833234772325,0.697053153401267,0.4401975773256497,0.0
0.1285999113867966,0.8686479128856625,0.0,0.9180500105064089,0.057294889246380404,0.9804529201430274,1.0,1.0,0.5901833234772325,0.10823464610300215,0.4013877455015876,0.9999999999999998
0.1285999113867966,0.8686479128856625,0.0,0.9180500105064089,0.057294889246380404,0.9804529201430274,0.10702166536152442,0.9070963678353978,0.7001774098166764,0.0,0.9999999999999999,0.3100358422939067
0.1285999113867966,0.8686479128856625,0.0,0.9180500105064089,0.057294889246380404,0.9804529201430274,0.10702166536152442,0.9070963678353978,0.7001774098166764,1.0000000000000002,0.0,0.29091995221027456
0.1285999113867966,0.8686479128856625,0.0,0.9180500105064089,0.057294889246380404,0.9804529201430274,0.10702166536152442,0.9070963678353978,0.7001774098166764,0.697053153401267,0.4401975773256497,0.0
0.1285999113867966,0.8686479128856625,0.0,0.9180500105064089,0.057294889246380404,0.9804529201430274,0.10702166536152442,0.9070963678353978,0.7001774098166764,0.10823464610300215,0.4013877455015876,0.9999999999999998
0.1285999113867966,0.8686479128856625,0.0,0.9180500105064089,0.057294889246380404,0.9804529201430274,0.3492560689115113,0.8275246693260551,0.2781391681450819,0.0,0.9999999999999999,0.3100358422939067
0.1285999113867966,0.8686479128856625,0.0,0.9180500105064089,0.057294889246380404,0.9804529201430274,0.3492560689115113,0.8275246693260551,0.2781391681450819,1.0000000000000002,0.0,0.29091995221027456
0.1285999113867966,0.8686479128856625,0.0,0.9180500105064089,0.057294889246380404,0.9804529201430274,0.3492560689115113,0.8275246693260551,0.2781391681450819,0.697053153401267,0.4401975773256497,0.0
0.1285999113867966,0.8686479128856625,0.0,0.9180500105064089,0.057294889246380404,0.9804529201430274,0.3492560689115113,0.8275246693260551,0.2781391681450819,0.10823464610300215,0.4013877455015876,0.9999999999999998
0.1285999113867966,0.8686479128856625,0.0,0.9180500105064089,0.057294889246380404,0.9804529201430274,0.1536152440616027,0.4086710056686962,0.3378671397595112,0.0,0.9999999999999999,0.3100358422939067
0.1285999113867966,0.8686479128856625,0.0,0.9180500105064089,0.057294889246380404,0.9804529201430274,0.1536152440616027,0.4086710056686962,0.3378671397595112,1.0000000000000002,0.0,0.29091995221027456
0.1285999113867966,0.8686479128856625,0.0,0.9180500105064089,0.057294889246380404,0.9804529201430274,0.1536152440616027,0.4086710056686962,0.3378671397595112,0.697053153401267,0.4401975773256497,0.0
0.1285999113867966,0.8686479128856625,0.0,0.9180500105064089,0.057294889246380404,0.9804529201430274,0.1536152440616027,0.4086710056686962,0.3378671397595112,0.10823464610300215,0.4013877455015876,0.9999999999999998
0.1285999113867966,0.8686479128856625,0.0,0.9180500105064089,0.057294889246380404,0.9804529201430274,0.9655442443226312,0.4583245853453705,0.4931992903607333,0.0,0.9999999999999999,0.3100358422939067
0.1285999113867966,0.8686479128856625,0.0,0.9180500105064089,0.057294889246380404,0.9804529201430274,0.9655442443226312,0.4583245853453705,0.4931992903607333,1.0000000000000002,0.0,0.29091995221027456
0.1285999113867966,0.8686479128856625,0.0,0.9180500105064089,0.057294889246380404,0.9804529201430274,0.9655442443226312,0.4583245853453705,0.4931992903607333,0.697053153401267,0.4401975773256497,0.0
0.1285999113867966,0.8686479128856625,0.0,0.9180500105064089,0.057294889246380404,0.9804529201430274,0.9655442443226312,0.4583245853453705,0.4931992903607333,0.10823464610300215,0.4013877455015876,0.9999999999999998
0.1285999113867966,0.8686479128856625,0.0,0.9180500105064089,0.057294889246380404,0.9804529201430274,0.9817280083529103,0.0,1.0,0.0,0.9999999999999999,0.3100358422939067
0.1285999113867966,0.8686479128856625,0.0,0.9180500105064089,0.057294889246380404,0.9804529201430274,0.9817280083529103,0.0,1.0,1.0000000000000002,0.0,0.29091995221027456
0.1285999113867966,0.8686479128856625,0.0,0.9180500105064089,0.057294889246380404,0.9804529201430274,0.9817280083529103,0.0,1.0,0.697053153401267,0.4401975773256497,0.0
0.1285999113867966,0.8686479128856625,0.0,0.9180500105064089,0.057294889246380404,0.9804529201430274,0.9817280083529103,0.0,1.0,0.10823464610300215,0.4013877455015876,0.9999999999999998
0.1285999113867966,0.8686479128856625,0.0,0.9999999999999999,0.4271748545972034,1.0,0.07099973897154789,0.975015746378333,0.15533215060122219,0.0,0.9999999999999999,0.3100358422939067
0.1285999113867966,0.8686479128856625,0.0,0.9999999999999999,0.4271748545972034,1.0,0.07099973897154789,0.975015746378333,0.15533215060122219,1.0000000000000002,0.0,0.29091995221027456
0.1285999113867966,0.8686479128856625,0.0,0.9999999999999999,0.4271748545972034,1.0,0.07099973897154789,0.975015746378333,0.15533215060122219,0.697053153401267,0.4401975773256497,0.0
0.1285999113867966,0.8686479128856625,0.0,0.9999999999999999,0.4271748545972034,1.0,0.07099973897154789,0.975015746378333,0.15533215060122219,0.10823464610300215,0.4013877455015876,0.9999999999999998
0.1285999113867966,0.8686479128856625,0.0,0.9999999999999999,0.4271748545972034,1.0,0.0,0.4611589334453075,0.0,0.0,0.9999999999999999,0.3100358422939067
0.1285999113867966,0.8686479128856625,0.0,0.9999999999999999,0.4271748545972034,1.0,0.0,0.4611589334453075,0.0,1.0000000000000002,0.0,0.29091995221027456
0.1285999113867966,0.8686479128856625,0.0,0.9999999999999999,0.4271748545972034,1.0,0.0,0.4611589334453075,0.0,0.697053153401267,0.4401975773256497,0.0
0.1285999113867966,0.8686479128856625,0.0,0.9999999999999999,0.4271748545972034,1.0,0.0,0.4611589334453075,0.0,0.10823464610300215,0.4013877455015876,0.9999999999999998
0.1285999113867966,0.8686479128856625,0.0,0.9999999999999999,0.4271748545972034,1.0,1.0,1.0,0.5901833234772325,0.0,0.9999999999999999,0.3100358422939067
0.1285999113867966,0.8686479128856625,0.0,0.9999999999999999,0.4271748545972034,1.0,1.0,1.0,0.5901833234772325,1.0000000000000002,0.0,0.29091995221027456
0.1285999113867966,0.8686479128856625,0.0,0.9999999999999999,0.4271748545972034,1.0,1.0,1.0,0.5901833234772325,0.697053153401267,0.4401975773256497,0.0
0.1285999113867966,0.8686479128856625,0.0,0.9999999999999999,0.4271748545972034,1.0,1.0,1.0,0.5901833234772325,0.10823464610300215,0.4013877455015876,0.9999999999999998
0.1285999113867966,0.8686479128856625,0.0,0.9999999999999999,0.4271748545972034,1.0,0.10702166536152442,0.9070963678353978,0.7001774098166764,0.0,0.9999999999999999,0.3100358422939067
0.1285999113867966,0.8686479128856625,0.0,0.9999999999999999,0.4271748545972034,1.0,0.10702166536152442,0.9070963678353978,0.7001774098166764,1.0000000000000002,0.0,0.29091995221027456
0.1285999113867966,0.8686479128856625,0.0,0.9999999999999999,0.4271748545972034,1.0,0.10702166536152442,0.9070963678353978,0.7001774098166764,0.697053153401267,0.4401975773256497,0.0
0.1285999113867966,0.8686479128856625,0.0,0.9999999999999999,0.4271748545972034,1.0,0.10702166536152442,0.9070963678353978,0.7001774098166764,0.10823464610300215,0.4013877455015876,0.9999999999999998
0.1285999113867966,0.8686479128856625,0.0,0.9999999999999999,0.4271748545972034,1.0,0.3492560689115113,0.8275246693260551,0.2781391681450819,0.0,0.9999999999999999,0.3100358422939067
0.1285999113867966,0.8686479128856625,0.0,0.9999999999999999,0.4271748545972034,1.0,0.3492560689115113,0.8275246693260551,0.2781391681450819,1.0000000000000002,0.0,0.29091995221027456
0.1285999113867966,0.8686479128856625,0.0,0.9999999999999999,0.4271748545972034,1.0,0.3492560689115113,0.8275246693260551,0.2781391681450819,0.697053153401267,0.4401975773256497,0.0
0.1285999113867966,0.8686479128856625,0.0,0.9999999999999999,0.4271748545972034,1.0,0.3492560689115113,0.8275246693260551,0.2781391681450819,0.10823464610300215,0.4013877455015876,0.9999999999999998
0.1285999113867966,0.8686479128856625,0.0,0.9999999999999999,0.4271748545972034,1.0,0.1536152440616027,0.4086710056686962,0.3378671397595112,0.0,0.9999999999999999,0.3100358422939067
0.1285999113867966,0.8686479128856625,0.0,0.9999999999999999,0.4271748545972034,1.0,0.1536152440616027,0.4086710056686962,0.3378671397595112,1.0000000000000002,0.0,0.29091995221027456
0.1285999113867966,0.8686479128856625,0.0,0.9999999999999999,0.4271748545972034,1.0,0.1536152440616027,0.4086710056686962,0.3378671397595112,0.697053153401267,0.4401975773256497,0.0
0.1285999113867966,0.8686479128856625,0.0,0.9999999999999999,0.4271748545972034,1.0,0.1536152440616027,0.4086710056686962,0.3378671397595112,0.10823464610300215,0.4013877455015876,0.9999999999999998
0.1285999113867966,0.8686479128856625,0.0,0.9999999999999999,0.4271748545972034,1.0,0.9655442443226312,0.4583245853453705,0.4931992903607333,0.0,0.9999999999999999,0.3100358422939067
0.1285999113867966,0.8686479128856625,0.0,0.9999999999999999,0.4271748545972034,1.0,0.9655442443226312,0.4583245853453705,0.4931992903607333,1.0000000000000002,0.0,0.29091995221027456
0.1285999113867966,0.8686479128856625,0.0,0.9999999999999999,0.4271748545972034,1.0,0.9655442443226312,0.4583245853453705,0.4931992903607333,0.697053153401267,0.4401975773256497,0.0
0.1285999113867966,0.8686479128856625,0.0,0.9999999999999999,0.4271748545972034,1.0,0.9655442443226312,0.4583245853453705,0.4931992903607333,0.10823464610300215,0.4013877455015876,0.9999999999999998
0.1285999113867966,0.8686479128856625,0.0,0.9999999999999999,0.4271748545972034,1.0,0.9817280083529103,0.0,1.0,0.0,0.9999999999999999,0.3100358422939067
0.1285999113867966,0.8686479128856625,0.0,0.9999999999999999,0.4271748545972034,1.0,0.9817280083529103,0.0,1.0,1.0000000000000002,0.0,0.29091995221027456
0.1285999113867966,0.8686479128856625,0.0,0.9999999999999999,0.4271748545972034,1.0,0.9817280083529103,0.0,1.0,0.697053153401267,0.4401975773256497,0.0
0.1285999113867966,0.8686479128856625,0.0,0.9999999999999999,0.4271748545972034,1.0,0.9817280083529103,0.0,1.0,0.10823464610300215,0.4013877455015876,0.9999999999999998
0.1285999113867966,0.8686479128856625,0.0,0.00021012817818869337,0.05296374211112484,0.8307508939213348,0.07099973897154789,0.975015746378333,0.15533215060122219,0.0,0.9999999999999999,0.3100358422939067
0.1285999113867966,0.8686479128856625,0.0,0.00021012817818869337,0.05296374211112484,0.8307508939213348,0.07099973897154789,0.975015746378333,0.15533215060122219,1.0000000000000002,0.0,0.29091995221027456
0.1285999113867966,0.8686479128856625,0.0,0.00021012817818869337,0.05296374211112484,0.8307508939213348,0.07099973897154789,0.975015746378333,0.15533215060122219,0.697053153401267,0.4401975773256497,0.0
0.1285999113867966,0.8686479128856625,0.0,0.00021012817818869337,0.05296374211112484,0.8307508939213348,0.07099973897154789,0.975015746378333,0.15533215060122219,0.10823464610300215,0.4013877455015876,0.9999999999999998
0.1285999113867966,0.8686479128856625,0.0,0.00021012817818869337,0.05296374211112484,0.8307508939213348,0.0,0.4611589334453075,0.0,0.0,0.9999999999999999,0.3100358422939067
0.1285999113867966,0.8686479128856625,0.0,0.00021012817818869337,0.05296374211112484,0.8307508939213348,0.0,0.4611589334453075,0.0,1.0000000000000002,0.0,0.29091995221027456
0.1285999113867966,0.8686479128856625,0.0,0.00021012817818869337,0.05296374211112484,0.8307508939213348,0.0,0.4611589334453075,0.0,0.697053153401267,0.4401975773256497,0.0
0.1285999113867966,0.8686479128856625,0.0,0.00021012817818869337,0.05296374211112484,0.8307508939213348,0.0,0.4611589334453075,0.0,0.10823464610300215,0.4013877455015876,0.9999999999999998
0.1285999113867966,0.8686479128856625,0.0,0.00021012817818869337,0.05296374211112484,0.8307508939213348,1.0,1.0,0.5901833234772325,0.0,0.9999999999999999,0.3100358422939067
0.1285999113867966,0.8686479128856625,0.0,0.00021012817818869337,0.05296374211112484,0.8307508939213348,1.0,1.0,0.5901833234772325,1.0000000000000002,0.0,0.29091995221027456
0.1285999113867966,0.8686479128856625,0.0,0.00021012817818869337,0.05296374211112484,0.8307508939213348,1.0,1.0,0.5901833234772325,0.697053153401267,0.4401975773256497,0.0
0.1285999113867966,0.8686479128856625,0.0,0.00021012817818869337,0.05296374211112484,0.8307508939213348,1.0,1.0,0.5901833234772325,0.10823464610300215,0.4013877455015876,0.9999999999999998
0.1285999113867966,0.8686479128856625,0.0,0.00021012817818869337,0.05296374211112484,0.8307508939213348,0.10702166536152442,0.9070963678353978,0.7001774098166764,0.0,0.9999999999999999,0.3100358422939067
0.1285999113867966,0.8686479128856625,0.0,0.00021012817818869337,0.05296374211112484,0.8307508939213348,0.10702166536152442,0.9070963678353978,0.7001774098166764,1.0000000000000002,0.0,0.29091995221027456
0.1285999113867966,0.8686479128856625,0.0,0.00021012817818869337,0.05296374211112484,0.8307508939213348,0.10702166536152442,0.9070963678353978,0.7001774098166764,0.697053153401267,0.4401975773256497,0.0
0.1285999113867966,0.8686479128856625,0.0,0.00021012817818869337,0.05296374211112484,0.8307508939213348,0.10702166536152442,0.9070963678353978,0.7001774098166764,0.10823464610300215,0.4013877455015876,0.9999999999999998
0.1285999113867966,0.8686479128856625,0.0,0.00021012817818869337,0.05296374211112484,0.8307508939213348,0.3492560689115113,0.8275246693260551,0.2781391681450819,0.0,0.9999999999999999,0.3100358422939067
0.1285999113867966,0.8686479128856625,0.0,0.00021012817818869337,0.05296374211112484,0.8307508939213348,0.3492560689115113,0.8275246693260551,0.2781391681450819,1.0000000000000002,0.0,0.29091995221027456
0.1285999113867966,0.8686479128856625,0.0,0.00021012817818869337,0.05296374211112484,0.8307508939213348,0.3492560689115113,0.8275246693260551,0.2781391681450819,0.697053153401267,0.4401975773256497,0.0
0.1285999113867966,0.8686479128856625,0.0,0.00021012817818869337,0.05296374211112484,0.8307508939213348,0.3492560689115113,0.8275246693260551,0.2781391681450819,0.10823464610300215,0.4013877455015876,0.9999999999999998
0.1285999113867966,0.8686479128856625,0.0,0.00021012817818869337,0.05296374211112484,0.8307508939213348,0.1536152440616027,0.4086710056686962,0.3378671397595112,0.0,0.9999999999999999,0.3100358422939067
0.1285999113867966,0.8686479128856625,0.0,0.00021012817818869337,0.05296374211112484,0.8307508939213348,0.1536152440616027,0.4086710056686962,0.3378671397595112,1.0000000000000002,0.0,0.29091995221027456
0.1285999113867966,0.8686479128856625,0.0,0.00021012817818869337,0.05296374211112484,0.8307508939213348,0.1536152440616027,0.4086710056686962,0.3378671397595112,0.697053153401267,0.4401975773256497,0.0
0.1285999113867966,0.8686479128856625,0.0,0.00021012817818869337,0.05296374211112484,0.8307508939213348,0.1536152440616027,0.4086710056686962,0.3378671397595112,0.10823464610300215,0.4013877455015876,0.9999999999999998
0.1285999113867966,0.8686479128856625,0.0,0.00021012817818869337,0.05296374211112484,0.8307508939213348,0.9655442443226312,0.4583245853453705,0.4931992903607333,0.0,0.9999999999999999,0.3100358422939067
0.1285999113867966,0.8686479128856625,0.0,0.00021012817818869337,0.05296374211112484,0.8307508939213348,0.9655442443226312,0.4583245853453705,0.4931992903607333,1.0000000000000002,0.0,0.29091995221027456
0.1285999113867966,0.8686479128856625,0.0,0.00021012817818869337,0.05296374211112484,0.8307508939213348,0.9655442443226312,0.4583245853453705,0.4931992903607333,0.697053153401267,0.4401975773256497,0.0
0.1285999113867966,0.8686479128856625,0.0,0.00021012817818869337,0.05296374211112484,0.8307508939213348,0.9655442443226312,0.4583245853453705,0.4931992903607333,0.10823464610300215,0.4013877455015876,0.9999999999999998
0.1285999113867966,0.8686479128856625,0.0,0.00021012817818869337,0.05296374211112484,0.8307508939213348,0.9817280083529103,0.0,1.0,0.0,0.9999999999999999,0.3100358422939067
0.1285999113867966,0.8686479128856625,0.0,0.00021012817818869337,0.05296374211112484,0.8307508939213348,0.9817280083529103,0.0,1.0,1.0000000000000002,0.0,0.29091995221027456
0.1285999113867966,0.8686479128856625,0.0,0.00021012817818869337,0.05296374211112484,0.8307508939213348,0.9817280083529103,0.0,1.0,0.697053153401267,0.4401975773256497,0.0
0.1285999113867966,0.8686479128856625,0.0,0.00021012817818869337,0.05296374211112484,0.8307508939213348,0.9817280083529103,0.0,1.0,0.10823464610300215,0.4013877455015876,0.9999999999999998
0.1285999113867966,0.8686479128856625,0.0,0.3867409119562933,0.9365177577032547,0.06686531585220501,0.07099973897154789,0.975015746378333,0.15533215060122219,0.0,0.9999999999999999,0.3100358422939067
0.1285999113867966,0.8686479128856625,0.0,0.3867409119562933,0.9365177577032547,0.06686531585220501,0.07099973897154789,0.975015746378333,0.15533215060122219,1.0000000000000002,0.0,0.29091995221027456
0.1285999113867966,0.8686479128856625,0.0,0.3867409119562933,0.9365177577032547,0.06686531585220501,0.07099973897154789,0.975015746378333,0.15533215060122219,0.697053153401267,0.4401975773256497,0.0
0.1285999113867966,0.8686479128856625,0.0,0.3867409119562933,0.9365177577032547,0.06686531585220501,0.07099973897154789,0.975015746378333,0.15533215060122219,0.10823464610300215,0.4013877455015876,0.9999999999999998
0.1285999113867966,0.8686479128856625,0.0,0.3867409119562933,0.9365177577032547,0.06686531585220501,0.0,0.4611589334453075,0.0,0.0,0.9999999999999999,0.3100358422939067
0.1285999113867966,0.8686479128856625,0.0,0.3867409119562933,0.9365177577032547,0.06686531585220501,0.0,0.4611589334453075,0.0,1.0000000000000002,0.0,0.29091995221027456
0.1285999113867966,0.8686479128856625,0.0,0.3867409119562933,0.9365177577032547,0.06686531585220501,0.0,0.4611589334453075,0.0,0.697053153401267,0.4401975773256497,0.0
0.1285999113867966,0.8686479128856625,0.0,0.3867409119562933,0.9365177577032547,0.06686531585220501,0.0,0.4611589334453075,0.0,0.10823464610300215,0.4013877455015876,0.9999999999999998
0.1285999113867966,0.8686479128856625,0.0,0.3867409119562933,0.9365177577032547,0.06686531585220501,1.0,1.0,0.5901833234772325,0.0,0.9999999999999999,0.3100358422939067
0.1285999113867966,0.8686479128856625,0.0,0.3867409119562933,0.9365177577032547,0.06686531585220501,1.0,1.0,0.5901833234772325,1.0000000000000002,0.0,0.29091995221027456
0.1285999113867966,0.8686479128856625,0.0,0.3867409119562933,0.9365177577032547,0.06686531585220501,1.0,1.0,0.5901833234772325,0.697053153401267,0.4401975773256497,0.0
0.1285999113867966,0.8686479128856625,0.0,0.3867409119562933,0.9365177577032547,0.06686531585220501,1.0,1.0,0.5901833234772325,0.10823464610300215,0.4013877455015876,0.9999999999999998
0.1285999113867966,0.8686479128856625,0.0,0.3867409119562933,0.9365177577032547,0.06686531585220501,0.10702166536152442,0.9070963678353978,0.7001774098166764,0.0,0.9999999999999999,0.3100358422939067
0.1285999113867966,0.8686479128856625,0.0,0.3867409119562933,0.9365177577032547,0.06686531585220501,0.10702166536152442,0.9070963678353978,0.7001774098166764,1.0000000000000002,0.0,0.29091995221027456
0.1285999113867966,0.8686479128856625,0.0,0.3867409119562933,0.9365177577032547,0.06686531585220501,0.10702166536152442,0.9070963678353978,0.7001774098166764,0.697053153401267,0.4401975773256497,0.0
0.1285999113867966,0.8686479128856625,0.0,0.3867409119562933,0.9365177577032547,0.06686531585220501,0.10702166536152442,0.9070963678353978,0.7001774098166764,0.10823464610300215,0.4013877455015876,0.9999999999999998
0.1285999113867966,0.8686479128856625,0.0,0.3867409119562933,0.9365177577032547,0.06686531585220501,0.3492560689115113,0.8275246693260551,0.2781391681450819,0.0,0.9999999999999999,0.3100358422939067
0.1285999113867966,0.8686479128856625,0.0,0.3867409119562933,0.9365177577032547,0.06686531585220501,0.3492560689115113,0.8275246693260551,0.2781391681450819,1.0000000000000002,0.0,0.29091995221027456
0.1285999113867966,0.8686479128856625,0.0,0.3867409119562933,0.9365177577032547,0.06686531585220501,0.3492560689115113,0.8275246693260551,0.2781391681450819,0.697053153401267,0.4401975773256497,0.0
0.1285999113867966,0.8686479128856625,0.0,0.3867409119562933,0.9365177577032547,0.06686531585220501,0.3492560689115113,0.8275246693260551,0.2781391681450819,0.10823464610300215,0.4013877455015876,0.9999999999999998
0.1285999113867966,0.8686479128856625,0.0,0.3867409119562933,0.9365177577032547,0.06686531585220501,0.1536152440616027,0.4086710056686962,0.3378671397595112,0.0,0.9999999999999999,0.3100358422939067
0.1285999113867966,0.8686479128856625,0.0,0.3867409119562933,0.9365177577032547,0.06686531585220501,0.1536152440616027,0.4086710056686962,0.3378671397595112,1.0000000000000002,0.0,0.29091995221027456
0.1285999113867966,0.8686479128856625,0.0,0.3867409119562933,0.9365177577032547,0.06686531585220501,0.1536152440616027,0.4086710056686962,0.3378671397595112,0.697053153401267,0.4401975773256497,0.0
0.1285999113867966,0.8686479128856625,0.0,0.3867409119562933,0.9365177577032547,0.06686531585220501,0.1536152440616027,0.4086710056686962,0.3378671397595112,0.10823464610300215,0.4013877455015876,0.9999999999999998
0.1285999113867966,0.8686479128856625,0.0,0.3867409119562933,0.9365177577032547,0.06686531585220501,0.9655442443226312,0.4583245853453705,0.4931992903607333,0.0,0.9999999999999999,0.3100358422939067
0.1285999113867966,0.8686479128856625,0.0,0.3867409119562933,0.9365177577032547,0.06686531585220501,0.9655442443226312,0.4583245853453705,0.4931992903607333,1.0000000000000002,0.0,0.29091995221027456
0.1285999113867966,0.8686479128856625,0.0,0.3867409119562933,0.9365177577032547,0.06686531585220501,0.9655442443226312,0.4583245853453705,0.4931992903607333,0.697053153401267,0.4401975773256497,0.0
0.1285999113867966,0.8686479128856625,0.0,0.3867409119562933,0.9365177577032547,0.06686531585220501,0.9655442443226312,0.4583245853453705,0.4931992903607333,0.10823464610300215,0.4013877455015876,0.9999999999999998
0.1285999113867966,0.8686479128856625,0.0,0.3867409119562933,0.9365177577032547,0.06686531585220501,0.9817280083529103,0.0,1.0,0.0,0.9999999999999999,0.3100358422939067
0.1285999113867966,0.8686479128856625,0.0,0.3867409119562933,0.9365177577032547,0.06686531585220501,0.9817280083529103,0.0,1.0,1.0000000000000002,0.0,0.29091995221027456
0.1285999113867966,0.8686479128856625,0.0,0.3867409119562933,0.9365177577032547,0.06686531585220501,0.9817280083529103,0.0,1.0,0.697053153401267,0.4401975773256497,0.0
0.1285999113867966,0.8686479128856625,0.0,0.3867409119562933,0.9365177577032547,0.06686531585220501,0.9817280083529103,0.0,1.0,0.10823464610300215,0.4013877455015876,0.9999999999999998
0.1285999113867966,0.8686479128856625,0.0,0.7575120823702458,0.4532854844697438,0.772824791418355,0.07099973897154789,0.975015746378333,0.15533215060122219,0.0,0.9999999999999999,0.3100358422939067
0.1285999113867966,0.8686479128856625,0.0,0.7575120823702458,0.4532854844697438,0.772824791418355,0.07099973897154789,0.975015746378333,0.15533215060122219,1.0000000000000002,0.0,0.29091995221027456
0.1285999113867966,0.8686479128856625,0.0,0.7575120823702458,0.4532854844697438,0.772824791418355,0.07099973897154789,0.975015746378333,0.15533215060122219,0.697053153401267,0.4401975773256497,0.0
0.1285999113867966,0.8686479128856625,0.0,0.7575120823702458,0.4532854844697438,0.772824791418355,0.07099973897154789,0.975015746378333,0.15533215060122219,0.10823464610300215,0.4013877455015876,0.9999999999999998
0.1285999113867966,0.8686479128856625,0.0,0.7575120823702458,0.4532854844697438,0.772824791418355,0.0,0.4611589334453075,0.0,0.0,0.9999999999999999,0.3100358422939067
0.1285999113867966,0.8686479128856625,0.0,0.7575120823702458,0.4532854844697438,0.772824791418355,0.0,0.4611589334453075,0.0,1.0000000000000002,0.0,0.29091995221027456
0.1285999113867966,0.8686479128856625,0.0,0.7575120823702458,0.4532854844697438,0.772824791418355,0.0,0.4611589334453075,0.0,0.697053153401267,0.4401975773256497,0.0
0.1285999113867966,0.8686479128856625,0.0,0.7575120823702458,0.4532854844697438,0.772824791418355,0.0,0.4611589334453075,0.0,0.10823464610300215,0.4013877455015876,0.9999999999999998
0.1285999113867966,0.8686479128856625,0.0,0.7575120823702458,0.4532854844697438,0.772824791418355,1.0,1.0,0.5901833234772325,0.0,0.9999999999999999,0.3100358422939067
0.1285999113867966,0.8686479128856625,0.0,0.7575120823702458,0.4532854844697438,0.772824791418355,1.0,1.0,0.5901833234772325,1.0000000000000002,0.0,0.29091995221027456
0.1285999113867966,0.8686479128856625,0.0,0.7575120823702458,0.4532854844697438,0.772824791418355,1.0,1.0,0.5901833234772325,0.697053153401267,0.4401975773256497,0.0
0.1285999113867966,0.8686479128856625,0.0,0.7575120823702458,0.4532854844697438,0.772824791418355,1.0,1.0,0.5901833234772325,0.10823464610300215,0.4013877455015876,0.9999999999999998
0.1285999113867966,0.8686479128856625,0.0,0.7575120823702458,0.4532854844697438,0.772824791418355,0.10702166536152442,0.9070963678353978,0.7001774098166764,0.0,0.9999999999999999,0.3100358422939067
0.1285999113867966,0.8686479128856625,0.0,0.7575120823702458,0.4532854844697438,0.772824791418355,0.10702166536152442,0.9070963678353978,0.7001774098166764,1.0000000000000002,0.0,0.29091995221027456
0.1285999113867966,0.8686479128856625,0.0,0.7575120823702458,0.4532854844697438,0.772824791418355,0.10702166536152442,0.9070963678353978,0.7001774098166764,0.697053153401267,0.4401975773256497,0.0
0.1285999113867966,0.8686479128856625,0.0,0.7575120823702458,0.4532854844697438,0.772824791418355,0.10702166536152442,0.9070963678353978,0.7001774098166764,0.10823464610300215,0.4013877455015876,0.9999999999999998
0.1285999113867966,0.8686479128856625,0.0,0.7575120823702458,0.4532854844697438,0.772824791418355,0.3492560689115113,0.8275246693260551,0.2781391681450819,0.0,0.9999999999999999,0.3100358422939067
0.1285999113867966,0.8686479128856625,0.0,0.7575120823702458,0.4532854844697438,0.772824791418355,0.3492560689115113,0.8275246693260551,0.2781391681450819,1.0000000000000002,0.0,0.29091995221027456
0.1285999113867966,0.8686479128856625,0.0,0.7575120823702458,0.4532854844697438,0.772824791418355,0.3492560689115113,0.8275246693260551,0.2781391681450819,0.697053153401267,0.4401975773256497,0.0
0.1285999113867966,0.8686479128856625,0.0,0.7575120823702458,0.4532854844697438,0.772824791418355,0.3492560689115113,0.8275246693260551,0.2781391681450819,0.10823464610300215,0.4013877455015876,0.9999999999999998
0.1285999113867966,0.8686479128856625,0.0,0.7575120823702458,0.4532854844697438,0.772824791418355,0.1536152440616027,0.4086710056686962,0.3378671397595112,0.0,0.9999999999999999,0.3100358422939067
0.1285999113867966,0.8686479128856625,0.0,0.7575120823702458,0.4532854844697438,0.772824791418355,0.1536152440616027,0.4086710056686962,0.3378671397595112,1.0000000000000002,0.0,0.29091995221027456
0.1285999113867966,0.8686479128856625,0.0,0.7575120823702458,0.4532854844697438,0.772824791418355,0.1536152440616027,0.4086710056686962,0.3378671397595112,0.697053153401267,0.4401975773256497,0.0
0.1285999113867966,0.8686479128856625,0.0,0.7575120823702458,0.4532854844697438,0.772824791418355,0.1536152440616027,0.4086710056686962,0.3378671397595112,0.10823464610300215,0.4013877455015876,0.9999999999999998
0.1285999113867966,0.8686479128856625,0.0,0.7575120823702458,0.4532854844697438,0.772824791418355,0.9655442443226312,0.4583245853453705,0.4931992903607333,0.0,0.9999999999999999,0.3100358422939067
0.1285999113867966,0.8686479128856625,0.0,0.7575120823702458,0.4532854844697438,0.772824791418355,0.9655442443226312,0.4583245853453705,0.4931992903607333,1.0000000000000002,0.0,0.29091995221027456
0.1285999113867966,0.8686479128856625,0.0,0.7575120823702458,0.4532854844697438,0.772824791418355,0.9655442443226312,0.4583245853453705,0.4931992903607333,0.697053153401267,0.4401975773256497,0.0
0.1285999113867966,0.8686479128856625,0.0,0.7575120823702458,0.4532854844697438,0.772824791418355,0.9655442443226312,0.4583245853453705,0.4931992903607333,0.10823464610300215,0.4013877455015876,0.9999999999999998
0.1285999113867966,0.8686479128856625,0.0,0.7575120823702458,0.4532854844697438,0.772824791418355,0.9817280083529103,0.0,1.0,0.0,0.9999999999999999,0.3100358422939067
0.1285999113867966,0.8686479128856625,0.0,0.7575120823702458,0.4532854844697438,0.772824791418355,0.9817280083529103,0.0,1.0,1.0000000000000002,0.0,0.29091995221027456
0.1285999113867966,0.8686479128856625,0.0,0.7575120823702458,0.4532854844697438,0.772824791418355,0.9817280083529103,0.0,1.0,0.697053153401267,0.4401975773256497,0.0
0.1285999113867966,0.8686479128856625,0.0,0.7575120823702458,0.4532854844697438,0.772824791418355,0.9817280083529103,0.0,1.0,0.10823464610300215,0.4013877455015876,0.9999999999999998
0.1285999113867966,0.8686479128856625,0.0,0.7432233662534146,0.796559831703997,0.0,0.07099973897154789,0.975015746378333,0.15533215060122219,0.0,0.9999999999999999,0.3100358422939067
0.1285999113867966,0.8686479128856625,0.0,0.7432233662534146,0.796559831703997,0.0,0.07099973897154789,0.975015746378333,0.15533215060122219,1.0000000000000002,0.0,0.29091995221027456
0.1285999113867966,0.8686479128856625,0.0,0.7432233662534146,0.796559831703997,0.0,0.07099973897154789,0.975015746378333,0.15533215060122219,0.697053153401267,0.4401975773256497,0.0
0.1285999113867966,0.8686479128856625,0.0,0.7432233662534146,0.796559831703997,0.0,0.07099973897154789,0.975015746378333,0.15533215060122219,0.10823464610300215,0.4013877455015876,0.9999999999999998
0.1285999113867966,0.8686479128856625,0.0,0.7432233662534146,0.796559831703997,0.0,0.0,0.4611589334453075,0.0,0.0,0.9999999999999999,0.3100358422939067
0.1285999113867966,0.8686479128856625,0.0,0.7432233662534146,0.796559831703997,0.0,0.0,0.4611589334453075,0.0,1.0000000000000002,0.0,0.29091995221027456
0.1285999113867966,0.8686479128856625,0.0,0.7432233662534146,0.796559831703997,0.0,0.0,0.4611589334453075,0.0,0.697053153401267,0.4401975773256497,0.0
0.1285999113867966,0.8686479128856625,0.0,0.7432233662534146,0.796559831703997,0.0,0.0,0.4611589334453075,0.0,0.10823464610300215,0.4013877455015876,0.9999999999999998
0.1285999113867966,0.8686479128856625,0.0,0.7432233662534146,0.796559831703997,0.0,1.0,1.0,0.5901833234772325,0.0,0.9999999999999999,0.3100358422939067
0.1285999113867966,0.8686479128856625,0.0,0.7432233662534146,0.796559831703997,0.0,1.0,1.0,0.5901833234772325,1.0000000000000002,0.0,0.29091995221027456
0.1285999113867966,0.8686479128856625,0.0,0.7432233662534146,0.796559831703997,0.0,1.0,1.0,0.5901833234772325,0.697053153401267,0.4401975773256497,0.0
0.1285999113867966,0.8686479128856625,0.0,0.7432233662534146,0.796559831703997,0.0,1.0,1.0,0.5901833234772325,0.10823464610300215,0.4013877455015876,0.9999999999999998
0.1285999113867966,0.8686479128856625,0.0,0.7432233662534146,0.796559831703997,0.0,0.10702166536152442,0.9070963678353978,0.7001774098166764,0.0,0.9999999999999999,0.3100358422939067
0.1285999113867966,0.8686479128856625,0.0,0.7432233662534146,0.796559831703997,0.0,0.10702166536152442,0.9070963678353978,0.7001774098166764,1.0000000000000002,0.0,0.29091995221027456
0.1285999113867966,0.8686479128856625,0.0,0.7432233662534146,0.796559831703997,0.0,0.10702166536152442,0.9070963678353978,0.7001774098166764,0.697053153401267,0.4401975773256497,0.0
0.1285999113867966,0.8686479128856625,0.0,0.7432233662534146,0.796559831703997,0.0,0.10702166536152442,0.9070963678353978,0.7001774098166764,0.10823464610300215,0.4013877455015876,0.9999999999999998
0.1285999113867966,0.8686479128856625,0.0,0.7432233662534146,0.796559831703997,0.0,0.3492560689115113,0.8275246693260551,0.2781391681450819,0.0,0.9999999999999999,0.3100358422939067
0.1285999113867966,0.8686479128856625,0.0,0.7432233662534146,0.796559831703997,0.0,0.3492560689115113,0.8275246693260551,0.2781391681450819,1.0000000000000002,0.0,0.29091995221027456
0.1285999113867966,0.8686479128856625,0.0,0.7432233662534146,0.796559831703997,0.0,0.3492560689115113,0.8275246693260551,0.2781391681450819,0.697053153401267,0.4401975773256497,0.0
0.1285999113867966,0.8686479128856625,0.0,0.7432233662534146,0.796559831703997,0.0,0.3492560689115113,0.8275246693260551,0.2781391681450819,0.10823464610300215,0.4013877455015876,0.9999999999999998
0.1285999113867966,0.8686479128856625,0.0,0.7432233662534146,0.796559831703997,0.0,0.1536152440616027,0.4086710056686962,0.3378671397595112,0.0,0.9999999999999999,0.3100358422939067
0.1285999113867966,0.8686479128856625,0.0,0.7432233662534146,0.796559831703997,0.0,0.1536152440616027,0.4086710056686962,0.3378671397595112,1.0000000000000002,0.0,0.29091995221027456
0.1285999113867966,0.8686479128856625,0.0,0.7432233662534146,0.796559831703997,0.0,0.1536152440616027,0.4086710056686962,0.3378671397595112,0.697053153401267,0.4401975773256497,0.0
0.1285999113867966,0.8686479128856625,0.0,0.7432233662534146,0.796559831703997,0.0,0.1536152440616027,0.4086710056686962,0.3378671397595112,0.10823464610300215,0.4013877455015876,0.9999999999999998
0.1285999113867966,0.8686479128856625,0.0,0.7432233662534146,0.796559831703997,0.0,0.9655442443226312,0.4583245853453705,0.4931992903607333,0.0,0.9999999999999999,0.3100358422939067
0.1285999113867966,0.8686479128856625,0.0,0.7432233662534146,0.796559831703997,0.0,0.9655442443226312,0.4583245853453705,0.4931992903607333,1.0000000000000002,0.0,0.29091995221027456
0.1285999113867966,0.8686479128856625,0.0,0.7432233662534146,0.796559831703997,0.0,0.9655442443226312,0.4583245853453705,0.4931992903607333,0.697053153401267,0.4401975773256497,0.0
0.1285999113867966,0.8686479128856625,0.0,0.7432233662534146,0.796559831703997,0.0,0.9655442443226312,0.4583245853453705,0.4931992903607333,0.10823464610300215,0.4013877455015876,0.9999999999999998
0.1285999113867966,0.8686479128856625,0.0,0.7432233662534146,0.796559831703997,0.0,0.9817280083529103,0.0,1.0,0.0,0.9999999999999999,0.3100358422939067
0.1285999113867966,0.8686479128856625,0.0,0.7432233662534146,0.796559831703997,0.0,0.9817280083529103,0.0,1.0,1.0000000000000002,0.0,0.29091995221027456
0.1285999113867966,0.8686479128856625,0.0,0.7432233662534146,0.796559831703997,0.0,0.9817280083529103,0.0,1.0,0.697053153401267,0.4401975773256497,0.0
0.1285999113867966,0.8686479128856625,0.0,0.7432233662534146,0.796559831703997,0.0,0.9817280083529103,0.0,1.0,0.10823464610300215,0.4013877455015876,0.9999999999999998
0.1285999113867966,0.8686479128856625,0.0,0.5457028787560411,0.2518252691498577,0.4370679380214541,0.07099973897154789,0.975015746378333,0.15533215060122219,0.0,0.9999999999999999,0.3100358422939067
0.1285999113867966,0.8686479128856625,0.0,0.5457028787560411,0.2518252691498577,0.4370679380214541,0.07099973897154789,0.975015746378333,0.15533215060122219,1.0000000000000002,0.0,0.29091995221027456
0.1285999113867966,0.8686479128856625,0.0,0.5457028787560411,0.2518252691498577,0.4370679380214541,0.07099973897154789,0.975015746378333,0.15533215060122219,0.697053153401267,0.4401975773256497,0.0
0.1285999113867966,0.8686479128856625,0.0,0.5457028787560411,0.2518252691498577,0.4370679380214541,0.07099973897154789,0.975015746378333,0.15533215060122219,0.10823464610300215,0.4013877455015876,0.9999999999999998
0.1285999113867966,0.8686479128856625,0.0,0.5457028787560411,0.2518252691498577,0.4370679380214541,0.0,0.4611589334453075,0.0,0.0,0.9999999999999999,0.3100358422939067
0.1285999113867966,0.8686479128856625,0.0,0.5457028787560411,0.2518252691498577,0.4370679380214541,0.0,0.4611589334453075,0.0,1.0000000000000002,0.0,0.29091995221027456
0.1285999113867966,0.8686479128856625,0.0,0.5457028787560411,0.2518252691498577,0.4370679380214541,0.0,0.4611589334453075,0.0,0.697053153401267,0.4401975773256497,0.0
0.1285999113867966,0.8686479128856625,0.0,0.5457028787560411,0.2518252691498577,0.4370679380214541,0.0,0.4611589334453075,0.0,0.10823464610300215,0.4013877455015876,0.9999999999999998
0.1285999113867966,0.8686479128856625,0.0,0.5457028787560411,0.2518252691498577,0.4370679380214541,1.0,1.0,0.5901833234772325,0.0,0.9999999999999999,0.3100358422939067
0.1285999113867966,0.8686479128856625,0.0,0.5457028787560411,0.2518252691498577,0.4370679380214541,1.0,1.0,0.5901833234772325,1.0000000000000002,0.0,0.29091995221027456
0.1285999113867966,0.8686479128856625,0.0,0.5457028787560411,0.2518252691498577,0.4370679380214541,1.0,1.0,0.5901833234772325,0.697053153401267,0.4401975773256497,0.0
0.1285999113867966,0.8686479128856625,0.0,0.5457028787560411,0.2518252691498577,0.4370679380214541,1.0,1.0,0.5901833234772325,0.10823464610300215,0.4013877455015876,0.9999999999999998
0.1285999113867966,0.8686479128856625,0.0,0.5457028787560411,0.2518252691498577,0.4370679380214541,0.10702166536152442,0.9070963678353978,0.7001774098166764,0.0,0.9999999999999999,0.3100358422939067
0.1285999113867966,0.8686479128856625,0.0,0.5457028787560411,0.2518252691498577,0.4370679380214541,0.10702166536152442,0.9070963678353978,0.7001774098166764,1.0000000000000002,0.0,0.29091995221027456
0.1285999113867966,0.8686479128856625,0.0,0.5457028787560411,0.2518252691498577,0.4370679380214541,0.10702166536152442,0.9070963678353978,0.7001774098166764,0.697053153401267,0.4401975773256497,0.0
0.1285999113867966,0.8686479128856625,0.0,0.5457028787560411,0.2518252691498577,0.4370679380214541,0.10702166536152442,0.9070963678353978,0.7001774098166764,0.10823464610300215,0.4013877455015876,0.9999999999999998
0.1285999113867966,0.8686479128856625,0.0,0.5457028787560411,0.2518252691498577,0.4370679380214541,0.3492560689115113,0.8275246693260551,0.2781391681450819,0.0,0.9999999999999999,0.3100358422939067
0.1285999113867966,0.8686479128856625,0.0,0.5457028787560411,0.2518252691498577,0.4370679380214541,0.3492560689115113,0.8275246693260551,0.2781391681450819,1.0000000000000002,0.0,0.29091995221027456
0.1285999113867966,0.8686479128856625,0.0,0.5457028787560411,0.2518252691498577,0.4370679380214541,0.3492560689115113,0.8275246693260551,0.2781391681450819,0.697053153401267,0.4401975773256497,0.0
0.1285999113867966,0.8686479128856625,0.0,0.5457028787560411,0.2518252691498577,0.4370679380214541,0.3492560689115113,0.8275246693260551,0.2781391681450819,0.10823464610300215,0.4013877455015876,0.9999999999999998
0.1285999113867966,0.8686479128856625,0.0,0.5457028787560411,0.2518252691498577,0.4370679380214541,0.1536152440616027,0.4086710056686962,0.3378671397595112,0.0,0.9999999999999999,0.3100358422939067
0.1285999113867966,0.8686479128856625,0.0,0.5457028787560411,0.2518252691498577,0.4370679380214541,0.1536152440616027,0.4086710056686962,0.3378671397595112,1.0000000000000002,0.0,0.29091995221027456
0.1285999113867966,0.8686479128856625,0.0,0.5457028787560411,0.2518252691498577,0.4370679380214541,0.1536152440616027,0.4086710056686962,0.3378671397595112,0.697053153401267,0.4401975773256497,0.0
0.1285999113867966,0.8686479128856625,0.0,0.5457028787560411,0.2518252691498577,0.4370679380214541,0.1536152440616027,0.4086710056686962,0.3378671397595112,0.10823464610300215,0.4013877455015876,0.9999999999999998
0.1285999113867966,0.8686479128856625,0.0,0.5457028787560411,0.2518252691498577,0.4370679380214541,0.9655442443226312,0.4583245853453705,0.4931992903607333,0.0,0.9999999999999999,0.3100358422939067
0.1285999113867966,0.8686479128856625,0.0,0.5457028787560411,0.2518252691498577,0.4370679380214541,0.9655442443226312,0.4583245853453705,0.4931992903607333,1.0000000000000002,0.0,0.29091995221027456
0.1285999113867966,0.8686479128856625,0.0,0.5457028787560411,0.2518252691498577,0.4370679380214541,0.9655442443226312,0.4583245853453705,0.4931992903607333,0.697053153401267,0.4401975773256497,0.0
0.1285999113867966,0.8686479128856625,0.0,0.5457028787560411,0.2518252691498577,0.4370679380214541,0.9655442443226312,0.4583245853453705,0.4931992903607333,0.10823464610300215,0.4013877455015876,0.9999999999999998
0.1285999113867966,0.8686479128856625,0.0,0.5457028787560411,0.2518252691498577,0.4370679380214541,0.9817280083529103,0.0,1.0,0.0,0.9999999999999999,0.3100358422939067
0.1285999113867966,0.8686479128856625,0.0,0.5457028787560411,0.2518252691498577,0.4370679380214541,0.9817280083529103,0.0,1.0,1.0000000000000002,0.0,0.29091995221027456
0.1285999113867966,0.8686479128856625,0.0,0.5457028787560411,0.2518252691498577,0.4370679380214541,0.9817280083529103,0.0,1.0,0.697053153401267,0.4401975773256497,0.0
0.1285999113867966,0.8686479128856625,0.0,0.5457028787560411,0.2518252691498577,0.4370679380214541,0.9817280083529103,0.0,1.0,0.10823464610300215,0.4013877455015876,0.9999999999999998
0.1285999113867966,0.8686479128856625,0.0,0.29491489808783355,1.0,0.7398092967818832,0.07099973897154789,0.975015746378333,0.15533215060122219,0.0,0.9999999999999999,0.3100358422939067
0.1285999113867966,0.8686479128856625,0.0,0.29491489808783355,1.0,0.7398092967818832,0.07099973897154789,0.975015746378333,0.15533215060122219,1.0000000000000002,0.0,0.29091995221027456
0.1285999113867966,0.8686479128856625,0.0,0.29491489808783355,1.0,0.7398092967818832,0.07099973897154789,0.975015746378333,0.15533215060122219,0.697053153401267,0.4401975773256497,0.0
0.1285999113867966,0.8686479128856625,0.0,0.29491489808783355,1.0,0.7398092967818832,0.07099973897154789,0.975015746378333,0.15533215060122219,0.10823464610300215,0.4013877455015876,0.9999999999999998
0.1285999113867966,0.8686479128856625,0.0,0.29491489808783355,1.0,0.7398092967818832,0.0,0.4611589334453075,0.0,0.0,0.9999999999999999,0.3100358422939067
0.1285999113867966,0.8686479128856625,0.0,0.29491489808783355,1.0,0.7398092967818832,0.0,0.4611589334453075,0.0,1.0000000000000002,0.0,0.29091995221027456
0.1285999113867966,0.8686479128856625,0.0,0.29491489808783355,1.0,0.7398092967818832,0.0,0.4611589334453075,0.0,0.697053153401267,0.4401975773256497,0.0
0.1285999113867966,0.8686479128856625,0.0,0.29491489808783355,1.0,0.7398092967818832,0.0,0.4611589334453075,0.0,0.10823464610300215,0.4013877455015876,0.9999999999999998
0.1285999113867966,0.8686479128856625,0.0,0.29491489808783355,1.0,0.7398092967818832,1.0,1.0,0.5901833234772325,0.0,0.9999999999999999,0.3100358422939067
0.1285999113867966,0.8686479128856625,0.0,0.29491489808783355,1.0,0.7398092967818832,1.0,1.0,0.5901833234772325,1.0000000000000002,0.0,0.29091995221027456
0.1285999113867966,0.8686479128856625,0.0,0.29491489808783355,1.0,0.7398092967818832,1.0,1.0,0.5901833234772325,0.697053153401267,0.4401975773256497,0.0
0.1285999113867966,0.8686479128856625,0.0,0.29491489808783355,1.0,0.7398092967818832,1.0,1.0,0.5901833234772325,0.10823464610300215,0.4013877455015876,0.9999999999999998
0.1285999113867966,0.8686479128856625,0.0,0.29491489808783355,1.0,0.7398092967818832,0.10702166536152442,0.9070963678353978,0.7001774098166764,0.0,0.9999999999999999,0.3100358422939067
0.1285999113867966,0.8686479128856625,0.0,0.29491489808783355,1.0,0.7398092967818832,0.10702166536152442,0.9070963678353978,0.7001774098166764,1.0000000000000002,0.0,0.29091995221027456
0.1285999113867966,0.8686479128856625,0.0,0.29491489808783355,1.0,0.7398092967818832,0.10702166536152442,0.9070963678353978,0.7001774098166764,0.697053153401267,0.4401975773256497,0.0
0.1285999113867966,0.8686479128856625,0.0,0.29491489808783355,1.0,0.7398092967818832,0.10702166536152442,0.9070963678353978,0.7001774098166764,0.10823464610300215,0.4013877455015876,0.9999999999999998
0.1285999113867966,0.8686479128856625,0.0,0.29491489808783355,1.0,0.7398092967818832,0.3492560689115113,0.8275246693260551,0.2781391681450819,0.0,0.9999999999999999,0.3100358422939067
0.1285999113867966,0.8686479128856625,0.0,0.29491489808783355,1.0,0.7398092967818832,0.3492560689115113,0.8275246693260551,0.2781391681450819,1.0000000000000002,0.0,0.29091995221027456
0.1285999113867966,0.8686479128856625,0.0,0.29491489808783355,1.0,0.7398092967818832,0.3492560689115113,0.8275246693260551,0.2781391681450819,0.697053153401267,0.4401975773256497,0.0
0.1285999113867966,0.8686479128856625,0.0,0.29491489808783355,1.0,0.7398092967818832,0.3492560689115113,0.8275246693260551,0.2781391681450819,0.10823464610300215,0.4013877455015876,0.9999999999999998
0.1285999113867966,0.8686479128856625,0.0,0.29491489808783355,1.0,0.7398092967818832,0.1536152440616027,0.4086710056686962,0.3378671397595112,0.0,0.9999999999999999,0.3100358422939067
0.1285999113867966,0.8686479128856625,0.0,0.29491489808783355,1.0,0.7398092967818832,0.1536152440616027,0.4086710056686962,0.3378671397595112,1.0000000000000002,0.0,0.29091995221027456
0.1285999113867966,0.8686479128856625,0.0,0.29491489808783355,1.0,0.7398092967818832,0.1536152440616027,0.4086710056686962,0.3378671397595112,0.697053153401267,0.4401975773256497,0.0
0.1285999113867966,0.8686479128856625,0.0,0.29491489808783355,1.0,0.7398092967818832,0.1536152440616027,0.4086710056686962,0.3378671397595112,0.10823464610300215,0.4013877455015876,0.9999999999999998
0.1285999113867966,0.8686479128856625,0.0,0.29491489808783355,1.0,0.7398092967818832,0.9655442443226312,0.4583245853453705,0.4931992903607333,0.0,0.9999999999999999,0.3100358422939067
0.1285999113867966,0.8686479128856625,0.0,0.29491489808783355,1.0,0.7398092967818832,0.9655442443226312,0.4583245853453705,0.4931992903607333,1.0000000000000002,0.0,0.29091995221027456
0.1285999113867966,0.8686479128856625,0.0,0.29491489808783355,1.0,0.7398092967818832,0.9655442443226312,0.4583245853453705,0.4931992903607333,0.697053153401267,0.4401975773256497,0.0
0.1285999113867966,0.8686479128856625,0.0,0.29491489808783355,1.0,0.7398092967818832,0.9655442443226312,0.4583245853453705,0.4931992903607333,0.10823464610300215,0.4013877455015876,0.9999999999999998
0.1285999113867966,0.8686479128856625,0.0,0.29491489808783355,1.0,0.7398092967818832,0.9817280083529103,0.0,1.0,0.0,0.9999999999999999,0.3100358422939067
0.1285999113867966,0.8686479128856625,0.0,0.29491489808783355,1.0,0.7398092967818832,0.9817280083529103,0.0,1.0,1.0000000000000002,0.0,0.29091995221027456
0.1285999113867966,0.8686479128856625,0.0,0.29491489808783355,1.0,0.7398092967818832,0.9817280083529103,0.0,1.0,0.697053153401267,0.4401975773256497,0.0
0.1285999113867966,0.8686479128856625,0.0,0.29491489808783355,1.0,0.7398092967818832,0.9817280083529103,0.0,1.0,0.10823464610300215,0.4013877455015876,0.9999999999999998
0.28145768719539205,0.7260662431941924,0.5357102304984672,0.28272746375288926,0.0,0.6898688915375446,0.07099973897154789,0.975015746378333,0.15533215060122219,0.0,0.9999999999999999,0.3100358422939067
0.28145768719539205,0.7260662431941924,0.5357102304984672,0.28272746375288926,0.0,0.6898688915375446,0.07099973897154789,0.975015746378333,0.15533215060122219,1.0000000000000002,0.0,0.29091995221027456
0.28145768719539205,0.7260662431941924,0.5357102304984672,0.28272746375288926,0.0,0.6898688915375446,0.07099973897154789,0.975015746378333,0.15533215060122219,0.697053153401267,0.4401975773256497,0.0
0.28145768719539205,0.7260662431941924,0.5357102304984672,0.28272746375288926,0.0,0.6898688915375446,0.07099973897154789,0.975015746378333,0.15533215060122219,0.10823464610300215,0.4013877455015876,0.9999999999999998
0.28145768719539205,0.7260662431941924,0.5357102304984672,0.28272746375288926,0.0,0.6898688915375446,0.0,0.4611589334453075,0.0,0.0,0.9999999999999999,0.3100358422939067
0.28145768719539205,0.7260662431941924,0.5357102304984672,0.28272746375288926,0.0,0.6898688915375446,0.0,0.4611589334453075,0.0,1.0000000000000002,0.0,0.29091995221027456
0.28145768719539205,0.7260662431941924,0.5357102304984672,0.28272746375288926,0.0,0.6898688915375446,0.0,0.4611589334453075,0.0,0.697053153401267,0.4401975773256497,0.0
0.28145768719539205,0.7260662431941924,0.5357102304984672,0.28272746375288926,0.0,0.6898688915375446,0.0,0.4611589334453075,0.0,0.10823464610300215,0.4013877455015876,0.9999999999999998
0.28145768719539205,0.7260662431941924,0.5357102304984672,0.28272746375288926,0.0,0.6898688915375446,1.0,1.0,0.5901833234772325,0.0,0.9999999999999999,0.3100358422939067
0.28145768719539205,0.7260662431941924,0.5357102304984672,0.28272746375288926,0.0,0.6898688915375446,1.0,1.0,0.5901833234772325,1.0000000000000002,0.0,0.29091995221027456
0.28145768719539205,0.7260662431941924,0.5357102304984672,0.28272746375288926,0.0,0.6898688915375446,1.0,1.0,0.5901833234772325,0.697053153401267,0.4401975773256497,0.0
0.28145768719539205,0.7260662431941924,0.5357102304984672,0.28272746375288926,0.0,0.6898688915375446,1.0,1.0,0.5901833234772325,0.10823464610300215,0.4013877455015876,0.9999999999999998
0.28145768719539205,0.7260662431941924,0.5357102304984672,0.28272746375288926,0.0,0.6898688915375446,0.10702166536152442,0.9070963678353978,0.7001774098166764,0.0,0.9999999999999999,0.3100358422939067
0.28145768719539205,0.7260662431941924,0.5357102304984672,0.28272746375288926,0.0,0.6898688915375446,0.10702166536152442,0.9070963678353978,0.7001774098166764,1.0000000000000002,0.0,0.29091995221027456
0.28145768719539205,0.7260662431941924,0.5357102304984672,0.28272746375288926,0.0,0.6898688915375446,0.10702166536152442,0.9070963678353978,0.7001774098166764,0.697053153401267,0.4401975773256497,0.0
0.28145768719539205,0.7260662431941924,0.5357102304984672,0.28272746375288926,0.0,0.6898688915375446,0.10702166536152442,0.9070963678353978,0.7001774098166764,0.10823464610300215,0.4013877455015876,0.9999999999999998
0.28145768719539205,0.7260662431941924,0.5357102304984672,0.28272746375288926,0.0,0.6898688915375446,0.3492560689115113,0.8275246693260551,0.2781391681450819,0.0,0.9999999999999999,0.3100358422939067
0.28145768719539205,0.7260662431941924,0.5357102304984672,0.28272746375288926,0.0,0.6898688915375446,0.3492560689115113,0.8275246693260551,0.2781391681450819,1.0000000000000002,0.0,0.29091995221027456
0.28145768719539205,0.7260662431941924,0.5357102304984672,0.28272746375288926,0.0,0.6898688915375446,0.3492560689115113,0.8275246693260551,0.2781391681450819,0.697053153401267,0.4401975773256497,0.0
0.28145768719539205,0.7260662431941924,0.5357102304984672,0.28272746375288926,0.0,0.6898688915375446,0.3492560689115113,0.8275246693260551,0.2781391681450819,0.10823464610300215,0.4013877455015876,0.9999999999999998
0.28145768719539205,0.7260662431941924,0.5357102304984672,0.28272746375288926,0.0,0.6898688915375446,0.1536152440616027,0.4086710056686962,0.3378671397595112,0.0,0.9999999999999999,0.3100358422939067
0.28145768719539205,0.7260662431941924,0.5357102304984672,0.28272746375288926,0.0,0.6898688915375446,0.1536152440616027,0.4086710056686962,0.3378671397595112,1.0000000000000002,0.0,0.29091995221027456
0.28145768719539205,0.7260662431941924,0.5357102304984672,0.28272746375288926,0.0,0.6898688915375446,0.1536152440616027,0.4086710056686962,0.3378671397595112,0.697053153401267,0.4401975773256497,0.0
0.28145768719539205,0.7260662431941924,0.5357102304984672,0.28272746375288926,0.0,0.6898688915375446,0.1536152440616027,0.4086710056686962,0.3378671397595112,0.10823464610300215,0.4013877455015876,0.9999999999999998
0.28145768719539205,0.7260662431941924,0.5357102304984672,0.28272746375288926,0.0,0.6898688915375446,0.9655442443226312,0.4583245853453705,0.4931992903607333,0.0,0.9999999999999999,0.3100358422939067
0.28145768719539205,0.7260662431941924,0.5357102304984672,0.28272746375288926,0.0,0.6898688915375446,0.9655442443226312,0.4583245853453705,0.4931992903607333,1.0000000000000002,0.0,0.29091995221027456
0.28145768719539205,0.7260662431941924,0.5357102304984672,0.28272746375288926,0.0,0.6898688915375446,0.9655442443226312,0.4583245853453705,0.4931992903607333,0.697053153401267,0.4401975773256497,0.0
0.28145768719539205,0.7260662431941924,0.5357102304984672,0.28272746375288926,0.0,0.6898688915375446,0.9655442443226312,0.4583245853453705,0.4931992903607333,0.10823464610300215,0.4013877455015876,0.9999999999999998
0.28145768719539205,0.7260662431941924,0.5357102304984672,0.28272746375288926,0.0,0.6898688915375446,0.9817280083529103,0.0,1.0,0.0,0.9999999999999999,0.3100358422939067
0.28145768719539205,0.7260662431941924,0.5357102304984672,0.28272746375288926,0.0,0.6898688915375446,0.9817280083529103,0.0,1.0,1.0000000000000002,0.0,0.29091995221027456
0.28145768719539205,0.7260662431941924,0.5357102304984672,0.28272746375288926,0.0,0.6898688915375446,0.9817280083529103,0.0,1.0,0.697053153401267,0.4401975773256497,0.0
0.28145768719539205,0.7260662431941924,0.5357102304984672,0.28272746375288926,0.0,0.6898688915375446,0.9817280083529103,0.0,1.0,0.10823464610300215,0.4013877455015876,0.9999999999999998
0.28145768719539205,0.7260662431941924,0.5357102304984672,0.30731246060096656,0.7355525306273976,0.20715137067938016,0.07099973897154789,0.975015746378333,0.15533215060122219,0.0,0.9999999999999999,0.3100358422939067
0.28145768719539205,0.7260662431941924,0.5357102304984672,0.30731246060096656,0.7355525306273976,0.20715137067938016,0.07099973897154789,0.975015746378333,0.15533215060122219,1.0000000000000002,0.0,0.29091995221027456
0.28145768719539205,0.7260662431941924,0.5357102304984672,0.30731246060096656,0.7355525306273976,0.20715137067938016,0.07099973897154789,0.975015746378333,0.15533215060122219,0.697053153401267,0.4401975773256497,0.0
0.28145768719539205,0.7260662431941924,0.5357102304984672,0.30731246060096656,0.7355525306273976,0.20715137067938016,0.07099973897154789,0.975015746378333,0.15533215060122219,0.10823464610300215,0.4013877455015876,0.9999999999999998
0.28145768719539205,0.7260662431941924,0.5357102304984672,0.30731246060096656,0.7355525306273976,0.20715137067938016,0.0,0.4611589334453075,0.0,0.0,0.9999999999999999,0.3100358422939067
0.28145768719539205,0.7260662431941924,0.5357102304984672,0.30731246060096656,0.7355525306273976,0.20715137067938016,0.0,0.4611589334453075,0.0,1.0000000000000002,0.0,0.29091995221027456
0.28145768719539205,0.7260662431941924,0.5357102304984672,0.30731246060096656,0.7355525306273976,0.20715137067938016,0.0,0.4611589334453075,0.0,0.697053153401267,0.4401975773256497,0.0
0.28145768719539205,0.7260662431941924,0.5357102304984672,0.30731246060096656,0.7355525306273976,0.20715137067938016,0.0,0.4611589334453075,0.0,0.10823464610300215,0.4013877455015876,0.9999999999999998
0.28145768719539205,0.7260662431941924,0.5357102304984672,0.30731246060096656,0.7355525306273976,0.20715137067938016,1.0,1.0,0.5901833234772325,0.0,0.9999999999999999,0.3100358422939067
0.28145768719539205,0.7260662431941924,0.5357102304984672,0.30731246060096656,0.7355525306273976,0.20715137067938016,1.0,1.0,0.5901833234772325,1.0000000000000002,0.0,0.29091995221027456
0.28145768719539205,0.7260662431941924,0.5357102304984672,0.30731246060096656,0.7355525306273976,0.20715137067938016,1.0,1.0,0.5901833234772325,0.697053153401267,0.4401975773256497,0.0
0.28145768719539205,0.7260662431941924,0.5357102304984672,0.30731246060096656,0.7355525306273976,0.20715137067938016,1.0,1.0,0.5901833234772325,0.10823464610300215,0.4013877455015876,0.9999999999999998
0.28145768719539205,0.7260662431941924,0.5357102304984672,0.30731246060096656,0.7355525306273976,0.20715137067938016,0.10702166536152442,0.9070963678353978,0.7001774098166764,0.0,0.9999999999999999,0.3100358422939067
0.28145768719539205,0.7260662431941924,0.5357102304984672,0.30731246060096656,0.7355525306273976,0.20715137067938016,0.10702166536152442,0.9070963678353978,0.7001774098166764,1.0000000000000002,0.0,0.29091995221027456
0.28145768719539205,0.7260662431941924,0.5357102304984672,0.30731246060096656,0.7355525306273976,0.20715137067938016,0.10702166536152442,0.9070963678353978,0.7001774098166764,0.697053153401267,0.4401975773256497,0.0
0.28145768719539205,0.7260662431941924,0.5357102304984672,0.30731246060096656,0.7355525306273976,0.20715137067938016,0.10702166536152442,0.9070963678353978,0.7001774098166764,0.10823464610300215,0.4013877455015876,0.9999999999999998
0.28145768719539205,0.7260662431941924,0.5357102304984672,0.30731246060096656,0.7355525306273976,0.20715137067938016,0.3492560689115113,0.8275246693260551,0.2781391681450819,0.0,0.9999999999999999,0.3100358422939067
0.28145768719539205,0.7260662431941924,0.5357102304984672,0.30731246060096656,0.7355525306273976,0.20715137067938016,0.3492560689115113,0.8275246693260551,0.2781391681450819,1.0000000000000002,0.0,0.29091995221027456
0.28145768719539205,0.7260662431941924,0.5357102304984672,0.30731246060096656,0.7355525306273976,0.20715137067938016,0.3492560689115113,0.8275246693260551,0.2781391681450819,0.697053153401267,0.4401975773256497,0.0
0.28145768719539205,0.7260662431941924,0.5357102304984672,0.30731246060096656,0.7355525306273976,0.20715137067938016,0.3492560689115113,0.8275246693260551,0.2781391681450819,0.10823464610300215,0.4013877455015876,0.9999999999999998
0.28145768719539205,0.7260662431941924,0.5357102304984672,0.30731246060096656,0.7355525306273976,0.20715137067938016,0.1536152440616027,0.4086710056686962,0.3378671397595112,0.0,0.9999999999999999,0.3100358422939067
0.28145768719539205,0.7260662431941924,0.5357102304984672,0.30731246060096656,0.7355525306273976,0.20715137067938016,0.1536152440616027,0.4086710056686962,0.3378671397595112,1.0000000000000002,0.0,0.29091995221027456
0.28145768719539205,0.7260662431941924,0.5357102304984672,0.30731246060096656,0.7355525306273976,0.20715137067938016,0.1536152440616027,0.4086710056686962,0.3378671397595112,0.697053153401267,0.4401975773256497,0.0
0.28145768719539205,0.7260662431941924,0.5357102304984672,0.30731246060096656,0.7355525306273976,0.20715137067938016,0.1536152440616027,0.4086710056686962,0.3378671397595112,0.10823464610300215,0.4013877455015876,0.9999999999999998
0.28145768719539205,0.7260662431941924,0.5357102304984672,0.30731246060096656,0.7355525306273976,0.20715137067938016,0.9655442443226312,0.4583245853453705,0.4931992903607333,0.0,0.9999999999999999,0.3100358422939067
0.28145768719539205,0.7260662431941924,0.5357102304984672,0.30731246060096656,0.7355525306273976,0.20715137067938016,0.9655442443226312,0.4583245853453705,0.4931992903607333,1.0000000000000002,0.0,0.29091995221027456
0.28145768719539205,0.7260662431941924,0.5357102304984672,0.30731246060096656,0.7355525306273976,0.20715137067938016,0.9655442443226312,0.4583245853453705,0.4931992903607333,0.697053153401267,0.4401975773256497,0.0
0.28145768719539205,0.7260662431941924,0.5357102304984672,0.30731246060096656,0.7355525306273976,0.20715137067938016,0.9655442443226312,0.4583245853453705,0.4931992903607333,0.10823464610300215,0.4013877455015876,0.9999999999999998
0.28145768719539205,0.7260662431941924,0.5357102304984672,0.30731246060096656,0.7355525306273976,0.20715137067938016,0.9817280083529103,0.0,1.0,0.0,0.9999999999999999,0.3100358422939067
0.28145768719539205,0.7260662431941924,0.5357102304984672,0.30731246060096656,0.7355525306273976,0.20715137067938016,0.9817280083529103,0.0,1.0,1.0000000000000002,0.0,0.29091995221027456
0.28145768719539205,0.7260662431941924,0.5357102304984672,0.30731246060096656,0.7355525306273976,0.20715137067938016,0.9817280083529103,0.0,1.0,0.697053153401267,0.4401975773256497,0.0
0.28145768719539205,0.7260662431941924,0.5357102304984672,0.30731246060096656,0.7355525306273976,0.20715137067938016,0.9817280083529103,0.0,1.0,0.10823464610300215,0.4013877455015876,0.9999999999999998
0.28145768719539205,0.7260662431941924,0.5357102304984672,0.7482664425299431,0.3349832941467641,0.8704410011918953,0.07099973897154789,0.975015746378333,0.15533215060122219,0.0,0.9999999999999999,0.3100358422939067
0.28145768719539205,0.7260662431941924,0.5357102304984672,0.7482664425299431,0.3349832941467641,0.8704410011918953,0.07099973897154789,0.975015746378333,0.15533215060122219,1.0000000000000002,0.0,0.29091995221027456
0.28145768719539205,0.7260662431941924,0.5357102304984672,0.7482664425299431,0.3349832941467641,0.8704410011918953,0.07099973897154789,0.975015746378333,0.15533215060122219,0.697053153401267,0.4401975773256497,0.0
0.28145768719539205,0.7260662431941924,0.5357102304984672,0.7482664425299431,0.3349832941467641,0.8704410011918953,0.07099973897154789,0.975015746378333,0.15533215060122219,0.10823464610300215,0.4013877455015876,0.9999999999999998
0.28145768719539205,0.7260662431941924,0.5357102304984672,0.7482664425299431,0.3349832941467641,0.8704410011918953,0.0,0.4611589334453075,0.0,0.0,0.9999999999999999,0.3100358422939067
0.28145768719539205,0.7260662431941924,0.5357102304984672,0.7482664425299431,0.3349832941467641,0.8704410011918953,0.0,0.4611589334453075,0.0,1.0000000000000002,0.0,0.29091995221027456
0.28145768719539205,0.7260662431941924,0.5357102304984672,0.7482664425299431,0.3349832941467641,0.8704410011918953,0.0,0.4611589334453075,0.0,0.697053153401267,0.4401975773256497,0.0
0.28145768719539205,0.7260662431941924,0.5357102304984672,0.7482664425299431,0.3349832941467641,0.8704410011918953,0.0,0.4611589334453075,0.0,0.10823464610300215,0.4013877455015876,0.9999999999999998
0.28145768719539205,0.7260662431941924,0.5357102304984672,0.7482664425299431,0.3349832941467641,0.8704410011918953,1.0,1.0,0.5901833234772325,0.0,0.9999999999999999,0.3100358422939067
0.28145768719539205,0.7260662431941924,0.5357102304984672,0.7482664425299431,0.3349832941467641,0.8704410011918953,1.0,1.0,0.5901833234772325,1.0000000000000002,0.0,0.29091995221027456
0.28145768719539205,0.7260662431941924,0.5357102304984672,0.7482664425299431,0.3349832941467641,0.8704410011918953,1.0,1.0,0.5901833234772325,0.697053153401267,0.4401975773256497,0.0
0.28145768719539205,0.7260662431941924,0.5357102304984672,0.7482664425299431,0.3349832941467641,0.8704410011918953,1.0,1.0,0.5901833234772325,0.10823464610300215,0.4013877455015876,0.9999999999999998
0.28145768719539205,0.7260662431941924,0.5357102304984672,0.7482664425299431,0.3349832941467641,0.8704410011918953,0.10702166536152442,0.9070963678353978,0.7001774098166764,0.0,0.9999999999999999,0.3100358422939067
0.28145768719539205,0.7260662431941924,0.5357102304984672,0.7482664425299431,0.3349832941467641,0.8704410011918953,0.10702166536152442,0.9070963678353978,0.7001774098166764,1.0000000000000002,0.0,0.29091995221027456
0.28145768719539205,0.7260662431941924,0.5357102304984672,0.7482664425299431,0.3349832941467641,0.8704410011918953,0.10702166536152442,0.9070963678353978,0.7001774098166764,0.697053153401267,0.4401975773256497,0.0
0.28145768719539205,0.7260662431941924,0.5357102304984672,0.7482664425299431,0.3349832941467641,0.8704410011918953,0.10702166536152442,0.9070963678353978,0.7001774098166764,0.10823464610300215,0.4013877455015876,0.9999999999999998
0.28145768719539205,0.7260662431941924,0.5357102304984672,0.7482664425299431,0.3349832941467641,0.8704410011918953,0.3492560689115113,0.8275246693260551,0.2781391681450819,0.0,0.9999999999999999,0.3100358422939067
0.28145768719539205,0.7260662431941924,0.5357102304984672,0.7482664425299431,0.3349832941467641,0.8704410011918953,0.3492560689115113,0.8275246693260551,0.2781391681450819,1.0000000000000002,0.0,0.29091995221027456
0.28145768719539205,0.7260662431941924,0.5357102304984672,0.7482664425299431,0.3349832941467641,0.8704410011918953,0.3492560689115113,0.8275246693260551,0.2781391681450819,0.697053153401267,0.4401975773256497,0.0
0.28145768719539205,0.7260662431941924,0.5357102304984672,0.7482664425299431,0.3349832941467641,0.8704410011918953,0.3492560689115113,0.8275246693260551,0.2781391681450819,0.10823464610300215,0.4013877455015876,0.9999999999999998
0.28145768719539205,0.7260662431941924,0.5357102304984672,0.7482664425299431,0.3349832941467641,0.8704410011918953,0.1536152440616027,0.4086710056686962,0.3378671397595112,0.0,0.9999999999999999,0.3100358422939067
0.28145768719539205,0.7260662431941924,0.5357102304984672,0.7482664425299431,0.3349832941467641,0.8704410011918953,0.1536152440616027,0.4086710056686962,0.3378671397595112,1.0000000000000002,0.0,0.29091995221027456
0.28145768719539205,0.7260662431941924,0.5357102304984672,0.7482664425299431,0.3349832941467641,0.8704410011918953,0.1536152440616027,0.4086710056686962,0.3378671397595112,0.697053153401267,0.4401975773256497,0.0
0.28145768719539205,0.7260662431941924,0.5357102304984672,0.7482664425299431,0.3349832941467641,0.8704410011918953,0.1536152440616027,0.4086710056686962,0.3378671397595112,0.10823464610300215,0.4013877455015876,0.9999999999999998
0.28145768719539205,0.7260662431941924,0.5357102304984672,0.7482664425299431,0.3349832941467641,0.8704410011918953,0.9655442443226312,0.4583245853453705,0.4931992903607333,0.0,0.9999999999999999,0.3100358422939067
0.28145768719539205,0.7260662431941924,0.5357102304984672,0.7482664425299431,0.3349832941467641,0.8704410011918953,0.9655442443226312,0.4583245853453705,0.4931992903607333,1.0000000000000002,0.0,0.29091995221027456
0.28145768719539205,0.7260662431941924,0.5357102304984672,0.7482664425299431,0.3349832941467641,0.8704410011918953,0.9655442443226312,0.4583245853453705,0.4931992903607333,0.697053153401267,0.4401975773256497,0.0
0.28145768719539205,0.7260662431941924,0.5357102304984672,0.7482664425299431,0.3349832941467641,0.8704410011918953,0.9655442443226312,0.4583245853453705,0.4931992903607333,0.10823464610300215,0.4013877455015876,0.9999999999999998
0.28145768719539205,0.7260662431941924,0.5357102304984672,0.7482664425299431,0.3349832941467641,0.8704410011918953,0.9817280083529103,0.0,1.0,0.0,0.9999999999999999,0.3100358422939067
0.28145768719539205,0.7260662431941924,0.5357102304984672,0.7482664425299431,0.3349832941467641,0.8704410011918953,0.9817280083529103,0.0,1.0,1.0000000000000002,0.0,0.29091995221027456
0.28145768719539205,0.7260662431941924,0.5357102304984672,0.7482664425299431,0.3349832941467641,0.8704410011918953,0.9817280083529103,0.0,1.0,0.697053153401267,0.4401975773256497,0.0
0.28145768719539205,0.7260662431941924,0.5357102304984672,0.7482664425299431,0.3349832941467641,0.8704410011918953,0.9817280083529103,0.0,1.0,0.10823464610300215,0.4013877455015876,0.9999999999999998
0.28145768719539205,0.7260662431941924,0.5357102304984672,0.0,0.8396238089345379,0.6827175208581644,0.07099973897154789,0.975015746378333,0.15533215060122219,0.0,0.9999999999999999,0.3100358422939067
0.28145768719539205,0.7260662431941924,0.5357102304984672,0.0,0.8396238089345379,0.6827175208581644,0.07099973897154789,0.975015746378333,0.15533215060122219,1.0000000000000002,0.0,0.29091995221027456
0.28145768719539205,0.7260662431941924,0.5357102304984672,0.0,0.8396238089345379,0.6827175208581644,0.07099973897154789,0.975015746378333,0.15533215060122219,0.697053153401267,0.4401975773256497,0.0
0.28145768719539205,0.7260662431941924,0.5357102304984672,0.0,0.8396238089345379,0.6827175208581644,0.07099973897154789,0.975015746378333,0.15533215060122219,0.10823464610300215,0.4013877455015876,0.9999999999999998
0.28145768719539205,0.7260662431941924,0.5357102304984672,0.0,0.8396238089345379,0.6827175208581644,0.0,0.4611589334453075,0.0,0.0,0.9999999999999999,0.3100358422939067
0.28145768719539205,0.7260662431941924,0.5357102304984672,0.0,0.8396238089345379,0.6827175208581644,0.0,0.4611589334453075,0.0,1.0000000000000002,0.0,0.29091995221027456
0.28145768719539205,0.7260662431941924,0.5357102304984672,0.0,0.8396238089345379,0.6827175208581644,0.0,0.4611589334453075,0.0,0.697053153401267,0.4401975773256497,0.0
0.28145768719539205,0.7260662431941924,0.5357102304984672,0.0,0.8396238089345379,0.6827175208581644,0.0,0.4611589334453075,0.0,0.10823464610300215,0.4013877455015876,0.9999999999999998
0.28145768719539205,0.7260662431941924,0.5357102304984672,0.0,0.8396238089345379,0.6827175208581644,1.0,1.0,0.5901833234772325,0.0,0.9999999999999999,0.3100358422939067
0.28145768719539205,0.7260662431941924,0.5357102304984672,0.0,0.8396238089345379,0.6827175208581644,1.0,1.0,0.5901833234772325,1.0000000000000002,0.0,0.29091995221027456
0.28145768719539205,0.7260662431941924,0.5357102304984672,0.0,0.8396238089345379,0.6827175208581644,1.0,1.0,0.5901833234772325,0.697053153401267,0.4401975773256497,0.0
0.28145768719539205,0.7260662431941924,0.5357102304984672,0.0,0.8396238089345379,0.6827175208581644,1.0,1.0,0.5901833234772325,0.10823464610300215,0.4013877455015876,0.9999999999999998
0.28145768719539205,0.7260662431941924,0.5357102304984672,0.0,0.8396238089345379,0.6827175208581644,0.10702166536152442,0.9070963678353978,0.7001774098166764,0.0,0.9999999999999999,0.3100358422939067
0.28145768719539205,0.7260662431941924,0.5357102304984672,0.0,0.8396238089345379,0.6827175208581644,0.10702166536152442,0.9070963678353978,0.7001774098166764,1.0000000000000002,0.0,0.29091995221027456
0.28145768719539205,0.7260662431941924,0.5357102304984672,0.0,0.8396238089345379,0.6827175208581644,0.10702166536152442,0.9070963678353978,0.7001774098166764,0.697053153401267,0.4401975773256497,0.0
0.28145768719539205,0.7260662431941924,0.5357102304984672,0.0,0.8396238089345379,0.6827175208581644,0.10702166536152442,0.9070963678353978,0.7001774098166764,0.10823464610300215,0.4013877455015876,0.9999999999999998
0.28145768719539205,0.7260662431941924,0.5357102304984672,0.0,0.8396238089345379,0.6827175208581644,0.3492560689115113,0.8275246693260551,0.2781391681450819,0.0,0.9999999999999999,0.3100358422939067
0.28145768719539205,0.7260662431941924,0.5357102304984672,0.0,0.8396238089345379,0.6827175208581644,0.3492560689115113,0.8275246693260551,0.2781391681450819,1.0000000000000002,0.0,0.29091995221027456
0.28145768719539205,0.7260662431941924,0.5357102304984672,0.0,0.8396238089345379,0.6827175208581644,0.3492560689115113,0.8275246693260551,0.2781391681450819,0.697053153401267,0.4401975773256497,0.0
0.28145768719539205,0.7260662431941924,0.5357102304984672,0.0,0.8396238089345379,0.6827175208581644,0.3492560689115113,0.8275246693260551,0.2781391681450819,0.10823464610300215,0.4013877455015876,0.9999999999999998
0.28145768719539205,0.7260662431941924,0.5357102304984672,0.0,0.8396238089345379,0.6827175208581644,0.1536152440616027,0.4086710056686962,0.3378671397595112,0.0,0.9999999999999999,0.3100358422939067
0.28145768719539205,0.7260662431941924,0.5357102304984672,0.0,0.8396238089345379,0.6827175208581644,0.1536152440616027,0.4086710056686962,0.3378671397595112,1.0000000000000002,0.0,0.29091995221027456
0.28145768719539205,0.7260662431941924,0.5357102304984672,0.0,0.8396238089345379,0.6827175208581644,0.1536152440616027,0.4086710056686962,0.3378671397595112,0.697053153401267,0.4401975773256497,0.0
0.28145768719539205,0.7260662431941924,0.5357102304984672,0.0,0.8396238089345379,0.6827175208581644,0.1536152440616027,0.4086710056686962,0.3378671397595112,0.10823464610300215,0.4013877455015876,0.9999999999999998
0.28145768719539205,0.7260662431941924,0.5357102304984672,0.0,0.8396238089345379,0.6827175208581644,0.9655442443226312,0.4583245853453705,0.4931992903607333,0.0,0.9999999999999999,0.3100358422939067
0.28145768719539205,0.7260662431941924,0.5357102304984672,0.0,0.8396238089345379,0.6827175208581644,0.9655442443226312,0.4583245853453705,0.4931992903607333,1.0000000000000002,0.0,0.29091995221027456
0.28145768719539205,0.7260662431941924,0.5357102304984672,0.0,0.8396238089345379,0.6827175208581644,0.9655442443226312,0.4583245853453705,0.4931992903607333,0.697053153401267,0.4401975773256497,0.0
0.28145768719539205,0.7260662431941924,0.5357102304984672,0.0,0.8396238089345379,0.6827175208581644,0.9655442443226312,0.4583245853453705,0.4931992903607333,0.10823464610300215,0.4013877455015876,0.9999999999999998
0.28145768719539205,0.7260662431941924,0.5357102304984672,0.0,0.8396238089345379,0.6827175208581644,0.9817280083529103,0.0,1.0,0.0,0.9999999999999999,0.3100358422939067
0.28145768719539205,0.7260662431941924,0.5357102304984672,0.0,0.8396238089345379,0.6827175208581644,0.9817280083529103,0.0,1.0,1.0000000000000002,0.0,0.29091995221027456
0.28145768719539205,0.7260662431941924,0.5357102304984672,0.0,0.8396238089345379,0.6827175208581644,0.9817280083529103,0.0,1.0,0.697053153401267,0.4401975773256497,0.0
0.28145768719539205,0.7260662431941924,0.5357102304984672,0.0,0.8396238089345379,0.6827175208581644,0.9817280083529103,0.0,1.0,0.10823464610300215,0.4013877455015876,0.9999999999999998
0.28145768719539205,0.7260662431941924,0.5357102304984672,0.9180500105064089,0.057294889246380404,0.9804529201430274,0.07099973897154789,0.975015746378333,0.15533215060122219,0.0,0.9999999999999999,0.3100358422939067
0.28145768719539205,0.7260662431941924,0.5357102304984672,0.9180500105064089,0.057294889246380404,0.9804529201430274,0.07099973897154789,0.975015746378333,0.15533215060122219,1.0000000000000002,0.0,0.29091995221027456
0.28145768719539205,0.7260662431941924,0.5357102304984672,0.9180500105064089,0.057294889246380404,0.9804529201430274,0.07099973897154789,0.975015746378333,0.15533215060122219,0.697053153401267,0.4401975773256497,0.0
0.28145768719539205,0.7260662431941924,0.5357102304984672,0.9180500105064089,0.057294889246380404,0.9804529201430274,0.07099973897154789,0.975015746378333,0.15533215060122219,0.10823464610300215,0.4013877455015876,0.9999999999999998
0.28145768719539205,0.7260662431941924,0.5357102304984672,0.9180500105064089,0.057294889246380404,0.9804529201430274,0.0,0.4611589334453075,0.0,0.0,0.9999999999999999,0.3100358422939067
0.28145768719539205,0.7260662431941924,0.5357102304984672,0.9180500105064089,0.057294889246380404,0.9804529201430274,0.0,0.4611589334453075,0.0,1.0000000000000002,0.0,0.29091995221027456
0.28145768719539205,0.7260662431941924,0.5357102304984672,0.9180500105064089,0.057294889246380404,0.9804529201430274,0.0,0.4611589334453075,0.0,0.697053153401267,0.4401975773256497,0.0
0.28145768719539205,0.7260662431941924,0.5357102304984672,0.9180500105064089,0.057294889246380404,0.9804529201430274,0.0,0.4611589334453075,0.0,0.10823464610300215,0.4013877455015876,0.9999999999999998
0.28145768719539205,0.7260662431941924,0.5357102304984672,0.9180500105064089,0.057294889246380404,0.9804529201430274,1.0,1.0,0.5901833234772325,0.0,0.9999999999999999,0.3100358422939067
0.28145768719539205,0.7260662431941924,0.5357102304984672,0.9180500105064089,0.057294889246380404,0.9804529201430274,1.0,1.0,0.5901833234772325,1.0000000000000002,0.0,0.29091995221027456
0.28145768719539205,0.7260662431941924,0.5357102304984672,0.9180500105064089,0.057294889246380404,0.9804529201430274,1.0,1.0,0.5901833234772325,0.697053153401267,0.4401975773256497,0.0
0.28145768719539205,0.7260662431941924,0.5357102304984672,0.9180500105064089,0.057294889246380404,0.9804529201430274,1.0,1.0,0.5901833234772325,0.10823464610300215,0.4013877455015876,0.9999999999999998
0.28145768719539205,0.7260662431941924,0.5357102304984672,0.9180500105064089,0.057294889246380404,0.9804529201430274,0.10702166536152442,0.9070963678353978,0.7001774098166764,0.0,0.9999999999999999,0.3100358422939067
0.28145768719539205,0.7260662431941924,0.5357102304984672,0.9180500105064089,0.057294889246380404,0.9804529201430274,0.10702166536152442,0.9070963678353978,0.7001774098166764,1.0000000000000002,0.0,0.29091995221027456
0.28145768719539205,0.7260662431941924,0.5357102304984672,0.9180500105064089,0.057294889246380404,0.9804529201430274,0.10702166536152442,0.9070963678353978,0.7001774098166764,0.697053153401267,0.4401975773256497,0.0
0.28145768719539205,0.7260662431941924,0.5357102304984672,0.9180500105064089,0.057294889246380404,0.9804529201430274,0.10702166536152442,0.9070963678353978,0.7001774098166764,0.10823464610300215,0.4013877455015876,0.9999999999999998
0.28145768719539205,0.7260662431941924,0.5357102304984672,0.9180500105064089,0.057294889246380404,0.9804529201430274,0.3492560689115113,0.8275246693260551,0.2781391681450819,0.0,0.9999999999999999,0.3100358422939067
0.28145768719539205,0.7260662431941924,0.5357102304984672,0.9180500105064089,0.057294889246380404,0.9804529201430274,0.3492560689115113,0.8275246693260551,0.2781391681450819,1.0000000000000002,0.0,0.29091995221027456
0.28145768719539205,0.7260662431941924,0.5357102304984672,0.9180500105064089,0.057294889246380404,0.9804529201430274,0.3492560689115113,0.8275246693260551,0.2781391681450819,0.697053153401267,0.4401975773256497,0.0
0.28145768719539205,0.7260662431941924,0.5357102304984672,0.9180500105064089,0.057294889246380404,0.9804529201430274,0.3492560689115113,0.8275246693260551,0.2781391681450819,0.10823464610300215,0.4013877455015876,0.9999999999999998
0.28145768719539205,0.7260662431941924,0.5357102304984672,0.9180500105064089,0.057294889246380404,0.9804529201430274,0.1536152440616027,0.4086710056686962,0.3378671397595112,0.0,0.9999999999999999,0.3100358422939067
0.28145768719539205,0.7260662431941924,0.5357102304984672,0.9180500105064089,0.057294889246380404,0.9804529201430274,0.1536152440616027,0.4086710056686962,0.3378671397595112,1.0000000000000002,0.0,0.29091995221027456
0.28145768719539205,0.7260662431941924,0.5357102304984672,0.9180500105064089,0.057294889246380404,0.9804529201430274,0.1536152440616027,0.4086710056686962,0.3378671397595112,0.697053153401267,0.4401975773256497,0.0
0.28145768719539205,0.7260662431941924,0.5357102304984672,0.9180500105064089,0.057294889246380404,0.9804529201430274,0.1536152440616027,0.4086710056686962,0.3378671397595112,0.10823464610300215,0.4013877455015876,0.9999999999999998
0.28145768719539205,0.7260662431941924,0.5357102304984672,0.9180500105064089,0.057294889246380404,0.9804529201430274,0.9655442443226312,0.4583245853453705,0.4931992903607333,0.0,0.9999999999999999,0.3100358422939067
0.28145768719539205,0.7260662431941924,0.5357102304984672,0.9180500105064089,0.057294889246380404,0.9804529201430274,0.9655442443226312,0.4583245853453705,0.4931992903607333,1.0000000000000002,0.0,0.29091995221027456
0.28145768719539205,0.7260662431941924,0.5357102304984672,0.9180500105064089,0.057294889246380404,0.9804529201430274,0.9655442443226312,0.4583245853453705,0.4931992903607333,0.697053153401267,0.4401975773256497,0.0
0.28145768719539205,0.7260662431941924,0.5357102304984672,0.9180500105064089,0.057294889246380404,0.9804529201430274,0.9655442443226312,0.4583245853453705,0.4931992903607333,0.10823464610300215,0.4013877455015876,0.9999999999999998
0.28145768719539205,0.7260662431941924,0.5357102304984672,0.9180500105064089,0.057294889246380404,0.9804529201430274,0.9817280083529103,0.0,1.0,0.0,0.9999999999999999,0.3100358422939067
0.28145768719539205,0.7260662431941924,0.5357102304984672,0.9180500105064089,0.057294889246380404,0.9804529201430274,0.9817280083529103,0.0,1.0,1.0000000000000002,0.0,0.29091995221027456
0.28145768719539205,0.7260662431941924,0.5357102304984672,0.9180500105064089,0.057294889246380404,0.9804529201430274,0.9817280083529103,0.0,1.0,0.697053153401267,0.4401975773256497,0.0
0.28145768719539205,0.7260662431941924,0.5357102304984672,0.9180500105064089,0.057294889246380404,0.9804529201430274,0.9817280083529103,0.0,1.0,0.10823464610300215,0.4013877455015876,0.9999999999999998
0.28145768719539205,0.7260662431941924,0.5357102304984672,0.9999999999999999,0.4271748545972034,1.0,0.07099973897154789,0.975015746378333,0.15533215060122219,0.0,0.9999999999999999,0.3100358422939067
0.28145768719539205,0.7260662431941924,0.5357102304984672,0.9999999999999999,0.4271748545972034,1.0,0.07099973897154789,0.975015746378333,0.15533215060122219,1.0000000000000002,0.0,0.29091995221027456
0.28145768719539205,0.7260662431941924,0.5357102304984672,0.9999999999999999,0.4271748545972034,1.0,0.07099973897154789,0.975015746378333,0.15533215060122219,0.697053153401267,0.4401975773256497,0.0
0.28145768719539205,0.7260662431941924,0.5357102304984672,0.9999999999999999,0.4271748545972034,1.0,0.07099973897154789,0.975015746378333,0.15533215060122219,0.10823464610300215,0.4013877455015876,0.9999999999999998
0.28145768719539205,0.7260662431941924,0.5357102304984672,0.9999999999999999,0.4271748545972034,1.0,0.0,0.4611589334453075,0.0,0.0,0.9999999999999999,0.3100358422939067
0.28145768719539205,0.7260662431941924,0.5357102304984672,0.9999999999999999,0.4271748545972034,1.0,0.0,0.4611589334453075,0.0,1.0000000000000002,0.0,0.29091995221027456
0.28145768719539205,0.7260662431941924,0.5357102304984672,0.9999999999999999,0.4271748545972034,1.0,0.0,0.4611589334453075,0.0,0.697053153401267,0.4401975773256497,0.0
0.28145768719539205,0.7260662431941924,0.5357102304984672,0.9999999999999999,0.4271748545972034,1.0,0.0,0.4611589334453075,0.0,0.10823464610300215,0.4013877455015876,0.9999999999999998
0.28145768719539205,0.7260662431941924,0.5357102304984672,0.9999999999999999,0.4271748545972034,1.0,1.0,1.0,0.5901833234772325,0.0,0.9999999999999999,0.3100358422939067
0.28145768719539205,0.7260662431941924,0.5357102304984672,0.9999999999999999,0.4271748545972034,1.0,1.0,1.0,0.5901833234772325,1.0000000000000002,0.0,0.29091995221027456
0.28145768719539205,0.7260662431941924,0.5357102304984672,0.9999999999999999,0.4271748545972034,1.0,1.0,1.0,0.5901833234772325,0.697053153401267,0.4401975773256497,0.0
0.28145768719539205,0.7260662431941924,0.5357102304984672,0.9999999999999999,0.4271748545972034,1.0,1.0,1.0,0.5901833234772325,0.10823464610300215,0.4013877455015876,0.9999999999999998
0.28145768719539205,0.7260662431941924,0.5357102304984672,0.9999999999999999,0.4271748545972034,1.0,0.10702166536152442,0.9070963678353978,0.7001774098166764,0.0,0.9999999999999999,0.3100358422939067
0.28145768719539205,0.7260662431941924,0.5357102304984672,0.9999999999999999,0.4271748545972034,1.0,0.10702166536152442,0.9070963678353978,0.7001774098166764,1.0000000000000002,0.0,0.29091995221027456
0.28145768719539205,0.7260662431941924,0.5357102304984672,0.9999999999999999,0.4271748545972034,1.0,0.10702166536152442,0.9070963678353978,0.7001774098166764,0.697053153401267,0.4401975773256497,0.0
0.28145768719539205,0.7260662431941924,0.5357102304984672,0.9999999999999999,0.4271748545972034,1.0,0.10702166536152442,0.9070963678353978,0.7001774098166764,0.10823464610300215,0.4013877455015876,0.9999999999999998
0.28145768719539205,0.7260662431941924,0.5357102304984672,0.9999999999999999,0.4271748545972034,1.0,0.3492560689115113,0.8275246693260551,0.2781391681450819,0.0,0.9999999999999999,0.3100358422939067
0.28145768719539205,0.7260662431941924,0.5357102304984672,0.9999999999999999,0.4271748545972034,1.0,0.3492560689115113,0.8275246693260551,0.2781391681450819,1.0000000000000002,0.0,0.29091995221027456
0.28145768719539205,0.7260662431941924,0.5357102304984672,0.9999999999999999,0.4271748545972034,1.0,0.3492560689115113,0.8275246693260551,0.2781391681450819,0.697053153401267,0.4401975773256497,0.0
0.28145768719539205,0.7260662431941924,0.5357102304984672,0.9999999999999999,0.4271748545972034,1.0,0.3492560689115113,0.8275246693260551,0.2781391681450819,0.10823464610300215,0.4013877455015876,0.9999999999999998
0.28145768719539205,0.7260662431941924,0.5357102304984672,0.9999999999999999,0.4271748545972034,1.0,0.1536152440616027,0.4086710056686962,0.3378671397595112,0.0,0.9999999999999999,0.3100358422939067
0.28145768719539205,0.7260662431941924,0.5357102304984672,0.9999999999999999,0.4271748545972034,1.0,0.1536152440616027,0.4086710056686962,0.3378671397595112,1.0000000000000002,0.0,0.29091995221027456
0.28145768719539205,0.7260662431941924,0.5357102304984672,0.9999999999999999,0.4271748545972034,1.0,0.1536152440616027,0.4086710056686962,0.3378671397595112,0.697053153401267,0.4401975773256497,0.0
0.28145768719539205,0.7260662431941924,0.5357102304984672,0.9999999999999999,0.4271748545972034,1.0,0.1536152440616027,0.4086710056686962,0.3378671397595112,0.10823464610300215,0.4013877455015876,0.9999999999999998
0.28145768719539205,0.7260662431941924,0.5357102304984672,0.9999999999999999,0.4271748545972034,1.0,0.9655442443226312,0.4583245853453705,0.4931992903607333,0.0,0.9999999999999999,0.3100358422939067
0.28145768719539205,0.7260662431941924,0.5357102304984672,0.9999999999999999,0.4271748545972034,1.0,0.9655442443226312,0.4583245853453705,0.4931992903607333,1.0000000000000002,0.0,0.29091995221027456
0.28145768719539205,0.7260662431941924,0.5357102304984672,0.9999999999999999,0.4271748545972034,1.0,0.9655442443226312,0.4583245853453705,0.4931992903607333,0.697053153401267,0.4401975773256497,0.0
0.28145768719539205,0.7260662431941924,0.5357102304984672,0.9999999999999999,0.4271748545972034,1.0,0.9655442443226312,0.4583245853453705,0.4931992903607333,0.10823464610300215,0.4013877455015876,0.9999999999999998
0.28145768719539205,0.7260662431941924,0.5357102304984672,0.9999999999999999,0.4271748545972034,1.0,0.9817280083529103,0.0,1.0,0.0,0.9999999999999999,0.3100358422939067
0.28145768719539205,0.7260662431941924,0.5357102304984672,0.9999999999999999,0.4271748545972034,1.0,0.9817280083529103,0.0,1.0,1.0000000000000002,0.0,0.29091995221027456
0.28145768719539205,0.7260662431941924,0.5357102304984672,0.9999999999999999,0.4271748545972034,1.0,0.9817280083529103,0.0,1.0,0.697053153401267,0.4401975773256497,0.0
0.28145768719539205,0.7260662431941924,0.5357102304984672,0.9999999999999999,0.4271748545972034,1.0,0.9817280083529103,0.0,1.0,0.10823464610300215,0.4013877455015876,0.9999999999999998
0.28145768719539205,0.7260662431941924,0.5357102304984672,0.00021012817818869337,0.05296374211112484,0.8307508939213348,0.07099973897154789,0.975015746378333,0.15533215060122219,0.0,0.9999999999999999,0.3100358422939067
0.28145768719539205,0.7260662431941924,0.5357102304984672,0.00021012817818869337,0.05296374211112484,0.8307508939213348,0.07099973897154789,0.975015746378333,0.15533215060122219,1.0000000000000002,0.0,0.29091995221027456
0.28145768719539205,0.7260662431941924,0.5357102304984672,0.00021012817818869337,0.05296374211112484,0.8307508939213348,0.07099973897154789,0.975015746378333,0.15533215060122219,0.697053153401267,0.4401975773256497,0.0
0.28145768719539205,0.7260662431941924,0.5357102304984672,0.00021012817818869337,0.05296374211112484,0.8307508939213348,0.07099973897154789,0.975015746378333,0.15533215060122219,0.10823464610300215,0.4013877455015876,0.9999999999999998
0.28145768719539205,0.7260662431941924,0.5357102304984672,0.00021012817818869337,0.05296374211112484,0.8307508939213348,0.0,0.4611589334453075,0.0,0.0,0.9999999999999999,0.3100358422939067
0.28145768719539205,0.7260662431941924,0.5357102304984672,0.00021012817818869337,0.05296374211112484,0.8307508939213348,0.0,0.4611589334453075,0.0,1.0000000000000002,0.0,0.29091995221027456
0.28145768719539205,0.7260662431941924,0.5357102304984672,0.00021012817818869337,0.05296374211112484,0.8307508939213348,0.0,0.4611589334453075,0.0,0.697053153401267,0.4401975773256497,0.0
0.28145768719539205,0.7260662431941924,0.5357102304984672,0.00021012817818869337,0.05296374211112484,0.8307508939213348,0.0,0.4611589334453075,0.0,0.10823464610300215,0.4013877455015876,0.9999999999999998
0.28145768719539205,0.7260662431941924,0.5357102304984672,0.00021012817818869337,0.05296374211112484,0.8307508939213348,1.0,1.0,0.5901833234772325,0.0,0.9999999999999999,0.3100358422939067
0.28145768719539205,0.7260662431941924,0.5357102304984672,0.00021012817818869337,0.05296374211112484,0.8307508939213348,1.0,1.0,0.5901833234772325,1.0000000000000002,0.0,0.29091995221027456
0.28145768719539205,0.7260662431941924,0.5357102304984672,0.00021012817818869337,0.05296374211112484,0.8307508939213348,1.0,1.0,0.5901833234772325,0.697053153401267,0.4401975773256497,0.0
0.28145768719539205,0.7260662431941924,0.5357102304984672,0.00021012817818869337,0.05296374211112484,0.8307508939213348,1.0,1.0,0.5901833234772325,0.10823464610300215,0.4013877455015876,0.9999999999999998
0.28145768719539205,0.7260662431941924,0.5357102304984672,0.00021012817818869337,0.05296374211112484,0.8307508939213348,0.10702166536152442,0.9070963678353978,0.7001774098166764,0.0,0.9999999999999999,0.3100358422939067
0.28145768719539205,0.7260662431941924,0.5357102304984672,0.00021012817818869337,0.05296374211112484,0.8307508939213348,0.10702166536152442,0.9070963678353978,0.7001774098166764,1.0000000000000002,0.0,0.29091995221027456
0.28145768719539205,0.7260662431941924,0.5357102304984672,0.00021012817818869337,0.05296374211112484,0.8307508939213348,0.10702166536152442,0.9070963678353978,0.7001774098166764,0.697053153401267,0.4401975773256497,0.0
0.28145768719539205,0.7260662431941924,0.5357102304984672,0.00021012817818869337,0.05296374211112484,0.8307508939213348,0.10702166536152442,0.9070963678353978,0.7001774098166764,0.10823464610300215,0.4013877455015876,0.9999999999999998
0.28145768719539205,0.7260662431941924,0.5357102304984672,0.00021012817818869337,0.05296374211112484,0.8307508939213348,0.3492560689115113,0.8275246693260551,0.2781391681450819,0.0,0.9999999999999999,0.3100358422939067
0.28145768719539205,0.7260662431941924,0.5357102304984672,0.00021012817818869337,0.05296374211112484,0.8307508939213348,0.3492560689115113,0.8275246693260551,0.2781391681450819,1.0000000000000002,0.0,0.29091995221027456
0.28145768719539205,0.7260662431941924,0.5357102304984672,0.00021012817818869337,0.05296374211112484,0.8307508939213348,0.3492560689115113,0.8275246693260551,0.2781391681450819,0.697053153401267,0.4401975773256497,0.0
0.28145768719539205,0.7260662431941924,0.5357102304984672,0.00021012817818869337,0.05296374211112484,0.8307508939213348,0.3492560689115113,0.8275246693260551,0.2781391681450819,0.10823464610300215,0.4013877455015876,0.9999999999999998
0.28145768719539205,0.7260662431941924,0.5357102304984672,0.00021012817818869337,0.05296374211112484,0.8307508939213348,0.1536152440616027,0.4086710056686962,0.3378671397595112,0.0,0.9999999999999999,0.3100358422939067
0.28145768719539205,0.7260662431941924,0.5357102304984672,0.00021012817818869337,0.05296374211112484,0.8307508939213348,0.1536152440616027,0.4086710056686962,0.3378671397595112,1.0000000000000002,0.0,0.29091995221027456
0.28145768719539205,0.7260662431941924,0.5357102304984672,0.00021012817818869337,0.05296374211112484,0.8307508939213348,0.1536152440616027,0.4086710056686962,0.3378671397595112,0.697053153401267,0.4401975773256497,0.0
0.28145768719539205,0.7260662431941924,0.5357102304984672,0.00021012817818869337,0.05296374211112484,0.8307508939213348,0.1536152440616027,0.4086710056686962,0.3378671397595112,0.10823464610300215,0.4013877455015876,0.9999999999999998
0.28145768719539205,0.7260662431941924,0.5357102304984672,0.00021012817818869337,0.05296374211112484,0.8307508939213348,0.9655442443226312,0.4583245853453705,0.4931992903607333,0.0,0.9999999999999999,0.3100358422939067
0.28145768719539205,0.7260662431941924,0.5357102304984672,0.00021012817818869337,0.05296374211112484,0.8307508939213348,0.9655442443226312,0.4583245853453705,0.4931992903607333,1.0000000000000002,0.0,0.29091995221027456
0.28145768719539205,0.7260662431941924,0.5357102304984672,0.00021012817818869337,0.05296374211112484,0.8307508939213348,0.9655442443226312,0.4583245853453705,0.4931992903607333,0.697053153401267,0.4401975773256497,0.0
0.28145768719539205,0.7260662431941924,0.5357102304984672,0.00021012817818869337,0.05296374211112484,0.8307508939213348,0.9655442443226312,0.4583245853453705,0.4931992903607333,0.10823464610300215,0.4013877455015876,0.9999999999999998
0.28145768719539205,0.7260662431941924,0.5357102304984672,0.00021012817818869337,0.05296374211112484,0.8307508939213348,0.9817280083529103,0.0,1.0,0.0,0.9999999999999999,0.3100358422939067
0.28145768719539205,0.7260662431941924,0.5357102304984672,0.00021012817818869337,0.05296374211112484,0.8307508939213348,0.9817280083529103,0.0,1.0,1.0000000000000002,0.0,0.29091995221027456
0.28145768719539205,0.7260662431941924,0.5357102304984672,0.00021012817818869337,0.05296374211112484,0.8307508939213348,0.9817280083529103,0.0,1.0,0.697053153401267,0.4401975773256497,0.0
0.28145768719539205,0.7260662431941924,0.5357102304984672,0.00021012817818869337,0.05296374211112484,0.8307508939213348,0.9817280083529103,0.0,1.0,0.10823464610300215,0.4013877455015876,0.9999999999999998
0.28145768719539205,0.7260662431941924,0.5357102304984672,0.3867409119562933,0.9365177577032547,0.06686531585220501,0.07099973897154789,0.975015746378333,0.15533215060122219,0.0,0.9999999999999999,0.3100358422939067
0.28145768719539205,0.7260662431941924,0.5357102304984672,0.3867409119562933,0.9365177577032547,0.06686531585220501,0.07099973897154789,0.975015746378333,0.15533215060122219,1.0000000000000002,0.0,0.29091995221027456
0.28145768719539205,0.7260662431941924,0.5357102304984672,0.3867409119562933,0.9365177577032547,0.06686531585220501,0.07099973897154789,0.975015746378333,0.15533215060122219,0.697053153401267,0.4401975773256497,0.0
0.28145768719539205,0.7260662431941924,0.5357102304984672,0.3867409119562933,0.9365177577032547,0.06686531585220501,0.07099973897154789,0.975015746378333,0.15533215060122219,0.10823464610300215,0.4013877455015876,0.9999999999999998
0.28145768719539205,0.7260662431941924,0.5357102304984672,0.3867409119562933,0.9365177577032547,0.06686531585220501,0.0,0.4611589334453075,0.0,0.0,0.9999999999999999,0.3100358422939067
0.28145768719539205,0.7260662431941924,0.5357102304984672,0.3867409119562933,0.9365177577032547,0.06686531585220501,0.0,0.4611589334453075,0.0,1.0000000000000002,0.0,0.29091995221027456
0.28145768719539205,0.7260662431941924,0.5357102304984672,0.3867409119562933,0.9365177577032547,0.06686531585220501,0.0,0.4611589334453075,0.0,0.697053153401267,0.4401975773256497,0.0
0.28145768719539205,0.7260662431941924,0.5357102304984672,0.3867409119562933,0.9365177577032547,0.06686531585220501,0.0,0.4611589334453075,0.0,0.10823464610300215,0.4013877455015876,0.9999999999999998
0.28145768719539205,0.7260662431941924,0.5357102304984672,0.3867409119562933,0.9365177577032547,0.06686531585220501,1.0,1.0,0.5901833234772325,0.0,0.9999999999999999,0.3100358422939067
0.28145768719539205,0.7260662431941924,0.5357102304984672,0.3867409119562933,0.9365177577032547,0.06686531585220501,1.0,1.0,0.5901833234772325,1.0000000000000002,0.0,0.29091995221027456
0.28145768719539205,0.7260662431941924,0.5357102304984672,0.3867409119562933,0.9365177577032547,0.06686531585220501,1.0,1.0,0.5901833234772325,0.697053153401267,0.4401975773256497,0.0
0.28145768719539205,0.7260662431941924,0.5357102304984672,0.3867409119562933,0.9365177577032547,0.06686531585220501,1.0,1.0,0.5901833234772325,0.10823464610300215,0.4013877455015876,0.9999999999999998
0.28145768719539205,0.7260662431941924,0.5357102304984672,0.3867409119562933,0.9365177577032547,0.06686531585220501,0.10702166536152442,0.9070963678353978,0.7001774098166764,0.0,0.9999999999999999,0.3100358422939067
0.28145768719539205,0.7260662431941924,0.5357102304984672,0.3867409119562933,0.9365177577032547,0.06686531585220501,0.10702166536152442,0.9070963678353978,0.7001774098166764,1.0000000000000002,0.0,0.29091995221027456
0.28145768719539205,0.7260662431941924,0.5357102304984672,0.3867409119562933,0.9365177577032547,0.06686531585220501,0.10702166536152442,0.9070963678353978,0.7001774098166764,0.697053153401267,0.4401975773256497,0.0
0.28145768719539205,0.7260662431941924,0.5357102304984672,0.3867409119562933,0.9365177577032547,0.06686531585220501,0.10702166536152442,0.9070963678353978,0.7001774098166764,0.10823464610300215,0.4013877455015876,0.9999999999999998
0.28145768719539205,0.7260662431941924,0.5357102304984672,0.3867409119562933,0.9365177577032547,0.06686531585220501,0.3492560689115113,0.8275246693260551,0.2781391681450819,0.0,0.9999999999999999,0.3100358422939067
0.28145768719539205,0.7260662431941924,0.5357102304984672,0.3867409119562933,0.9365177577032547,0.06686531585220501,0.3492560689115113,0.8275246693260551,0.2781391681450819,1.0000000000000002,0.0,0.29091995221027456
0.28145768719539205,0.7260662431941924,0.5357102304984672,0.3867409119562933,0.9365177577032547,0.06686531585220501,0.3492560689115113,0.8275246693260551,0.2781391681450819,0.697053153401267,0.4401975773256497,0.0
0.28145768719539205,0.7260662431941924,0.5357102304984672,0.3867409119562933,0.9365177577032547,0.06686531585220501,0.3492560689115113,0.8275246693260551,0.2781391681450819,0.10823464610300215,0.4013877455015876,0.9999999999999998
0.28145768719539205,0.7260662431941924,0.5357102304984672,0.3867409119562933,0.9365177577032547,0.06686531585220501,0.1536152440616027,0.4086710056686962,0.3378671397595112,0.0,0.9999999999999999,0.3100358422939067
0.28145768719539205,0.7260662431941924,0.5357102304984672,0.3867409119562933,0.9365177577032547,0.06686531585220501,0.1536152440616027,0.4086710056686962,0.3378671397595112,1.0000000000000002,0.0,0.29091995221027456
0.28145768719539205,0.7260662431941924,0.5357102304984672,0.3867409119562933,0.9365177577032547,0.06686531585220501,0.1536152440616027,0.4086710056686962,0.3378671397595112,0.697053153401267,0.4401975773256497,0.0
0.28145768719539205,0.7260662431941924,0.5357102304984672,0.3867409119562933,0.9365177577032547,0.06686531585220501,0.1536152440616027,0.4086710056686962,0.3378671397595112,0.10823464610300215,0.4013877455015876,0.9999999999999998
0.28145768719539205,0.7260662431941924,0.5357102304984672,0.3867409119562933,0.9365177577032547,0.06686531585220501,0.9655442443226312,0.4583245853453705,0.4931992903607333,0.0,0.9999999999999999,0.3100358422939067
0.28145768719539205,0.7260662431941924,0.5357102304984672,0.3867409119562933,0.9365177577032547,0.06686531585220501,0.9655442443226312,0.4583245853453705,0.4931992903607333,1.0000000000000002,0.0,0.29091995221027456
0.28145768719539205,0.7260662431941924,0.5357102304984672,0.3867409119562933,0.9365177577032547,0.06686531585220501,0.9655442443226312,0.4583245853453705,0.4931992903607333,0.697053153401267,0.4401975773256497,0.0
0.28145768719539205,0.7260662431941924,0.5357102304984672,0.3867409119562933,0.9365177577032547,0.06686531585220501,0.9655442443226312,0.4583245853453705,0.4931992903607333,0.10823464610300215,0.4013877455015876,0.9999999999999998
0.28145768719539205,0.7260662431941924,0.5357102304984672,0.3867409119562933,0.9365177577032547,0.06686531585220501,0.9817280083529103,0.0,1.0,0.0,0.9999999999999999,0.3100358422939067
0.28145768719539205,0.7260662431941924,0.5357102304984672,0.3867409119562933,0.9365177577032547,0.06686531585220501,0.9817280083529103,0.0,1.0,1.0000000000000002,0.0,0.29091995221027456
0.28145768719539205,0.7260662431941924,0.5357102304984672,0.3867409119562933,0.9365177577032547,0.06686531585220501,0.9817280083529103,0.0,1.0,0.697053153401267,0.4401975773256497,0.0
0.28145768719539205,0.7260662431941924,0.5357102304984672,0.3867409119562933,0.9365177577032547,0.06686531585220501,0.9817280083529103,0.0,1.0,0.10823464610300215,0.4013877455015876,0.9999999999999998
0.28145768719539205,0.7260662431941924,0.5357102304984672,0.7575120823702458,0.4532854844697438,0.772824791418355,0.07099973897154789,0.975015746378333,0.15533215060122219,0.0,0.9999999999999999,0.3100358422939067
0.28145768719539205,0.7260662431941924,0.5357102304984672,0.7575120823702458,0.4532854844697438,0.772824791418355,0.07099973897154789,0.975015746378333,0.15533215060122219,1.0000000000000002,0.0,0.29091995221027456
0.28145768719539205,0.7260662431941924,0.5357102304984672,0.7575120823702458,0.4532854844697438,0.772824791418355,0.07099973897154789,0.975015746378333,0.15533215060122219,0.697053153401267,0.4401975773256497,0.0
0.28145768719539205,0.7260662431941924,0.5357102304984672,0.7575120823702458,0.4532854844697438,0.772824791418355,0.07099973897154789,0.975015746378333,0.15533215060122219,0.10823464610300215,0.4013877455015876,0.9999999999999998
0.28145768719539205,0.7260662431941924,0.5357102304984672,0.7575120823702458,0.4532854844697438,0.772824791418355,0.0,0.4611589334453075,0.0,0.0,0.9999999999999999,0.3100358422939067
0.28145768719539205,0.7260662431941924,0.5357102304984672,0.7575120823702458,0.4532854844697438,0.772824791418355,0.0,0.4611589334453075,0.0,1.0000000000000002,0.0,0.29091995221027456
0.28145768719539205,0.7260662431941924,0.5357102304984672,0.7575120823702458,0.4532854844697438,0.772824791418355,0.0,0.4611589334453075,0.0,0.697053153401267,0.4401975773256497,0.0
0.28145768719539205,0.7260662431941924,0.5357102304984672,0.7575120823702458,0.4532854844697438,0.772824791418355,0.0,0.4611589334453075,0.0,0.10823464610300215,0.4013877455015876,0.9999999999999998
0.28145768719539205,0.7260662431941924,0.5357102304984672,0.7575120823702458,0.4532854844697438,0.772824791418355,1.0,1.0,0.5901833234772325,0.0,0.9999999999999999,0.3100358422939067
0.28145768719539205,0.7260662431941924,0.5357102304984672,0.7575120823702458,0.4532854844697438,0.772824791418355,1.0,1.0,0.5901833234772325,1.0000000000000002,0.0,0.29091995221027456
0.28145768719539205,0.7260662431941924,0.5357102304984672,0.7575120823702458,0.4532854844697438,0.772824791418355,1.0,1.0,0.5901833234772325,0.697053153401267,0.4401975773256497,0.0
0.28145768719539205,0.7260662431941924,0.5357102304984672,0.7575120823702458,0.4532854844697438,0.772824791418355,1.0,1.0,0.5901833234772325,0.10823464610300215,0.4013877455015876,0.9999999999999998
0.28145768719539205,0.7260662431941924,0.5357102304984672,0.7575120823702458,0.4532854844697438,0.772824791418355,0.10702166536152442,0.9070963678353978,0.7001774098166764,0.0,0.9999999999999999,0.3100358422939067
0.28145768719539205,0.7260662431941924,0.5357102304984672,0.7575120823702458,0.4532854844697438,0.772824791418355,0.10702166536152442,0.9070963678353978,0.7001774098166764,1.0000000000000002,0.0,0.29091995221027456
0.28145768719539205,0.7260662431941924,0.5357102304984672,0.7575120823702458,0.4532854844697438,0.772824791418355,0.10702166536152442,0.9070963678353978,0.7001774098166764,0.697053153401267,0.4401975773256497,0.0
0.28145768719539205,0.7260662431941924,0.5357102304984672,0.7575120823702458,0.4532854844697438,0.772824791418355,0.10702166536152442,0.9070963678353978,0.7001774098166764,0.10823464610300215,0.4013877455015876,0.9999999999999998
0.28145768719539205,0.7260662431941924,0.5357102304984672,0.7575120823702458,0.4532854844697438,0.772824791418355,0.3492560689115113,0.8275246693260551,0.2781391681450819,0.0,0.9999999999999999,0.3100358422939067
0.28145768719539205,0.7260662431941924,0.5357102304984672,0.7575120823702458,0.4532854844697438,0.772824791418355,0.3492560689115113,0.8275246693260551,0.2781391681450819,1.0000000000000002,0.0,0.29091995221027456
0.28145768719539205,0.7260662431941924,0.5357102304984672,0.7575120823702458,0.4532854844697438,0.772824791418355,0.3492560689115113,0.8275246693260551,0.2781391681450819,0.697053153401267,0.4401975773256497,0.0
0.28145768719539205,0.7260662431941924,0.5357102304984672,0.7575120823702458,0.4532854844697438,0.772824791418355,0.3492560689115113,0.8275246693260551,0.2781391681450819,0.10823464610300215,0.4013877455015876,0.9999999999999998
0.28145768719539205,0.7260662431941924,0.5357102304984672,0.7575120823702458,0.4532854844697438,0.772824791418355,0.1536152440616027,0.4086710056686962,0.3378671397595112,0.0,0.9999999999999999,0.3100358422939067
0.28145768719539205,0.7260662431941924,0.5357102304984672,0.7575120823702458,0.4532854844697438,0.772824791418355,0.1536152440616027,0.4086710056686962,0.3378671397595112,1.0000000000000002,0.0,0.29091995221027456
0.28145768719539205,0.7260662431941924,0.5357102304984672,0.7575120823702458,0.4532854844697438,0.772824791418355,0.1536152440616027,0.4086710056686962,0.3378671397595112,0.697053153401267,0.4401975773256497,0.0
0.28145768719539205,0.7260662431941924,0.5357102304984672,0.7575120823702458,0.4532854844697438,0.772824791418355,0.1536152440616027,0.4086710056686962,0.3378671397595112,0.10823464610300215,0.4013877455015876,0.9999999999999998
0.28145768719539205,0.7260662431941924,0.5357102304984672,0.7575120823702458,0.4532854844697438,0.772824791418355,0.9655442443226312,0.4583245853453705,0.4931992903607333,0.0,0.9999999999999999,0.3100358422939067
0.28145768719539205,0.7260662431941924,0.5357102304984672,0.7575120823702458,0.4532854844697438,0.772824791418355,0.9655442443226312,0.4583245853453705,0.4931992903607333,1.0000000000000002,0.0,0.29091995221027456
0.28145768719539205,0.7260662431941924,0.5357102304984672,0.7575120823702458,0.4532854844697438,0.772824791418355,0.9655442443226312,0.4583245853453705,0.4931992903607333,0.697053153401267,0.4401975773256497,0.0
0.28145768719539205,0.7260662431941924,0.5357102304984672,0.7575120823702458,0.4532854844697438,0.772824791418355,0.9655442443226312,0.4583245853453705,0.4931992903607333,0.10823464610300215,0.4013877455015876,0.9999999999999998
0.28145768719539205,0.7260662431941924,0.5357102304984672,0.7575120823702458,0.4532854844697438,0.772824791418355,0.9817280083529103,0.0,1.0,0.0,0.9999999999999999,0.3100358422939067
0.28145768719539205,0.7260662431941924,0.5357102304984672,0.7575120823702458,0.4532854844697438,0.772824791418355,0.9817280083529103,0.0,1.0,1.0000000000000002,0.0,0.29091995221027456
0.28145768719539205,0.7260662431941924,0.5357102304984672,0.7575120823702458,0.4532854844697438,0.772824791418355,0.9817280083529103,0.0,1.0,0.697053153401267,0.4401975773256497,0.0
0.28145768719539205,0.7260662431941924,0.5357102304984672,0.7575120823702458,0.4532854844697438,0.772824791418355,0.9817280083529103,0.0,1.0,0.10823464610300215,0.4013877455015876,0.9999999999999998
0.28145768719539205,0.7260662431941924,0.5357102304984672,0.7432233662534146,0.796559831703997,0.0,0.07099973897154789,0.975015746378333,0.15533215060122219,0.0,0.9999999999999999,0.3100358422939067
0.28145768719539205,0.7260662431941924,0.5357102304984672,0.7432233662534146,0.796559831703997,0.0,0.07099973897154789,0.975015746378333,0.15533215060122219,1.0000000000000002,0.0,0.29091995221027456
0.28145768719539205,0.7260662431941924,0.5357102304984672,0.7432233662534146,0.796559831703997,0.0,0.07099973897154789,0.975015746378333,0.15533215060122219,0.697053153401267,0.4401975773256497,0.0
0.28145768719539205,0.7260662431941924,0.5357102304984672,0.7432233662534146,0.796559831703997,0.0,0.07099973897154789,0.975015746378333,0.15533215060122219,0.10823464610300215,0.4013877455015876,0.9999999999999998
0.28145768719539205,0.7260662431941924,0.5357102304984672,0.7432233662534146,0.796559831703997,0.0,0.0,0.4611589334453075,0.0,0.0,0.9999999999999999,0.3100358422939067
0.28145768719539205,0.7260662431941924,0.5357102304984672,0.7432233662534146,0.796559831703997,0.0,0.0,0.4611589334453075,0.0,1.0000000000000002,0.0,0.29091995221027456
0.28145768719539205,0.7260662431941924,0.5357102304984672,0.7432233662534146,0.796559831703997,0.0,0.0,0.4611589334453075,0.0,0.697053153401267,0.4401975773256497,0.0
0.28145768719539205,0.7260662431941924,0.5357102304984672,0.7432233662534146,0.796559831703997,0.0,0.0,0.4611589334453075,0.0,0.10823464610300215,0.4013877455015876,0.9999999999999998
0.28145768719539205,0.7260662431941924,0.5357102304984672,0.7432233662534146,0.796559831703997,0.0,1.0,1.0,0.5901833234772325,0.0,0.9999999999999999,0.3100358422939067
0.28145768719539205,0.7260662431941924,0.5357102304984672,0.7432233662534146,0.796559831703997,0.0,1.0,1.0,0.5901833234772325,1.0000000000000002,0.0,0.29091995221027456
0.28145768719539205,0.7260662431941924,0.5357102304984672,0.7432233662534146,0.796559831703997,0.0,1.0,1.0,0.5901833234772325,0.697053153401267,0.4401975773256497,0.0
0.28145768719539205,0.7260662431941924,0.5357102304984672,0.7432233662534146,0.796559831703997,0.0,1.0,1.0,0.5901833234772325,0.10823464610300215,0.4013877455015876,0.9999999999999998
0.28145768719539205,0.7260662431941924,0.5357102304984672,0.7432233662534146,0.796559831703997,0.0,0.10702166536152442,0.9070963678353978,0.7001774098166764,0.0,0.9999999999999999,0.3100358422939067
0.28145768719539205,0.7260662431941924,0.5357102304984672,0.7432233662534146,0.796559831703997,0.0,0.10702166536152442,0.9070963678353978,0.7001774098166764,1.0000000000000002,0.0,0.29091995221027456
0.28145768719539205,0.7260662431941924,0.5357102304984672,0.7432233662534146,0.796559831703997,0.0,0.10702166536152442,0.9070963678353978,0.7001774098166764,0.697053153401267,0.4401975773256497,0.0
0.28145768719539205,0.7260662431941924,0.5357102304984672,0.7432233662534146,0.796559831703997,0.0,0.10702166536152442,0.9070963678353978,0.7001774098166764,0.10823464610300215,0.4013877455015876,0.9999999999999998
0.28145768719539205,0.7260662431941924,0.5357102304984672,0.7432233662534146,0.796559831703997,0.0,0.3492560689115113,0.8275246693260551,0.2781391681450819,0.0,0.9999999999999999,0.3100358422939067
0.28145768719539205,0.7260662431941924,0.5357102304984672,0.7432233662534146,0.796559831703997,0.0,0.3492560689115113,0.8275246693260551,0.2781391681450819,1.0000000000000002,0.0,0.29091995221027456
0.28145768719539205,0.7260662431941924,0.5357102304984672,0.7432233662534146,0.796559831703997,0.0,0.3492560689115113,0.8275246693260551,0.2781391681450819,0.697053153401267,0.4401975773256497,0.0
0.28145768719539205,0.7260662431941924,0.5357102304984672,0.7432233662534146,0.796559831703997,0.0,0.3492560689115113,0.8275246693260551,0.2781391681450819,0.10823464610300215,0.4013877455015876,0.9999999999999998
0.28145768719539205,0.7260662431941924,0.5357102304984672,0.7432233662534146,0.796559831703997,0.0,0.1536152440616027,0.4086710056686962,0.3378671397595112,0.0,0.9999999999999999,0.3100358422939067
0.28145768719539205,0.7260662431941924,0.5357102304984672,0.7432233662534146,0.796559831703997,0.0,0.1536152440616027,0.4086710056686962,0.3378671397595112,1.0000000000000002,0.0,0.29091995221027456
0.28145768719539205,0.7260662431941924,0.5357102304984672,0.7432233662534146,0.796559831703997,0.0,0.1536152440616027,0.4086710056686962,0.3378671397595112,0.697053153401267,0.4401975773256497,0.0
0.28145768719539205,0.7260662431941924,0.5357102304984672,0.7432233662534146,0.796559831703997,0.0,0.1536152440616027,0.4086710056686962,0.3378671397595112,0.10823464610300215,0.4013877455015876,0.9999999999999998
0.28145768719539205,0.7260662431941924,0.5357102304984672,0.7432233662534146,0.796559831703997,0.0,0.9655442443226312,0.4583245853453705,0.4931992903607333,0.0,0.9999999999999999,0.3100358422939067
0.28145768719539205,0.7260662431941924,0.5357102304984672,0.7432233662534146,0.796559831703997,0.0,0.9655442443226312,0.4583245853453705,0.4931992903607333,1.0000000000000002,0.0,0.29091995221027456
0.28145768719539205,0.7260662431941924,0.5357102304984672,0.7432233662534146,0.796559831703997,0.0,0.9655442443226312,0.4583245853453705,0.4931992903607333,0.697053153401267,0.4401975773256497,0.0
0.28145768719539205,0.7260662431941924,0.5357102304984672,0.7432233662534146,0.796559831703997,0.0,0.9655442443226312,0.4583245853453705,0.4931992903607333,0.10823464610300215,0.4013877455015876,0.9999999999999998
0.28145768719539205,0.7260662431941924,0.5357102304984672,0.7432233662534146,0.796559831703997,0.0,0.9817280083529103,0.0,1.0,0.0,0.9999999999999999,0.3100358422939067
0.28145768719539205,0.7260662431941924,0.5357102304984672,0.7432233662534146,0.796559831703997,0.0,0.9817280083529103,0.0,1.0,1.0000000000000002,0.0,0.29091995221027456
0.28145768719539205,0.7260662431941924,0.5357102304984672,0.7432233662534146,0.796559831703997,0.0,0.9817280083529103,0.0,1.0,0.697053153401267,0.4401975773256497,0.0
0.28145768719539205,0.7260662431941924,0.5357102304984672,0.7432233662534146,0.796559831703997,0.0,0.9817280083529103,0.0,1.0,0.10823464610300215,0.4013877455015876,0.9999999999999998
0.28145768719539205,0.7260662431941924,0.5357102304984672,0.5457028787560411,0.2518252691498577,0.4370679380214541,0.07099973897154789,0.975015746378333,0.15533215060122219,0.0,0.9999999999999999,0.3100358422939067
0.28145768719539205,0.7260662431941924,0.5357102304984672,0.5457028787560411,0.2518252691498577,0.4370679380214541,0.07099973897154789,0.975015746378333,0.15533215060122219,1.0000000000000002,0.0,0.29091995221027456
0.28145768719539205,0.7260662431941924,0.5357102304984672,0.5457028787560411,0.2518252691498577,0.4370679380214541,0.07099973897154789,0.975015746378333,0.15533215060122219,0.697053153401267,0.4401975773256497,0.0
0.28145768719539205,0.7260662431941924,0.5357102304984672,0.5457028787560411,0.2518252691498577,0.4370679380214541,0.07099973897154789,0.975015746378333,0.15533215060122219,0.10823464610300215,0.4013877455015876,0.9999999999999998
0.28145768719539205,0.7260662431941924,0.5357102304984672,0.5457028787560411,0.2518252691498577,0.4370679380214541,0.0,0.4611589334453075,0.0,0.0,0.9999999999999999,0.3100358422939067
0.28145768719539205,0.7260662431941924,0.5357102304984672,0.5457028787560411,0.2518252691498577,0.4370679380214541,0.0,0.4611589334453075,0.0,1.0000000000000002,0.0,0.29091995221027456
0.28145768719539205,0.7260662431941924,0.5357102304984672,0.5457028787560411,0.2518252691498577,0.4370679380214541,0.0,0.4611589334453075,0.0,0.697053153401267,0.4401975773256497,0.0
0.28145768719539205,0.7260662431941924,0.5357102304984672,0.5457028787560411,0.2518252691498577,0.4370679380214541,0.0,0.4611589334453075,0.0,0.10823464610300215,0.4013877455015876,0.9999999999999998
0.28145768719539205,0.7260662431941924,0.5357102304984672,0.5457028787560411,0.2518252691498577,0.4370679380214541,1.0,1.0,0.5901833234772325,0.0,0.9999999999999999,0.3100358422939067
0.28145768719539205,0.7260662431941924,0.5357102304984672,0.5457028787560411,0.2518252691498577,0.4370679380214541,1.0,1.0,0.5901833234772325,1.0000000000000002,0.0,0.29091995221027456
0.28145768719539205,0.7260662431941924,0.5357102304984672,0.5457028787560411,0.2518252691498577,0.4370679380214541,1.0,1.0,0.5901833234772325,0.697053153401267,0.4401975773256497,0.0
0.28145768719539205,0.7260662431941924,0.5357102304984672,0.5457028787560411,0.2518252691498577,0.4370679380214541,1.0,1.0,0.5901833234772325,0.10823464610300215,0.4013877455015876,0.9999999999999998
0.28145768719539205,0.7260662431941924,0.5357102304984672,0.5457028787560411,0.2518252691498577,0.4370679380214541,0.10702166536152442,0.9070963678353978,0.7001774098166764,0.0,0.9999999999999999,0.3100358422939067
0.28145768719539205,0.7260662431941924,0.5357102304984672,0.5457028787560411,0.2518252691498577,0.4370679380214541,0.10702166536152442,0.9070963678353978,0.7001774098166764,1.0000000000000002,0.0,0.29091995221027456
0.28145768719539205,0.7260662431941924,0.5357102304984672,0.5457028787560411,0.2518252691498577,0.4370679380214541,0.10702166536152442,0.9070963678353978,0.7001774098166764,0.697053153401267,0.4401975773256497,0.0
0.28145768719539205,0.7260662431941924,0.5357102304984672,0.5457028787560411,0.2518252691498577,0.4370679380214541,0.10702166536152442,0.9070963678353978,0.7001774098166764,0.10823464610300215,0.4013877455015876,0.9999999999999998
0.28145768719539205,0.7260662431941924,0.5357102304984672,0.5457028787560411,0.2518252691498577,0.4370679380214541,0.3492560689115113,0.8275246693260551,0.2781391681450819,0.0,0.9999999999999999,0.3100358422939067
0.28145768719539205,0.7260662431941924,0.5357102304984672,0.5457028787560411,0.2518252691498577,0.4370679380214541,0.3492560689115113,0.8275246693260551,0.2781391681450819,1.0000000000000002,0.0,0.29091995221027456
0.28145768719539205,0.7260662431941924,0.5357102304984672,0.5457028787560411,0.2518252691498577,0.4370679380214541,0.3492560689115113,0.8275246693260551,0.2781391681450819,0.697053153401267,0.4401975773256497,0.0
0.28145768719539205,0.7260662431941924,0.5357102304984672,0.5457028787560411,0.2518252691498577,0.4370679380214541,0.3492560689115113,0.8275246693260551,0.2781391681450819,0.10823464610300215,0.4013877455015876,0.9999999999999998
0.28145768719539205,0.7260662431941924,0.5357102304984672,0.5457028787560411,0.2518252691498577,0.4370679380214541,0.1536152440616027,0.4086710056686962,0.3378671397595112,0.0,0.9999999999999999,0.3100358422939067
0.28145768719539205,0.7260662431941924,0.5357102304984672,0.5457028787560411,0.2518252691498577,0.4370679380214541,0.1536152440616027,0.4086710056686962,0.3378671397595112,1.0000000000000002,0.0,0.29091995221027456
0.28145768719539205,0.7260662431941924,0.5357102304984672,0.5457028787560411,0.2518252691498577,0.4370679380214541,0.1536152440616027,0.4086710056686962,0.3378671397595112,0.697053153401267,0.4401975773256497,0.0
0.28145768719539205,0.7260662431941924,0.5357102304984672,0.5457028787560411,0.2518252691498577,0.4370679380214541,0.1536152440616027,0.4086710056686962,0.3378671397595112,0.10823464610300215,0.4013877455015876,0.9999999999999998
0.28145768719539205,0.7260662431941924,0.5357102304984672,0.5457028787560411,0.2518252691498577,0.4370679380214541,0.9655442443226312,0.4583245853453705,0.4931992903607333,0.0,0.9999999999999999,0.3100358422939067
0.28145768719539205,0.7260662431941924,0.5357102304984672,0.5457028787560411,0.2518252691498577,0.4370679380214541,0.9655442443226312,0.4583245853453705,0.4931992903607333,1.0000000000000002,0.0,0.29091995221027456
0.28145768719539205,0.7260662431941924,0.5357102304984672,0.5457028787560411,0.2518252691498577,0.4370679380214541,0.9655442443226312,0.4583245853453705,0.4931992903607333,0.697053153401267,0.4401975773256497,0.0
0.28145768719539205,0.7260662431941924,0.5357102304984672,0.5457028787560411,0.2518252691498577,0.4370679380214541,0.9655442443226312,0.4583245853453705,0.4931992903607333,0.10823464610300215,0.4013877455015876,0.9999999999999998
0.28145768719539205,0.7260662431941924,0.5357102304984672,0.5457028787560411,0.2518252691498577,0.4370679380214541,0.9817280083529103,0.0,1.0,0.0,0.9999999999999999,0.3100358422939067
0.28145768719539205,0.7260662431941924,0.5357102304984672,0.5457028787560411,0.2518252691498577,0.4370679380214541,0.9817280083529103,0.0,1.0,1.0000000000000002,0.0,0.29091995221027456
0.28145768719539205,0.7260662431941924,0.5357102304984672,0.5457028787560411,0.2518252691498577,0.4370679380214541,0.9817280083529103,0.0,1.0,0.697053153401267,0.4401975773256497,0.0
0.28145768719539205,0.7260662431941924,0.5357102304984672,0.5457028787560411,0.2518252691498577,0.4370679380214541,0.9817280083529103,0.0,1.0,0.10823464610300215,0.4013877455015876,0.9999999999999998
0.28145768719539205,0.7260662431941924,0.5357102304984672,0.29491489808783355,1.0,0.7398092967818832,0.07099973897154789,0.975015746378333,0.15533215060122219,0.0,0.9999999999999999,0.3100358422939067
0.28145768719539205,0.7260662431941924,0.5357102304984672,0.29491489808783355,1.0,0.7398092967818832,0.07099973897154789,0.975015746378333,0.15533215060122219,1.0000000000000002,0.0,0.29091995221027456
0.28145768719539205,0.7260662431941924,0.5357102304984672,0.29491489808783355,1.0,0.7398092967818832,0.07099973897154789,0.975015746378333,0.15533215060122219,0.697053153401267,0.4401975773256497,0.0
0.28145768719539205,0.7260662431941924,0.5357102304984672,0.29491489808783355,1.0,0.7398092967818832,0.07099973897154789,0.975015746378333,0.15533215060122219,0.10823464610300215,0.4013877455015876,0.9999999999999998
0.28145768719539205,0.7260662431941924,0.5357102304984672,0.29491489808783355,1.0,0.7398092967818832,0.0,0.4611589334453075,0.0,0.0,0.9999999999999999,0.3100358422939067
0.28145768719539205,0.7260662431941924,0.5357102304984672,0.29491489808783355,1.0,0.7398092967818832,0.0,0.4611589334453075,0.0,1.0000000000000002,0.0,0.29091995221027456
0.28145768719539205,0.7260662431941924,0.5357102304984672,0.29491489808783355,1.0,0.7398092967818832,0.0,0.4611589334453075,0.0,0.697053153401267,0.4401975773256497,0.0
0.28145768719539205,0.7260662431941924,0.5357102304984672,0.29491489808783355,1.0,0.7398092967818832,0.0,0.4611589334453075,0.0,0.10823464610300215,0.4013877455015876,0.9999999999999998
0.28145768719539205,0.7260662431941924,0.5357102304984672,0.29491489808783355,1.0,0.7398092967818832,1.0,1.0,0.5901833234772325,0.0,0.9999999999999999,0.3100358422939067
0.28145768719539205,0.7260662431941924,0.5357102304984672,0.29491489808783355,1.0,0.7398092967818832,1.0,1.0,0.5901833234772325,1.0000000000000002,0.0,0.29091995221027456
0.28145768719539205,0.7260662431941924,0.5357102304984672,0.29491489808783355,1.0,0.7398092967818832,1.0,1.0,0.5901833234772325,0.697053153401267,0.4401975773256497,0.0
0.28145768719539205,0.7260662431941924,0.5357102304984672,0.29491489808783355,1.0,0.7398092967818832,1.0,1.0,0.5901833234772325,0.10823464610300215,0.4013877455015876,0.9999999999999998
0.28145768719539205,0.7260662431941924,0.5357102304984672,0.29491489808783355,1.0,0.7398092967818832,0.10702166536152442,0.9070963678353978,0.7001774098166764,0.0,0.9999999999999999,0.3100358422939067
0.28145768719539205,0.7260662431941924,0.5357102304984672,0.29491489808783355,1.0,0.7398092967818832,0.10702166536152442,0.9070963678353978,0.7001774098166764,1.0000000000000002,0.0,0.29091995221027456
0.28145768719539205,0.7260662431941924,0.5357102304984672,0.29491489808783355,1.0,0.7398092967818832,0.10702166536152442,0.9070963678353978,0.7001774098166764,0.697053153401267,0.4401975773256497,0.0
0.28145768719539205,0.7260662431941924,0.5357102304984672,0.29491489808783355,1.0,0.7398092967818832,0.10702166536152442,0.9070963678353978,0.7001774098166764,0.10823464610300215,0.4013877455015876,0.9999999999999998
0.28145768719539205,0.7260662431941924,0.5357102304984672,0.29491489808783355,1.0,0.7398092967818832,0.3492560689115113,0.8275246693260551,0.2781391681450819,0.0,0.9999999999999999,0.3100358422939067
0.28145768719539205,0.7260662431941924,0.5357102304984672,0.29491489808783355,1.0,0.7398092967818832,0.3492560689115113,0.8275246693260551,0.2781391681450819,1.0000000000000002,0.0,0.29091995221027456
0.28145768719539205,0.7260662431941924,0.5357102304984672,0.29491489808783355,1.0,0.7398092967818832,0.3492560689115113,0.8275246693260551,0.2781391681450819,0.697053153401267,0.4401975773256497,0.0
0.28145768719539205,0.7260662431941924,0.5357102304984672,0.29491489808783355,1.0,0.7398092967818832,0.3492560689115113,0.8275246693260551,0.2781391681450819,0.10823464610300215,0.4013877455015876,0.9999999999999998
0.28145768719539205,0.7260662431941924,0.5357102304984672,0.29491489808783355,1.0,0.7398092967818832,0.1536152440616027,0.4086710056686962,0.3378671397595112,0.0,0.9999999999999999,0.3100358422939067
0.28145768719539205,0.7260662431941924,0.5357102304984672,0.29491489808783355,1.0,0.7398092967818832,0.1536152440616027,0.4086710056686962,0.3378671397595112,1.0000000000000002,0.0,0.29091995221027456
0.28145768719539205,0.7260662431941924,0.5357102304984672,0.29491489808783355,1.0,0.7398092967818832,0.1536152440616027,0.4086710056686962,0.3378671397595112,0.697053153401267,0.4401975773256497,0.0
0.28145768719539205,0.7260662431941924,0.5357102304984672,0.29491489808783355,1.0,0.7398092967818832,0.1536152440616027,0.4086710056686962,0.3378671397595112,0.10823464610300215,0.4013877455015876,0.9999999999999998
0.28145768719539205,0.7260662431941924,0.5357102304984672,0.29491489808783355,1.0,0.7398092967818832,0.9655442443226312,0.4583245853453705,0.4931992903607333,0.0,0.9999999999999999,0.3100358422939067
0.28145768719539205,0.7260662431941924,0.5357102304984672,0.29491489808783355,1.0,0.7398092967818832,0.9655442443226312,0.4583245853453705,0.4931992903607333,1.0000000000000002,0.0,0.29091995221027456
0.28145768719539205,0.7260662431941924,0.5357102304984672,0.29491489808783355,1.0,0.7398092967818832,0.9655442443226312,0.4583245853453705,0.4931992903607333,0.697053153401267,0.4401975773256497,0.0
0.28145768719539205,0.7260662431941924,0.5357102304984672,0.29491489808783355,1.0,0.7398092967818832,0.9655442443226312,0.4583245853453705,0.4931992903607333,0.10823464610300215,0.4013877455015876,0.9999999999999998
0.28145768719539205,0.7260662431941924,0.5357102304984672,0.29491489808783355,1.0,0.7398092967818832,0.9817280083529103,0.0,1.0,0.0,0.9999999999999999,0.3100358422939067
0.28145768719539205,0.7260662431941924,0.5357102304984672,0.29491489808783355,1.0,0.7398092967818832,0.9817280083529103,0.0,1.0,1.0000000000000002,0.0,0.29091995221027456
0.28145768719539205,0.7260662431941924,0.5357102304984672,0.29491489808783355,1.0,0.7398092967818832,0.9817280083529103,0.0,1.0,0.697053153401267,0.4401975773256497,0.0
0.28145768719539205,0.7260662431941924,0.5357102304984672,0.29491489808783355,1.0,0.7398092967818832,0.9817280083529103,0.0,1.0,0.10823464610300215,0.4013877455015876,0.9999999999999998
0.619406291537439,0.0,0.6510730101055979,0.28272746375288926,0.0,0.6898688915375446,0.07099973897154789,0.975015746378333,0.15533215060122219,0.0,0.9999999999999999,0.3100358422939067
0.619406291537439,0.0,0.6510730101055979,0.28272746375288926,0.0,0.6898688915375446,0.07099973897154789,0.975015746378333,0.15533215060122219,1.0000000000000002,0.0,0.29091995221027456
0.619406291537439,0.0,0.6510730101055979,0.28272746375288926,0.0,0.6898688915375446,0.07099973897154789,0.975015746378333,0.15533215060122219,0.697053153401267,0.4401975773256497,0.0
0.619406291537439,0.0,0.6510730101055979,0.28272746375288926,0.0,0.6898688915375446,0.07099973897154789,0.975015746378333,0.15533215060122219,0.10823464610300215,0.4013877455015876,0.9999999999999998
0.619406291537439,0.0,0.6510730101055979,0.28272746375288926,0.0,0.6898688915375446,0.0,0.4611589334453075,0.0,0.0,0.9999999999999999,0.3100358422939067
0.619406291537439,0.0,0.6510730101055979,0.28272746375288926,0.0,0.6898688915375446,0.0,0.4611589334453075,0.0,1.0000000000000002,0.0,0.29091995221027456
0.619406291537439,0.0,0.6510730101055979,0.28272746375288926,0.0,0.6898688915375446,0.0,0.4611589334453075,0.0,0.697053153401267,0.4401975773256497,0.0
0.619406291537439,0.0,0.6510730101055979,0.28272746375288926,0.0,0.6898688915375446,0.0,0.4611589334453075,0.0,0.10823464610300215,0.4013877455015876,0.9999999999999998
0.619406291537439,0.0,0.6510730101055979,0.28272746375288926,0.0,0.6898688915375446,1.0,1.0,0.5901833234772325,0.0,0.9999999999999999,0.3100358422939067
0.619406291537439,0.0,0.6510730101055979,0.28272746375288926,0.0,0.6898688915375446,1.0,1.0,0.5901833234772325,1.0000000000000002,0.0,0.29091995221027456
0.619406291537439,0.0,0.6510730101055979,0.28272746375288926,0.0,0.6898688915375446,1.0,1.0,0.5901833234772325,0.697053153401267,0.4401975773256497,0.0
0.619406291537439,0.0,0.6510730101055979,0.28272746375288926,0.0,0.6898688915375446,1.0,1.0,0.5901833234772325,0.10823464610300215,0.4013877455015876,0.9999999999999998
0.619406291537439,0.0,0.6510730101055979,0.28272746375288926,0.0,0.6898688915375446,0.10702166536152442,0.9070963678353978,0.7001774098166764,0.0,0.9999999999999999,0.3100358422939067
0.619406291537439,0.0,0.6510730101055979,0.28272746375288926,0.0,0.6898688915375446,0.10702166536152442,0.9070963678353978,0.7001774098166764,1.0000000000000002,0.0,0.29091995221027456
0.619406291537439,0.0,0.6510730101055979,0.28272746375288926,0.0,0.6898688915375446,0.10702166536152442,0.9070963678353978,0.7001774098166764,0.697053153401267,0.4401975773256497,0.0
0.619406291537439,0.0,0.6510730101055979,0.28272746375288926,0.0,0.6898688915375446,0.10702166536152442,0.9070963678353978,0.7001774098166764,0.10823464610300215,0.4013877455015876,0.9999999999999998
0.619406291537439,0.0,0.6510730101055979,0.28272746375288926,0.0,0.6898688915375446,0.3492560689115113,0.8275246693260551,0.2781391681450819,0.0,0.9999999999999999,0.3100358422939067
0.619406291537439,0.0,0.6510730101055979,0.28272746375288926,0.0,0.6898688915375446,0.3492560689115113,0.8275246693260551,0.2781391681450819,1.0000000000000002,0.0,0.29091995221027456
0.619406291537439,0.0,0.6510730101055979,0.28272746375288926,0.0,0.6898688915375446,0.3492560689115113,0.8275246693260551,0.2781391681450819,0.697053153401267,0.4401975773256497,0.0
0.619406291537439,0.0,0.6510730101055979,0.28272746375288926,0.0,0.6898688915375446,0.3492560689115113,0.8275246693260551,0.2781391681450819,0.10823464610300215,0.4013877455015876,0.9999999999999998
0.619406291537439,0.0,0.6510730101055979,0.28272746375288926,0.0,0.6898688915375446,0.1536152440616027,0.4086710056686962,0.3378671397595112,0.0,0.9999999999999999,0.3100358422939067
0.619406291537439,0.0,0.6510730101055979,0.28272746375288926,0.0,0.6898688915375446,0.1536152440616027,0.4086710056686962,0.3378671397595112,1.0000000000000002,0.0,0.29091995221027456
0.619406291537439,0.0,0.6510730101055979,0.28272746375288926,0.0,0.6898688915375446,0.1536152440616027,0.4086710056686962,0.3378671397595112,0.697053153401267,0.4401975773256497,0.0
0.619406291537439,0.0,0.6510730101055979,0.28272746375288926,0.0,0.6898688915375446,0.1536152440616027,0.4086710056686962,0.3378671397595112,0.10823464610300215,0.4013877455015876,0.9999999999999998
0.619406291537439,0.0,0.6510730101055979,0.28272746375288926,0.0,0.6898688915375446,0.9655442443226312,0.4583245853453705,0.4931992903607333,0.0,0.9999999999999999,0.3100358422939067
0.619406291537439,0.0,0.6510730101055979,0.28272746375288926,0.0,0.6898688915375446,0.9655442443226312,0.4583245853453705,0.4931992903607333,1.0000000000000002,0.0,0.29091995221027456
0.619406291537439,0.0,0.6510730101055979,0.28272746375288926,0.0,0.6898688915375446,0.9655442443226312,0.4583245853453705,0.4931992903607333,0.697053153401267,0.4401975773256497,0.0
0.619406291537439,0.0,0.6510730101055979,0.28272746375288926,0.0,0.6898688915375446,0.9655442443226312,0.4583245853453705,0.4931992903607333,0.10823464610300215,0.4013877455015876,0.9999999999999998
0.619406291537439,0.0,0.6510730101055979,0.28272746375288926,0.0,0.6898688915375446,0.9817280083529103,0.0,1.0,0.0,0.9999999999999999,0.3100358422939067
0.619406291537439,0.0,0.6510730101055979,0.28272746375288926,0.0,0.6898688915375446,0.9817280083529103,0.0,1.0,1.0000000000000002,0.0,0.29091995221027456
0.619406291537439,0.0,0.6510730101055979,0.28272746375288926,0.0,0.6898688915375446,0.9817280083529103,0.0,1.0,0.697053153401267,0.4401975773256497,0.0
0.619406291537439,0.0,0.6510730101055979,0.28272746375288926,0.0,0.6898688915375446,0.9817280083529103,0.0,1.0,0.10823464610300215,0.4013877455015876,0.9999999999999998
0.619406291537439,0.0,0.6510730101055979,0.30731246060096656,0.7355525306273976,0.20715137067938016,0.07099973897154789,0.975015746378333,0.15533215060122219,0.0,0.9999999999999999,0.3100358422939067
0.619406291537439,0.0,0.6510730101055979,0.30731246060096656,0.7355525306273976,0.20715137067938016,0.07099973897154789,0.975015746378333,0.15533215060122219,1.0000000000000002,0.0,0.29091995221027456
0.619406291537439,0.0,0.6510730101055979,0.30731246060096656,0.7355525306273976,0.20715137067938016,0.07099973897154789,0.975015746378333,0.15533215060122219,0.697053153401267,0.4401975773256497,0.0
0.619406291537439,0.0,0.6510730101055979,0.30731246060096656,0.7355525306273976,0.20715137067938016,0.07099973897154789,0.975015746378333,0.15533215060122219,0.10823464610300215,0.4013877455015876,0.9999999999999998
0.619406291537439,0.0,0.6510730101055979,0.30731246060096656,0.7355525306273976,0.20715137067938016,0.0,0.4611589334453075,0.0,0.0,0.9999999999999999,0.3100358422939067
0.619406291537439,0.0,0.6510730101055979,0.30731246060096656,0.7355525306273976,0.20715137067938016,0.0,0.4611589334453075,0.0,1.0000000000000002,0.0,0.29091995221027456
0.619406291537439,0.0,0.6510730101055979,0.30731246060096656,0.7355525306273976,0.20715137067938016,0.0,0.4611589334453075,0.0,0.697053153401267,0.4401975773256497,0.0
0.619406291537439,0.0,0.6510730101055979,0.30731246060096656,0.7355525306273976,0.20715137067938016,0.0,0.4611589334453075,0.0,0.10823464610300215,0.4013877455015876,0.9999999999999998
0.619406291537439,0.0,0.6510730101055979,0.30731246060096656,0.7355525306273976,0.20715137067938016,1.0,1.0,0.5901833234772325,0.0,0.9999999999999999,0.3100358422939067
0.619406291537439,0.0,0.6510730101055979,0.30731246060096656,0.7355525306273976,0.20715137067938016,1.0,1.0,0.5901833234772325,1.0000000000000002,0.0,0.29091995221027456
0.619406291537439,0.0,0.6510730101055979,0.30731246060096656,0.7355525306273976,0.20715137067938016,1.0,1.0,0.5901833234772325,0.697053153401267,0.4401975773256497,0.0
0.619406291537439,0.0,0.6510730101055979,0.30731246060096656,0.7355525306273976,0.20715137067938016,1.0,1.0,0.5901833234772325,0.10823464610300215,0.4013877455015876,0.9999999999999998
0.619406291537439,0.0,0.6510730101055979,0.30731246060096656,0.7355525306273976,0.20715137067938016,0.10702166536152442,0.9070963678353978,0.7001774098166764,0.0,0.9999999999999999,0.3100358422939067
0.619406291537439,0.0,0.6510730101055979,0.30731246060096656,0.7355525306273976,0.20715137067938016,0.10702166536152442,0.9070963678353978,0.7001774098166764,1.0000000000000002,0.0,0.29091995221027456
0.619406291537439,0.0,0.6510730101055979,0.30731246060096656,0.7355525306273976,0.20715137067938016,0.10702166536152442,0.9070963678353978,0.7001774098166764,0.697053153401267,0.4401975773256497,0.0
0.619406291537439,0.0,0.6510730101055979,0.30731246060096656,0.7355525306273976,0.20715137067938016,0.10702166536152442,0.9070963678353978,0.7001774098166764,0.10823464610300215,0.4013877455015876,0.9999999999999998
0.619406291537439,0.0,0.6510730101055979,0.30731246060096656,0.7355525306273976,0.20715137067938016,0.3492560689115113,0.8275246693260551,0.2781391681450819,0.0,0.9999999999999999,0.3100358422939067
0.619406291537439,0.0,0.6510730101055979,0.30731246060096656,0.7355525306273976,0.20715137067938016,0.3492560689115113,0.8275246693260551,0.2781391681450819,1.0000000000000002,0.0,0.29091995221027456
0.619406291537439,0.0,0.6510730101055979,0.30731246060096656,0.7355525306273976,0.20715137067938016,0.3492560689115113,0.8275246693260551,0.2781391681450819,0.697053153401267,0.4401975773256497,0.0
0.619406291537439,0.0,0.6510730101055979,0.30731246060096656,0.7355525306273976,0.20715137067938016,0.3492560689115113,0.8275246693260551,0.2781391681450819,0.10823464610300215,0.4013877455015876,0.9999999999999998
0.619406291537439,0.0,0.6510730101055979,0.30731246060096656,0.7355525306273976,0.20715137067938016,0.1536152440616027,0.4086710056686962,0.3378671397595112,0.0,0.9999999999999999,0.3100358422939067
0.619406291537439,0.0,0.6510730101055979,0.30731246060096656,0.7355525306273976,0.20715137067938016,0.1536152440616027,0.4086710056686962,0.3378671397595112,1.0000000000000002,0.0,0.29091995221027456
0.619406291537439,0.0,0.6510730101055979,0.30731246060096656,0.7355525306273976,0.20715137067938016,0.1536152440616027,0.4086710056686962,0.3378671397595112,0.697053153401267,0.4401975773256497,0.0
0.619406291537439,0.0,0.6510730101055979,0.30731246060096656,0.7355525306273976,0.20715137067938016,0.1536152440616027,0.4086710056686962,0.3378671397595112,0.10823464610300215,0.4013877455015876,0.9999999999999998
0.619406291537439,0.0,0.6510730101055979,0.30731246060096656,0.7355525306273976,0.20715137067938016,0.9655442443226312,0.4583245853453705,0.4931992903607333,0.0,0.9999999999999999,0.3100358422939067
0.619406291537439,0.0,0.6510730101055979,0.30731246060096656,0.7355525306273976,0.20715137067938016,0.9655442443226312,0.4583245853453705,0.4931992903607333,1.0000000000000002,0.0,0.29091995221027456
0.619406291537439,0.0,0.6510730101055979,0.30731246060096656,0.7355525306273976,0.20715137067938016,0.9655442443226312,0.4583245853453705,0.4931992903607333,0.697053153401267,0.4401975773256497,0.0
0.619406291537439,0.0,0.6510730101055979,0.30731246060096656,0.7355525306273976,0.20715137067938016,0.9655442443226312,0.4583245853453705,0.4931992903607333,0.10823464610300215,0.4013877455015876,0.9999999999999998
0.619406291537439,0.0,0.6510730101055979,0.30731246060096656,0.7355525306273976,0.20715137067938016,0.9817280083529103,0.0,1.0,0.0,0.9999999999999999,0.3100358422939067
0.619406291537439,0.0,0.6510730101055979,0.30731246060096656,0.7355525306273976,0.20715137067938016,0.9817280083529103,0.0,1.0,1.0000000000000002,0.0,0.29091995221027456
0.619406291537439,0.0,0.6510730101055979,0.30731246060096656,0.7355525306273976,0.20715137067938016,0.9817280083529103,0.0,1.0,0.697053153401267,0.4401975773256497,0.0
0.619406291537439,0.0,0.6510730101055979,0.30731246060096656,0.7355525306273976,0.20715137067938016,0.9817280083529103,0.0,1.0,0.10823464610300215,0.4013877455015876,0.9999999999999998
0.619406291537439,0.0,0.6510730101055979,0.7482664425299431,0.3349832941467641,0.8704410011918953,0.07099973897154789,0.975015746378333,0.15533215060122219,0.0,0.9999999999999999,0.3100358422939067
0.619406291537439,0.0,0.6510730101055979,0.7482664425299431,0.3349832941467641,0.8704410011918953,0.07099973897154789,0.975015746378333,0.15533215060122219,1.0000000000000002,0.0,0.29091995221027456
0.619406291537439,0.0,0.6510730101055979,0.7482664425299431,0.3349832941467641,0.8704410011918953,0.07099973897154789,0.975015746378333,0.15533215060122219,0.697053153401267,0.4401975773256497,0.0
0.619406291537439,0.0,0.6510730101055979,0.7482664425299431,0.3349832941467641,0.8704410011918953,0.07099973897154789,0.975015746378333,0.15533215060122219,0.10823464610300215,0.4013877455015876,0.9999999999999998
0.619406291537439,0.0,0.6510730101055979,0.7482664425299431,0.3349832941467641,0.8704410011918953,0.0,0.4611589334453075,0.0,0.0,0.9999999999999999,0.3100358422939067
0.619406291537439,0.0,0.6510730101055979,0.7482664425299431,0.3349832941467641,0.8704410011918953,0.0,0.4611589334453075,0.0,1.0000000000000002,0.0,0.29091995221027456
0.619406291537439,0.0,0.6510730101055979,0.7482664425299431,0.3349832941467641,0.8704410011918953,0.0,0.4611589334453075,0.0,0.697053153401267,0.4401975773256497,0.0
0.619406291537439,0.0,0.6510730101055979,0.7482664425299431,0.3349832941467641,0.8704410011918953,0.0,0.4611589334453075,0.0,0.10823464610300215,0.4013877455015876,0.9999999999999998
0.619406291537439,0.0,0.6510730101055979,0.7482664425299431,0.3349832941467641,0.8704410011918953,1.0,1.0,0.5901833234772325,0.0,0.9999999999999999,0.3100358422939067
0.619406291537439,0.0,0.6510730101055979,0.7482664425299431,0.3349832941467641,0.8704410011918953,1.0,1.0,0.5901833234772325,1.0000000000000002,0.0,0.29091995221027456
0.619406291537439,0.0,0.6510730101055979,0.7482664425299431,0.3349832941467641,0.8704410011918953,1.0,1.0,0.5901833234772325,0.697053153401267,0.4401975773256497,0.0
0.619406291537439,0.0,0.6510730101055979,0.7482664425299431,0.3349832941467641,0.8704410011918953,1.0,1.0,0.5901833234772325,0.10823464610300215,0.4013877455015876,0.9999999999999998
0.619406291537439,0.0,0.6510730101055979,0.7482664425299431,0.3349832941467641,0.8704410011918953,0.10702166536152442,0.9070963678353978,0.7001774098166764,0.0,0.9999999999999999,0.3100358422939067
0.619406291537439,0.0,0.6510730101055979,0.7482664425299431,0.3349832941467641,0.8704410011918953,0.10702166536152442,0.9070963678353978,0.7001774098166764,1.0000000000000002,0.0,0.29091995221027456
0.619406291537439,0.0,0.6510730101055979,0.7482664425299431,0.3349832941467641,0.8704410011918953,0.10702166536152442,0.9070963678353978,0.7001774098166764,0.697053153401267,0.4401975773256497,0.0
0.619406291537439,0.0,0.6510730101055979,0.7482664425299431,0.3349832941467641,0.8704410011918953,0.10702166536152442,0.9070963678353978,0.7001774098166764,0.10823464610300215,0.4013877455015876,0.9999999999999998
0.619406291537439,0.0,0.6510730101055979,0.7482664425299431,0.3349832941467641,0.8704410011918953,0.3492560689115113,0.8275246693260551,0.2781391681450819,0.0,0.9999999999999999,0.3100358422939067
0.619406291537439,0.0,0.6510730101055979,0.7482664425299431,0.3349832941467641,0.8704410011918953,0.3492560689115113,0.8275246693260551,0.2781391681450819,1.0000000000000002,0.0,0.29091995221027456
0.619406291537439,0.0,0.6510730101055979,0.7482664425299431,0.3349832941467641,0.8704410011918953,0.3492560689115113,0.8275246693260551,0.2781391681450819,0.697053153401267,0.4401975773256497,0.0
0.619406291537439,0.0,0.6510730101055979,0.7482664425299431,0.3349832941467641,0.8704410011918953,0.3492560689115113,0.8275246693260551,0.2781391681450819,0.10823464610300215,0.4013877455015876,0.9999999999999998
0.619406291537439,0.0,0.6510730101055979,0.7482664425299431,0.3349832941467641,0.8704410011918953,0.1536152440616027,0.4086710056686962,0.3378671397595112,0.0,0.9999999999999999,0.3100358422939067
0.619406291537439,0.0,0.6510730101055979,0.7482664425299431,0.3349832941467641,0.8704410011918953,0.1536152440616027,0.4086710056686962,0.3378671397595112,1.0000000000000002,0.0,0.29091995221027456
0.619406291537439,0.0,0.6510730101055979,0.7482664425299431,0.3349832941467641,0.8704410011918953,0.1536152440616027,0.4086710056686962,0.3378671397595112,0.697053153401267,0.4401975773256497,0.0
0.619406291537439,0.0,0.6510730101055979,0.7482664425299431,0.3349832941467641,0.8704410011918953,0.1536152440616027,0.4086710056686962,0.3378671397595112,0.10823464610300215,0.4013877455015876,0.9999999999999998
0.619406291537439,0.0,0.6510730101055979,0.7482664425299431,0.3349832941467641,0.8704410011918953,0.9655442443226312,0.4583245853453705,0.4931992903607333,0.0,0.9999999999999999,0.3100358422939067
0.619406291537439,0.0,0.6510730101055979,0.7482664425299431,0.3349832941467641,0.8704410011918953,0.9655442443226312,0.4583245853453705,0.4931992903607333,1.0000000000000002,0.0,0.29091995221027456
0.619406291537439,0.0,0.6510730101055979,0.7482664425299431,0.3349832941467641,0.8704410011918953,0.9655442443226312,0.4583245853453705,0.4931992903607333,0.697053153401267,0.4401975773256497,0.0
0.619406291537439,0.0,0.6510730101055979,0.7482664425299431,0.3349832941467641,0.8704410011918953,0.9655442443226312,0.4583245853453705,0.4931992903607333,0.10823464610300215,0.4013877455015876,0.9999999999999998
0.619406291537439,0.0,0.6510730101055979,0.7482664425299431,0.3349832941467641,0.8704410011918953,0.9817280083529103,0.0,1.0,0.0,0.9999999999999999,0.3100358422939067
0.619406291537439,0.0,0.6510730101055979,0.7482664425299431,0.3349832941467641,0.8704410011918953,0.9817280083529103,0.0,1.0,1.0000000000000002,0.0,0.29091995221027456
0.619406291537439,0.0,0.6510730101055979,0.7482664425299431,0.3349832941467641,0.8704410011918953,0.9817280083529103,0.0,1.0,0.697053153401267,0.4401975773256497,0.0
0.619406291537439,0.0,0.6510730101055979,0.7482664425299431,0.3349832941467641,0.8704410011918953,0.9817280083529103,0.0,1.0,0.10823464610300215,0.4013877455015876,0.9999999999999998
0.619406291537439,0.0,0.6510730101055979,0.0,0.8396238089345379,0.6827175208581644,0.07099973897154789,0.975015746378333,0.15533215060122219,0.0,0.9999999999999999,0.3100358422939067
0.619406291537439,0.0,0.6510730101055979,0.0,0.8396238089345379,0.6827175208581644,0.07099973897154789,0.975015746378333,0.15533215060122219,1.0000000000000002,0.0,0.29091995221027456
0.619406291537439,0.0,0.6510730101055979,0.0,0.8396238089345379,0.6827175208581644,0.07099973897154789,0.975015746378333,0.15533215060122219,0.697053153401267,0.4401975773256497,0.0
0.619406291537439,0.0,0.6510730101055979,0.0,0.8396238089345379,0.6827175208581644,0.07099973897154789,0.975015746378333,0.15533215060122219,0.10823464610300215,0.4013877455015876,0.9999999999999998
0.619406291537439,0.0,0.6510730101055979,0.0,0.8396238089345379,0.6827175208581644,0.0,0.4611589334453075,0.0,0.0,0.9999999999999999,0.3100358422939067
0.619406291537439,0.0,0.6510730101055979,0.0,0.8396238089345379,0.6827175208581644,0.0,0.4611589334453075,0.0,1.0000000000000002,0.0,0.29091995221027456
0.619406291537439,0.0,0.6510730101055979,0.0,0.8396238089345379,0.6827175208581644,0.0,0.4611589334453075,0.0,0.697053153401267,0.4401975773256497,0.0
0.619406291537439,0.0,0.6510730101055979,0.0,0.8396238089345379,0.6827175208581644,0.0,0.4611589334453075,0.0,0.10823464610300215,0.4013877455015876,0.9999999999999998
0.619406291537439,0.0,0.6510730101055979,0.0,0.8396238089345379,0.6827175208581644,1.0,1.0,0.5901833234772325,0.0,0.9999999999999999,0.3100358422939067
0.619406291537439,0.0,0.6510730101055979,0.0,0.8396238089345379,0.6827175208581644,1.0,1.0,0.5901833234772325,1.0000000000000002,0.0,0.29091995221027456
0.619406291537439,0.0,0.6510730101055979,0.0,0.8396238089345379,0.6827175208581644,1.0,1.0,0.5901833234772325,0.697053153401267,0.4401975773256497,0.0
0.619406291537439,0.0,0.6510730101055979,0.0,0.8396238089345379,0.6827175208581644,1.0,1.0,0.5901833234772325,0.10823464610300215,0.4013877455015876,0.9999999999999998
0.619406291537439,0.0,0.6510730101055979,0.0,0.8396238089345379,0.6827175208581644,0.10702166536152442,0.9070963678353978,0.7001774098166764,0.0,0.9999999999999999,0.3100358422939067
0.619406291537439,0.0,0.6510730101055979,0.0,0.8396238089345379,0.6827175208581644,0.10702166536152442,0.9070963678353978,0.7001774098166764,1.0000000000000002,0.0,0.29091995221027456
0.619406291537439,0.0,0.6510730101055979,0.0,0.8396238089345379,0.6827175208581644,0.10702166536152442,0.9070963678353978,0.7001774098166764,0.697053153401267,0.4401975773256497,0.0
0.619406291537439,0.0,0.6510730101055979,0.0,0.8396238089345379,0.6827175208581644,0.10702166536152442,0.9070963678353978,0.7001774098166764,0.10823464610300215,0.4013877455015876,0.9999999999999998
0.619406291537439,0.0,0.6510730101055979,0.0,0.8396238089345379,0.6827175208581644,0.3492560689115113,0.8275246693260551,0.2781391681450819,0.0,0.9999999999999999,0.3100358422939067
0.619406291537439,0.0,0.6510730101055979,0.0,0.8396238089345379,0.6827175208581644,0.3492560689115113,0.8275246693260551,0.2781391681450819,1.0000000000000002,0.0,0.29091995221027456
0.619406291537439,0.0,0.6510730101055979,0.0,0.8396238089345379,0.6827175208581644,0.3492560689115113,0.8275246693260551,0.2781391681450819,0.697053153401267,0.4401975773256497,0.0
0.619406291537439,0.0,0.6510730101055979,0.0,0.8396238089345379,0.6827175208581644,0.3492560689115113,0.8275246693260551,0.2781391681450819,0.10823464610300215,0.4013877455015876,0.9999999999999998
0.619406291537439,0.0,0.6510730101055979,0.0,0.8396238089345379,0.6827175208581644,0.1536152440616027,0.4086710056686962,0.3378671397595112,0.0,0.9999999999999999,0.3100358422939067
0.619406291537439,0.0,0.6510730101055979,0.0,0.8396238089345379,0.6827175208581644,0.1536152440616027,0.4086710056686962,0.3378671397595112,1.0000000000000002,0.0,0.29091995221027456
0.619406291537439,0.0,0.6510730101055979,0.0,0.8396238089345379,0.6827175208581644,0.1536152440616027,0.4086710056686962,0.3378671397595112,0.697053153401267,0.4401975773256497,0.0
0.619406291537439,0.0,0.6510730101055979,0.0,0.8396238089345379,0.6827175208581644,0.1536152440616027,0.4086710056686962,0.3378671397595112,0.10823464610300215,0.4013877455015876,0.9999999999999998
0.619406291537439,0.0,0.6510730101055979,0.0,0.8396238089345379,0.6827175208581644,0.9655442443226312,0.4583245853453705,0.4931992903607333,0.0,0.9999999999999999,0.3100358422939067
0.619406291537439,0.0,0.6510730101055979,0.0,0.8396238089345379,0.6827175208581644,0.9655442443226312,0.4583245853453705,0.4931992903607333,1.0000000000000002,0.0,0.29091995221027456
0.619406291537439,0.0,0.6510730101055979,0.0,0.8396238089345379,0.6827175208581644,0.9655442443226312,0.4583245853453705,0.4931992903607333,0.697053153401267,0.4401975773256497,0.0
0.619406291537439,0.0,0.6510730101055979,0.0,0.8396238089345379,0.6827175208581644,0.9655442443226312,0.4583245853453705,0.4931992903607333,0.10823464610300215,0.4013877455015876,0.9999999999999998
0.619406291537439,0.0,0.6510730101055979,0.0,0.8396238089345379,0.6827175208581644,0.9817280083529103,0.0,1.0,0.0,0.9999999999999999,0.3100358422939067
0.619406291537439,0.0,0.6510730101055979,0.0,0.8396238089345379,0.6827175208581644,0.9817280083529103,0.0,1.0,1.0000000000000002,0.0,0.29091995221027456
0.619406291537439,0.0,0.6510730101055979,0.0,0.8396238089345379,0.6827175208581644,0.9817280083529103,0.0,1.0,0.697053153401267,0.4401975773256497,0.0
0.619406291537439,0.0,0.6510730101055979,0.0,0.8396238089345379,0.6827175208581644,0.9817280083529103,0.0,1.0,0.10823464610300215,0.4013877455015876,0.9999999999999998
0.619406291537439,0.0,0.6510730101055979,0.9180500105064089,0.057294889246380404,0.9804529201430274,0.07099973897154789,0.975015746378333,0.15533215060122219,0.0,0.9999999999999999,0.3100358422939067
0.619406291537439,0.0,0.6510730101055979,0.9180500105064089,0.057294889246380404,0.9804529201430274,0.07099973897154789,0.975015746378333,0.15533215060122219,1.0000000000000002,0.0,0.29091995221027456
0.619406291537439,0.0,0.6510730101055979,0.9180500105064089,0.057294889246380404,0.9804529201430274,0.07099973897154789,0.975015746378333,0.15533215060122219,0.697053153401267,0.4401975773256497,0.0
0.619406291537439,0.0,0.6510730101055979,0.9180500105064089,0.057294889246380404,0.9804529201430274,0.07099973897154789,0.975015746378333,0.15533215060122219,0.10823464610300215,0.4013877455015876,0.9999999999999998
0.619406291537439,0.0,0.6510730101055979,0.9180500105064089,0.057294889246380404,0.9804529201430274,0.0,0.4611589334453075,0.0,0.0,0.9999999999999999,0.3100358422939067
0.619406291537439,0.0,0.6510730101055979,0.9180500105064089,0.057294889246380404,0.9804529201430274,0.0,0.4611589334453075,0.0,1.0000000000000002,0.0,0.29091995221027456
0.619406291537439,0.0,0.6510730101055979,0.9180500105064089,0.057294889246380404,0.9804529201430274,0.0,0.4611589334453075,0.0,0.697053153401267,0.4401975773256497,0.0
0.619406291537439,0.0,0.6510730101055979,0.9180500105064089,0.057294889246380404,0.9804529201430274,0.0,0.4611589334453075,0.0,0.10823464610300215,0.4013877455015876,0.9999999999999998
0.619406291537439,0.0,0.6510730101055979,0.9180500105064089,0.057294889246380404,0.9804529201430274,1.0,1.0,0.5901833234772325,0.0,0.9999999999999999,0.3100358422939067
0.619406291537439,0.0,0.6510730101055979,0.9180500105064089,0.057294889246380404,0.9804529201430274,1.0,1.0,0.5901833234772325,1.0000000000000002,0.0,0.29091995221027456
0.619406291537439,0.0,0.6510730101055979,0.9180500105064089,0.057294889246380404,0.9804529201430274,1.0,1.0,0.5901833234772325,0.697053153401267,0.4401975773256497,0.0
0.619406291537439,0.0,0.6510730101055979,0.9180500105064089,0.057294889246380404,0.9804529201430274,1.0,1.0,0.5901833234772325,0.10823464610300215,0.4013877455015876,0.9999999999999998
0.619406291537439,0.0,0.6510730101055979,0.9180500105064089,0.057294889246380404,0.9804529201430274,0.10702166536152442,0.9070963678353978,0.7001774098166764,0.0,0.9999999999999999,0.3100358422939067
0.619406291537439,0.0,0.6510730101055979,0.9180500105064089,0.057294889246380404,0.9804529201430274,0.10702166536152442,0.9070963678353978,0.7001774098166764,1.0000000000000002,0.0,0.29091995221027456
0.619406291537439,0.0,0.6510730101055979,0.9180500105064089,0.057294889246380404,0.9804529201430274,0.10702166536152442,0.9070963678353978,0.7001774098166764,0.697053153401267,0.4401975773256497,0.0
0.619406291537439,0.0,0.6510730101055979,0.9180500105064089,0.057294889246380404,0.9804529201430274,0.10702166536152442,0.9070963678353978,0.7001774098166764,0.10823464610300215,0.4013877455015876,0.9999999999999998
0.619406291537439,0.0,0.6510730101055979,0.9180500105064089,0.057294889246380404,0.9804529201430274,0.3492560689115113,0.8275246693260551,0.2781391681450819,0.0,0.9999999999999999,0.3100358422939067
0.619406291537439,0.0,0.6510730101055979,0.9180500105064089,0.057294889246380404,0.9804529201430274,0.3492560689115113,0.8275246693260551,0.2781391681450819,1.0000000000000002,0.0,0.29091995221027456
0.619406291537439,0.0,0.6510730101055979,0.9180500105064089,0.057294889246380404,0.9804529201430274,0.3492560689115113,0.8275246693260551,0.2781391681450819,0.697053153401267,0.4401975773256497,0.0
0.619406291537439,0.0,0.6510730101055979,0.9180500105064089,0.057294889246380404,0.9804529201430274,0.3492560689115113,0.8275246693260551,0.2781391681450819,0.10823464610300215,0.4013877455015876,0.9999999999999998
0.619406291537439,0.0,0.6510730101055979,0.9180500105064089,0.057294889246380404,0.9804529201430274,0.1536152440616027,0.4086710056686962,0.3378671397595112,0.0,0.9999999999999999,0.3100358422939067
0.619406291537439,0.0,0.6510730101055979,0.9180500105064089,0.057294889246380404,0.9804529201430274,0.1536152440616027,0.4086710056686962,0.3378671397595112,1.0000000000000002,0.0,0.29091995221027456
0.619406291537439,0.0,0.6510730101055979,0.9180500105064089,0.057294889246380404,0.9804529201430274,0.1536152440616027,0.4086710056686962,0.3378671397595112,0.697053153401267,0.4401975773256497,0.0
0.619406291537439,0.0,0.6510730101055979,0.9180500105064089,0.057294889246380404,0.9804529201430274,0.1536152440616027,0.4086710056686962,0.3378671397595112,0.10823464610300215,0.4013877455015876,0.9999999999999998
0.619406291537439,0.0,0.6510730101055979,0.9180500105064089,0.057294889246380404,0.9804529201430274,0.9655442443226312,0.4583245853453705,0.4931992903607333,0.0,0.9999999999999999,0.3100358422939067
0.619406291537439,0.0,0.6510730101055979,0.9180500105064089,0.057294889246380404,0.9804529201430274,0.9655442443226312,0.4583245853453705,0.4931992903607333,1.0000000000000002,0.0,0.29091995221027456
0.619406291537439,0.0,0.6510730101055979,0.9180500105064089,0.057294889246380404,0.9804529201430274,0.9655442443226312,0.4583245853453705,0.4931992903607333,0.697053153401267,0.4401975773256497,0.0
0.619406291537439,0.0,0.6510730101055979,0.9180500105064089,0.057294889246380404,0.9804529201430274,0.9655442443226312,0.4583245853453705,0.4931992903607333,0.10823464610300215,0.4013877455015876,0.9999999999999998
0.619406291537439,0.0,0.6510730101055979,0.9180500105064089,0.057294889246380404,0.9804529201430274,0.9817280083529103,0.0,1.0,0.0,0.9999999999999999,0.3100358422939067
0.619406291537439,0.0,0.6510730101055979,0.9180500105064089,0.057294889246380404,0.9804529201430274,0.9817280083529103,0.0,1.0,1.0000000000000002,0.0,0.29091995221027456
0.619406291537439,0.0,0.6510730101055979,0.9180500105064089,0.057294889246380404,0.9804529201430274,0.9817280083529103,0.0,1.0,0.697053153401267,0.4401975773256497,0.0
0.619406291537439,0.0,0.6510730101055979,0.9180500105064089,0.057294889246380404,0.9804529201430274,0.9817280083529103,0.0,1.0,0.10823464610300215,0.4013877455015876,0.9999999999999998
0.619406291537439,0.0,0.6510730101055979,0.9999999999999999,0.4271748545972034,1.0,0.07099973897154789,0.975015746378333,0.15533215060122219,0.0,0.9999999999999999,0.3100358422939067
0.619406291537439,0.0,0.6510730101055979,0.9999999999999999,0.4271748545972034,1.0,0.07099973897154789,0.975015746378333,0.15533215060122219,1.0000000000000002,0.0,0.29091995221027456
0.619406291537439,0.0,0.6510730101055979,0.9999999999999999,0.4271748545972034,1.0,0.07099973897154789,0.975015746378333,0.15533215060122219,0.697053153401267,0.4401975773256497,0.0
0.619406291537439,0.0,0.6510730101055979,0.9999999999999999,0.4271748545972034,1.0,0.07099973897154789,0.975015746378333,0.15533215060122219,0.10823464610300215,0.4013877455015876,0.9999999999999998
0.619406291537439,0.0,0.6510730101055979,0.9999999999999999,0.4271748545972034,1.0,0.0,0.4611589334453075,0.0,0.0,0.9999999999999999,0.3100358422939067
0.619406291537439,0.0,0.6510730101055979,0.9999999999999999,0.4271748545972034,1.0,0.0,0.4611589334453075,0.0,1.0000000000000002,0.0,0.29091995221027456
0.619406291537439,0.0,0.6510730101055979,0.9999999999999999,0.4271748545972034,1.0,0.0,0.4611589334453075,0.0,0.697053153401267,0.4401975773256497,0.0
0.619406291537439,0.0,0.6510730101055979,0.9999999999999999,0.4271748545972034,1.0,0.0,0.4611589334453075,0.0,0.10823464610300215,0.4013877455015876,0.9999999999999998
0.619406291537439,0.0,0.6510730101055979,0.9999999999999999,0.4271748545972034,1.0,1.0,1.0,0.5901833234772325,0.0,0.9999999999999999,0.3100358422939067
0.619406291537439,0.0,0.6510730101055979,0.9999999999999999,0.4271748545972034,1.0,1.0,1.0,0.5901833234772325,1.0000000000000002,0.0,0.29091995221027456
0.619406291537439,0.0,0.6510730101055979,0.9999999999999999,0.4271748545972034,1.0,1.0,1.0,0.5901833234772325,0.697053153401267,0.4401975773256497,0.0
0.619406291537439,0.0,0.6510730101055979,0.9999999999999999,0.4271748545972034,1.0,1.0,1.0,0.5901833234772325,0.10823464610300215,0.4013877455015876,0.9999999999999998
0.619406291537439,0.0,0.6510730101055979,0.9999999999999999,0.4271748545972034,1.0,0.10702166536152442,0.9070963678353978,0.7001774098166764,0.0,0.9999999999999999,0.3100358422939067
0.619406291537439,0.0,0.6510730101055979,0.9999999999999999,0.4271748545972034,1.0,0.10702166536152442,0.9070963678353978,0.7001774098166764,1.0000000000000002,0.0,0.29091995221027456
0.619406291537439,0.0,0.6510730101055979,0.9999999999999999,0.4271748545972034,1.0,0.10702166536152442,0.9070963678353978,0.7001774098166764,0.697053153401267,0.4401975773256497,0.0
0.619406291537439,0.0,0.6510730101055979,0.9999999999999999,0.4271748545972034,1.0,0.10702166536152442,0.9070963678353978,0.7001774098166764,0.10823464610300215,0.4013877455015876,0.9999999999999998
0.619406291537439,0.0,0.6510730101055979,0.9999999999999999,0.4271748545972034,1.0,0.3492560689115113,0.8275246693260551,0.2781391681450819,0.0,0.9999999999999999,0.3100358422939067
0.619406291537439,0.0,0.6510730101055979,0.9999999999999999,0.4271748545972034,1.0,0.3492560689115113,0.8275246693260551,0.2781391681450819,1.0000000000000002,0.0,0.29091995221027456
0.619406291537439,0.0,0.6510730101055979,0.9999999999999999,0.4271748545972034,1.0,0.3492560689115113,0.8275246693260551,0.2781391681450819,0.697053153401267,0.4401975773256497,0.0
0.619406291537439,0.0,0.6510730101055979,0.9999999999999999,0.4271748545972034,1.0,0.3492560689115113,0.8275246693260551,0.2781391681450819,0.10823464610300215,0.4013877455015876,0.9999999999999998
0.619406291537439,0.0,0.6510730101055979,0.9999999999999999,0.4271748545972034,1.0,0.1536152440616027,0.4086710056686962,0.3378671397595112,0.0,0.9999999999999999,0.3100358422939067
0.619406291537439,0.0,0.6510730101055979,0.9999999999999999,0.4271748545972034,1.0,0.1536152440616027,0.4086710056686962,0.3378671397595112,1.0000000000000002,0.0,0.29091995221027456
0.619406291537439,0.0,0.6510730101055979,0.9999999999999999,0.4271748545972034,1.0,0.1536152440616027,0.4086710056686962,0.3378671397595112,0.697053153401267,0.4401975773256497,0.0
0.619406291537439,0.0,0.6510730101055979,0.9999999999999999,0.4271748545972034,1.0,0.1536152440616027,0.4086710056686962,0.3378671397595112,0.10823464610300215,0.4013877455015876,0.9999999999999998
0.619406291537439,0.0,0.6510730101055979,0.9999999999999999,0.4271748545972034,1.0,0.9655442443226312,0.4583245853453705,0.4931992903607333,0.0,0.9999999999999999,0.3100358422939067
0.619406291537439,0.0,0.6510730101055979,0.9999999999999999,0.4271748545972034,1.0,0.9655442443226312,0.4583245853453705,0.4931992903607333,1.0000000000000002,0.0,0.29091995221027456
0.619406291537439,0.0,0.6510730101055979,0.9999999999999999,0.4271748545972034,1.0,0.9655442443226312,0.4583245853453705,0.4931992903607333,0.697053153401267,0.4401975773256497,0.0
0.619406291537439,0.0,0.6510730101055979,0.9999999999999999,0.4271748545972034,1.0,0.9655442443226312,0.4583245853453705,0.4931992903607333,0.10823464610300215,0.4013877455015876,0.9999999999999998
0.619406291537439,0.0,0.6510730101055979,0.9999999999999999,0.4271748545972034,1.0,0.9817280083529103,0.0,1.0,0.0,0.9999999999999999,0.3100358422939067
0.619406291537439,0.0,0.6510730101055979,0.9999999999999999,0.4271748545972034,1.0,0.9817280083529103,0.0,1.0,1.0000000000000002,0.0,0.29091995221027456
0.619406291537439,0.0,0.6510730101055979,0.9999999999999999,0.4271748545972034,1.0,0.9817280083529103,0.0,1.0,0.697053153401267,0.4401975773256497,0.0
0.619406291537439,0.0,0.6510730101055979,0.9999999999999999,0.4271748545972034,1.0,0.9817280083529103,0.0,1.0,0.10823464610300215,0.4013877455015876,0.9999999999999998
0.619406291537439,0.0,0.6510730101055979,0.00021012817818869337,0.05296374211112484,0.8307508939213348,0.07099973897154789,0.975015746378333,0.15533215060122219,0.0,0.9999999999999999,0.3100358422939067
0.619406291537439,0.0,0.6510730101055979,0.00021012817818869337,0.05296374211112484,0.8307508939213348,0.07099973897154789,0.975015746378333,0.15533215060122219,1.0000000000000002,0.0,0.29091995221027456
0.619406291537439,0.0,0.6510730101055979,0.00021012817818869337,0.05296374211112484,0.8307508939213348,0.07099973897154789,0.975015746378333,0.15533215060122219,0.697053153401267,0.4401975773256497,0.0
0.619406291537439,0.0,0.6510730101055979,0.00021012817818869337,0.05296374211112484,0.8307508939213348,0.07099973897154789,0.975015746378333,0.15533215060122219,0.10823464610300215,0.4013877455015876,0.9999999999999998
0.619406291537439,0.0,0.6510730101055979,0.00021012817818869337,0.05296374211112484,0.8307508939213348,0.0,0.4611589334453075,0.0,0.0,0.9999999999999999,0.3100358422939067
0.619406291537439,0.0,0.6510730101055979,0.00021012817818869337,0.05296374211112484,0.8307508939213348,0.0,0.4611589334453075,0.0,1.0000000000000002,0.0,0.29091995221027456
0.619406291537439,0.0,0.6510730101055979,0.00021012817818869337,0.05296374211112484,0.8307508939213348,0.0,0.4611589334453075,0.0,0.697053153401267,0.4401975773256497,0.0
0.619406291537439,0.0,0.6510730101055979,0.00021012817818869337,0.05296374211112484,0.8307508939213348,0.0,0.4611589334453075,0.0,0.10823464610300215,0.4013877455015876,0.9999999999999998
0.619406291537439,0.0,0.6510730101055979,0.00021012817818869337,0.05296374211112484,0.8307508939213348,1.0,1.0,0.5901833234772325,0.0,0.9999999999999999,0.3100358422939067
0.619406291537439,0.0,0.6510730101055979,0.00021012817818869337,0.05296374211112484,0.8307508939213348,1.0,1.0,0.5901833234772325,1.0000000000000002,0.0,0.29091995221027456
0.619406291537439,0.0,0.6510730101055979,0.00021012817818869337,0.05296374211112484,0.8307508939213348,1.0,1.0,0.5901833234772325,0.697053153401267,0.4401975773256497,0.0
0.619406291537439,0.0,0.6510730101055979,0.00021012817818869337,0.05296374211112484,0.8307508939213348,1.0,1.0,0.5901833234772325,0.10823464610300215,0.4013877455015876,0.9999999999999998
0.619406291537439,0.0,0.6510730101055979,0.00021012817818869337,0.05296374211112484,0.8307508939213348,0.10702166536152442,0.9070963678353978,0.7001774098166764,0.0,0.9999999999999999,0.3100358422939067
0.619406291537439,0.0,0.6510730101055979,0.00021012817818869337,0.05296374211112484,0.8307508939213348,0.10702166536152442,0.9070963678353978,0.7001774098166764,1.0000000000000002,0.0,0.29091995221027456
0.619406291537439,0.0,0.6510730101055979,0.00021012817818869337,0.05296374211112484,0.8307508939213348,0.10702166536152442,0.9070963678353978,0.7001774098166764,0.697053153401267,0.4401975773256497,0.0
0.619406291537439,0.0,0.6510730101055979,0.00021012817818869337,0.05296374211112484,0.8307508939213348,0.10702166536152442,0.9070963678353978,0.7001774098166764,0.10823464610300215,0.4013877455015876,0.9999999999999998
0.619406291537439,0.0,0.6510730101055979,0.00021012817818869337,0.05296374211112484,0.8307508939213348,0.3492560689115113,0.8275246693260551,0.2781391681450819,0.0,0.9999999999999999,0.3100358422939067
0.619406291537439,0.0,0.6510730101055979,0.00021012817818869337,0.05296374211112484,0.8307508939213348,0.3492560689115113,0.8275246693260551,0.2781391681450819,1.0000000000000002,0.0,0.29091995221027456
0.619406291537439,0.0,0.6510730101055979,0.00021012817818869337,0.05296374211112484,0.8307508939213348,0.3492560689115113,0.8275246693260551,0.2781391681450819,0.697053153401267,0.4401975773256497,0.0
0.619406291537439,0.0,0.6510730101055979,0.00021012817818869337,0.05296374211112484,0.8307508939213348,0.3492560689115113,0.8275246693260551,0.2781391681450819,0.10823464610300215,0.4013877455015876,0.9999999999999998
0.619406291537439,0.0,0.6510730101055979,0.00021012817818869337,0.05296374211112484,0.8307508939213348,0.1536152440616027,0.4086710056686962,0.3378671397595112,0.0,0.9999999999999999,0.3100358422939067
0.619406291537439,0.0,0.6510730101055979,0.00021012817818869337,0.05296374211112484,0.8307508939213348,0.1536152440616027,0.4086710056686962,0.3378671397595112,1.0000000000000002,0.0,0.29091995221027456
0.619406291537439,0.0,0.6510730101055979,0.00021012817818869337,0.05296374211112484,0.8307508939213348,0.1536152440616027,0.4086710056686962,0.3378671397595112,0.697053153401267,0.4401975773256497,0.0
0.619406291537439,0.0,0.6510730101055979,0.00021012817818869337,0.05296374211112484,0.8307508939213348,0.1536152440616027,0.4086710056686962,0.3378671397595112,0.10823464610300215,0.4013877455015876,0.9999999999999998
0.619406291537439,0.0,0.6510730101055979,0.00021012817818869337,0.05296374211112484,0.8307508939213348,0.9655442443226312,0.4583245853453705,0.4931992903607333,0.0,0.9999999999999999,0.3100358422939067
0.619406291537439,0.0,0.6510730101055979,0.00021012817818869337,0.05296374211112484,0.8307508939213348,0.9655442443226312,0.4583245853453705,0.4931992903607333,1.0000000000000002,0.0,0.29091995221027456
0.619406291537439,0.0,0.6510730101055979,0.00021012817818869337,0.05296374211112484,0.8307508939213348,0.9655442443226312,0.4583245853453705,0.4931992903607333,0.697053153401267,0.4401975773256497,0.0
0.619406291537439,0.0,0.6510730101055979,0.00021012817818869337,0.05296374211112484,0.8307508939213348,0.9655442443226312,0.4583245853453705,0.4931992903607333,0.10823464610300215,0.4013877455015876,0.9999999999999998
0.619406291537439,0.0,0.6510730101055979,0.00021012817818869337,0.05296374211112484,0.8307508939213348,0.9817280083529103,0.0,1.0,0.0,0.9999999999999999,0.3100358422939067
0.619406291537439,0.0,0.6510730101055979,0.00021012817818869337,0.05296374211112484,0.8307508939213348,0.9817280083529103,0.0,1.0,1.0000000000000002,0.0,0.29091995221027456
0.619406291537439,0.0,0.6510730101055979,0.00021012817818869337,0.05296374211112484,0.8307508939213348,0.9817280083529103,0.0,1.0,0.697053153401267,0.4401975773256497,0.0
0.619406291537439,0.0,0.6510730101055979,0.00021012817818869337,0.05296374211112484,0.8307508939213348,0.9817280083529103,0.0,1.0,0.10823464610300215,0.4013877455015876,0.9999999999999998
0.619406291537439,0.0,0.6510730101055979,0.3867409119562933,0.9365177577032547,0.06686531585220501,0.07099973897154789,0.975015746378333,0.15533215060122219,0.0,0.9999999999999999,0.3100358422939067
0.619406291537439,0.0,0.6510730101055979,0.3867409119562933,0.9365177577032547,0.06686531585220501,0.07099973897154789,0.975015746378333,0.15533215060122219,1.0000000000000002,0.0,0.29091995221027456
0.619406291537439,0.0,0.6510730101055979,0.3867409119562933,0.9365177577032547,0.06686531585220501,0.07099973897154789,0.975015746378333,0.15533215060122219,0.697053153401267,0.4401975773256497,0.0
0.619406291537439,0.0,0.6510730101055979,0.3867409119562933,0.9365177577032547,0.06686531585220501,0.07099973897154789,0.975015746378333,0.15533215060122219,0.10823464610300215,0.4013877455015876,0.9999999999999998
0.619406291537439,0.0,0.6510730101055979,0.3867409119562933,0.9365177577032547,0.06686531585220501,0.0,0.4611589334453075,0.0,0.0,0.9999999999999999,0.3100358422939067
0.619406291537439,0.0,0.6510730101055979,0.3867409119562933,0.9365177577032547,0.06686531585220501,0.0,0.4611589334453075,0.0,1.0000000000000002,0.0,0.29091995221027456
0.619406291537439,0.0,0.6510730101055979,0.3867409119562933,0.9365177577032547,0.06686531585220501,0.0,0.4611589334453075,0.0,0.697053153401267,0.4401975773256497,0.0
0.619406291537439,0.0,0.6510730101055979,0.3867409119562933,0.9365177577032547,0.06686531585220501,0.0,0.4611589334453075,0.0,0.10823464610300215,0.4013877455015876,0.9999999999999998
0.619406291537439,0.0,0.6510730101055979,0.3867409119562933,0.9365177577032547,0.06686531585220501,1.0,1.0,0.5901833234772325,0.0,0.9999999999999999,0.3100358422939067
0.619406291537439,0.0,0.6510730101055979,0.3867409119562933,0.9365177577032547,0.06686531585220501,1.0,1.0,0.5901833234772325,1.0000000000000002,0.0,0.29091995221027456
0.619406291537439,0.0,0.6510730101055979,0.3867409119562933,0.9365177577032547,0.06686531585220501,1.0,1.0,0.5901833234772325,0.697053153401267,0.4401975773256497,0.0
0.619406291537439,0.0,0.6510730101055979,0.3867409119562933,0.9365177577032547,0.06686531585220501,1.0,1.0,0.5901833234772325,0.10823464610300215,0.4013877455015876,0.9999999999999998
0.619406291537439,0.0,0.6510730101055979,0.3867409119562933,0.9365177577032547,0.06686531585220501,0.10702166536152442,0.9070963678353978,0.7001774098166764,0.0,0.9999999999999999,0.3100358422939067
0.619406291537439,0.0,0.6510730101055979,0.3867409119562933,0.9365177577032547,0.06686531585220501,0.10702166536152442,0.9070963678353978,0.7001774098166764,1.0000000000000002,0.0,0.29091995221027456
0.619406291537439,0.0,0.6510730101055979,0.3867409119562933,0.9365177577032547,0.06686531585220501,0.10702166536152442,0.9070963678353978,0.7001774098166764,0.697053153401267,0.4401975773256497,0.0
0.619406291537439,0.0,0.6510730101055979,0.3867409119562933,0.9365177577032547,0.06686531585220501,0.10702166536152442,0.9070963678353978,0.7001774098166764,0.10823464610300215,0.4013877455015876,0.9999999999999998
0.619406291537439,0.0,0.6510730101055979,0.3867409119562933,0.9365177577032547,0.06686531585220501,0.3492560689115113,0.8275246693260551,0.2781391681450819,0.0,0.9999999999999999,0.3100358422939067
0.619406291537439,0.0,0.6510730101055979,0.3867409119562933,0.9365177577032547,0.06686531585220501,0.3492560689115113,0.8275246693260551,0.2781391681450819,1.0000000000000002,0.0,0.29091995221027456
0.619406291537439,0.0,0.6510730101055979,0.3867409119562933,0.9365177577032547,0.06686531585220501,0.3492560689115113,0.8275246693260551,0.2781391681450819,0.697053153401267,0.4401975773256497,0.0
0.619406291537439,0.0,0.6510730101055979,0.3867409119562933,0.9365177577032547,0.06686531585220501,0.3492560689115113,0.8275246693260551,0.2781391681450819,0.10823464610300215,0.4013877455015876,0.9999999999999998
0.619406291537439,0.0,0.6510730101055979,0.3867409119562933,0.9365177577032547,0.06686531585220501,0.1536152440616027,0.4086710056686962,0.3378671397595112,0.0,0.9999999999999999,0.3100358422939067
0.619406291537439,0.0,0.6510730101055979,0.3867409119562933,0.9365177577032547,0.06686531585220501,0.1536152440616027,0.4086710056686962,0.3378671397595112,1.0000000000000002,0.0,0.29091995221027456
0.619406291537439,0.0,0.6510730101055979,0.3867409119562933,0.9365177577032547,0.06686531585220501,0.1536152440616027,0.4086710056686962,0.3378671397595112,0.697053153401267,0.4401975773256497,0.0
0.619406291537439,0.0,0.6510730101055979,0.3867409119562933,0.9365177577032547,0.06686531585220501,0.1536152440616027,0.4086710056686962,0.3378671397595112,0.10823464610300215,0.4013877455015876,0.9999999999999998
0.619406291537439,0.0,0.6510730101055979,0.3867409119562933,0.9365177577032547,0.06686531585220501,0.9655442443226312,0.4583245853453705,0.4931992903607333,0.0,0.9999999999999999,0.3100358422939067
0.619406291537439,0.0,0.6510730101055979,0.3867409119562933,0.9365177577032547,0.06686531585220501,0.9655442443226312,0.4583245853453705,0.4931992903607333,1.0000000000000002,0.0,0.29091995221027456
0.619406291537439,0.0,0.6510730101055979,0.3867409119562933,0.9365177577032547,0.06686531585220501,0.9655442443226312,0.4583245853453705,0.4931992903607333,0.697053153401267,0.4401975773256497,0.0
0.619406291537439,0.0,0.6510730101055979,0.3867409119562933,0.9365177577032547,0.06686531585220501,0.9655442443226312,0.4583245853453705,0.4931992903607333,0.10823464610300215,0.4013877455015876,0.9999999999999998
0.619406291537439,0.0,0.6510730101055979,0.3867409119562933,0.9365177577032547,0.06686531585220501,0.9817280083529103,0.0,1.0,0.0,0.9999999999999999,0.3100358422939067
0.619406291537439,0.0,0.6510730101055979,0.3867409119562933,0.9365177577032547,0.06686531585220501,0.9817280083529103,0.0,1.0,1.0000000000000002,0.0,0.29091995221027456
0.619406291537439,0.0,0.6510730101055979,0.3867409119562933,0.9365177577032547,0.06686531585220501,0.9817280083529103,0.0,1.0,0.697053153401267,0.4401975773256497,0.0
0.619406291537439,0.0,0.6510730101055979,0.3867409119562933,0.9365177577032547,0.06686531585220501,0.9817280083529103,0.0,1.0,0.10823464610300215,0.4013877455015876,0.9999999999999998
0.619406291537439,0.0,0.6510730101055979,0.7575120823702458,0.4532854844697438,0.772824791418355,0.07099973897154789,0.975015746378333,0.15533215060122219,0.0,0.9999999999999999,0.3100358422939067
0.619406291537439,0.0,0.6510730101055979,0.7575120823702458,0.4532854844697438,0.772824791418355,0.07099973897154789,0.975015746378333,0.15533215060122219,1.0000000000000002,0.0,0.29091995221027456
0.619406291537439,0.0,0.6510730101055979,0.7575120823702458,0.4532854844697438,0.772824791418355,0.07099973897154789,0.975015746378333,0.15533215060122219,0.697053153401267,0.4401975773256497,0.0
0.619406291537439,0.0,0.6510730101055979,0.7575120823702458,0.4532854844697438,0.772824791418355,0.07099973897154789,0.975015746378333,0.15533215060122219,0.10823464610300215,0.4013877455015876,0.9999999999999998
0.619406291537439,0.0,0.6510730101055979,0.7575120823702458,0.4532854844697438,0.772824791418355,0.0,0.4611589334453075,0.0,0.0,0.9999999999999999,0.3100358422939067
0.619406291537439,0.0,0.6510730101055979,0.7575120823702458,0.4532854844697438,0.772824791418355,0.0,0.4611589334453075,0.0,1.0000000000000002,0.0,0.29091995221027456
0.619406291537439,0.0,0.6510730101055979,0.7575120823702458,0.4532854844697438,0.772824791418355,0.0,0.4611589334453075,0.0,0.697053153401267,0.4401975773256497,0.0
0.619406291537439,0.0,0.6510730101055979,0.7575120823702458,0.4532854844697438,0.772824791418355,0.0,0.4611589334453075,0.0,0.10823464610300215,0.4013877455015876,0.9999999999999998
0.619406291537439,0.0,0.6510730101055979,0.7575120823702458,0.4532854844697438,0.772824791418355,1.0,1.0,0.5901833234772325,0.0,0.9999999999999999,0.3100358422939067
0.619406291537439,0.0,0.6510730101055979,0.7575120823702458,0.4532854844697438,0.772824791418355,1.0,1.0,0.5901833234772325,1.0000000000000002,0.0,0.29091995221027456
0.619406291537439,0.0,0.6510730101055979,0.7575120823702458,0.4532854844697438,0.772824791418355,1.0,1.0,0.5901833234772325,0.697053153401267,0.4401975773256497,0.0
0.619406291537439,0.0,0.6510730101055979,0.7575120823702458,0.4532854844697438,0.772824791418355,1.0,1.0,0.5901833234772325,0.10823464610300215,0.4013877455015876,0.9999999999999998
0.619406291537439,0.0,0.6510730101055979,0.7575120823702458,0.4532854844697438,0.772824791418355,0.10702166536152442,0.9070963678353978,0.7001774098166764,0.0,0.9999999999999999,0.3100358422939067
0.619406291537439,0.0,0.6510730101055979,0.7575120823702458,0.4532854844697438,0.772824791418355,0.10702166536152442,0.9070963678353978,0.7001774098166764,1.0000000000000002,0.0,0.29091995221027456
0.619406291537439,0.0,0.6510730101055979,0.7575120823702458,0.4532854844697438,0.772824791418355,0.10702166536152442,0.9070963678353978,0.7001774098166764,0.697053153401267,0.4401975773256497,0.0
0.619406291537439,0.0,0.6510730101055979,0.7575120823702458,0.4532854844697438,0.772824791418355,0.10702166536152442,0.9070963678353978,0.7001774098166764,0.10823464610300215,0.4013877455015876,0.9999999999999998
0.619406291537439,0.0,0.6510730101055979,0.7575120823702458,0.4532854844697438,0.772824791418355,0.3492560689115113,0.8275246693260551,0.2781391681450819,0.0,0.9999999999999999,0.3100358422939067
0.619406291537439,0.0,0.6510730101055979,0.7575120823702458,0.4532854844697438,0.772824791418355,0.3492560689115113,0.8275246693260551,0.2781391681450819,1.0000000000000002,0.0,0.29091995221027456
0.619406291537439,0.0,0.6510730101055979,0.7575120823702458,0.4532854844697438,0.772824791418355,0.3492560689115113,0.8275246693260551,0.2781391681450819,0.697053153401267,0.4401975773256497,0.0
0.619406291537439,0.0,0.6510730101055979,0.7575120823702458,0.4532854844697438,0.772824791418355,0.3492560689115113,0.8275246693260551,0.2781391681450819,0.10823464610300215,0.4013877455015876,0.9999999999999998
0.619406291537439,0.0,0.6510730101055979,0.7575120823702458,0.4532854844697438,0.772824791418355,0.1536152440616027,0.4086710056686962,0.3378671397595112,0.0,0.9999999999999999,0.3100358422939067
0.619406291537439,0.0,0.6510730101055979,0.7575120823702458,0.4532854844697438,0.772824791418355,0.1536152440616027,0.4086710056686962,0.3378671397595112,1.0000000000000002,0.0,0.29091995221027456
0.619406291537439,0.0,0.6510730101055979,0.7575120823702458,0.4532854844697438,0.772824791418355,0.1536152440616027,0.4086710056686962,0.3378671397595112,0.697053153401267,0.4401975773256497,0.0
0.619406291537439,0.0,0.6510730101055979,0.7575120823702458,0.4532854844697438,0.772824791418355,0.1536152440616027,0.4086710056686962,0.3378671397595112,0.10823464610300215,0.4013877455015876,0.9999999999999998
0.619406291537439,0.0,0.6510730101055979,0.7575120823702458,0.4532854844697438,0.772824791418355,0.9655442443226312,0.4583245853453705,0.4931992903607333,0.0,0.9999999999999999,0.3100358422939067
0.619406291537439,0.0,0.6510730101055979,0.7575120823702458,0.4532854844697438,0.772824791418355,0.9655442443226312,0.4583245853453705,0.4931992903607333,1.0000000000000002,0.0,0.29091995221027456
0.619406291537439,0.0,0.6510730101055979,0.7575120823702458,0.4532854844697438,0.772824791418355,0.9655442443226312,0.4583245853453705,0.4931992903607333,0.697053153401267,0.4401975773256497,0.0
0.619406291537439,0.0,0.6510730101055979,0.7575120823702458,0.4532854844697438,0.772824791418355,0.9655442443226312,0.4583245853453705,0.4931992903607333,0.10823464610300215,0.4013877455015876,0.9999999999999998
0.619406291537439,0.0,0.6510730101055979,0.7575120823702458,0.4532854844697438,0.772824791418355,0.9817280083529103,0.0,1.0,0.0,0.9999999999999999,0.3100358422939067
0.619406291537439,0.0,0.6510730101055979,0.7575120823702458,0.4532854844697438,0.772824791418355,0.9817280083529103,0.0,1.0,1.0000000000000002,0.0,0.29091995221027456
0.619406291537439,0.0,0.6510730101055979,0.7575120823702458,0.4532854844697438,0.772824791418355,0.9817280083529103,0.0,1.0,0.697053153401267,0.4401975773256497,0.0
0.619406291537439,0.0,0.6510730101055979,0.7575120823702458,0.4532854844697438,0.772824791418355,0.9817280083529103,0.0,1.0,0.10823464610300215,0.4013877455015876,0.9999999999999998
0.619406291537439,0.0,0.6510730101055979,0.7432233662534146,0.796559831703997,0.0,0.07099973897154789,0.975015746378333,0.15533215060122219,0.0,0.9999999999999999,0.3100358422939067
0.619406291537439,0.0,0.6510730101055979,0.7432233662534146,0.796559831703997,0.0,0.07099973897154789,0.975015746378333,0.15533215060122219,1.0000000000000002,0.0,0.29091995221027456
0.619406291537439,0.0,0.6510730101055979,0.7432233662534146,0.796559831703997,0.0,0.07099973897154789,0.975015746378333,0.15533215060122219,0.697053153401267,0.4401975773256497,0.0
0.619406291537439,0.0,0.6510730101055979,0.7432233662534146,0.796559831703997,0.0,0.07099973897154789,0.975015746378333,0.15533215060122219,0.10823464610300215,0.4013877455015876,0.9999999999999998
0.619406291537439,0.0,0.6510730101055979,0.7432233662534146,0.796559831703997,0.0,0.0,0.4611589334453075,0.0,0.0,0.9999999999999999,0.3100358422939067
0.619406291537439,0.0,0.6510730101055979,0.7432233662534146,0.796559831703997,0.0,0.0,0.4611589334453075,0.0,1.0000000000000002,0.0,0.29091995221027456
0.619406291537439,0.0,0.6510730101055979,0.7432233662534146,0.796559831703997,0.0,0.0,0.4611589334453075,0.0,0.697053153401267,0.4401975773256497,0.0
0.619406291537439,0.0,0.6510730101055979,0.7432233662534146,0.796559831703997,0.0,0.0,0.4611589334453075,0.0,0.10823464610300215,0.4013877455015876,0.9999999999999998
0.619406291537439,0.0,0.6510730101055979,0.7432233662534146,0.796559831703997,0.0,1.0,1.0,0.5901833234772325,0.0,0.9999999999999999,0.3100358422939067
0.619406291537439,0.0,0.6510730101055979,0.7432233662534146,0.796559831703997,0.0,1.0,1.0,0.5901833234772325,1.0000000000000002,0.0,0.29091995221027456
0.619406291537439,0.0,0.6510730101055979,0.7432233662534146,0.796559831703997,0.0,1.0,1.0,0.5901833234772325,0.697053153401267,0.4401975773256497,0.0
0.619406291537439,0.0,0.6510730101055979,0.7432233662534146,0.796559831703997,0.0,1.0,1.0,0.5901833234772325,0.10823464610300215,0.4013877455015876,0.9999999999999998
0.619406291537439,0.0,0.6510730101055979,0.7432233662534146,0.796559831703997,0.0,0.10702166536152442,0.9070963678353978,0.7001774098166764,0.0,0.9999999999999999,0.3100358422939067
0.619406291537439,0.0,0.6510730101055979,0.7432233662534146,0.796559831703997,0.0,0.10702166536152442,0.9070963678353978,0.7001774098166764,1.0000000000000002,0.0,0.29091995221027456
0.619406291537439,0.0,0.6510730101055979,0.7432233662534146,0.796559831703997,0.0,0.10702166536152442,0.9070963678353978,0.7001774098166764,0.697053153401267,0.4401975773256497,0.0
0.619406291537439,0.0,0.6510730101055979,0.7432233662534146,0.796559831703997,0.0,0.10702166536152442,0.9070963678353978,0.7001774098166764,0.10823464610300215,0.4013877455015876,0.9999999999999998
0.619406291537439,0.0,0.6510730101055979,0.7432233662534146,0.796559831703997,0.0,0.3492560689115113,0.8275246693260551,0.2781391681450819,0.0,0.9999999999999999,0.3100358422939067
0.619406291537439,0.0,0.6510730101055979,0.7432233662534146,0.796559831703997,0.0,0.3492560689115113,0.8275246693260551,0.2781391681450819,1.0000000000000002,0.0,0.29091995221027456
0.619406291537439,0.0,0.6510730101055979,0.7432233662534146,0.796559831703997,0.0,0.3492560689115113,0.8275246693260551,0.2781391681450819,0.697053153401267,0.4401975773256497,0.0
0.619406291537439,0.0,0.6510730101055979,0.7432233662534146,0.796559831703997,0.0,0.3492560689115113,0.8275246693260551,0.2781391681450819,0.10823464610300215,0.4013877455015876,0.9999999999999998
0.619406291537439,0.0,0.6510730101055979,0.7432233662534146,0.796559831703997,0.0,0.1536152440616027,0.4086710056686962,0.3378671397595112,0.0,0.9999999999999999,0.3100358422939067
0.619406291537439,0.0,0.6510730101055979,0.7432233662534146,0.796559831703997,0.0,0.1536152440616027,0.4086710056686962,0.3378671397595112,1.0000000000000002,0.0,0.29091995221027456
0.619406291537439,0.0,0.6510730101055979,0.7432233662534146,0.796559831703997,0.0,0.1536152440616027,0.4086710056686962,0.3378671397595112,0.697053153401267,0.4401975773256497,0.0
0.619406291537439,0.0,0.6510730101055979,0.7432233662534146,0.796559831703997,0.0,0.1536152440616027,0.4086710056686962,0.3378671397595112,0.10823464610300215,0.4013877455015876,0.9999999999999998
0.619406291537439,0.0,0.6510730101055979,0.7432233662534146,0.796559831703997,0.0,0.9655442443226312,0.4583245853453705,0.4931992903607333,0.0,0.9999999999999999,0.3100358422939067
0.619406291537439,0.0,0.6510730101055979,0.7432233662534146,0.796559831703997,0.0,0.9655442443226312,0.4583245853453705,0.4931992903607333,1.0000000000000002,0.0,0.29091995221027456
0.619406291537439,0.0,0.6510730101055979,0.7432233662534146,0.796559831703997,0.0,0.9655442443226312,0.4583245853453705,0.4931992903607333,0.697053153401267,0.4401975773256497,0.0
0.619406291537439,0.0,0.6510730101055979,0.7432233662534146,0.796559831703997,0.0,0.9655442443226312,0.4583245853453705,0.4931992903607333,0.10823464610300215,0.4013877455015876,0.9999999999999998
0.619406291537439,0.0,0.6510730101055979,0.7432233662534146,0.796559831703997,0.0,0.9817280083529103,0.0,1.0,0.0,0.9999999999999999,0.3100358422939067
0.619406291537439,0.0,0.6510730101055979,0.7432233662534146,0.796559831703997,0.0,0.9817280083529103,0.0,1.0,1.0000000000000002,0.0,0.29091995221027456
0.619406291537439,0.0,0.6510730101055979,0.7432233662534146,0.796559831703997,0.0,0.9817280083529103,0.0,1.0,0.697053153401267,0.4401975773256497,0.0
0.619406291537439,0.0,0.6510730101055979,0.7432233662534146,0.796559831703997,0.0,0.9817280083529103,0.0,1.0,0.10823464610300215,0.4013877455015876,0.9999999999999998
0.619406291537439,0.0,0.6510730101055979,0.5457028787560411,0.2518252691498577,0.4370679380214541,0.07099973897154789,0.975015746378333,0.15533215060122219,0.0,0.9999999999999999,0.3100358422939067
0.619406291537439,0.0,0.6510730101055979,0.5457028787560411,0.2518252691498577,0.4370679380214541,0.07099973897154789,0.975015746378333,0.15533215060122219,1.0000000000000002,0.0,0.29091995221027456
0.619406291537439,0.0,0.6510730101055979,0.5457028787560411,0.2518252691498577,0.4370679380214541,0.07099973897154789,0.975015746378333,0.15533215060122219,0.697053153401267,0.4401975773256497,0.0
0.619406291537439,0.0,0.6510730101055979,0.5457028787560411,0.2518252691498577,0.4370679380214541,0.07099973897154789,0.975015746378333,0.15533215060122219,0.10823464610300215,0.4013877455015876,0.9999999999999998
0.619406291537439,0.0,0.6510730101055979,0.5457028787560411,0.2518252691498577,0.4370679380214541,0.0,0.4611589334453075,0.0,0.0,0.9999999999999999,0.3100358422939067
0.619406291537439,0.0,0.6510730101055979,0.5457028787560411,0.2518252691498577,0.4370679380214541,0.0,0.4611589334453075,0.0,1.0000000000000002,0.0,0.29091995221027456
0.619406291537439,0.0,0.6510730101055979,0.5457028787560411,0.2518252691498577,0.4370679380214541,0.0,0.4611589334453075,0.0,0.697053153401267,0.4401975773256497,0.0
0.619406291537439,0.0,0.6510730101055979,0.5457028787560411,0.2518252691498577,0.4370679380214541,0.0,0.4611589334453075,0.0,0.10823464610300215,0.4013877455015876,0.9999999999999998
0.619406291537439,0.0,0.6510730101055979,0.5457028787560411,0.2518252691498577,0.4370679380214541,1.0,1.0,0.5901833234772325,0.0,0.9999999999999999,0.3100358422939067
0.619406291537439,0.0,0.6510730101055979,0.5457028787560411,0.2518252691498577,0.4370679380214541,1.0,1.0,0.5901833234772325,1.0000000000000002,0.0,0.29091995221027456
0.619406291537439,0.0,0.6510730101055979,0.5457028787560411,0.2518252691498577,0.4370679380214541,1.0,1.0,0.5901833234772325,0.697053153401267,0.4401975773256497,0.0
0.619406291537439,0.0,0.6510730101055979,0.5457028787560411,0.2518252691498577,0.4370679380214541,1.0,1.0,0.5901833234772325,0.10823464610300215,0.4013877455015876,0.9999999999999998
0.619406291537439,0.0,0.6510730101055979,0.5457028787560411,0.2518252691498577,0.4370679380214541,0.10702166536152442,0.9070963678353978,0.7001774098166764,0.0,0.9999999999999999,0.3100358422939067
0.619406291537439,0.0,0.6510730101055979,0.5457028787560411,0.2518252691498577,0.4370679380214541,0.10702166536152442,0.9070963678353978,0.7001774098166764,1.0000000000000002,0.0,0.29091995221027456
0.619406291537439,0.0,0.6510730101055979,0.5457028787560411,0.2518252691498577,0.4370679380214541,0.10702166536152442,0.9070963678353978,0.7001774098166764,0.697053153401267,0.4401975773256497,0.0
0.619406291537439,0.0,0.6510730101055979,0.5457028787560411,0.2518252691498577,0.4370679380214541,0.10702166536152442,0.9070963678353978,0.7001774098166764,0.10823464610300215,0.4013877455015876,0.9999999999999998
0.619406291537439,0.0,0.6510730101055979,0.5457028787560411,0.2518252691498577,0.4370679380214541,0.3492560689115113,0.8275246693260551,0.2781391681450819,0.0,0.9999999999999999,0.3100358422939067
0.619406291537439,0.0,0.6510730101055979,0.5457028787560411,0.2518252691498577,0.4370679380214541,0.3492560689115113,0.8275246693260551,0.2781391681450819,1.0000000000000002,0.0,0.29091995221027456
0.619406291537439,0.0,0.6510730101055979,0.5457028787560411,0.2518252691498577,0.4370679380214541,0.3492560689115113,0.8275246693260551,0.2781391681450819,0.697053153401267,0.4401975773256497,0.0
0.619406291537439,0.0,0.6510730101055979,0.5457028787560411,0.2518252691498577,0.4370679380214541,0.3492560689115113,0.8275246693260551,0.2781391681450819,0.10823464610300215,0.4013877455015876,0.9999999999999998
0.619406291537439,0.0,0.6510730101055979,0.5457028787560411,0.2518252691498577,0.4370679380214541,0.1536152440616027,0.4086710056686962,0.3378671397595112,0.0,0.9999999999999999,0.3100358422939067
0.619406291537439,0.0,0.6510730101055979,0.5457028787560411,0.2518252691498577,0.4370679380214541,0.1536152440616027,0.4086710056686962,0.3378671397595112,1.0000000000000002,0.0,0.29091995221027456
0.619406291537439,0.0,0.6510730101055979,0.5457028787560411,0.2518252691498577,0.4370679380214541,0.1536152440616027,0.4086710056686962,0.3378671397595112,0.697053153401267,0.4401975773256497,0.0
0.619406291537439,0.0,0.6510730101055979,0.5457028787560411,0.2518252691498577,0.4370679380214541,0.1536152440616027,0.4086710056686962,0.3378671397595112,0.10823464610300215,0.4013877455015876,0.9999999999999998
0.619406291537439,0.0,0.6510730101055979,0.5457028787560411,0.2518252691498577,0.4370679380214541,0.9655442443226312,0.4583245853453705,0.4931992903607333,0.0,0.9999999999999999,0.3100358422939067
0.619406291537439,0.0,0.6510730101055979,0.5457028787560411,0.2518252691498577,0.4370679380214541,0.9655442443226312,0.4583245853453705,0.4931992903607333,1.0000000000000002,0.0,0.29091995221027456
0.619406291537439,0.0,0.6510730101055979,0.5457028787560411,0.2518252691498577,0.4370679380214541,0.9655442443226312,0.4583245853453705,0.4931992903607333,0.697053153401267,0.4401975773256497,0.0
0.619406291537439,0.0,0.6510730101055979,0.5457028787560411,0.2518252691498577,0.4370679380214541,0.9655442443226312,0.4583245853453705,0.4931992903607333,0.10823464610300215,0.4013877455015876,0.9999999999999998
0.619406291537439,0.0,0.6510730101055979,0.5457028787560411,0.2518252691498577,0.4370679380214541,0.9817280083529103,0.0,1.0,0.0,0.9999999999999999,0.3100358422939067
0.619406291537439,0.0,0.6510730101055979,0.5457028787560411,0.2518252691498577,0.4370679380214541,0.9817280083529103,0.0,1.0,1.0000000000000002,0.0,0.29091995221027456
0.619406291537439,0.0,0.6510730101055979,0.5457028787560411,0.2518252691498577,0.4370679380214541,0.9817280083529103,0.0,1.0,0.697053153401267,0.4401975773256497,0.0
0.619406291537439,0.0,0.6510730101055979,0.5457028787560411,0.2518252691498577,0.4370679380214541,0.9817280083529103,0.0,1.0,0.10823464610300215,0.4013877455015876,0.9999999999999998
0.619406291537439,0.0,0.6510730101055979,0.29491489808783355,1.0,0.7398092967818832,0.07099973897154789,0.975015746378333,0.15533215060122219,0.0,0.9999999999999999,0.3100358422939067
0.619406291537439,0.0,0.6510730101055979,0.29491489808783355,1.0,0.7398092967818832,0.07099973897154789,0.975015746378333,0.15533215060122219,1.0000000000000002,0.0,0.29091995221027456
0.619406291537439,0.0,0.6510730101055979,0.29491489808783355,1.0,0.7398092967818832,0.07099973897154789,0.975015746378333,0.15533215060122219,0.697053153401267,0.4401975773256497,0.0
0.619406291537439,0.0,0.6510730101055979,0.29491489808783355,1.0,0.7398092967818832,0.07099973897154789,0.975015746378333,0.15533215060122219,0.10823464610300215,0.4013877455015876,0.9999999999999998
0.619406291537439,0.0,0.6510730101055979,0.29491489808783355,1.0,0.7398092967818832,0.0,0.4611589334453075,0.0,0.0,0.9999999999999999,0.3100358422939067
0.619406291537439,0.0,0.6510730101055979,0.29491489808783355,1.0,0.7398092967818832,0.0,0.4611589334453075,0.0,1.0000000000000002,0.0,0.29091995221027456
0.619406291537439,0.0,0.6510730101055979,0.29491489808783355,1.0,0.7398092967818832,0.0,0.4611589334453075,0.0,0.697053153401267,0.4401975773256497,0.0
0.619406291537439,0.0,0.6510730101055979,0.29491489808783355,1.0,0.7398092967818832,0.0,0.4611589334453075,0.0,0.10823464610300215,0.4013877455015876,0.9999999999999998
0.619406291537439,0.0,0.6510730101055979,0.29491489808783355,1.0,0.7398092967818832,1.0,1.0,0.5901833234772325,0.0,0.9999999999999999,0.3100358422939067
0.619406291537439,0.0,0.6510730101055979,0.29491489808783355,1.0,0.7398092967818832,1.0,1.0,0.5901833234772325,1.0000000000000002,0.0,0.29091995221027456
0.619406291537439,0.0,0.6510730101055979,0.29491489808783355,1.0,0.7398092967818832,1.0,1.0,0.5901833234772325,0.697053153401267,0.4401975773256497,0.0
0.619406291537439,0.0,0.6510730101055979,0.29491489808783355,1.0,0.7398092967818832,1.0,1.0,0.5901833234772325,0.10823464610300215,0.4013877455015876,0.9999999999999998
0.619406291537439,0.0,0.6510730101055979,0.29491489808783355,1.0,0.7398092967818832,0.10702166536152442,0.9070963678353978,0.7001774098166764,0.0,0.9999999999999999,0.3100358422939067
0.619406291537439,0.0,0.6510730101055979,0.29491489808783355,1.0,0.7398092967818832,0.10702166536152442,0.9070963678353978,0.7001774098166764,1.0000000000000002,0.0,0.29091995221027456
0.619406291537439,0.0,0.6510730101055979,0.29491489808783355,1.0,0.7398092967818832,0.10702166536152442,0.9070963678353978,0.7001774098166764,0.697053153401267,0.4401975773256497,0.0
0.619406291537439,0.0,0.6510730101055979,0.29491489808783355,1.0,0.7398092967818832,0.10702166536152442,0.9070963678353978,0.7001774098166764,0.10823464610300215,0.4013877455015876,0.9999999999999998
0.619406291537439,0.0,0.6510730101055979,0.29491489808783355,1.0,0.7398092967818832,0.3492560689115113,0.8275246693260551,0.2781391681450819,0.0,0.9999999999999999,0.3100358422939067
0.619406291537439,0.0,0.6510730101055979,0.29491489808783355,1.0,0.7398092967818832,0.3492560689115113,0.8275246693260551,0.2781391681450819,1.0000000000000002,0.0,0.29091995221027456
0.619406291537439,0.0,0.6510730101055979,0.29491489808783355,1.0,0.7398092967818832,0.3492560689115113,0.8275246693260551,0.2781391681450819,0.697053153401267,0.4401975773256497,0.0
0.619406291537439,0.0,0.6510730101055979,0.29491489808783355,1.0,0.7398092967818832,0.3492560689115113,0.8275246693260551,0.2781391681450819,0.10823464610300215,0.4013877455015876,0.9999999999999998
0.619406291537439,0.0,0.6510730101055979,0.29491489808783355,1.0,0.7398092967818832,0.1536152440616027,0.4086710056686962,0.3378671397595112,0.0,0.9999999999999999,0.3100358422939067
0.619406291537439,0.0,0.6510730101055979,0.29491489808783355,1.0,0.7398092967818832,0.1536152440616027,0.4086710056686962,0.3378671397595112,1.0000000000000002,0.0,0.29091995221027456
0.619406291537439,0.0,0.6510730101055979,0.29491489808783355,1.0,0.7398092967818832,0.1536152440616027,0.4086710056686962,0.3378671397595112,0.697053153401267,0.4401975773256497,0.0
0.619406291537439,0.0,0.6510730101055979,0.29491489808783355,1.0,0.7398092967818832,0.1536152440616027,0.4086710056686962,0.3378671397595112,0.10823464610300215,0.4013877455015876,0.9999999999999998
0.619406291537439,0.0,0.6510730101055979,0.29491489808783355,1.0,0.7398092967818832,0.9655442443226312,0.4583245853453705,0.4931992903607333,0.0,0.9999999999999999,0.3100358422939067
0.619406291537439,0.0,0.6510730101055979,0.29491489808783355,1.0,0.7398092967818832,0.9655442443226312,0.4583245853453705,0.4931992903607333,1.0000000000000002,0.0,0.29091995221027456
0.619406291537439,0.0,0.6510730101055979,0.29491489808783355,1.0,0.7398092967818832,0.9655442443226312,0.4583245853453705,0.4931992903607333,0.697053153401267,0.4401975773256497,0.0
0.619406291537439,0.0,0.6510730101055979,0.29491489808783355,1.0,0.7398092967818832,0.9655442443226312,0.4583245853453705,0.4931992903607333,0.10823464610300215,0.4013877455015876,0.9999999999999998
0.619406291537439,0.0,0.6510730101055979,0.29491489808783355,1.0,0.7398092967818832,0.9817280083529103,0.0,1.0,0.0,0.9999999999999999,0.3100358422939067
0.619406291537439,0.0,0.6510730101055979,0.29491489808783355,1.0,0.7398092967818832,0.9817280083529103,0.0,1.0,1.0000000000000002,0.0,0.29091995221027456
0.619406291537439,0.0,0.6510730101055979,0.29491489808783355,1.0,0.7398092967818832,0.9817280083529103,0.0,1.0,0.697053153401267,0.4401975773256497,0.0
0.619406291537439,0.0,0.6510730101055979,0.29491489808783355,1.0,0.7398092967818832,0.9817280083529103,0.0,1.0,0.10823464610300215,0.4013877455015876,0.9999999999999998
0.9999999999999999,0.5155399274047187,1.0000000000000002,0.28272746375288926,0.0,0.6898688915375446,0.07099973897154789,0.975015746378333,0.15533215060122219,0.0,0.9999999999999999,0.3100358422939067
0.9999999999999999,0.5155399274047187,1.0000000000000002,0.28272746375288926,0.0,0.6898688915375446,0.07099973897154789,0.975015746378333,0.15533215060122219,1.0000000000000002,0.0,0.29091995221027456
0.9999999999999999,0.5155399274047187,1.0000000000000002,0.28272746375288926,0.0,0.6898688915375446,0.07099973897154789,0.975015746378333,0.15533215060122219,0.697053153401267,0.4401975773256497,0.0
0.9999999999999999,0.5155399274047187,1.0000000000000002,0.28272746375288926,0.0,0.6898688915375446,0.07099973897154789,0.975015746378333,0.15533215060122219,0.10823464610300215,0.4013877455015876,0.9999999999999998
0.9999999999999999,0.5155399274047187,1.0000000000000002,0.28272746375288926,0.0,0.6898688915375446,0.0,0.4611589334453075,0.0,0.0,0.9999999999999999,0.3100358422939067
0.9999999999999999,0.5155399274047187,1.0000000000000002,0.28272746375288926,0.0,0.6898688915375446,0.0,0.4611589334453075,0.0,1.0000000000000002,0.0,0.29091995221027456
0.9999999999999999,0.5155399274047187,1.0000000000000002,0.28272746375288926,0.0,0.6898688915375446,0.0,0.4611589334453075,0.0,0.697053153401267,0.4401975773256497,0.0
0.9999999999999999,0.5155399274047187,1.0000000000000002,0.28272746375288926,0.0,0.6898688915375446,0.0,0.4611589334453075,0.0,0.10823464610300215,0.4013877455015876,0.9999999999999998
0.9999999999999999,0.5155399274047187,1.0000000000000002,0.28272746375288926,0.0,0.6898688915375446,1.0,1.0,0.5901833234772325,0.0,0.9999999999999999,0.3100358422939067
0.9999999999999999,0.5155399274047187,1.0000000000000002,0.28272746375288926,0.0,0.6898688915375446,1.0,1.0,0.5901833234772325,1.0000000000000002,0.0,0.29091995221027456
0.9999999999999999,0.5155399274047187,1.0000000000000002,0.28272746375288926,0.0,0.6898688915375446,1.0,1.0,0.5901833234772325,0.697053153401267,0.4401975773256497,0.0
0.9999999999999999,0.5155399274047187,1.0000000000000002,0.28272746375288926,0.0,0.6898688915375446,1.0,1.0,0.5901833234772325,0.10823464610300215,0.4013877455015876,0.9999999999999998
0.9999999999999999,0.5155399274047187,1.0000000000000002,0.28272746375288926,0.0,0.6898688915375446,0.10702166536152442,0.9070963678353978,0.7001774098166764,0.0,0.9999999999999999,0.3100358422939067
0.9999999999999999,0.5155399274047187,1.0000000000000002,0.28272746375288926,0.0,0.6898688915375446,0.10702166536152442,0.9070963678353978,0.7001774098166764,1.0000000000000002,0.0,0.29091995221027456
0.9999999999999999,0.5155399274047187,1.0000000000000002,0.28272746375288926,0.0,0.6898688915375446,0.10702166536152442,0.9070963678353978,0.7001774098166764,0.697053153401267,0.4401975773256497,0.0
0.9999999999999999,0.5155399274047187,1.0000000000000002,0.28272746375288926,0.0,0.6898688915375446,0.10702166536152442,0.9070963678353978,0.7001774098166764,0.10823464610300215,0.4013877455015876,0.9999999999999998
0.9999999999999999,0.5155399274047187,1.0000000000000002,0.28272746375288926,0.0,0.6898688915375446,0.3492560689115113,0.8275246693260551,0.2781391681450819,0.0,0.9999999999999999,0.3100358422939067
0.9999999999999999,0.5155399274047187,1.0000000000000002,0.28272746375288926,0.0,0.6898688915375446,0.3492560689115113,0.8275246693260551,0.2781391681450819,1.0000000000000002,0.0,0.29091995221027456
0.9999999999999999,0.5155399274047187,1.0000000000000002,0.28272746375288926,0.0,0.6898688915375446,0.3492560689115113,0.8275246693260551,0.2781391681450819,0.697053153401267,0.4401975773256497,0.0
0.9999999999999999,0.5155399274047187,1.0000000000000002,0.28272746375288926,0.0,0.6898688915375446,0.3492560689115113,0.8275246693260551,0.2781391681450819,0.10823464610300215,0.4013877455015876,0.9999999999999998
0.9999999999999999,0.5155399274047187,1.0000000000000002,0.28272746375288926,0.0,0.6898688915375446,0.1536152440616027,0.4086710056686962,0.3378671397595112,0.0,0.9999999999999999,0.3100358422939067
0.9999999999999999,0.5155399274047187,1.0000000000000002,0.28272746375288926,0.0,0.6898688915375446,0.1536152440616027,0.4086710056686962,0.3378671397595112,1.0000000000000002,0.0,0.29091995221027456
0.9999999999999999,0.5155399274047187,1.0000000000000002,0.28272746375288926,0.0,0.6898688915375446,0.1536152440616027,0.4086710056686962,0.3378671397595112,0.697053153401267,0.4401975773256497,0.0
0.9999999999999999,0.5155399274047187,1.0000000000000002,0.28272746375288926,0.0,0.6898688915375446,0.1536152440616027,0.4086710056686962,0.3378671397595112,0.10823464610300215,0.4013877455015876,0.9999999999999998
0.9999999999999999,0.5155399274047187,1.0000000000000002,0.28272746375288926,0.0,0.6898688915375446,0.9655442443226312,0.4583245853453705,0.4931992903607333,0.0,0.9999999999999999,0.3100358422939067
0.9999999999999999,0.5155399274047187,1.0000000000000002,0.28272746375288926,0.0,0.6898688915375446,0.9655442443226312,0.4583245853453705,0.4931992903607333,1.0000000000000002,0.0,0.29091995221027456
0.9999999999999999,0.5155399274047187,1.0000000000000002,0.28272746375288926,0.0,0.6898688915375446,0.9655442443226312,0.4583245853453705,0.4931992903607333,0.697053153401267,0.4401975773256497,0.0
0.9999999999999999,0.5155399274047187,1.0000000000000002,0.28272746375288926,0.0,0.6898688915375446,0.9655442443226312,0.4583245853453705,0.4931992903607333,0.10823464610300215,0.4013877455015876,0.9999999999999998
0.9999999999999999,0.5155399274047187,1.0000000000000002,0.28272746375288926,0.0,0.6898688915375446,0.9817280083529103,0.0,1.0,0.0,0.9999999999999999,0.3100358422939067
0.9999999999999999,0.5155399274047187,1.0000000000000002,0.28272746375288926,0.0,0.6898688915375446,0.9817280083529103,0.0,1.0,1.0000000000000002,0.0,0.29091995221027456
0.9999999999999999,0.5155399274047187,1.0000000000000002,0.28272746375288926,0.0,0.6898688915375446,0.9817280083529103,0.0,1.0,0.697053153401267,0.4401975773256497,0.0
0.9999999999999999,0.5155399274047187,1.0000000000000002,0.28272746375288926,0.0,0.6898688915375446,0.9817280083529103,0.0,1.0,0.10823464610300215,0.4013877455015876,0.9999999999999998
0.9999999999999999,0.5155399274047187,1.0000000000000002,0.30731246060096656,0.7355525306273976,0.20715137067938016,0.07099973897154789,0.975015746378333,0.15533215060122219,0.0,0.9999999999999999,0.3100358422939067
0.9999999999999999,0.5155399274047187,1.0000000000000002,0.30731246060096656,0.7355525306273976,0.20715137067938016,0.07099973897154789,0.975015746378333,0.15533215060122219,1.0000000000000002,0.0,0.29091995221027456
0.9999999999999999,0.5155399274047187,1.0000000000000002,0.30731246060096656,0.7355525306273976,0.20715137067938016,0.07099973897154789,0.975015746378333,0.15533215060122219,0.697053153401267,0.4401975773256497,0.0
0.9999999999999999,0.5155399274047187,1.0000000000000002,0.30731246060096656,0.7355525306273976,0.20715137067938016,0.07099973897154789,0.975015746378333,0.15533215060122219,0.10823464610300215,0.4013877455015876,0.9999999999999998
0.9999999999999999,0.5155399274047187,1.0000000000000002,0.30731246060096656,0.7355525306273976,0.20715137067938016,0.0,0.4611589334453075,0.0,0.0,0.9999999999999999,0.3100358422939067
0.9999999999999999,0.5155399274047187,1.0000000000000002,0.30731246060096656,0.7355525306273976,0.20715137067938016,0.0,0.4611589334453075,0.0,1.0000000000000002,0.0,0.29091995221027456
0.9999999999999999,0.5155399274047187,1.0000000000000002,0.30731246060096656,0.7355525306273976,0.20715137067938016,0.0,0.4611589334453075,0.0,0.697053153401267,0.4401975773256497,0.0
0.9999999999999999,0.5155399274047187,1.0000000000000002,0.30731246060096656,0.7355525306273976,0.20715137067938016,0.0,0.4611589334453075,0.0,0.10823464610300215,0.4013877455015876,0.9999999999999998
0.9999999999999999,0.5155399274047187,1.0000000000000002,0.30731246060096656,0.7355525306273976,0.20715137067938016,1.0,1.0,0.5901833234772325,0.0,0.9999999999999999,0.3100358422939067
0.9999999999999999,0.5155399274047187,1.0000000000000002,0.30731246060096656,0.7355525306273976,0.20715137067938016,1.0,1.0,0.5901833234772325,1.0000000000000002,0.0,0.29091995221027456
0.9999999999999999,0.5155399274047187,1.0000000000000002,0.30731246060096656,0.7355525306273976,0.20715137067938016,1.0,1.0,0.5901833234772325,0.697053153401267,0.4401975773256497,0.0
0.9999999999999999,0.5155399274047187,1.0000000000000002,0.30731246060096656,0.7355525306273976,0.20715137067938016,1.0,1.0,0.5901833234772325,0.10823464610300215,0.4013877455015876,0.9999999999999998
0.9999999999999999,0.5155399274047187,1.0000000000000002,0.30731246060096656,0.7355525306273976,0.20715137067938016,0.10702166536152442,0.9070963678353978,0.7001774098166764,0.0,0.9999999999999999,0.3100358422939067
0.9999999999999999,0.5155399274047187,1.0000000000000002,0.30731246060096656,0.7355525306273976,0.20715137067938016,0.10702166536152442,0.9070963678353978,0.7001774098166764,1.0000000000000002,0.0,0.29091995221027456
0.9999999999999999,0.5155399274047187,1.0000000000000002,0.30731246060096656,0.7355525306273976,0.20715137067938016,0.10702166536152442,0.9070963678353978,0.7001774098166764,0.697053153401267,0.4401975773256497,0.0
0.9999999999999999,0.5155399274047187,1.0000000000000002,0.30731246060096656,0.7355525306273976,0.20715137067938016,0.10702166536152442,0.9070963678353978,0.7001774098166764,0.10823464610300215,0.4013877455015876,0.9999999999999998
0.9999999999999999,0.5155399274047187,1.0000000000000002,0.30731246060096656,0.7355525306273976,0.20715137067938016,0.3492560689115113,0.8275246693260551,0.2781391681450819,0.0,0.9999999999999999,0.3100358422939067
0.9999999999999999,0.5155399274047187,1.0000000000000002,0.30731246060096656,0.7355525306273976,0.20715137067938016,0.3492560689115113,0.8275246693260551,0.2781391681450819,1.0000000000000002,0.0,0.29091995221027456
0.9999999999999999,0.5155399274047187,1.0000000000000002,0.30731246060096656,0.7355525306273976,0.20715137067938016,0.3492560689115113,0.8275246693260551,0.2781391681450819,0.697053153401267,0.4401975773256497,0.0
0.9999999999999999,0.5155399274047187,1.0000000000000002,0.30731246060096656,0.7355525306273976,0.20715137067938016,0.3492560689115113,0.8275246693260551,0.2781391681450819,0.10823464610300215,0.4013877455015876,0.9999999999999998
0.9999999999999999,0.5155399274047187,1.0000000000000002,0.30731246060096656,0.7355525306273976,0.20715137067938016,0.1536152440616027,0.4086710056686962,0.3378671397595112,0.0,0.9999999999999999,0.3100358422939067
0.9999999999999999,0.5155399274047187,1.0000000000000002,0.30731246060096656,0.7355525306273976,0.20715137067938016,0.1536152440616027,0.4086710056686962,0.3378671397595112,1.0000000000000002,0.0,0.29091995221027456
0.9999999999999999,0.5155399274047187,1.0000000000000002,0.30731246060096656,0.7355525306273976,0.20715137067938016,0.1536152440616027,0.4086710056686962,0.3378671397595112,0.697053153401267,0.4401975773256497,0.0
0.9999999999999999,0.5155399274047187,1.0000000000000002,0.30731246060096656,0.7355525306273976,0.20715137067938016,0.1536152440616027,0.4086710056686962,0.3378671397595112,0.10823464610300215,0.4013877455015876,0.9999999999999998
0.9999999999999999,0.5155399274047187,1.0000000000000002,0.30731246060096656,0.7355525306273976,0.20715137067938016,0.9655442443226312,0.4583245853453705,0.4931992903607333,0.0,0.9999999999999999,0.3100358422939067
0.9999999999999999,0.5155399274047187,1.0000000000000002,0.30731246060096656,0.7355525306273976,0.20715137067938016,0.9655442443226312,0.4583245853453705,0.4931992903607333,1.0000000000000002,0.0,0.29091995221027456
0.9999999999999999,0.5155399274047187,1.0000000000000002,0.30731246060096656,0.7355525306273976,0.20715137067938016,0.9655442443226312,0.4583245853453705,0.4931992903607333,0.697053153401267,0.4401975773256497,0.0
0.9999999999999999,0.5155399274047187,1.0000000000000002,0.30731246060096656,0.7355525306273976,0.20715137067938016,0.9655442443226312,0.4583245853453705,0.4931992903607333,0.10823464610300215,0.4013877455015876,0.9999999999999998
0.9999999999999999,0.5155399274047187,1.0000000000000002,0.30731246060096656,0.7355525306273976,0.20715137067938016,0.9817280083529103,0.0,1.0,0.0,0.9999999999999999,0.3100358422939067
0.9999999999999999,0.5155399274047187,1.0000000000000002,0.30731246060096656,0.7355525306273976,0.20715137067938016,0.9817280083529103,0.0,1.0,1.0000000000000002,0.0,0.29091995221027456
0.9999999999999999,0.5155399274047187,1.0000000000000002,0.30731246060096656,0.7355525306273976,0.20715137067938016,0.9817280083529103,0.0,1.0,0.697053153401267,0.4401975773256497,0.0
0.9999999999999999,0.5155399274047187,1.0000000000000002,0.30731246060096656,0.7355525306273976,0.20715137067938016,0.9817280083529103,0.0,1.0,0.10823464610300215,0.4013877455015876,0.9999999999999998
0.9999999999999999,0.5155399274047187,1.0000000000000002,0.7482664425299431,0.3349832941467641,0.8704410011918953,0.07099973897154789,0.975015746378333,0.15533215060122219,0.0,0.9999999999999999,0.3100358422939067
0.9999999999999999,0.5155399274047187,1.0000000000000002,0.7482664425299431,0.3349832941467641,0.8704410011918953,0.07099973897154789,0.975015746378333,0.15533215060122219,1.0000000000000002,0.0,0.29091995221027456
0.9999999999999999,0.5155399274047187,1.0000000000000002,0.7482664425299431,0.3349832941467641,0.8704410011918953,0.07099973897154789,0.975015746378333,0.15533215060122219,0.697053153401267,0.4401975773256497,0.0
0.9999999999999999,0.5155399274047187,1.0000000000000002,0.7482664425299431,0.3349832941467641,0.8704410011918953,0.07099973897154789,0.975015746378333,0.15533215060122219,0.10823464610300215,0.4013877455015876,0.9999999999999998
0.9999999999999999,0.5155399274047187,1.0000000000000002,0.7482664425299431,0.3349832941467641,0.8704410011918953,0.0,0.4611589334453075,0.0,0.0,0.9999999999999999,0.3100358422939067
0.9999999999999999,0.5155399274047187,1.0000000000000002,0.7482664425299431,0.3349832941467641,0.8704410011918953,0.0,0.4611589334453075,0.0,1.0000000000000002,0.0,0.29091995221027456
0.9999999999999999,0.5155399274047187,1.0000000000000002,0.7482664425299431,0.3349832941467641,0.8704410011918953,0.0,0.4611589334453075,0.0,0.697053153401267,0.4401975773256497,0.0
0.9999999999999999,0.5155399274047187,1.0000000000000002,0.7482664425299431,0.3349832941467641,0.8704410011918953,0.0,0.4611589334453075,0.0,0.10823464610300215,0.4013877455015876,0.9999999999999998
0.9999999999999999,0.5155399274047187,1.0000000000000002,0.7482664425299431,0.3349832941467641,0.8704410011918953,1.0,1.0,0.5901833234772325,0.0,0.9999999999999999,0.3100358422939067
0.9999999999999999,0.5155399274047187,1.0000000000000002,0.7482664425299431,0.3349832941467641,0.8704410011918953,1.0,1.0,0.5901833234772325,1.0000000000000002,0.0,0.29091995221027456
0.9999999999999999,0.5155399274047187,1.0000000000000002,0.7482664425299431,0.3349832941467641,0.8704410011918953,1.0,1.0,0.5901833234772325,0.697053153401267,0.4401975773256497,0.0
0.9999999999999999,0.5155399274047187,1.0000000000000002,0.7482664425299431,0.3349832941467641,0.8704410011918953,1.0,1.0,0.5901833234772325,0.10823464610300215,0.4013877455015876,0.9999999999999998
0.9999999999999999,0.5155399274047187,1.0000000000000002,0.7482664425299431,0.3349832941467641,0.8704410011918953,0.10702166536152442,0.9070963678353978,0.7001774098166764,0.0,0.9999999999999999,0.3100358422939067
0.9999999999999999,0.5155399274047187,1.0000000000000002,0.7482664425299431,0.3349832941467641,0.8704410011918953,0.10702166536152442,0.9070963678353978,0.7001774098166764,1.0000000000000002,0.0,0.29091995221027456
0.9999999999999999,0.5155399274047187,1.0000000000000002,0.7482664425299431,0.3349832941467641,0.8704410011918953,0.10702166536152442,0.9070963678353978,0.7001774098166764,0.697053153401267,0.4401975773256497,0.0
0.9999999999999999,0.5155399274047187,1.0000000000000002,0.7482664425299431,0.3349832941467641,0.8704410011918953,0.10702166536152442,0.9070963678353978,0.7001774098166764,0.10823464610300215,0.4013877455015876,0.9999999999999998
0.9999999999999999,0.5155399274047187,1.0000000000000002,0.7482664425299431,0.3349832941467641,0.8704410011918953,0.3492560689115113,0.8275246693260551,0.2781391681450819,0.0,0.9999999999999999,0.3100358422939067
0.9999999999999999,0.5155399274047187,1.0000000000000002,0.7482664425299431,0.3349832941467641,0.8704410011918953,0.3492560689115113,0.8275246693260551,0.2781391681450819,1.0000000000000002,0.0,0.29091995221027456
0.9999999999999999,0.5155399274047187,1.0000000000000002,0.7482664425299431,0.3349832941467641,0.8704410011918953,0.3492560689115113,0.8275246693260551,0.2781391681450819,0.697053153401267,0.4401975773256497,0.0
0.9999999999999999,0.5155399274047187,1.0000000000000002,0.7482664425299431,0.3349832941467641,0.8704410011918953,0.3492560689115113,0.8275246693260551,0.2781391681450819,0.10823464610300215,0.4013877455015876,0.9999999999999998
0.9999999999999999,0.5155399274047187,1.0000000000000002,0.7482664425299431,0.3349832941467641,0.8704410011918953,0.1536152440616027,0.4086710056686962,0.3378671397595112,0.0,0.9999999999999999,0.3100358422939067
0.9999999999999999,0.5155399274047187,1.0000000000000002,0.7482664425299431,0.3349832941467641,0.8704410011918953,0.1536152440616027,0.4086710056686962,0.3378671397595112,1.0000000000000002,0.0,0.29091995221027456
0.9999999999999999,0.5155399274047187,1.0000000000000002,0.7482664425299431,0.3349832941467641,0.8704410011918953,0.1536152440616027,0.4086710056686962,0.3378671397595112,0.697053153401267,0.4401975773256497,0.0
0.9999999999999999,0.5155399274047187,1.0000000000000002,0.7482664425299431,0.3349832941467641,0.8704410011918953,0.1536152440616027,0.4086710056686962,0.3378671397595112,0.10823464610300215,0.4013877455015876,0.9999999999999998
0.9999999999999999,0.5155399274047187,1.0000000000000002,0.7482664425299431,0.3349832941467641,0.8704410011918953,0.9655442443226312,0.4583245853453705,0.4931992903607333,0.0,0.9999999999999999,0.3100358422939067
0.9999999999999999,0.5155399274047187,1.0000000000000002,0.7482664425299431,0.3349832941467641,0.8704410011918953,0.9655442443226312,0.4583245853453705,0.4931992903607333,1.0000000000000002,0.0,0.29091995221027456
0.9999999999999999,0.5155399274047187,1.0000000000000002,0.7482664425299431,0.3349832941467641,0.8704410011918953,0.9655442443226312,0.4583245853453705,0.4931992903607333,0.697053153401267,0.4401975773256497,0.0
0.9999999999999999,0.5155399274047187,1.0000000000000002,0.7482664425299431,0.3349832941467641,0.8704410011918953,0.9655442443226312,0.4583245853453705,0.4931992903607333,0.10823464610300215,0.4013877455015876,0.9999999999999998
0.9999999999999999,0.5155399274047187,1.0000000000000002,0.7482664425299431,0.3349832941467641,0.8704410011918953,0.9817280083529103,0.0,1.0,0.0,0.9999999999999999,0.3100358422939067
0.9999999999999999,0.5155399274047187,1.0000000000000002,0.7482664425299431,0.3349832941467641,0.8704410011918953,0.9817280083529103,0.0,1.0,1.0000000000000002,0.0,0.29091995221027456
0.9999999999999999,0.5155399274047187,1.0000000000000002,0.7482664425299431,0.3349832941467641,0.8704410011918953,0.9817280083529103,0.0,1.0,0.697053153401267,0.4401975773256497,0.0
0.9999999999999999,0.5155399274047187,1.0000000000000002,0.7482664425299431,0.3349832941467641,0.8704410011918953,0.9817280083529103,0.0,1.0,0.10823464610300215,0.4013877455015876,0.9999999999999998
0.9999999999999999,0.5155399274047187,1.0000000000000002,0.0,0.8396238089345379,0.6827175208581644,0.07099973897154789,0.975015746378333,0.15533215060122219,0.0,0.9999999999999999,0.3100358422939067
0.9999999999999999,0.5155399274047187,1.0000000000000002,0.0,0.8396238089345379,0.6827175208581644,0.07099973897154789,0.975015746378333,0.15533215060122219,1.0000000000000002,0.0,0.29091995221027456
0.9999999999999999,0.5155399274047187,1.0000000000000002,0.0,0.8396238089345379,0.6827175208581644,0.07099973897154789,0.975015746378333,0.15533215060122219,0.697053153401267,0.4401975773256497,0.0
0.9999999999999999,0.5155399274047187,1.0000000000000002,0.0,0.8396238089345379,0.6827175208581644,0.07099973897154789,0.975015746378333,0.15533215060122219,0.10823464610300215,0.4013877455015876,0.9999999999999998
0.9999999999999999,0.5155399274047187,1.0000000000000002,0.0,0.8396238089345379,0.6827175208581644,0.0,0.4611589334453075,0.0,0.0,0.9999999999999999,0.3100358422939067
0.9999999999999999,0.5155399274047187,1.0000000000000002,0.0,0.8396238089345379,0.6827175208581644,0.0,0.4611589334453075,0.0,1.0000000000000002,0.0,0.29091995221027456
0.9999999999999999,0.5155399274047187,1.0000000000000002,0.0,0.8396238089345379,0.6827175208581644,0.0,0.4611589334453075,0.0,0.697053153401267,0.4401975773256497,0.0
0.9999999999999999,0.5155399274047187,1.0000000000000002,0.0,0.8396238089345379,0.6827175208581644,0.0,0.4611589334453075,0.0,0.10823464610300215,0.4013877455015876,0.9999999999999998
0.9999999999999999,0.5155399274047187,1.0000000000000002,0.0,0.8396238089345379,0.6827175208581644,1.0,1.0,0.5901833234772325,0.0,0.9999999999999999,0.3100358422939067
0.9999999999999999,0.5155399274047187,1.0000000000000002,0.0,0.8396238089345379,0.6827175208581644,1.0,1.0,0.5901833234772325,1.0000000000000002,0.0,0.29091995221027456
0.9999999999999999,0.5155399274047187,1.0000000000000002,0.0,0.8396238089345379,0.6827175208581644,1.0,1.0,0.5901833234772325,0.697053153401267,0.4401975773256497,0.0
0.9999999999999999,0.5155399274047187,1.0000000000000002,0.0,0.8396238089345379,0.6827175208581644,1.0,1.0,0.5901833234772325,0.10823464610300215,0.4013877455015876,0.9999999999999998
0.9999999999999999,0.5155399274047187,1.0000000000000002,0.0,0.8396238089345379,0.6827175208581644,0.10702166536152442,0.9070963678353978,0.7001774098166764,0.0,0.9999999999999999,0.3100358422939067
0.9999999999999999,0.5155399274047187,1.0000000000000002,0.0,0.8396238089345379,0.6827175208581644,0.10702166536152442,0.9070963678353978,0.7001774098166764,1.0000000000000002,0.0,0.29091995221027456
0.9999999999999999,0.5155399274047187,1.0000000000000002,0.0,0.8396238089345379,0.6827175208581644,0.10702166536152442,0.9070963678353978,0.7001774098166764,0.697053153401267,0.4401975773256497,0.0
0.9999999999999999,0.5155399274047187,1.0000000000000002,0.0,0.8396238089345379,0.6827175208581644,0.10702166536152442,0.9070963678353978,0.7001774098166764,0.10823464610300215,0.4013877455015876,0.9999999999999998
0.9999999999999999,0.5155399274047187,1.0000000000000002,0.0,0.8396238089345379,0.6827175208581644,0.3492560689115113,0.8275246693260551,0.2781391681450819,0.0,0.9999999999999999,0.3100358422939067
0.9999999999999999,0.5155399274047187,1.0000000000000002,0.0,0.8396238089345379,0.6827175208581644,0.3492560689115113,0.8275246693260551,0.2781391681450819,1.0000000000000002,0.0,0.29091995221027456
0.9999999999999999,0.5155399274047187,1.0000000000000002,0.0,0.8396238089345379,0.6827175208581644,0.3492560689115113,0.8275246693260551,0.2781391681450819,0.697053153401267,0.4401975773256497,0.0
0.9999999999999999,0.5155399274047187,1.0000000000000002,0.0,0.8396238089345379,0.6827175208581644,0.3492560689115113,0.8275246693260551,0.2781391681450819,0.10823464610300215,0.4013877455015876,0.9999999999999998
0.9999999999999999,0.5155399274047187,1.0000000000000002,0.0,0.8396238089345379,0.6827175208581644,0.1536152440616027,0.4086710056686962,0.3378671397595112,0.0,0.9999999999999999,0.3100358422939067
0.9999999999999999,0.5155399274047187,1.0000000000000002,0.0,0.8396238089345379,0.6827175208581644,0.1536152440616027,0.4086710056686962,0.3378671397595112,1.0000000000000002,0.0,0.29091995221027456
0.9999999999999999,0.5155399274047187,1.0000000000000002,0.0,0.8396238089345379,0.6827175208581644,0.1536152440616027,0.4086710056686962,0.3378671397595112,0.697053153401267,0.4401975773256497,0.0
0.9999999999999999,0.5155399274047187,1.0000000000000002,0.0,0.8396238089345379,0.6827175208581644,0.1536152440616027,0.4086710056686962,0.3378671397595112,0.10823464610300215,0.4013877455015876,0.9999999999999998
0.9999999999999999,0.5155399274047187,1.0000000000000002,0.0,0.8396238089345379,0.6827175208581644,0.9655442443226312,0.4583245853453705,0.4931992903607333,0.0,0.9999999999999999,0.3100358422939067
0.9999999999999999,0.5155399274047187,1.0000000000000002,0.0,0.8396238089345379,0.6827175208581644,0.9655442443226312,0.4583245853453705,0.4931992903607333,1.0000000000000002,0.0,0.29091995221027456
0.9999999999999999,0.5155399274047187,1.0000000000000002,0.0,0.8396238089345379,0.6827175208581644,0.9655442443226312,0.4583245853453705,0.4931992903607333,0.697053153401267,0.4401975773256497,0.0
0.9999999999999999,0.5155399274047187,1.0000000000000002,0.0,0.8396238089345379,0.6827175208581644,0.9655442443226312,0.4583245853453705,0.4931992903607333,0.10823464610300215,0.4013877455015876,0.9999999999999998
0.9999999999999999,0.5155399274047187,1.0000000000000002,0.0,0.8396238089345379,0.6827175208581644,0.9817280083529103,0.0,1.0,0.0,0.9999999999999999,0.3100358422939067
0.9999999999999999,0.5155399274047187,1.0000000000000002,0.0,0.8396238089345379,0.6827175208581644,0.9817280083529103,0.0,1.0,1.0000000000000002,0.0,0.29091995221027456
0.9999999999999999,0.5155399274047187,1.0000000000000002,0.0,0.8396238089345379,0.6827175208581644,0.9817280083529103,0.0,1.0,0.697053153401267,0.4401975773256497,0.0
0.9999999999999999,0.5155399274047187,1.0000000000000002,0.0,0.8396238089345379,0.6827175208581644,0.9817280083529103,0.0,1.0,0.10823464610300215,0.4013877455015876,0.9999999999999998
0.9999999999999999,0.5155399274047187,1.0000000000000002,0.9180500105064089,0.057294889246380404,0.9804529201430274,0.07099973897154789,0.975015746378333,0.15533215060122219,0.0,0.9999999999999999,0.3100358422939067
0.9999999999999999,0.5155399274047187,1.0000000000000002,0.9180500105064089,0.057294889246380404,0.9804529201430274,0.07099973897154789,0.975015746378333,0.15533215060122219,1.0000000000000002,0.0,0.29091995221027456
0.9999999999999999,0.5155399274047187,1.0000000000000002,0.9180500105064089,0.057294889246380404,0.9804529201430274,0.07099973897154789,0.975015746378333,0.15533215060122219,0.697053153401267,0.4401975773256497,0.0
0.9999999999999999,0.5155399274047187,1.0000000000000002,0.9180500105064089,0.057294889246380404,0.9804529201430274,0.07099973897154789,0.975015746378333,0.15533215060122219,0.10823464610300215,0.4013877455015876,0.9999999999999998
0.9999999999999999,0.5155399274047187,1.0000000000000002,0.9180500105064089,0.057294889246380404,0.9804529201430274,0.0,0.4611589334453075,0.0,0.0,0.9999999999999999,0.3100358422939067
0.9999999999999999,0.5155399274047187,1.0000000000000002,0.9180500105064089,0.057294889246380404,0.9804529201430274,0.0,0.4611589334453075,0.0,1.0000000000000002,0.0,0.29091995221027456
0.9999999999999999,0.5155399274047187,1.0000000000000002,0.9180500105064089,0.057294889246380404,0.9804529201430274,0.0,0.4611589334453075,0.0,0.697053153401267,0.4401975773256497,0.0
0.9999999999999999,0.5155399274047187,1.0000000000000002,0.9180500105064089,0.057294889246380404,0.9804529201430274,0.0,0.4611589334453075,0.0,0.10823464610300215,0.4013877455015876,0.9999999999999998
0.9999999999999999,0.5155399274047187,1.0000000000000002,0.9180500105064089,0.057294889246380404,0.9804529201430274,1.0,1.0,0.5901833234772325,0.0,0.9999999999999999,0.3100358422939067
0.9999999999999999,0.5155399274047187,1.0000000000000002,0.9180500105064089,0.057294889246380404,0.9804529201430274,1.0,1.0,0.5901833234772325,1.0000000000000002,0.0,0.29091995221027456
0.9999999999999999,0.5155399274047187,1.0000000000000002,0.9180500105064089,0.057294889246380404,0.9804529201430274,1.0,1.0,0.5901833234772325,0.697053153401267,0.4401975773256497,0.0
0.9999999999999999,0.5155399274047187,1.0000000000000002,0.9180500105064089,0.057294889246380404,0.9804529201430274,1.0,1.0,0.5901833234772325,0.10823464610300215,0.4013877455015876,0.9999999999999998
0.9999999999999999,0.5155399274047187,1.0000000000000002,0.9180500105064089,0.057294889246380404,0.9804529201430274,0.10702166536152442,0.9070963678353978,0.7001774098166764,0.0,0.9999999999999999,0.3100358422939067
0.9999999999999999,0.5155399274047187,1.0000000000000002,0.9180500105064089,0.057294889246380404,0.9804529201430274,0.10702166536152442,0.9070963678353978,0.7001774098166764,1.0000000000000002,0.0,0.29091995221027456
0.9999999999999999,0.5155399274047187,1.0000000000000002,0.9180500105064089,0.057294889246380404,0.9804529201430274,0.10702166536152442,0.9070963678353978,0.7001774098166764,0.697053153401267,0.4401975773256497,0.0
0.9999999999999999,0.5155399274047187,1.0000000000000002,0.9180500105064089,0.057294889246380404,0.9804529201430274,0.10702166536152442,0.9070963678353978,0.7001774098166764,0.10823464610300215,0.4013877455015876,0.9999999999999998
0.9999999999999999,0.5155399274047187,1.0000000000000002,0.9180500105064089,0.057294889246380404,0.9804529201430274,0.3492560689115113,0.8275246693260551,0.2781391681450819,0.0,0.9999999999999999,0.3100358422939067
0.9999999999999999,0.5155399274047187,1.0000000000000002,0.9180500105064089,0.057294889246380404,0.9804529201430274,0.3492560689115113,0.8275246693260551,0.2781391681450819,1.0000000000000002,0.0,0.29091995221027456
0.9999999999999999,0.5155399274047187,1.0000000000000002,0.9180500105064089,0.057294889246380404,0.9804529201430274,0.3492560689115113,0.8275246693260551,0.2781391681450819,0.697053153401267,0.4401975773256497,0.0
0.9999999999999999,0.5155399274047187,1.0000000000000002,0.9180500105064089,0.057294889246380404,0.9804529201430274,0.3492560689115113,0.8275246693260551,0.2781391681450819,0.10823464610300215,0.4013877455015876,0.9999999999999998
0.9999999999999999,0.5155399274047187,1.0000000000000002,0.9180500105064089,0.057294889246380404,0.9804529201430274,0.1536152440616027,0.4086710056686962,0.3378671397595112,0.0,0.9999999999999999,0.3100358422939067
0.9999999999999999,0.5155399274047187,1.0000000000000002,0.9180500105064089,0.057294889246380404,0.9804529201430274,0.1536152440616027,0.4086710056686962,0.3378671397595112,1.0000000000000002,0.0,0.29091995221027456
0.9999999999999999,0.5155399274047187,1.0000000000000002,0.9180500105064089,0.057294889246380404,0.9804529201430274,0.1536152440616027,0.4086710056686962,0.3378671397595112,0.697053153401267,0.4401975773256497,0.0
0.9999999999999999,0.5155399274047187,1.0000000000000002,0.9180500105064089,0.057294889246380404,0.9804529201430274,0.1536152440616027,0.4086710056686962,0.3378671397595112,0.10823464610300215,0.4013877455015876,0.9999999999999998
0.9999999999999999,0.5155399274047187,1.0000000000000002,0.9180500105064089,0.057294889246380404,0.9804529201430274,0.9655442443226312,0.4583245853453705,0.4931992903607333,0.0,0.9999999999999999,0.3100358422939067
0.9999999999999999,0.5155399274047187,1.0000000000000002,0.9180500105064089,0.057294889246380404,0.9804529201430274,0.9655442443226312,0.4583245853453705,0.4931992903607333,1.0000000000000002,0.0,0.29091995221027456
0.9999999999999999,0.5155399274047187,1.0000000000000002,0.9180500105064089,0.057294889246380404,0.9804529201430274,0.9655442443226312,0.4583245853453705,0.4931992903607333,0.697053153401267,0.4401975773256497,0.0
0.9999999999999999,0.5155399274047187,1.0000000000000002,0.9180500105064089,0.057294889246380404,0.9804529201430274,0.9655442443226312,0.4583245853453705,0.4931992903607333,0.10823464610300215,0.4013877455015876,0.9999999999999998
0.9999999999999999,0.5155399274047187,1.0000000000000002,0.9180500105064089,0.057294889246380404,0.9804529201430274,0.9817280083529103,0.0,1.0,0.0,0.9999999999999999,0.3100358422939067
0.9999999999999999,0.5155399274047187,1.0000000000000002,0.9180500105064089,0.057294889246380404,0.9804529201430274,0.9817280083529103,0.0,1.0,1.0000000000000002,0.0,0.29091995221027456
0.9999999999999999,0.5155399274047187,1.0000000000000002,0.9180500105064089,0.057294889246380404,0.9804529201430274,0.9817280083529103,0.0,1.0,0.697053153401267,0.4401975773256497,0.0
0.9999999999999999,0.5155399274047187,1.0000000000000002,0.9180500105064089,0.057294889246380404,0.9804529201430274,0.9817280083529103,0.0,1.0,0.10823464610300215,0.4013877455015876,0.9999999999999998
0.9999999999999999,0.5155399274047187,1.0000000000000002,0.9999999999999999,0.4271748545972034,1.0,0.07099973897154789,0.975015746378333,0.15533215060122219,0.0,0.9999999999999999,0.3100358422939067
0.9999999999999999,0.5155399274047187,1.0000000000000002,0.9999999999999999,0.4271748545972034,1.0,0.07099973897154789,0.975015746378333,0.15533215060122219,1.0000000000000002,0.0,0.29091995221027456
0.9999999999999999,0.5155399274047187,1.0000000000000002,0.9999999999999999,0.4271748545972034,1.0,0.07099973897154789,0.975015746378333,0.15533215060122219,0.697053153401267,0.4401975773256497,0.0
0.9999999999999999,0.5155399274047187,1.0000000000000002,0.9999999999999999,0.4271748545972034,1.0,0.07099973897154789,0.975015746378333,0.15533215060122219,0.10823464610300215,0.4013877455015876,0.9999999999999998
0.9999999999999999,0.5155399274047187,1.0000000000000002,0.9999999999999999,0.4271748545972034,1.0,0.0,0.4611589334453075,0.0,0.0,0.9999999999999999,0.3100358422939067
0.9999999999999999,0.5155399274047187,1.0000000000000002,0.9999999999999999,0.4271748545972034,1.0,0.0,0.4611589334453075,0.0,1.0000000000000002,0.0,0.29091995221027456
0.9999999999999999,0.5155399274047187,1.0000000000000002,0.9999999999999999,0.4271748545972034,1.0,0.0,0.4611589334453075,0.0,0.697053153401267,0.4401975773256497,0.0
0.9999999999999999,0.5155399274047187,1.0000000000000002,0.9999999999999999,0.4271748545972034,1.0,0.0,0.4611589334453075,0.0,0.10823464610300215,0.4013877455015876,0.9999999999999998
0.9999999999999999,0.5155399274047187,1.0000000000000002,0.9999999999999999,0.4271748545972034,1.0,1.0,1.0,0.5901833234772325,0.0,0.9999999999999999,0.3100358422939067
0.9999999999999999,0.5155399274047187,1.0000000000000002,0.9999999999999999,0.4271748545972034,1.0,1.0,1.0,0.5901833234772325,1.0000000000000002,0.0,0.29091995221027456
0.9999999999999999,0.5155399274047187,1.0000000000000002,0.9999999999999999,0.4271748545972034,1.0,1.0,1.0,0.5901833234772325,0.697053153401267,0.4401975773256497,0.0
0.9999999999999999,0.5155399274047187,1.0000000000000002,0.9999999999999999,0.4271748545972034,1.0,1.0,1.0,0.5901833234772325,0.10823464610300215,0.4013877455015876,0.9999999999999998
0.9999999999999999,0.5155399274047187,1.0000000000000002,0.9999999999999999,0.4271748545972034,1.0,0.10702166536152442,0.9070963678353978,0.7001774098166764,0.0,0.9999999999999999,0.3100358422939067
0.9999999999999999,0.5155399274047187,1.0000000000000002,0.9999999999999999,0.4271748545972034,1.0,0.10702166536152442,0.9070963678353978,0.7001774098166764,1.0000000000000002,0.0,0.29091995221027456
0.9999999999999999,0.5155399274047187,1.0000000000000002,0.9999999999999999,0.4271748545972034,1.0,0.10702166536152442,0.9070963678353978,0.7001774098166764,0.697053153401267,0.4401975773256497,0.0
0.9999999999999999,0.5155399274047187,1.0000000000000002,0.9999999999999999,0.4271748545972034,1.0,0.10702166536152442,0.9070963678353978,0.7001774098166764,0.10823464610300215,0.4013877455015876,0.9999999999999998
0.9999999999999999,0.5155399274047187,1.0000000000000002,0.9999999999999999,0.4271748545972034,1.0,0.3492560689115113,0.8275246693260551,0.2781391681450819,0.0,0.9999999999999999,0.3100358422939067
0.9999999999999999,0.5155399274047187,1.0000000000000002,0.9999999999999999,0.4271748545972034,1.0,0.3492560689115113,0.8275246693260551,0.2781391681450819,1.0000000000000002,0.0,0.29091995221027456
0.9999999999999999,0.5155399274047187,1.0000000000000002,0.9999999999999999,0.4271748545972034,1.0,0.3492560689115113,0.8275246693260551,0.2781391681450819,0.697053153401267,0.4401975773256497,0.0
0.9999999999999999,0.5155399274047187,1.0000000000000002,0.9999999999999999,0.4271748545972034,1.0,0.3492560689115113,0.8275246693260551,0.2781391681450819,0.10823464610300215,0.4013877455015876,0.9999999999999998
0.9999999999999999,0.5155399274047187,1.0000000000000002,0.9999999999999999,0.4271748545972034,1.0,0.1536152440616027,0.4086710056686962,0.3378671397595112,0.0,0.9999999999999999,0.3100358422939067
0.9999999999999999,0.5155399274047187,1.0000000000000002,0.9999999999999999,0.4271748545972034,1.0,0.1536152440616027,0.4086710056686962,0.3378671397595112,1.0000000000000002,0.0,0.29091995221027456
0.9999999999999999,0.5155399274047187,1.0000000000000002,0.9999999999999999,0.4271748545972034,1.0,0.1536152440616027,0.4086710056686962,0.3378671397595112,0.697053153401267,0.4401975773256497,0.0
0.9999999999999999,0.5155399274047187,1.0000000000000002,0.9999999999999999,0.4271748545972034,1.0,0.1536152440616027,0.4086710056686962,0.3378671397595112,0.10823464610300215,0.4013877455015876,0.9999999999999998
0.9999999999999999,0.5155399274047187,1.0000000000000002,0.9999999999999999,0.4271748545972034,1.0,0.9655442443226312,0.4583245853453705,0.4931992903607333,0.0,0.9999999999999999,0.3100358422939067
0.9999999999999999,0.5155399274047187,1.0000000000000002,0.9999999999999999,0.4271748545972034,1.0,0.9655442443226312,0.4583245853453705,0.4931992903607333,1.0000000000000002,0.0,0.29091995221027456
0.9999999999999999,0.5155399274047187,1.0000000000000002,0.9999999999999999,0.4271748545972034,1.0,0.9655442443226312,0.4583245853453705,0.4931992903607333,0.697053153401267,0.4401975773256497,0.0
0.9999999999999999,0.5155399274047187,1.0000000000000002,0.9999999999999999,0.4271748545972034,1.0,0.9655442443226312,0.4583245853453705,0.4931992903607333,0.10823464610300215,0.4013877455015876,0.9999999999999998
0.9999999999999999,0.5155399274047187,1.0000000000000002,0.9999999999999999,0.4271748545972034,1.0,0.9817280083529103,0.0,1.0,0.0,0.9999999999999999,0.3100358422939067
0.9999999999999999,0.5155399274047187,1.0000000000000002,0.9999999999999999,0.4271748545972034,1.0,0.9817280083529103,0.0,1.0,1.0000000000000002,0.0,0.29091995221027456
0.9999999999999999,0.5155399274047187,1.0000000000000002,0.9999999999999999,0.4271748545972034,1.0,0.9817280083529103,0.0,1.0,0.697053153401267,0.4401975773256497,0.0
0.9999999999999999,0.5155399274047187,1.0000000000000002,0.9999999999999999,0.4271748545972034,1.0,0.9817280083529103,0.0,1.0,0.10823464610300215,0.4013877455015876,0.9999999999999998
0.9999999999999999,0.5155399274047187,1.0000000000000002,0.00021012817818869337,0.05296374211112484,0.8307508939213348,0.07099973897154789,0.975015746378333,0.15533215060122219,0.0,0.9999999999999999,0.3100358422939067
0.9999999999999999,0.5155399274047187,1.0000000000000002,0.00021012817818869337,0.05296374211112484,0.8307508939213348,0.07099973897154789,0.975015746378333,0.15533215060122219,1.0000000000000002,0.0,0.29091995221027456
0.9999999999999999,0.5155399274047187,1.0000000000000002,0.00021012817818869337,0.05296374211112484,0.8307508939213348,0.07099973897154789,0.975015746378333,0.15533215060122219,0.697053153401267,0.4401975773256497,0.0
0.9999999999999999,0.5155399274047187,1.0000000000000002,0.00021012817818869337,0.05296374211112484,0.8307508939213348,0.07099973897154789,0.975015746378333,0.15533215060122219,0.10823464610300215,0.4013877455015876,0.9999999999999998
0.9999999999999999,0.5155399274047187,1.0000000000000002,0.00021012817818869337,0.05296374211112484,0.8307508939213348,0.0,0.4611589334453075,0.0,0.0,0.9999999999999999,0.3100358422939067
0.9999999999999999,0.5155399274047187,1.0000000000000002,0.00021012817818869337,0.05296374211112484,0.8307508939213348,0.0,0.4611589334453075,0.0,1.0000000000000002,0.0,0.29091995221027456
0.9999999999999999,0.5155399274047187,1.0000000000000002,0.00021012817818869337,0.05296374211112484,0.8307508939213348,0.0,0.4611589334453075,0.0,0.697053153401267,0.4401975773256497,0.0
0.9999999999999999,0.5155399274047187,1.0000000000000002,0.00021012817818869337,0.05296374211112484,0.8307508939213348,0.0,0.4611589334453075,0.0,0.10823464610300215,0.4013877455015876,0.9999999999999998
0.9999999999999999,0.5155399274047187,1.0000000000000002,0.00021012817818869337,0.05296374211112484,0.8307508939213348,1.0,1.0,0.5901833234772325,0.0,0.9999999999999999,0.3100358422939067
0.9999999999999999,0.5155399274047187,1.0000000000000002,0.00021012817818869337,0.05296374211112484,0.8307508939213348,1.0,1.0,0.5901833234772325,1.0000000000000002,0.0,0.29091995221027456
0.9999999999999999,0.5155399274047187,1.0000000000000002,0.00021012817818869337,0.05296374211112484,0.8307508939213348,1.0,1.0,0.5901833234772325,0.697053153401267,0.4401975773256497,0.0
0.9999999999999999,0.5155399274047187,1.0000000000000002,0.00021012817818869337,0.05296374211112484,0.8307508939213348,1.0,1.0,0.5901833234772325,0.10823464610300215,0.4013877455015876,0.9999999999999998
0.9999999999999999,0.5155399274047187,1.0000000000000002,0.00021012817818869337,0.05296374211112484,0.8307508939213348,0.10702166536152442,0.9070963678353978,0.7001774098166764,0.0,0.9999999999999999,0.3100358422939067
0.9999999999999999,0.5155399274047187,1.0000000000000002,0.00021012817818869337,0.05296374211112484,0.8307508939213348,0.10702166536152442,0.9070963678353978,0.7001774098166764,1.0000000000000002,0.0,0.29091995221027456
0.9999999999999999,0.5155399274047187,1.0000000000000002,0.00021012817818869337,0.05296374211112484,0.8307508939213348,0.10702166536152442,0.9070963678353978,0.7001774098166764,0.697053153401267,0.4401975773256497,0.0
0.9999999999999999,0.5155399274047187,1.0000000000000002,0.00021012817818869337,0.05296374211112484,0.8307508939213348,0.10702166536152442,0.9070963678353978,0.7001774098166764,0.10823464610300215,0.4013877455015876,0.9999999999999998
0.9999999999999999,0.5155399274047187,1.0000000000000002,0.00021012817818869337,0.05296374211112484,0.8307508939213348,0.3492560689115113,0.8275246693260551,0.2781391681450819,0.0,0.9999999999999999,0.3100358422939067
0.9999999999999999,0.5155399274047187,1.0000000000000002,0.00021012817818869337,0.05296374211112484,0.8307508939213348,0.3492560689115113,0.8275246693260551,0.2781391681450819,1.0000000000000002,0.0,0.29091995221027456
0.9999999999999999,0.5155399274047187,1.0000000000000002,0.00021012817818869337,0.05296374211112484,0.8307508939213348,0.3492560689115113,0.8275246693260551,0.2781391681450819,0.697053153401267,0.4401975773256497,0.0
0.9999999999999999,0.5155399274047187,1.0000000000000002,0.00021012817818869337,0.05296374211112484,0.8307508939213348,0.3492560689115113,0.8275246693260551,0.2781391681450819,0.10823464610300215,0.4013877455015876,0.9999999999999998
0.9999999999999999,0.5155399274047187,1.0000000000000002,0.00021012817818869337,0.05296374211112484,0.8307508939213348,0.1536152440616027,0.4086710056686962,0.3378671397595112,0.0,0.9999999999999999,0.3100358422939067
0.9999999999999999,0.5155399274047187,1.0000000000000002,0.00021012817818869337,0.05296374211112484,0.8307508939213348,0.1536152440616027,0.4086710056686962,0.3378671397595112,1.0000000000000002,0.0,0.29091995221027456
0.9999999999999999,0.5155399274047187,1.0000000000000002,0.00021012817818869337,0.05296374211112484,0.8307508939213348,0.1536152440616027,0.4086710056686962,0.3378671397595112,0.697053153401267,0.4401975773256497,0.0
0.9999999999999999,0.5155399274047187,1.0000000000000002,0.00021012817818869337,0.05296374211112484,0.8307508939213348,0.1536152440616027,0.4086710056686962,0.3378671397595112,0.10823464610300215,0.4013877455015876,0.9999999999999998
0.9999999999999999,0.5155399274047187,1.0000000000000002,0.00021012817818869337,0.05296374211112484,0.8307508939213348,0.9655442443226312,0.4583245853453705,0.4931992903607333,0.0,0.9999999999999999,0.3100358422939067
0.9999999999999999,0.5155399274047187,1.0000000000000002,0.00021012817818869337,0.05296374211112484,0.8307508939213348,0.9655442443226312,0.4583245853453705,0.4931992903607333,1.0000000000000002,0.0,0.29091995221027456
0.9999999999999999,0.5155399274047187,1.0000000000000002,0.00021012817818869337,0.05296374211112484,0.8307508939213348,0.9655442443226312,0.4583245853453705,0.4931992903607333,0.697053153401267,0.4401975773256497,0.0
0.9999999999999999,0.5155399274047187,1.0000000000000002,0.00021012817818869337,0.05296374211112484,0.8307508939213348,0.9655442443226312,0.4583245853453705,0.4931992903607333,0.10823464610300215,0.4013877455015876,0.9999999999999998
0.9999999999999999,0.5155399274047187,1.0000000000000002,0.00021012817818869337,0.05296374211112484,0.8307508939213348,0.9817280083529103,0.0,1.0,0.0,0.9999999999999999,0.3100358422939067
0.9999999999999999,0.5155399274047187,1.0000000000000002,0.00021012817818869337,0.05296374211112484,0.8307508939213348,0.9817280083529103,0.0,1.0,1.0000000000000002,0.0,0.29091995221027456
0.9999999999999999,0.5155399274047187,1.0000000000000002,0.00021012817818869337,0.05296374211112484,0.8307508939213348,0.9817280083529103,0.0,1.0,0.697053153401267,0.4401975773256497,0.0
0.9999999999999999,0.5155399274047187,1.0000000000000002,0.00021012817818869337,0.05296374211112484,0.8307508939213348,0.9817280083529103,0.0,1.0,0.10823464610300215,0.4013877455015876,0.9999999999999998
0.9999999999999999,0.5155399274047187,1.0000000000000002,0.3867409119562933,0.9365177577032547,0.06686531585220501,0.07099973897154789,0.975015746378333,0.15533215060122219,0.0,0.9999999999999999,0.3100358422939067
0.9999999999999999,0.5155399274047187,1.0000000000000002,0.3867409119562933,0.9365177577032547,0.06686531585220501,0.07099973897154789,0.975015746378333,0.15533215060122219,1.0000000000000002,0.0,0.29091995221027456
0.9999999999999999,0.5155399274047187,1.0000000000000002,0.3867409119562933,0.9365177577032547,0.06686531585220501,0.07099973897154789,0.975015746378333,0.15533215060122219,0.697053153401267,0.4401975773256497,0.0
0.9999999999999999,0.5155399274047187,1.0000000000000002,0.3867409119562933,0.9365177577032547,0.06686531585220501,0.07099973897154789,0.975015746378333,0.15533215060122219,0.10823464610300215,0.4013877455015876,0.9999999999999998
0.9999999999999999,0.5155399274047187,1.0000000000000002,0.3867409119562933,0.9365177577032547,0.06686531585220501,0.0,0.4611589334453075,0.0,0.0,0.9999999999999999,0.3100358422939067
0.9999999999999999,0.5155399274047187,1.0000000000000002,0.3867409119562933,0.9365177577032547,0.06686531585220501,0.0,0.4611589334453075,0.0,1.0000000000000002,0.0,0.29091995221027456
0.9999999999999999,0.5155399274047187,1.0000000000000002,0.3867409119562933,0.9365177577032547,0.06686531585220501,0.0,0.4611589334453075,0.0,0.697053153401267,0.4401975773256497,0.0
0.9999999999999999,0.5155399274047187,1.0000000000000002,0.3867409119562933,0.9365177577032547,0.06686531585220501,0.0,0.4611589334453075,0.0,0.10823464610300215,0.4013877455015876,0.9999999999999998
0.9999999999999999,0.5155399274047187,1.0000000000000002,0.3867409119562933,0.9365177577032547,0.06686531585220501,1.0,1.0,0.5901833234772325,0.0,0.9999999999999999,0.3100358422939067
0.9999999999999999,0.5155399274047187,1.0000000000000002,0.3867409119562933,0.9365177577032547,0.06686531585220501,1.0,1.0,0.5901833234772325,1.0000000000000002,0.0,0.29091995221027456
0.9999999999999999,0.5155399274047187,1.0000000000000002,0.3867409119562933,0.9365177577032547,0.06686531585220501,1.0,1.0,0.5901833234772325,0.697053153401267,0.4401975773256497,0.0
0.9999999999999999,0.5155399274047187,1.0000000000000002,0.3867409119562933,0.9365177577032547,0.06686531585220501,1.0,1.0,0.5901833234772325,0.10823464610300215,0.4013877455015876,0.9999999999999998
0.9999999999999999,0.5155399274047187,1.0000000000000002,0.3867409119562933,0.9365177577032547,0.06686531585220501,0.10702166536152442,0.9070963678353978,0.7001774098166764,0.0,0.9999999999999999,0.3100358422939067
0.9999999999999999,0.5155399274047187,1.0000000000000002,0.3867409119562933,0.9365177577032547,0.06686531585220501,0.10702166536152442,0.9070963678353978,0.7001774098166764,1.0000000000000002,0.0,0.29091995221027456
0.9999999999999999,0.5155399274047187,1.0000000000000002,0.3867409119562933,0.9365177577032547,0.06686531585220501,0.10702166536152442,0.9070963678353978,0.7001774098166764,0.697053153401267,0.4401975773256497,0.0
0.9999999999999999,0.5155399274047187,1.0000000000000002,0.3867409119562933,0.9365177577032547,0.06686531585220501,0.10702166536152442,0.9070963678353978,0.7001774098166764,0.10823464610300215,0.4013877455015876,0.9999999999999998
0.9999999999999999,0.5155399274047187,1.0000000000000002,0.3867409119562933,0.9365177577032547,0.06686531585220501,0.3492560689115113,0.8275246693260551,0.2781391681450819,0.0,0.9999999999999999,0.3100358422939067
0.9999999999999999,0.5155399274047187,1.0000000000000002,0.3867409119562933,0.9365177577032547,0.06686531585220501,0.3492560689115113,0.8275246693260551,0.2781391681450819,1.0000000000000002,0.0,0.29091995221027456
0.9999999999999999,0.5155399274047187,1.0000000000000002,0.3867409119562933,0.9365177577032547,0.06686531585220501,0.3492560689115113,0.8275246693260551,0.2781391681450819,0.697053153401267,0.4401975773256497,0.0
0.9999999999999999,0.5155399274047187,1.0000000000000002,0.3867409119562933,0.9365177577032547,0.06686531585220501,0.3492560689115113,0.8275246693260551,0.2781391681450819,0.10823464610300215,0.4013877455015876,0.9999999999999998
0.9999999999999999,0.5155399274047187,1.0000000000000002,0.3867409119562933,0.9365177577032547,0.06686531585220501,0.1536152440616027,0.4086710056686962,0.3378671397595112,0.0,0.9999999999999999,0.3100358422939067
0.9999999999999999,0.5155399274047187,1.0000000000000002,0.3867409119562933,0.9365177577032547,0.06686531585220501,0.1536152440616027,0.4086710056686962,0.3378671397595112,1.0000000000000002,0.0,0.29091995221027456
0.9999999999999999,0.5155399274047187,1.0000000000000002,0.3867409119562933,0.9365177577032547,0.06686531585220501,0.1536152440616027,0.4086710056686962,0.3378671397595112,0.697053153401267,0.4401975773256497,0.0
0.9999999999999999,0.5155399274047187,1.0000000000000002,0.3867409119562933,0.9365177577032547,0.06686531585220501,0.1536152440616027,0.4086710056686962,0.3378671397595112,0.10823464610300215,0.4013877455015876,0.9999999999999998
0.9999999999999999,0.5155399274047187,1.0000000000000002,0.3867409119562933,0.9365177577032547,0.06686531585220501,0.9655442443226312,0.4583245853453705,0.4931992903607333,0.0,0.9999999999999999,0.3100358422939067
0.9999999999999999,0.5155399274047187,1.0000000000000002,0.3867409119562933,0.9365177577032547,0.06686531585220501,0.9655442443226312,0.4583245853453705,0.4931992903607333,1.0000000000000002,0.0,0.29091995221027456
0.9999999999999999,0.5155399274047187,1.0000000000000002,0.3867409119562933,0.9365177577032547,0.06686531585220501,0.9655442443226312,0.4583245853453705,0.4931992903607333,0.697053153401267,0.4401975773256497,0.0
0.9999999999999999,0.5155399274047187,1.0000000000000002,0.3867409119562933,0.9365177577032547,0.06686531585220501,0.9655442443226312,0.4583245853453705,0.4931992903607333,0.10823464610300215,0.4013877455015876,0.9999999999999998
0.9999999999999999,0.5155399274047187,1.0000000000000002,0.3867409119562933,0.9365177577032547,0.06686531585220501,0.9817280083529103,0.0,1.0,0.0,0.9999999999999999,0.3100358422939067
0.9999999999999999,0.5155399274047187,1.0000000000000002,0.3867409119562933,0.9365177577032547,0.06686531585220501,0.9817280083529103,0.0,1.0,1.0000000000000002,0.0,0.29091995221027456
0.9999999999999999,0.5155399274047187,1.0000000000000002,0.3867409119562933,0.9365177577032547,0.06686531585220501,0.9817280083529103,0.0,1.0,0.697053153401267,0.4401975773256497,0.0
0.9999999999999999,0.5155399274047187,1.0000000000000002,0.3867409119562933,0.9365177577032547,0.06686531585220501,0.9817280083529103,0.0,1.0,0.10823464610300215,0.4013877455015876,0.9999999999999998
0.9999999999999999,0.5155399274047187,1.0000000000000002,0.7575120823702458,0.4532854844697438,0.772824791418355,0.07099973897154789,0.975015746378333,0.15533215060122219,0.0,0.9999999999999999,0.3100358422939067
0.9999999999999999,0.5155399274047187,1.0000000000000002,0.7575120823702458,0.4532854844697438,0.772824791418355,0.07099973897154789,0.975015746378333,0.15533215060122219,1.0000000000000002,0.0,0.29091995221027456
0.9999999999999999,0.5155399274047187,1.0000000000000002,0.7575120823702458,0.4532854844697438,0.772824791418355,0.07099973897154789,0.975015746378333,0.15533215060122219,0.697053153401267,0.4401975773256497,0.0
0.9999999999999999,0.5155399274047187,1.0000000000000002,0.7575120823702458,0.4532854844697438,0.772824791418355,0.07099973897154789,0.975015746378333,0.15533215060122219,0.10823464610300215,0.4013877455015876,0.9999999999999998
0.9999999999999999,0.5155399274047187,1.0000000000000002,0.7575120823702458,0.4532854844697438,0.772824791418355,0.0,0.4611589334453075,0.0,0.0,0.9999999999999999,0.3100358422939067
0.9999999999999999,0.5155399274047187,1.0000000000000002,0.7575120823702458,0.4532854844697438,0.772824791418355,0.0,0.4611589334453075,0.0,1.0000000000000002,0.0,0.29091995221027456
0.9999999999999999,0.5155399274047187,1.0000000000000002,0.7575120823702458,0.4532854844697438,0.772824791418355,0.0,0.4611589334453075,0.0,0.697053153401267,0.4401975773256497,0.0
0.9999999999999999,0.5155399274047187,1.0000000000000002,0.7575120823702458,0.4532854844697438,0.772824791418355,0.0,0.4611589334453075,0.0,0.10823464610300215,0.4013877455015876,0.9999999999999998
0.9999999999999999,0.5155399274047187,1.0000000000000002,0.7575120823702458,0.4532854844697438,0.772824791418355,1.0,1.0,0.5901833234772325,0.0,0.9999999999999999,0.3100358422939067
0.9999999999999999,0.5155399274047187,1.0000000000000002,0.7575120823702458,0.4532854844697438,0.772824791418355,1.0,1.0,0.5901833234772325,1.0000000000000002,0.0,0.29091995221027456
0.9999999999999999,0.5155399274047187,1.0000000000000002,0.7575120823702458,0.4532854844697438,0.772824791418355,1.0,1.0,0.5901833234772325,0.697053153401267,0.4401975773256497,0.0
0.9999999999999999,0.5155399274047187,1.0000000000000002,0.7575120823702458,0.4532854844697438,0.772824791418355,1.0,1.0,0.5901833234772325,0.10823464610300215,0.4013877455015876,0.9999999999999998
0.9999999999999999,0.5155399274047187,1.0000000000000002,0.7575120823702458,0.4532854844697438,0.772824791418355,0.10702166536152442,0.9070963678353978,0.7001774098166764,0.0,0.9999999999999999,0.3100358422939067
0.9999999999999999,0.5155399274047187,1.0000000000000002,0.7575120823702458,0.4532854844697438,0.772824791418355,0.10702166536152442,0.9070963678353978,0.7001774098166764,1.0000000000000002,0.0,0.29091995221027456
0.9999999999999999,0.5155399274047187,1.0000000000000002,0.7575120823702458,0.4532854844697438,0.772824791418355,0.10702166536152442,0.9070963678353978,0.7001774098166764,0.697053153401267,0.4401975773256497,0.0
0.9999999999999999,0.5155399274047187,1.0000000000000002,0.7575120823702458,0.4532854844697438,0.772824791418355,0.10702166536152442,0.9070963678353978,0.7001774098166764,0.10823464610300215,0.4013877455015876,0.9999999999999998
0.9999999999999999,0.5155399274047187,1.0000000000000002,0.7575120823702458,0.4532854844697438,0.772824791418355,0.3492560689115113,0.8275246693260551,0.2781391681450819,0.0,0.9999999999999999,0.3100358422939067
0.9999999999999999,0.5155399274047187,1.0000000000000002,0.7575120823702458,0.4532854844697438,0.772824791418355,0.3492560689115113,0.8275246693260551,0.2781391681450819,1.0000000000000002,0.0,0.29091995221027456
0.9999999999999999,0.5155399274047187,1.0000000000000002,0.7575120823702458,0.4532854844697438,0.772824791418355,0.3492560689115113,0.8275246693260551,0.2781391681450819,0.697053153401267,0.4401975773256497,0.0
0.9999999999999999,0.5155399274047187,1.0000000000000002,0.7575120823702458,0.4532854844697438,0.772824791418355,0.3492560689115113,0.8275246693260551,0.2781391681450819,0.10823464610300215,0.4013877455015876,0.9999999999999998
0.9999999999999999,0.5155399274047187,1.0000000000000002,0.7575120823702458,0.4532854844697438,0.772824791418355,0.1536152440616027,0.4086710056686962,0.3378671397595112,0.0,0.9999999999999999,0.3100358422939067
0.9999999999999999,0.5155399274047187,1.0000000000000002,0.7575120823702458,0.4532854844697438,0.772824791418355,0.1536152440616027,0.4086710056686962,0.3378671397595112,1.0000000000000002,0.0,0.29091995221027456
0.9999999999999999,0.5155399274047187,1.0000000000000002,0.7575120823702458,0.4532854844697438,0.772824791418355,0.1536152440616027,0.4086710056686962,0.3378671397595112,0.697053153401267,0.4401975773256497,0.0
0.9999999999999999,0.5155399274047187,1.0000000000000002,0.7575120823702458,0.4532854844697438,0.772824791418355,0.1536152440616027,0.4086710056686962,0.3378671397595112,0.10823464610300215,0.4013877455015876,0.9999999999999998
0.9999999999999999,0.5155399274047187,1.0000000000000002,0.7575120823702458,0.4532854844697438,0.772824791418355,0.9655442443226312,0.4583245853453705,0.4931992903607333,0.0,0.9999999999999999,0.3100358422939067
0.9999999999999999,0.5155399274047187,1.0000000000000002,0.7575120823702458,0.4532854844697438,0.772824791418355,0.9655442443226312,0.4583245853453705,0.4931992903607333,1.0000000000000002,0.0,0.29091995221027456
0.9999999999999999,0.5155399274047187,1.0000000000000002,0.7575120823702458,0.4532854844697438,0.772824791418355,0.9655442443226312,0.4583245853453705,0.4931992903607333,0.697053153401267,0.4401975773256497,0.0
0.9999999999999999,0.5155399274047187,1.0000000000000002,0.7575120823702458,0.4532854844697438,0.772824791418355,0.9655442443226312,0.4583245853453705,0.4931992903607333,0.10823464610300215,0.4013877455015876,0.9999999999999998
0.9999999999999999,0.5155399274047187,1.0000000000000002,0.7575120823702458,0.4532854844697438,0.772824791418355,0.9817280083529103,0.0,1.0,0.0,0.9999999999999999,0.3100358422939067
0.9999999999999999,0.5155399274047187,1.0000000000000002,0.7575120823702458,0.4532854844697438,0.772824791418355,0.9817280083529103,0.0,1.0,1.0000000000000002,0.0,0.29091995221027456
0.9999999999999999,0.5155399274047187,1.0000000000000002,0.7575120823702458,0.4532854844697438,0.772824791418355,0.9817280083529103,0.0,1.0,0.697053153401267,0.4401975773256497,0.0
0.9999999999999999,0.5155399274047187,1.0000000000000002,0.7575120823702458,0.4532854844697438,0.772824791418355,0.9817280083529103,0.0,1.0,0.10823464610300215,0.4013877455015876,0.9999999999999998
0.9999999999999999,0.5155399274047187,1.0000000000000002,0.7432233662534146,0.796559831703997,0.0,0.07099973897154789,0.975015746378333,0.15533215060122219,0.0,0.9999999999999999,0.3100358422939067
0.9999999999999999,0.5155399274047187,1.0000000000000002,0.7432233662534146,0.796559831703997,0.0,0.07099973897154789,0.975015746378333,0.15533215060122219,1.0000000000000002,0.0,0.29091995221027456
0.9999999999999999,0.5155399274047187,1.0000000000000002,0.7432233662534146,0.796559831703997,0.0,0.07099973897154789,0.975015746378333,0.15533215060122219,0.697053153401267,0.4401975773256497,0.0
0.9999999999999999,0.5155399274047187,1.0000000000000002,0.7432233662534146,0.796559831703997,0.0,0.07099973897154789,0.975015746378333,0.15533215060122219,0.10823464610300215,0.4013877455015876,0.9999999999999998
0.9999999999999999,0.5155399274047187,1.0000000000000002,0.7432233662534146,0.796559831703997,0.0,0.0,0.4611589334453075,0.0,0.0,0.9999999999999999,0.3100358422939067
0.9999999999999999,0.5155399274047187,1.0000000000000002,0.7432233662534146,0.796559831703997,0.0,0.0,0.4611589334453075,0.0,1.0000000000000002,0.0,0.29091995221027456
0.9999999999999999,0.5155399274047187,1.0000000000000002,0.7432233662534146,0.796559831703997,0.0,0.0,0.4611589334453075,0.0,0.697053153401267,0.4401975773256497,0.0
0.9999999999999999,0.5155399274047187,1.0000000000000002,0.7432233662534146,0.796559831703997,0.0,0.0,0.4611589334453075,0.0,0.10823464610300215,0.4013877455015876,0.9999999999999998
0.9999999999999999,0.5155399274047187,1.0000000000000002,0.7432233662534146,0.796559831703997,0.0,1.0,1.0,0.5901833234772325,0.0,0.9999999999999999,0.3100358422939067
0.9999999999999999,0.5155399274047187,1.0000000000000002,0.7432233662534146,0.796559831703997,0.0,1.0,1.0,0.5901833234772325,1.0000000000000002,0.0,0.29091995221027456
0.9999999999999999,0.5155399274047187,1.0000000000000002,0.7432233662534146,0.796559831703997,0.0,1.0,1.0,0.5901833234772325,0.697053153401267,0.4401975773256497,0.0
0.9999999999999999,0.5155399274047187,1.0000000000000002,0.7432233662534146,0.796559831703997,0.0,1.0,1.0,0.5901833234772325,0.10823464610300215,0.4013877455015876,0.9999999999999998
0.9999999999999999,0.5155399274047187,1.0000000000000002,0.7432233662534146,0.796559831703997,0.0,0.10702166536152442,0.9070963678353978,0.7001774098166764,0.0,0.9999999999999999,0.3100358422939067
0.9999999999999999,0.5155399274047187,1.0000000000000002,0.7432233662534146,0.796559831703997,0.0,0.10702166536152442,0.9070963678353978,0.7001774098166764,1.0000000000000002,0.0,0.29091995221027456
0.9999999999999999,0.5155399274047187,1.0000000000000002,0.7432233662534146,0.796559831703997,0.0,0.10702166536152442,0.9070963678353978,0.7001774098166764,0.697053153401267,0.4401975773256497,0.0
0.9999999999999999,0.5155399274047187,1.0000000000000002,0.7432233662534146,0.796559831703997,0.0,0.10702166536152442,0.9070963678353978,0.7001774098166764,0.10823464610300215,0.4013877455015876,0.9999999999999998
0.9999999999999999,0.5155399274047187,1.0000000000000002,0.7432233662534146,0.796559831703997,0.0,0.3492560689115113,0.8275246693260551,0.2781391681450819,0.0,0.9999999999999999,0.3100358422939067
0.9999999999999999,0.5155399274047187,1.0000000000000002,0.7432233662534146,0.796559831703997,0.0,0.3492560689115113,0.8275246693260551,0.2781391681450819,1.0000000000000002,0.0,0.29091995221027456
0.9999999999999999,0.5155399274047187,1.0000000000000002,0.7432233662534146,0.796559831703997,0.0,0.3492560689115113,0.8275246693260551,0.2781391681450819,0.697053153401267,0.4401975773256497,0.0
0.9999999999999999,0.5155399274047187,1.0000000000000002,0.7432233662534146,0.796559831703997,0.0,0.3492560689115113,0.8275246693260551,0.2781391681450819,0.10823464610300215,0.4013877455015876,0.9999999999999998
0.9999999999999999,0.5155399274047187,1.0000000000000002,0.7432233662534146,0.796559831703997,0.0,0.1536152440616027,0.4086710056686962,0.3378671397595112,0.0,0.9999999999999999,0.3100358422939067
0.9999999999999999,0.5155399274047187,1.0000000000000002,0.7432233662534146,0.796559831703997,0.0,0.1536152440616027,0.4086710056686962,0.3378671397595112,1.0000000000000002,0.0,0.29091995221027456
0.9999999999999999,0.5155399274047187,1.0000000000000002,0.7432233662534146,0.796559831703997,0.0,0.1536152440616027,0.4086710056686962,0.3378671397595112,0.697053153401267,0.4401975773256497,0.0
0.9999999999999999,0.5155399274047187,1.0000000000000002,0.7432233662534146,0.796559831703997,0.0,0.1536152440616027,0.4086710056686962,0.3378671397595112,0.10823464610300215,0.4013877455015876,0.9999999999999998
0.9999999999999999,0.5155399274047187,1.0000000000000002,0.7432233662534146,0.796559831703997,0.0,0.9655442443226312,0.4583245853453705,0.4931992903607333,0.0,0.9999999999999999,0.3100358422939067
0.9999999999999999,0.5155399274047187,1.0000000000000002,0.7432233662534146,0.796559831703997,0.0,0.9655442443226312,0.4583245853453705,0.4931992903607333,1.0000000000000002,0.0,0.29091995221027456
0.9999999999999999,0.5155399274047187,1.0000000000000002,0.7432233662534146,0.796559831703997,0.0,0.9655442443226312,0.4583245853453705,0.4931992903607333,0.697053153401267,0.4401975773256497,0.0
0.9999999999999999,0.5155399274047187,1.0000000000000002,0.7432233662534146,0.796559831703997,0.0,0.9655442443226312,0.4583245853453705,0.4931992903607333,0.10823464610300215,0.4013877455015876,0.9999999999999998
0.9999999999999999,0.5155399274047187,1.0000000000000002,0.7432233662534146,0.796559831703997,0.0,0.9817280083529103,0.0,1.0,0.0,0.9999999999999999,0.3100358422939067
0.9999999999999999,0.5155399274047187,1.0000000000000002,0.7432233662534146,0.796559831703997,0.0,0.9817280083529103,0.0,1.0,1.0000000000000002,0.0,0.29091995221027456
0.9999999999999999,0.5155399274047187,1.0000000000000002,0.7432233662534146,0.796559831703997,0.0,0.9817280083529103,0.0,1.0,0.697053153401267,0.4401975773256497,0.0
0.9999999999999999,0.5155399274047187,1.0000000000000002,0.7432233662534146,0.796559831703997,0.0,0.9817280083529103,0.0,1.0,0.10823464610300215,0.4013877455015876,0.9999999999999998
0.9999999999999999,0.5155399274047187,1.0000000000000002,0.5457028787560411,0.2518252691498577,0.4370679380214541,0.07099973897154789,0.975015746378333,0.15533215060122219,0.0,0.9999999999999999,0.3100358422939067
0.9999999999999999,0.5155399274047187,1.0000000000000002,0.5457028787560411,0.2518252691498577,0.4370679380214541,0.07099973897154789,0.975015746378333,0.15533215060122219,1.0000000000000002,0.0,0.29091995221027456
0.9999999999999999,0.5155399274047187,1.0000000000000002,0.5457028787560411,0.2518252691498577,0.4370679380214541,0.07099973897154789,0.975015746378333,0.15533215060122219,0.697053153401267,0.4401975773256497,0.0
0.9999999999999999,0.5155399274047187,1.0000000000000002,0.5457028787560411,0.2518252691498577,0.4370679380214541,0.07099973897154789,0.975015746378333,0.15533215060122219,0.10823464610300215,0.4013877455015876,0.9999999999999998
0.9999999999999999,0.5155399274047187,1.0000000000000002,0.5457028787560411,0.2518252691498577,0.4370679380214541,0.0,0.4611589334453075,0.0,0.0,0.9999999999999999,0.3100358422939067
0.9999999999999999,0.5155399274047187,1.0000000000000002,0.5457028787560411,0.2518252691498577,0.4370679380214541,0.0,0.4611589334453075,0.0,1.0000000000000002,0.0,0.29091995221027456
0.9999999999999999,0.5155399274047187,1.0000000000000002,0.5457028787560411,0.2518252691498577,0.4370679380214541,0.0,0.4611589334453075,0.0,0.697053153401267,0.4401975773256497,0.0
0.9999999999999999,0.5155399274047187,1.0000000000000002,0.5457028787560411,0.2518252691498577,0.4370679380214541,0.0,0.4611589334453075,0.0,0.10823464610300215,0.4013877455015876,0.9999999999999998
0.9999999999999999,0.5155399274047187,1.0000000000000002,0.5457028787560411,0.2518252691498577,0.4370679380214541,1.0,1.0,0.5901833234772325,0.0,0.9999999999999999,0.3100358422939067
0.9999999999999999,0.5155399274047187,1.0000000000000002,0.5457028787560411,0.2518252691498577,0.4370679380214541,1.0,1.0,0.5901833234772325,1.0000000000000002,0.0,0.29091995221027456
0.9999999999999999,0.5155399274047187,1.0000000000000002,0.5457028787560411,0.2518252691498577,0.4370679380214541,1.0,1.0,0.5901833234772325,0.697053153401267,0.4401975773256497,0.0
0.9999999999999999,0.5155399274047187,1.0000000000000002,0.5457028787560411,0.2518252691498577,0.4370679380214541,1.0,1.0,0.5901833234772325,0.10823464610300215,0.4013877455015876,0.9999999999999998
0.9999999999999999,0.5155399274047187,1.0000000000000002,0.5457028787560411,0.2518252691498577,0.4370679380214541,0.10702166536152442,0.9070963678353978,0.7001774098166764,0.0,0.9999999999999999,0.3100358422939067
0.9999999999999999,0.5155399274047187,1.0000000000000002,0.5457028787560411,0.2518252691498577,0.4370679380214541,0.10702166536152442,0.9070963678353978,0.7001774098166764,1.0000000000000002,0.0,0.29091995221027456
0.9999999999999999,0.5155399274047187,1.0000000000000002,0.5457028787560411,0.2518252691498577,0.4370679380214541,0.10702166536152442,0.9070963678353978,0.7001774098166764,0.697053153401267,0.4401975773256497,0.0
0.9999999999999999,0.5155399274047187,1.0000000000000002,0.5457028787560411,0.2518252691498577,0.4370679380214541,0.10702166536152442,0.9070963678353978,0.7001774098166764,0.10823464610300215,0.4013877455015876,0.9999999999999998
0.9999999999999999,0.5155399274047187,1.0000000000000002,0.5457028787560411,0.2518252691498577,0.4370679380214541,0.3492560689115113,0.8275246693260551,0.2781391681450819,0.0,0.9999999999999999,0.3100358422939067
0.9999999999999999,0.5155399274047187,1.0000000000000002,0.5457028787560411,0.2518252691498577,0.4370679380214541,0.3492560689115113,0.8275246693260551,0.2781391681450819,1.0000000000000002,0.0,0.29091995221027456
0.9999999999999999,0.5155399274047187,1.0000000000000002,0.5457028787560411,0.2518252691498577,0.4370679380214541,0.3492560689115113,0.8275246693260551,0.2781391681450819,0.697053153401267,0.4401975773256497,0.0
0.9999999999999999,0.5155399274047187,1.0000000000000002,0.5457028787560411,0.2518252691498577,0.4370679380214541,0.3492560689115113,0.8275246693260551,0.2781391681450819,0.10823464610300215,0.4013877455015876,0.9999999999999998
0.9999999999999999,0.5155399274047187,1.0000000000000002,0.5457028787560411,0.2518252691498577,0.4370679380214541,0.1536152440616027,0.4086710056686962,0.3378671397595112,0.0,0.9999999999999999,0.3100358422939067
0.9999999999999999,0.5155399274047187,1.0000000000000002,0.5457028787560411,0.2518252691498577,0.4370679380214541,0.1536152440616027,0.4086710056686962,0.3378671397595112,1.0000000000000002,0.0,0.29091995221027456
0.9999999999999999,0.5155399274047187,1.0000000000000002,0.5457028787560411,0.2518252691498577,0.4370679380214541,0.1536152440616027,0.4086710056686962,0.3378671397595112,0.697053153401267,0.4401975773256497,0.0
0.9999999999999999,0.5155399274047187,1.0000000000000002,0.5457028787560411,0.2518252691498577,0.4370679380214541,0.1536152440616027,0.4086710056686962,0.3378671397595112,0.10823464610300215,0.4013877455015876,0.9999999999999998
0.9999999999999999,0.5155399274047187,1.0000000000000002,0.5457028787560411,0.2518252691498577,0.4370679380214541,0.9655442443226312,0.4583245853453705,0.4931992903607333,0.0,0.9999999999999999,0.3100358422939067
0.9999999999999999,0.5155399274047187,1.0000000000000002,0.5457028787560411,0.2518252691498577,0.4370679380214541,0.9655442443226312,0.4583245853453705,0.4931992903607333,1.0000000000000002,0.0,0.29091995221027456
0.9999999999999999,0.5155399274047187,1.0000000000000002,0.5457028787560411,0.2518252691498577,0.4370679380214541,0.9655442443226312,0.4583245853453705,0.4931992903607333,0.697053153401267,0.4401975773256497,0.0
0.9999999999999999,0.5155399274047187,1.0000000000000002,0.5457028787560411,0.2518252691498577,0.4370679380214541,0.9655442443226312,0.4583245853453705,0.4931992903607333,0.10823464610300215,0.4013877455015876,0.9999999999999998
0.9999999999999999,0.5155399274047187,1.0000000000000002,0.5457028787560411,0.2518252691498577,0.4370679380214541,0.9817280083529103,0.0,1.0,0.0,0.9999999999999999,0.3100358422939067
0.9999999999999999,0.5155399274047187,1.0000000000000002,0.5457028787560411,0.2518252691498577,0.4370679380214541,0.9817280083529103,0.0,1.0,1.0000000000000002,0.0,0.29091995221027456
0.9999999999999999,0.5155399274047187,1.0000000000000002,0.5457028787560411,0.2518252691498577,0.4370679380214541,0.9817280083529103,0.0,1.0,0.697053153401267,0.4401975773256497,0.0
0.9999999999999999,0.5155399274047187,1.0000000000000002,0.5457028787560411,0.2518252691498577,0.4370679380214541,0.9817280083529103,0.0,1.0,0.10823464610300215,0.4013877455015876,0.9999999999999998
0.9999999999999999,0.5155399274047187,1.0000000000000002,0.29491489808783355,1.0,0.7398092967818832,0.07099973897154789,0.975015746378333,0.15533215060122219,0.0,0.9999999999999999,0.3100358422939067
0.9999999999999999,0.5155399274047187,1.0000000000000002,0.29491489808783355,1.0,0.7398092967818832,0.07099973897154789,0.975015746378333,0.15533215060122219,1.0000000000000002,0.0,0.29091995221027456
0.9999999999999999,0.5155399274047187,1.0000000000000002,0.29491489808783355,1.0,0.7398092967818832,0.07099973897154789,0.975015746378333,0.15533215060122219,0.697053153401267,0.4401975773256497,0.0
0.9999999999999999,0.5155399274047187,1.0000000000000002,0.29491489808783355,1.0,0.7398092967818832,0.07099973897154789,0.975015746378333,0.15533215060122219,0.10823464610300215,0.4013877455015876,0.9999999999999998
0.9999999999999999,0.5155399274047187,1.0000000000000002,0.29491489808783355,1.0,0.7398092967818832,0.0,0.4611589334453075,0.0,0.0,0.9999999999999999,0.3100358422939067
0.9999999999999999,0.5155399274047187,1.0000000000000002,0.29491489808783355,1.0,0.7398092967818832,0.0,0.4611589334453075,0.0,1.0000000000000002,0.0,0.29091995221027456
0.9999999999999999,0.5155399274047187,1.0000000000000002,0.29491489808783355,1.0,0.7398092967818832,0.0,0.4611589334453075,0.0,0.697053153401267,0.4401975773256497,0.0
0.9999999999999999,0.5155399274047187,1.0000000000000002,0.29491489808783355,1.0,0.7398092967818832,0.0,0.4611589334453075,0.0,0.10823464610300215,0.4013877455015876,0.9999999999999998
0.9999999999999999,0.5155399274047187,1.0000000000000002,0.29491489808783355,1.0,0.7398092967818832,1.0,1.0,0.5901833234772325,0.0,0.9999999999999999,0.3100358422939067
0.9999999999999999,0.5155399274047187,1.0000000000000002,0.29491489808783355,1.0,0.7398092967818832,1.0,1.0,0.5901833234772325,1.0000000000000002,0.0,0.29091995221027456
0.9999999999999999,0.5155399274047187,1.0000000000000002,0.29491489808783355,1.0,0.7398092967818832,1.0,1.0,0.5901833234772325,0.697053153401267,0.4401975773256497,0.0
0.9999999999999999,0.5155399274047187,1.0000000000000002,0.29491489808783355,1.0,0.7398092967818832,1.0,1.0,0.5901833234772325,0.10823464610300215,0.4013877455015876,0.9999999999999998
0.9999999999999999,0.5155399274047187,1.0000000000000002,0.29491489808783355,1.0,0.7398092967818832,0.10702166536152442,0.9070963678353978,0.7001774098166764,0.0,0.9999999999999999,0.3100358422939067
0.9999999999999999,0.5155399274047187,1.0000000000000002,0.29491489808783355,1.0,0.7398092967818832,0.10702166536152442,0.9070963678353978,0.7001774098166764,1.0000000000000002,0.0,0.29091995221027456
0.9999999999999999,0.5155399274047187,1.0000000000000002,0.29491489808783355,1.0,0.7398092967818832,0.10702166536152442,0.9070963678353978,0.7001774098166764,0.697053153401267,0.4401975773256497,0.0
0.9999999999999999,0.5155399274047187,1.0000000000000002,0.29491489808783355,1.0,0.7398092967818832,0.10702166536152442,0.9070963678353978,0.7001774098166764,0.10823464610300215,0.4013877455015876,0.9999999999999998
0.9999999999999999,0.5155399274047187,1.0000000000000002,0.29491489808783355,1.0,0.7398092967818832,0.3492560689115113,0.8275246693260551,0.2781391681450819,0.0,0.9999999999999999,0.3100358422939067
0.9999999999999999,0.5155399274047187,1.0000000000000002,0.29491489808783355,1.0,0.7398092967818832,0.3492560689115113,0.8275246693260551,0.2781391681450819,1.0000000000000002,0.0,0.29091995221027456
0.9999999999999999,0.5155399274047187,1.0000000000000002,0.29491489808783355,1.0,0.7398092967818832,0.3492560689115113,0.8275246693260551,0.2781391681450819,0.697053153401267,0.4401975773256497,0.0
0.9999999999999999,0.5155399274047187,1.0000000000000002,0.29491489808783355,1.0,0.7398092967818832,0.3492560689115113,0.8275246693260551,0.2781391681450819,0.10823464610300215,0.4013877455015876,0.9999999999999998
0.9999999999999999,0.5155399274047187,1.0000000000000002,0.29491489808783355,1.0,0.7398092967818832,0.1536152440616027,0.4086710056686962,0.3378671397595112,0.0,0.9999999999999999,0.3100358422939067
0.9999999999999999,0.5155399274047187,1.0000000000000002,0.29491489808783355,1.0,0.7398092967818832,0.1536152440616027,0.4086710056686962,0.3378671397595112,1.0000000000000002,0.0,0.29091995221027456
0.9999999999999999,0.5155399274047187,1.0000000000000002,0.29491489808783355,1.0,0.7398092967818832,0.1536152440616027,0.4086710056686962,0.3378671397595112,0.697053153401267,0.4401975773256497,0.0
0.9999999999999999,0.5155399274047187,1.0000000000000002,0.29491489808783355,1.0,0.7398092967818832,0.1536152440616027,0.4086710056686962,0.3378671397595112,0.10823464610300215,0.4013877455015876,0.9999999999999998
0.9999999999999999,0.5155399274047187,1.0000000000000002,0.29491489808783355,1.0,0.7398092967818832,0.9655442443226312,0.4583245853453705,0.4931992903607333,0.0,0.9999999999999999,0.3100358422939067
0.9999999999999999,0.5155399274047187,1.0000000000000002,0.29491489808783355,1.0,0.7398092967818832,0.9655442443226312,0.4583245853453705,0.4931992903607333,1.0000000000000002,0.0,0.29091995221027456
0.9999999999999999,0.5155399274047187,1.0000000000000002,0.29491489808783355,1.0,0.7398092967818832,0.9655442443226312,0.4583245853453705,0.4931992903607333,0.697053153401267,0.4401975773256497,0.0
0.9999999999999999,0.5155399274047187,1.0000000000000002,0.29491489808783355,1.0,0.7398092967818832,0.9655442443226312,0.4583245853453705,0.4931992903607333,0.10823464610300215,0.4013877455015876,0.9999999999999998
0.9999999999999999,0.5155399274047187,1.0000000000000002,0.29491489808783355,1.0,0.7398092967818832,0.9817280083529103,0.0,1.0,0.0,0.9999999999999999,0.3100358422939067
0.9999999999999999,0.5155399274047187,1.0000000000000002,0.29491489808783355,1.0,0.7398092967818832,0.9817280083529103,0.0,1.0,1.0000000000000002,0.0,0.29091995221027456
0.9999999999999999,0.5155399274047187,1.0000000000000002,0.29491489808783355,1.0,0.7398092967818832,0.9817280083529103,0.0,1.0,0.697053153401267,0.4401975773256497,0.0
0.9999999999999999,0.5155399274047187,1.0000000000000002,0.29491489808783355,1.0,0.7398092967818832,0.9817280083529103,0.0,1.0,0.10823464610300215,0.4013877455015876,0.9999999999999998
0.0,0.051497277676950996,0.8501192233450665,0.28272746375288926,0.0,0.6898688915375446,0.07099973897154789,0.975015746378333,0.15533215060122219,0.0,0.9999999999999999,0.3100358422939067
0.0,0.051497277676950996,0.8501192233450665,0.28272746375288926,0.0,0.6898688915375446,0.07099973897154789,0.975015746378333,0.15533215060122219,1.0000000000000002,0.0,0.29091995221027456
0.0,0.051497277676950996,0.8501192233450665,0.28272746375288926,0.0,0.6898688915375446,0.07099973897154789,0.975015746378333,0.15533215060122219,0.697053153401267,0.4401975773256497,0.0
0.0,0.051497277676950996,0.8501192233450665,0.28272746375288926,0.0,0.6898688915375446,0.07099973897154789,0.975015746378333,0.15533215060122219,0.10823464610300215,0.4013877455015876,0.9999999999999998
0.0,0.051497277676950996,0.8501192233450665,0.28272746375288926,0.0,0.6898688915375446,0.0,0.4611589334453075,0.0,0.0,0.9999999999999999,0.3100358422939067
0.0,0.051497277676950996,0.8501192233450665,0.28272746375288926,0.0,0.6898688915375446,0.0,0.4611589334453075,0.0,1.0000000000000002,0.0,0.29091995221027456
0.0,0.051497277676950996,0.8501192233450665,0.28272746375288926,0.0,0.6898688915375446,0.0,0.4611589334453075,0.0,0.697053153401267,0.4401975773256497,0.0
0.0,0.051497277676950996,0.8501192233450665,0.28272746375288926,0.0,0.6898688915375446,0.0,0.4611589334453075,0.0,0.10823464610300215,0.4013877455015876,0.9999999999999998
0.0,0.051497277676950996,0.8501192233450665,0.28272746375288926,0.0,0.6898688915375446,1.0,1.0,0.5901833234772325,0.0,0.9999999999999999,0.3100358422939067
0.0,0.051497277676950996,0.8501192233450665,0.28272746375288926,0.0,0.6898688915375446,1.0,1.0,0.5901833234772325,1.0000000000000002,0.0,0.29091995221027456
0.0,0.051497277676950996,0.8501192233450665,0.28272746375288926,0.0,0.6898688915375446,1.0,1.0,0.5901833234772325,0.697053153401267,0.4401975773256497,0.0
0.0,0.051497277676950996,0.8501192233450665,0.28272746375288926,0.0,0.6898688915375446,1.0,1.0,0.5901833234772325,0.10823464610300215,0.4013877455015876,0.9999999999999998
0.0,0.051497277676950996,0.8501192233450665,0.28272746375288926,0.0,0.6898688915375446,0.10702166536152442,0.9070963678353978,0.7001774098166764,0.0,0.9999999999999999,0.3100358422939067
0.0,0.051497277676950996,0.8501192233450665,0.28272746375288926,0.0,0.6898688915375446,0.10702166536152442,0.9070963678353978,0.7001774098166764,1.0000000000000002,0.0,0.29091995221027456
0.0,0.051497277676950996,0.8501192233450665,0.28272746375288926,0.0,0.6898688915375446,0.10702166536152442,0.9070963678353978,0.7001774098166764,0.697053153401267,0.4401975773256497,0.0
0.0,0.051497277676950996,0.8501192233450665,0.28272746375288926,0.0,0.6898688915375446,0.10702166536152442,0.9070963678353978,0.7001774098166764,0.10823464610300215,0.4013877455015876,0.9999999999999998
0.0,0.051497277676950996,0.8501192233450665,0.28272746375288926,0.0,0.6898688915375446,0.3492560689115113,0.8275246693260551,0.2781391681450819,0.0,0.9999999999999999,0.3100358422939067
0.0,0.051497277676950996,0.8501192233450665,0.28272746375288926,0.0,0.6898688915375446,0.3492560689115113,0.8275246693260551,0.2781391681450819,1.0000000000000002,0.0,0.29091995221027456
0.0,0.051497277676950996,0.8501192233450665,0.28272746375288926,0.0,0.6898688915375446,0.3492560689115113,0.8275246693260551,0.2781391681450819,0.697053153401267,0.4401975773256497,0.0
0.0,0.051497277676950996,0.8501192233450665,0.28272746375288926,0.0,0.6898688915375446,0.3492560689115113,0.8275246693260551,0.2781391681450819,0.10823464610300215,0.4013877455015876,0.9999999999999998
0.0,0.051497277676950996,0.8501192233450665,0.28272746375288926,0.0,0.6898688915375446,0.1536152440616027,0.4086710056686962,0.3378671397595112,0.0,0.9999999999999999,0.3100358422939067
0.0,0.051497277676950996,0.8501192233450665,0.28272746375288926,0.0,0.6898688915375446,0.1536152440616027,0.4086710056686962,0.3378671397595112,1.0000000000000002,0.0,0.29091995221027456
0.0,0.051497277676950996,0.8501192233450665,0.28272746375288926,0.0,0.6898688915375446,0.1536152440616027,0.4086710056686962,0.3378671397595112,0.697053153401267,0.4401975773256497,0.0
0.0,0.051497277676950996,0.8501192233450665,0.28272746375288926,0.0,0.6898688915375446,0.1536152440616027,0.4086710056686962,0.3378671397595112,0.10823464610300215,0.4013877455015876,0.9999999999999998
0.0,0.051497277676950996,0.8501192233450665,0.28272746375288926,0.0,0.6898688915375446,0.9655442443226312,0.4583245853453705,0.4931992903607333,0.0,0.9999999999999999,0.3100358422939067
0.0,0.051497277676950996,0.8501192233450665,0.28272746375288926,0.0,0.6898688915375446,0.9655442443226312,0.4583245853453705,0.4931992903607333,1.0000000000000002,0.0,0.29091995221027456
0.0,0.051497277676950996,0.8501192233450665,0.28272746375288926,0.0,0.6898688915375446,0.9655442443226312,0.4583245853453705,0.4931992903607333,0.697053153401267,0.4401975773256497,0.0
0.0,0.051497277676950996,0.8501192233450665,0.28272746375288926,0.0,0.6898688915375446,0.9655442443226312,0.4583245853453705,0.4931992903607333,0.10823464610300215,0.4013877455015876,0.9999999999999998
0.0,0.051497277676950996,0.8501192233450665,0.28272746375288926,0.0,0.6898688915375446,0.9817280083529103,0.0,1.0,0.0,0.9999999999999999,0.3100358422939067
0.0,0.051497277676950996,0.8501192233450665,0.28272746375288926,0.0,0.6898688915375446,0.9817280083529103,0.0,1.0,1.0000000000000002,0.0,0.29091995221027456
0.0,0.051497277676950996,0.8501192233450665,0.28272746375288926,0.0,0.6898688915375446,0.9817280083529103,0.0,1.0,0.697053153401267,0.4401975773256497,0.0
0.0,0.051497277676950996,0.8501192233450665,0.28272746375288926,0.0,0.6898688915375446,0.9817280083529103,0.0,1.0,0.10823464610300215,0.4013877455015876,0.9999999999999998
0.0,0.051497277676950996,0.8501192233450665,0.30731246060096656,0.7355525306273976,0.20715137067938016,0.07099973897154789,0.975015746378333,0.15533215060122219,0.0,0.9999999999999999,0.3100358422939067
0.0,0.051497277676950996,0.8501192233450665,0.30731246060096656,0.7355525306273976,0.20715137067938016,0.07099973897154789,0.975015746378333,0.15533215060122219,1.0000000000000002,0.0,0.29091995221027456
0.0,0.051497277676950996,0.8501192233450665,0.30731246060096656,0.7355525306273976,0.20715137067938016,0.07099973897154789,0.975015746378333,0.15533215060122219,0.697053153401267,0.4401975773256497,0.0
0.0,0.051497277676950996,0.8501192233450665,0.30731246060096656,0.7355525306273976,0.20715137067938016,0.07099973897154789,0.975015746378333,0.15533215060122219,0.10823464610300215,0.4013877455015876,0.9999999999999998
0.0,0.051497277676950996,0.8501192233450665,0.30731246060096656,0.7355525306273976,0.20715137067938016,0.0,0.4611589334453075,0.0,0.0,0.9999999999999999,0.3100358422939067
0.0,0.051497277676950996,0.8501192233450665,0.30731246060096656,0.7355525306273976,0.20715137067938016,0.0,0.4611589334453075,0.0,1.0000000000000002,0.0,0.29091995221027456
0.0,0.051497277676950996,0.8501192233450665,0.30731246060096656,0.7355525306273976,0.20715137067938016,0.0,0.4611589334453075,0.0,0.697053153401267,0.4401975773256497,0.0
0.0,0.051497277676950996,0.8501192233450665,0.30731246060096656,0.7355525306273976,0.20715137067938016,0.0,0.4611589334453075,0.0,0.10823464610300215,0.4013877455015876,0.9999999999999998
0.0,0.051497277676950996,0.8501192233450665,0.30731246060096656,0.7355525306273976,0.20715137067938016,1.0,1.0,0.5901833234772325,0.0,0.9999999999999999,0.3100358422939067
0.0,0.051497277676950996,0.8501192233450665,0.30731246060096656,0.7355525306273976,0.20715137067938016,1.0,1.0,0.5901833234772325,1.0000000000000002,0.0,0.29091995221027456
0.0,0.051497277676950996,0.8501192233450665,0.30731246060096656,0.7355525306273976,0.20715137067938016,1.0,1.0,0.5901833234772325,0.697053153401267,0.4401975773256497,0.0
0.0,0.051497277676950996,0.8501192233450665,0.30731246060096656,0.7355525306273976,0.20715137067938016,1.0,1.0,0.5901833234772325,0.10823464610300215,0.4013877455015876,0.9999999999999998
0.0,0.051497277676950996,0.8501192233450665,0.30731246060096656,0.7355525306273976,0.20715137067938016,0.10702166536152442,0.9070963678353978,0.7001774098166764,0.0,0.9999999999999999,0.3100358422939067
0.0,0.051497277676950996,0.8501192233450665,0.30731246060096656,0.7355525306273976,0.20715137067938016,0.10702166536152442,0.9070963678353978,0.7001774098166764,1.0000000000000002,0.0,0.29091995221027456
0.0,0.051497277676950996,0.8501192233450665,0.30731246060096656,0.7355525306273976,0.20715137067938016,0.10702166536152442,0.9070963678353978,0.7001774098166764,0.697053153401267,0.4401975773256497,0.0
0.0,0.051497277676950996,0.8501192233450665,0.30731246060096656,0.7355525306273976,0.20715137067938016,0.10702166536152442,0.9070963678353978,0.7001774098166764,0.10823464610300215,0.4013877455015876,0.9999999999999998
0.0,0.051497277676950996,0.8501192233450665,0.30731246060096656,0.7355525306273976,0.20715137067938016,0.3492560689115113,0.8275246693260551,0.2781391681450819,0.0,0.9999999999999999,0.3100358422939067
0.0,0.051497277676950996,0.8501192233450665,0.30731246060096656,0.7355525306273976,0.20715137067938016,0.3492560689115113,0.8275246693260551,0.2781391681450819,1.0000000000000002,0.0,0.29091995221027456
0.0,0.051497277676950996,0.8501192233450665,0.30731246060096656,0.7355525306273976,0.20715137067938016,0.3492560689115113,0.8275246693260551,0.2781391681450819,0.697053153401267,0.4401975773256497,0.0
0.0,0.051497277676950996,0.8501192233450665,0.30731246060096656,0.7355525306273976,0.20715137067938016,0.3492560689115113,0.8275246693260551,0.2781391681450819,0.10823464610300215,0.4013877455015876,0.9999999999999998
0.0,0.051497277676950996,0.8501192233450665,0.30731246060096656,0.7355525306273976,0.20715137067938016,0.1536152440616027,0.4086710056686962,0.3378671397595112,0.0,0.9999999999999999,0.3100358422939067
0.0,0.051497277676950996,0.8501192233450665,0.30731246060096656,0.7355525306273976,0.20715137067938016,0.1536152440616027,0.4086710056686962,0.3378671397595112,1.0000000000000002,0.0,0.29091995221027456
0.0,0.051497277676950996,0.8501192233450665,0.30731246060096656,0.7355525306273976,0.20715137067938016,0.1536152440616027,0.4086710056686962,0.3378671397595112,0.697053153401267,0.4401975773256497,0.0
0.0,0.051497277676950996,0.8501192233450665,0.30731246060096656,0.7355525306273976,0.20715137067938016,0.1536152440616027,0.4086710056686962,0.3378671397595112,0.10823464610300215,0.4013877455015876,0.9999999999999998
0.0,0.051497277676950996,0.8501192233450665,0.30731246060096656,0.7355525306273976,0.20715137067938016,0.9655442443226312,0.4583245853453705,0.4931992903607333,0.0,0.9999999999999999,0.3100358422939067
0.0,0.051497277676950996,0.8501192233450665,0.30731246060096656,0.7355525306273976,0.20715137067938016,0.9655442443226312,0.4583245853453705,0.4931992903607333,1.0000000000000002,0.0,0.29091995221027456
0.0,0.051497277676950996,0.8501192233450665,0.30731246060096656,0.7355525306273976,0.20715137067938016,0.9655442443226312,0.4583245853453705,0.4931992903607333,0.697053153401267,0.4401975773256497,0.0
0.0,0.051497277676950996,0.8501192233450665,0.30731246060096656,0.7355525306273976,0.20715137067938016,0.9655442443226312,0.4583245853453705,0.4931992903607333,0.10823464610300215,0.4013877455015876,0.9999999999999998
0.0,0.051497277676950996,0.8501192233450665,0.30731246060096656,0.7355525306273976,0.20715137067938016,0.9817280083529103,0.0,1.0,0.0,0.9999999999999999,0.3100358422939067
0.0,0.051497277676950996,0.8501192233450665,0.30731246060096656,0.7355525306273976,0.20715137067938016,0.9817280083529103,0.0,1.0,1.0000000000000002,0.0,0.29091995221027456
0.0,0.051497277676950996,0.8501192233450665,0.30731246060096656,0.7355525306273976,0.20715137067938016,0.9817280083529103,0.0,1.0,0.697053153401267,0.4401975773256497,0.0
0.0,0.051497277676950996,0.8501192233450665,0.30731246060096656,0.7355525306273976,0.20715137067938016,0.9817280083529103,0.0,1.0,0.10823464610300215,0.4013877455015876,0.9999999999999998
0.0,0.051497277676950996,0.8501192233450665,0.7482664425299431,0.3349832941467641,0.8704410011918953,0.07099973897154789,0.975015746378333,0.15533215060122219,0.0,0.9999999999999999,0.3100358422939067
0.0,0.051497277676950996,0.8501192233450665,0.7482664425299431,0.3349832941467641,0.8704410011918953,0.07099973897154789,0.975015746378333,0.15533215060122219,1.0000000000000002,0.0,0.29091995221027456
0.0,0.051497277676950996,0.8501192233450665,0.7482664425299431,0.3349832941467641,0.8704410011918953,0.07099973897154789,0.975015746378333,0.15533215060122219,0.697053153401267,0.4401975773256497,0.0
0.0,0.051497277676950996,0.8501192233450665,0.7482664425299431,0.3349832941467641,0.8704410011918953,0.07099973897154789,0.975015746378333,0.15533215060122219,0.10823464610300215,0.4013877455015876,0.9999999999999998
0.0,0.051497277676950996,0.8501192233450665,0.7482664425299431,0.3349832941467641,0.8704410011918953,0.0,0.4611589334453075,0.0,0.0,0.9999999999999999,0.3100358422939067
0.0,0.051497277676950996,0.8501192233450665,0.7482664425299431,0.3349832941467641,0.8704410011918953,0.0,0.4611589334453075,0.0,1.0000000000000002,0.0,0.29091995221027456
0.0,0.051497277676950996,0.8501192233450665,0.7482664425299431,0.3349832941467641,0.8704410011918953,0.0,0.4611589334453075,0.0,0.697053153401267,0.4401975773256497,0.0
0.0,0.051497277676950996,0.8501192233450665,0.7482664425299431,0.3349832941467641,0.8704410011918953,0.0,0.4611589334453075,0.0,0.10823464610300215,0.4013877455015876,0.9999999999999998
0.0,0.051497277676950996,0.8501192233450665,0.7482664425299431,0.3349832941467641,0.8704410011918953,1.0,1.0,0.5901833234772325,0.0,0.9999999999999999,0.3100358422939067
0.0,0.051497277676950996,0.8501192233450665,0.7482664425299431,0.3349832941467641,0.8704410011918953,1.0,1.0,0.5901833234772325,1.0000000000000002,0.0,0.29091995221027456
0.0,0.051497277676950996,0.8501192233450665,0.7482664425299431,0.3349832941467641,0.8704410011918953,1.0,1.0,0.5901833234772325,0.697053153401267,0.4401975773256497,0.0
0.0,0.051497277676950996,0.8501192233450665,0.7482664425299431,0.3349832941467641,0.8704410011918953,1.0,1.0,0.5901833234772325,0.10823464610300215,0.4013877455015876,0.9999999999999998
0.0,0.051497277676950996,0.8501192233450665,0.7482664425299431,0.3349832941467641,0.8704410011918953,0.10702166536152442,0.9070963678353978,0.7001774098166764,0.0,0.9999999999999999,0.3100358422939067
0.0,0.051497277676950996,0.8501192233450665,0.7482664425299431,0.3349832941467641,0.8704410011918953,0.10702166536152442,0.9070963678353978,0.7001774098166764,1.0000000000000002,0.0,0.29091995221027456
0.0,0.051497277676950996,0.8501192233450665,0.7482664425299431,0.3349832941467641,0.8704410011918953,0.10702166536152442,0.9070963678353978,0.7001774098166764,0.697053153401267,0.4401975773256497,0.0
0.0,0.051497277676950996,0.8501192233450665,0.7482664425299431,0.3349832941467641,0.8704410011918953,0.10702166536152442,0.9070963678353978,0.7001774098166764,0.10823464610300215,0.4013877455015876,0.9999999999999998
0.0,0.051497277676950996,0.8501192233450665,0.7482664425299431,0.3349832941467641,0.8704410011918953,0.3492560689115113,0.8275246693260551,0.2781391681450819,0.0,0.9999999999999999,0.3100358422939067
0.0,0.051497277676950996,0.8501192233450665,0.7482664425299431,0.3349832941467641,0.8704410011918953,0.3492560689115113,0.8275246693260551,0.2781391681450819,1.0000000000000002,0.0,0.29091995221027456
0.0,0.051497277676950996,0.8501192233450665,0.7482664425299431,0.3349832941467641,0.8704410011918953,0.3492560689115113,0.8275246693260551,0.2781391681450819,0.697053153401267,0.4401975773256497,0.0
0.0,0.051497277676950996,0.8501192233450665,0.7482664425299431,0.3349832941467641,0.8704410011918953,0.3492560689115113,0.8275246693260551,0.2781391681450819,0.10823464610300215,0.4013877455015876,0.9999999999999998
0.0,0.051497277676950996,0.8501192233450665,0.7482664425299431,0.3349832941467641,0.8704410011918953,0.1536152440616027,0.4086710056686962,0.3378671397595112,0.0,0.9999999999999999,0.3100358422939067
0.0,0.051497277676950996,0.8501192233450665,0.7482664425299431,0.3349832941467641,0.8704410011918953,0.1536152440616027,0.4086710056686962,0.3378671397595112,1.0000000000000002,0.0,0.29091995221027456
0.0,0.051497277676950996,0.8501192233450665,0.7482664425299431,0.3349832941467641,0.8704410011918953,0.1536152440616027,0.4086710056686962,0.3378671397595112,0.697053153401267,0.4401975773256497,0.0
0.0,0.051497277676950996,0.8501192233450665,0.7482664425299431,0.3349832941467641,0.8704410011918953,0.1536152440616027,0.4086710056686962,0.3378671397595112,0.10823464610300215,0.4013877455015876,0.9999999999999998
0.0,0.051497277676950996,0.8501192233450665,0.7482664425299431,0.3349832941467641,0.8704410011918953,0.9655442443226312,0.4583245853453705,0.4931992903607333,0.0,0.9999999999999999,0.3100358422939067
0.0,0.051497277676950996,0.8501192233450665,0.7482664425299431,0.3349832941467641,0.8704410011918953,0.9655442443226312,0.4583245853453705,0.4931992903607333,1.0000000000000002,0.0,0.29091995221027456
0.0,0.051497277676950996,0.8501192233450665,0.7482664425299431,0.3349832941467641,0.8704410011918953,0.9655442443226312,0.4583245853453705,0.4931992903607333,0.697053153401267,0.4401975773256497,0.0
0.0,0.051497277676950996,0.8501192233450665,0.7482664425299431,0.3349832941467641,0.8704410011918953,0.9655442443226312,0.4583245853453705,0.4931992903607333,0.10823464610300215,0.4013877455015876,0.9999999999999998
0.0,0.051497277676950996,0.8501192233450665,0.7482664425299431,0.3349832941467641,0.8704410011918953,0.9817280083529103,0.0,1.0,0.0,0.9999999999999999,0.3100358422939067
0.0,0.051497277676950996,0.8501192233450665,0.7482664425299431,0.3349832941467641,0.8704410011918953,0.9817280083529103,0.0,1.0,1.0000000000000002,0.0,0.29091995221027456
0.0,0.051497277676950996,0.8501192233450665,0.7482664425299431,0.3349832941467641,0.8704410011918953,0.9817280083529103,0.0,1.0,0.697053153401267,0.4401975773256497,0.0
0.0,0.051497277676950996,0.8501192233450665,0.7482664425299431,0.3349832941467641,0.8704410011918953,0.9817280083529103,0.0,1.0,0.10823464610300215,0.4013877455015876,0.9999999999999998
0.0,0.051497277676950996,0.8501192233450665,0.0,0.8396238089345379,0.6827175208581644,0.07099973897154789,0.975015746378333,0.15533215060122219,0.0,0.9999999999999999,0.3100358422939067
0.0,0.051497277676950996,0.8501192233450665,0.0,0.8396238089345379,0.6827175208581644,0.07099973897154789,0.975015746378333,0.15533215060122219,1.0000000000000002,0.0,0.29091995221027456
0.0,0.051497277676950996,0.8501192233450665,0.0,0.8396238089345379,0.6827175208581644,0.07099973897154789,0.975015746378333,0.15533215060122219,0.697053153401267,0.4401975773256497,0.0
0.0,0.051497277676950996,0.8501192233450665,0.0,0.8396238089345379,0.6827175208581644,0.07099973897154789,0.975015746378333,0.15533215060122219,0.10823464610300215,0.4013877455015876,0.9999999999999998
0.0,0.051497277676950996,0.8501192233450665,0.0,0.8396238089345379,0.6827175208581644,0.0,0.4611589334453075,0.0,0.0,0.9999999999999999,0.3100358422939067
0.0,0.051497277676950996,0.8501192233450665,0.0,0.8396238089345379,0.6827175208581644,0.0,0.4611589334453075,0.0,1.0000000000000002,0.0,0.29091995221027456
0.0,0.051497277676950996,0.8501192233450665,0.0,0.8396238089345379,0.6827175208581644,0.0,0.4611589334453075,0.0,0.697053153401267,0.4401975773256497,0.0
0.0,0.051497277676950996,0.8501192233450665,0.0,0.8396238089345379,0.6827175208581644,0.0,0.4611589334453075,0.0,0.10823464610300215,0.4013877455015876,0.9999999999999998
0.0,0.051497277676950996,0.8501192233450665,0.0,0.8396238089345379,0.6827175208581644,1.0,1.0,0.5901833234772325,0.0,0.9999999999999999,0.3100358422939067
0.0,0.051497277676950996,0.8501192233450665,0.0,0.8396238089345379,0.6827175208581644,1.0,1.0,0.5901833234772325,1.0000000000000002,0.0,0.29091995221027456
0.0,0.051497277676950996,0.8501192233450665,0.0,0.8396238089345379,0.6827175208581644,1.0,1.0,0.5901833234772325,0.697053153401267,0.4401975773256497,0.0
0.0,0.051497277676950996,0.8501192233450665,0.0,0.8396238089345379,0.6827175208581644,1.0,1.0,0.5901833234772325,0.10823464610300215,0.4013877455015876,0.9999999999999998
0.0,0.051497277676950996,0.8501192233450665,0.0,0.8396238089345379,0.6827175208581644,0.10702166536152442,0.9070963678353978,0.7001774098166764,0.0,0.9999999999999999,0.3100358422939067
0.0,0.051497277676950996,0.8501192233450665,0.0,0.8396238089345379,0.6827175208581644,0.10702166536152442,0.9070963678353978,0.7001774098166764,1.0000000000000002,0.0,0.29091995221027456
0.0,0.051497277676950996,0.8501192233450665,0.0,0.8396238089345379,0.6827175208581644,0.10702166536152442,0.9070963678353978,0.7001774098166764,0.697053153401267,0.4401975773256497,0.0
0.0,0.051497277676950996,0.8501192233450665,0.0,0.8396238089345379,0.6827175208581644,0.10702166536152442,0.9070963678353978,0.7001774098166764,0.10823464610300215,0.4013877455015876,0.9999999999999998
0.0,0.051497277676950996,0.8501192233450665,0.0,0.8396238089345379,0.6827175208581644,0.3492560689115113,0.8275246693260551,0.2781391681450819,0.0,0.9999999999999999,0.3100358422939067
0.0,0.051497277676950996,0.8501192233450665,0.0,0.8396238089345379,0.6827175208581644,0.3492560689115113,0.8275246693260551,0.2781391681450819,1.0000000000000002,0.0,0.29091995221027456
0.0,0.051497277676950996,0.8501192233450665,0.0,0.8396238089345379,0.6827175208581644,0.3492560689115113,0.8275246693260551,0.2781391681450819,0.697053153401267,0.4401975773256497,0.0
0.0,0.051497277676950996,0.8501192233450665,0.0,0.8396238089345379,0.6827175208581644,0.3492560689115113,0.8275246693260551,0.2781391681450819,0.10823464610300215,0.4013877455015876,0.9999999999999998
0.0,0.051497277676950996,0.8501192233450665,0.0,0.8396238089345379,0.6827175208581644,0.1536152440616027,0.4086710056686962,0.3378671397595112,0.0,0.9999999999999999,0.3100358422939067
0.0,0.051497277676950996,0.8501192233450665,0.0,0.8396238089345379,0.6827175208581644,0.1536152440616027,0.4086710056686962,0.3378671397595112,1.0000000000000002,0.0,0.29091995221027456
0.0,0.051497277676950996,0.8501192233450665,0.0,0.8396238089345379,0.6827175208581644,0.1536152440616027,0.4086710056686962,0.3378671397595112,0.697053153401267,0.4401975773256497,0.0
0.0,0.051497277676950996,0.8501192233450665,0.0,0.8396238089345379,0.6827175208581644,0.1536152440616027,0.4086710056686962,0.3378671397595112,0.10823464610300215,0.4013877455015876,0.9999999999999998
0.0,0.051497277676950996,0.8501192233450665,0.0,0.8396238089345379,0.6827175208581644,0.9655442443226312,0.4583245853453705,0.4931992903607333,0.0,0.9999999999999999,0.3100358422939067
0.0,0.051497277676950996,0.8501192233450665,0.0,0.8396238089345379,0.6827175208581644,0.9655442443226312,0.4583245853453705,0.4931992903607333,1.0000000000000002,0.0,0.29091995221027456
0.0,0.051497277676950996,0.8501192233450665,0.0,0.8396238089345379,0.6827175208581644,0.9655442443226312,0.4583245853453705,0.4931992903607333,0.697053153401267,0.4401975773256497,0.0
0.0,0.051497277676950996,0.8501192233450665,0.0,0.8396238089345379,0.6827175208581644,0.9655442443226312,0.4583245853453705,0.4931992903607333,0.10823464610300215,0.4013877455015876,0.9999999999999998
0.0,0.051497277676950996,0.8501192233450665,0.0,0.8396238089345379,0.6827175208581644,0.9817280083529103,0.0,1.0,0.0,0.9999999999999999,0.3100358422939067
0.0,0.051497277676950996,0.8501192233450665,0.0,0.8396238089345379,0.6827175208581644,0.9817280083529103,0.0,1.0,1.0000000000000002,0.0,0.29091995221027456
0.0,0.051497277676950996,0.8501192233450665,0.0,0.8396238089345379,0.6827175208581644,0.9817280083529103,0.0,1.0,0.697053153401267,0.4401975773256497,0.0
0.0,0.051497277676950996,0.8501192233450665,0.0,0.8396238089345379,0.6827175208581644,0.9817280083529103,0.0,1.0,0.10823464610300215,0.4013877455015876,0.9999999999999998
0.0,0.051497277676950996,0.8501192233450665,0.9180500105064089,0.057294889246380404,0.9804529201430274,0.07099973897154789,0.975015746378333,0.15533215060122219,0.0,0.9999999999999999,0.3100358422939067
0.0,0.051497277676950996,0.8501192233450665,0.9180500105064089,0.057294889246380404,0.9804529201430274,0.07099973897154789,0.975015746378333,0.15533215060122219,1.0000000000000002,0.0,0.29091995221027456
0.0,0.051497277676950996,0.8501192233450665,0.9180500105064089,0.057294889246380404,0.9804529201430274,0.07099973897154789,0.975015746378333,0.15533215060122219,0.697053153401267,0.4401975773256497,0.0
0.0,0.051497277676950996,0.8501192233450665,0.9180500105064089,0.057294889246380404,0.9804529201430274,0.07099973897154789,0.975015746378333,0.15533215060122219,0.10823464610300215,0.4013877455015876,0.9999999999999998
0.0,0.051497277676950996,0.8501192233450665,0.9180500105064089,0.057294889246380404,0.9804529201430274,0.0,0.4611589334453075,0.0,0.0,0.9999999999999999,0.3100358422939067
0.0,0.051497277676950996,0.8501192233450665,0.9180500105064089,0.057294889246380404,0.9804529201430274,0.0,0.4611589334453075,0.0,1.0000000000000002,0.0,0.29091995221027456
0.0,0.051497277676950996,0.8501192233450665,0.9180500105064089,0.057294889246380404,0.9804529201430274,0.0,0.4611589334453075,0.0,0.697053153401267,0.4401975773256497,0.0
0.0,0.051497277676950996,0.8501192233450665,0.9180500105064089,0.057294889246380404,0.9804529201430274,0.0,0.4611589334453075,0.0,0.10823464610300215,0.4013877455015876,0.9999999999999998
0.0,0.051497277676950996,0.8501192233450665,0.9180500105064089,0.057294889246380404,0.9804529201430274,1.0,1.0,0.5901833234772325,0.0,0.9999999999999999,0.3100358422939067
0.0,0.051497277676950996,0.8501192233450665,0.9180500105064089,0.057294889246380404,0.9804529201430274,1.0,1.0,0.5901833234772325,1.0000000000000002,0.0,0.29091995221027456
0.0,0.051497277676950996,0.8501192233450665,0.9180500105064089,0.057294889246380404,0.9804529201430274,1.0,1.0,0.5901833234772325,0.697053153401267,0.4401975773256497,0.0
0.0,0.051497277676950996,0.8501192233450665,0.9180500105064089,0.057294889246380404,0.9804529201430274,1.0,1.0,0.5901833234772325,0.10823464610300215,0.4013877455015876,0.9999999999999998
0.0,0.051497277676950996,0.8501192233450665,0.9180500105064089,0.057294889246380404,0.9804529201430274,0.10702166536152442,0.9070963678353978,0.7001774098166764,0.0,0.9999999999999999,0.3100358422939067
0.0,0.051497277676950996,0.8501192233450665,0.9180500105064089,0.057294889246380404,0.9804529201430274,0.10702166536152442,0.9070963678353978,0.7001774098166764,1.0000000000000002,0.0,0.29091995221027456
0.0,0.051497277676950996,0.8501192233450665,0.9180500105064089,0.057294889246380404,0.9804529201430274,0.10702166536152442,0.9070963678353978,0.7001774098166764,0.697053153401267,0.4401975773256497,0.0
0.0,0.051497277676950996,0.8501192233450665,0.9180500105064089,0.057294889246380404,0.9804529201430274,0.10702166536152442,0.9070963678353978,0.7001774098166764,0.10823464610300215,0.4013877455015876,0.9999999999999998
0.0,0.051497277676950996,0.8501192233450665,0.9180500105064089,0.057294889246380404,0.9804529201430274,0.3492560689115113,0.8275246693260551,0.2781391681450819,0.0,0.9999999999999999,0.3100358422939067
0.0,0.051497277676950996,0.8501192233450665,0.9180500105064089,0.057294889246380404,0.9804529201430274,0.3492560689115113,0.8275246693260551,0.2781391681450819,1.0000000000000002,0.0,0.29091995221027456
0.0,0.051497277676950996,0.8501192233450665,0.9180500105064089,0.057294889246380404,0.9804529201430274,0.3492560689115113,0.8275246693260551,0.2781391681450819,0.697053153401267,0.4401975773256497,0.0
0.0,0.051497277676950996,0.8501192233450665,0.9180500105064089,0.057294889246380404,0.9804529201430274,0.3492560689115113,0.8275246693260551,0.2781391681450819,0.10823464610300215,0.4013877455015876,0.9999999999999998
0.0,0.051497277676950996,0.8501192233450665,0.9180500105064089,0.057294889246380404,0.9804529201430274,0.1536152440616027,0.4086710056686962,0.3378671397595112,0.0,0.9999999999999999,0.3100358422939067
0.0,0.051497277676950996,0.8501192233450665,0.9180500105064089,0.057294889246380404,0.9804529201430274,0.1536152440616027,0.4086710056686962,0.3378671397595112,1.0000000000000002,0.0,0.29091995221027456
0.0,0.051497277676950996,0.8501192233450665,0.9180500105064089,0.057294889246380404,0.9804529201430274,0.1536152440616027,0.4086710056686962,0.3378671397595112,0.697053153401267,0.4401975773256497,0.0
0.0,0.051497277676950996,0.8501192233450665,0.9180500105064089,0.057294889246380404,0.9804529201430274,0.1536152440616027,0.4086710056686962,0.3378671397595112,0.10823464610300215,0.4013877455015876,0.9999999999999998
0.0,0.051497277676950996,0.8501192233450665,0.9180500105064089,0.057294889246380404,0.9804529201430274,0.9655442443226312,0.4583245853453705,0.4931992903607333,0.0,0.9999999999999999,0.3100358422939067
0.0,0.051497277676950996,0.8501192233450665,0.9180500105064089,0.057294889246380404,0.9804529201430274,0.9655442443226312,0.4583245853453705,0.4931992903607333,1.0000000000000002,0.0,0.29091995221027456
0.0,0.051497277676950996,0.8501192233450665,0.9180500105064089,0.057294889246380404,0.9804529201430274,0.9655442443226312,0.4583245853453705,0.4931992903607333,0.697053153401267,0.4401975773256497,0.0
0.0,0.051497277676950996,0.8501192233450665,0.9180500105064089,0.057294889246380404,0.9804529201430274,0.9655442443226312,0.4583245853453705,0.4931992903607333,0.10823464610300215,0.4013877455015876,0.9999999999999998
0.0,0.051497277676950996,0.8501192233450665,0.9180500105064089,0.057294889246380404,0.9804529201430274,0.9817280083529103,0.0,1.0,0.0,0.9999999999999999,0.3100358422939067
0.0,0.051497277676950996,0.8501192233450665,0.9180500105064089,0.057294889246380404,0.9804529201430274,0.9817280083529103,0.0,1.0,1.0000000000000002,0.0,0.29091995221027456
0.0,0.051497277676950996,0.8501192233450665,0.9180500105064089,0.057294889246380404,0.9804529201430274,0.9817280083529103,0.0,1.0,0.697053153401267,0.4401975773256497,0.0
0.0,0.051497277676950996,0.8501192233450665,0.9180500105064089,0.057294889246380404,0.9804529201430274,0.9817280083529103,0.0,1.0,0.10823464610300215,0.4013877455015876,0.9999999999999998
0.0,0.051497277676950996,0.8501192233450665,0.9999999999999999,0.4271748545972034,1.0,0.07099973897154789,0.975015746378333,0.15533215060122219,0.0,0.9999999999999999,0.3100358422939067
0.0,0.051497277676950996,0.8501192233450665,0.9999999999999999,0.4271748545972034,1.0,0.07099973897154789,0.975015746378333,0.15533215060122219,1.0000000000000002,0.0,0.29091995221027456
0.0,0.051497277676950996,0.8501192233450665,0.9999999999999999,0.4271748545972034,1.0,0.07099973897154789,0.975015746378333,0.15533215060122219,0.697053153401267,0.4401975773256497,0.0
0.0,0.051497277676950996,0.8501192233450665,0.9999999999999999,0.4271748545972034,1.0,0.07099973897154789,0.975015746378333,0.15533215060122219,0.10823464610300215,0.4013877455015876,0.9999999999999998
0.0,0.051497277676950996,0.8501192233450665,0.9999999999999999,0.4271748545972034,1.0,0.0,0.4611589334453075,0.0,0.0,0.9999999999999999,0.3100358422939067
0.0,0.051497277676950996,0.8501192233450665,0.9999999999999999,0.4271748545972034,1.0,0.0,0.4611589334453075,0.0,1.0000000000000002,0.0,0.29091995221027456
0.0,0.051497277676950996,0.8501192233450665,0.9999999999999999,0.4271748545972034,1.0,0.0,0.4611589334453075,0.0,0.697053153401267,0.4401975773256497,0.0
0.0,0.051497277676950996,0.8501192233450665,0.9999999999999999,0.4271748545972034,1.0,0.0,0.4611589334453075,0.0,0.10823464610300215,0.4013877455015876,0.9999999999999998
0.0,0.051497277676950996,0.8501192233450665,0.9999999999999999,0.4271748545972034,1.0,1.0,1.0,0.5901833234772325,0.0,0.9999999999999999,0.3100358422939067
0.0,0.051497277676950996,0.8501192233450665,0.9999999999999999,0.4271748545972034,1.0,1.0,1.0,0.5901833234772325,1.0000000000000002,0.0,0.29091995221027456
0.0,0.051497277676950996,0.8501192233450665,0.9999999999999999,0.4271748545972034,1.0,1.0,1.0,0.5901833234772325,0.697053153401267,0.4401975773256497,0.0
0.0,0.051497277676950996,0.8501192233450665,0.9999999999999999,0.4271748545972034,1.0,1.0,1.0,0.5901833234772325,0.10823464610300215,0.4013877455015876,0.9999999999999998
0.0,0.051497277676950996,0.8501192233450665,0.9999999999999999,0.4271748545972034,1.0,0.10702166536152442,0.9070963678353978,0.7001774098166764,0.0,0.9999999999999999,0.3100358422939067
0.0,0.051497277676950996,0.8501192233450665,0.9999999999999999,0.4271748545972034,1.0,0.10702166536152442,0.9070963678353978,0.7001774098166764,1.0000000000000002,0.0,0.29091995221027456
0.0,0.051497277676950996,0.8501192233450665,0.9999999999999999,0.4271748545972034,1.0,0.10702166536152442,0.9070963678353978,0.7001774098166764,0.697053153401267,0.4401975773256497,0.0
0.0,0.051497277676950996,0.8501192233450665,0.9999999999999999,0.4271748545972034,1.0,0.10702166536152442,0.9070963678353978,0.7001774098166764,0.10823464610300215,0.4013877455015876,0.9999999999999998
0.0,0.051497277676950996,0.8501192233450665,0.9999999999999999,0.4271748545972034,1.0,0.3492560689115113,0.8275246693260551,0.2781391681450819,0.0,0.9999999999999999,0.3100358422939067
0.0,0.051497277676950996,0.8501192233450665,0.9999999999999999,0.4271748545972034,1.0,0.3492560689115113,0.8275246693260551,0.2781391681450819,1.0000000000000002,0.0,0.29091995221027456
0.0,0.051497277676950996,0.8501192233450665,0.9999999999999999,0.4271748545972034,1.0,0.3492560689115113,0.8275246693260551,0.2781391681450819,0.697053153401267,0.4401975773256497,0.0
0.0,0.051497277676950996,0.8501192233450665,0.9999999999999999,0.4271748545972034,1.0,0.3492560689115113,0.8275246693260551,0.2781391681450819,0.10823464610300215,0.4013877455015876,0.9999999999999998
0.0,0.051497277676950996,0.8501192233450665,0.9999999999999999,0.4271748545972034,1.0,0.1536152440616027,0.4086710056686962,0.3378671397595112,0.0,0.9999999999999999,0.3100358422939067
0.0,0.051497277676950996,0.8501192233450665,0.9999999999999999,0.4271748545972034,1.0,0.1536152440616027,0.4086710056686962,0.3378671397595112,1.0000000000000002,0.0,0.29091995221027456
0.0,0.051497277676950996,0.8501192233450665,0.9999999999999999,0.4271748545972034,1.0,0.1536152440616027,0.4086710056686962,0.3378671397595112,0.697053153401267,0.4401975773256497,0.0
0.0,0.051497277676950996,0.8501192233450665,0.9999999999999999,0.4271748545972034,1.0,0.1536152440616027,0.4086710056686962,0.3378671397595112,0.10823464610300215,0.4013877455015876,0.9999999999999998
0.0,0.051497277676950996,0.8501192233450665,0.9999999999999999,0.4271748545972034,1.0,0.9655442443226312,0.4583245853453705,0.4931992903607333,0.0,0.9999999999999999,0.3100358422939067
0.0,0.051497277676950996,0.8501192233450665,0.9999999999999999,0.4271748545972034,1.0,0.9655442443226312,0.4583245853453705,0.4931992903607333,1.0000000000000002,0.0,0.29091995221027456
0.0,0.051497277676950996,0.8501192233450665,0.9999999999999999,0.4271748545972034,1.0,0.9655442443226312,0.4583245853453705,0.4931992903607333,0.697053153401267,0.4401975773256497,0.0
0.0,0.051497277676950996,0.8501192233450665,0.9999999999999999,0.4271748545972034,1.0,0.9655442443226312,0.4583245853453705,0.4931992903607333,0.10823464610300215,0.4013877455015876,0.9999999999999998
0.0,0.051497277676950996,0.8501192233450665,0.9999999999999999,0.4271748545972034,1.0,0.9817280083529103,0.0,1.0,0.0,0.9999999999999999,0.3100358422939067
0.0,0.051497277676950996,0.8501192233450665,0.9999999999999999,0.4271748545972034,1.0,0.9817280083529103,0.0,1.0,1.0000000000000002,0.0,0.29091995221027456
0.0,0.051497277676950996,0.8501192233450665,0.9999999999999999,0.4271748545972034,1.0,0.9817280083529103,0.0,1.0,0.697053153401267,0.4401975773256497,0.0
0.0,0.051497277676950996,0.8501192233450665,0.9999999999999999,0.4271748545972034,1.0,0.9817280083529103,0.0,1.0,0.10823464610300215,0.4013877455015876,0.9999999999999998
0.0,0.051497277676950996,0.8501192233450665,0.00021012817818869337,0.05296374211112484,0.8307508939213348,0.07099973897154789,0.975015746378333,0.15533215060122219,0.0,0.9999999999999999,0.3100358422939067
0.0,0.051497277676950996,0.8501192233450665,0.00021012817818869337,0.05296374211112484,0.8307508939213348,0.07099973897154789,0.975015746378333,0.15533215060122219,1.0000000000000002,0.0,0.29091995221027456
0.0,0.051497277676950996,0.8501192233450665,0.00021012817818869337,0.05296374211112484,0.8307508939213348,0.07099973897154789,0.975015746378333,0.15533215060122219,0.697053153401267,0.4401975773256497,0.0
0.0,0.051497277676950996,0.8501192233450665,0.00021012817818869337,0.05296374211112484,0.8307508939213348,0.07099973897154789,0.975015746378333,0.15533215060122219,0.10823464610300215,0.4013877455015876,0.9999999999999998
0.0,0.051497277676950996,0.8501192233450665,0.00021012817818869337,0.05296374211112484,0.8307508939213348,0.0,0.4611589334453075,0.0,0.0,0.9999999999999999,0.3100358422939067
0.0,0.051497277676950996,0.8501192233450665,0.00021012817818869337,0.05296374211112484,0.8307508939213348,0.0,0.4611589334453075,0.0,1.0000000000000002,0.0,0.29091995221027456
0.0,0.051497277676950996,0.8501192233450665,0.00021012817818869337,0.05296374211112484,0.8307508939213348,0.0,0.4611589334453075,0.0,0.697053153401267,0.4401975773256497,0.0
0.0,0.051497277676950996,0.8501192233450665,0.00021012817818869337,0.05296374211112484,0.8307508939213348,0.0,0.4611589334453075,0.0,0.10823464610300215,0.4013877455015876,0.9999999999999998
0.0,0.051497277676950996,0.8501192233450665,0.00021012817818869337,0.05296374211112484,0.8307508939213348,1.0,1.0,0.5901833234772325,0.0,0.9999999999999999,0.3100358422939067
0.0,0.051497277676950996,0.8501192233450665,0.00021012817818869337,0.05296374211112484,0.8307508939213348,1.0,1.0,0.5901833234772325,1.0000000000000002,0.0,0.29091995221027456
0.0,0.051497277676950996,0.8501192233450665,0.00021012817818869337,0.05296374211112484,0.8307508939213348,1.0,1.0,0.5901833234772325,0.697053153401267,0.4401975773256497,0.0
0.0,0.051497277676950996,0.8501192233450665,0.00021012817818869337,0.05296374211112484,0.8307508939213348,1.0,1.0,0.5901833234772325,0.10823464610300215,0.4013877455015876,0.9999999999999998
0.0,0.051497277676950996,0.8501192233450665,0.00021012817818869337,0.05296374211112484,0.8307508939213348,0.10702166536152442,0.9070963678353978,0.7001774098166764,0.0,0.9999999999999999,0.3100358422939067
0.0,0.051497277676950996,0.8501192233450665,0.00021012817818869337,0.05296374211112484,0.8307508939213348,0.10702166536152442,0.9070963678353978,0.7001774098166764,1.0000000000000002,0.0,0.29091995221027456
0.0,0.051497277676950996,0.8501192233450665,0.00021012817818869337,0.05296374211112484,0.8307508939213348,0.10702166536152442,0.9070963678353978,0.7001774098166764,0.697053153401267,0.4401975773256497,0.0
0.0,0.051497277676950996,0.8501192233450665,0.00021012817818869337,0.05296374211112484,0.8307508939213348,0.10702166536152442,0.9070963678353978,0.7001774098166764,0.10823464610300215,0.4013877455015876,0.9999999999999998
0.0,0.051497277676950996,0.8501192233450665,0.00021012817818869337,0.05296374211112484,0.8307508939213348,0.3492560689115113,0.8275246693260551,0.2781391681450819,0.0,0.9999999999999999,0.3100358422939067
0.0,0.051497277676950996,0.8501192233450665,0.00021012817818869337,0.05296374211112484,0.8307508939213348,0.3492560689115113,0.8275246693260551,0.2781391681450819,1.0000000000000002,0.0,0.29091995221027456
0.0,0.051497277676950996,0.8501192233450665,0.00021012817818869337,0.05296374211112484,0.8307508939213348,0.3492560689115113,0.8275246693260551,0.2781391681450819,0.697053153401267,0.4401975773256497,0.0
0.0,0.051497277676950996,0.8501192233450665,0.00021012817818869337,0.05296374211112484,0.8307508939213348,0.3492560689115113,0.8275246693260551,0.2781391681450819,0.10823464610300215,0.4013877455015876,0.9999999999999998
0.0,0.051497277676950996,0.8501192233450665,0.00021012817818869337,0.05296374211112484,0.8307508939213348,0.1536152440616027,0.4086710056686962,0.3378671397595112,0.0,0.9999999999999999,0.3100358422939067
0.0,0.051497277676950996,0.8501192233450665,0.00021012817818869337,0.05296374211112484,0.8307508939213348,0.1536152440616027,0.4086710056686962,0.3378671397595112,1.0000000000000002,0.0,0.29091995221027456
0.0,0.051497277676950996,0.8501192233450665,0.00021012817818869337,0.05296374211112484,0.8307508939213348,0.1536152440616027,0.4086710056686962,0.3378671397595112,0.697053153401267,0.4401975773256497,0.0
0.0,0.051497277676950996,0.8501192233450665,0.00021012817818869337,0.05296374211112484,0.8307508939213348,0.1536152440616027,0.4086710056686962,0.3378671397595112,0.10823464610300215,0.4013877455015876,0.9999999999999998
0.0,0.051497277676950996,0.8501192233450665,0.00021012817818869337,0.05296374211112484,0.8307508939213348,0.9655442443226312,0.4583245853453705,0.4931992903607333,0.0,0.9999999999999999,0.3100358422939067
0.0,0.051497277676950996,0.8501192233450665,0.00021012817818869337,0.05296374211112484,0.8307508939213348,0.9655442443226312,0.4583245853453705,0.4931992903607333,1.0000000000000002,0.0,0.29091995221027456
0.0,0.051497277676950996,0.8501192233450665,0.00021012817818869337,0.05296374211112484,0.8307508939213348,0.9655442443226312,0.4583245853453705,0.4931992903607333,0.697053153401267,0.4401975773256497,0.0
0.0,0.051497277676950996,0.8501192233450665,0.00021012817818869337,0.05296374211112484,0.8307508939213348,0.9655442443226312,0.4583245853453705,0.4931992903607333,0.10823464610300215,0.4013877455015876,0.9999999999999998
0.0,0.051497277676950996,0.8501192233450665,0.00021012817818869337,0.05296374211112484,0.8307508939213348,0.9817280083529103,0.0,1.0,0.0,0.9999999999999999,0.3100358422939067
0.0,0.051497277676950996,0.8501192233450665,0.00021012817818869337,0.05296374211112484,0.8307508939213348,0.9817280083529103,0.0,1.0,1.0000000000000002,0.0,0.29091995221027456
0.0,0.051497277676950996,0.8501192233450665,0.00021012817818869337,0.05296374211112484,0.8307508939213348,0.9817280083529103,0.0,1.0,0.697053153401267,0.4401975773256497,0.0
0.0,0.051497277676950996,0.8501192233450665,0.00021012817818869337,0.05296374211112484,0.8307508939213348,0.9817280083529103,0.0,1.0,0.10823464610300215,0.4013877455015876,0.9999999999999998
0.0,0.051497277676950996,0.8501192233450665,0.3867409119562933,0.9365177577032547,0.06686531585220501,0.07099973897154789,0.975015746378333,0.15533215060122219,0.0,0.9999999999999999,0.3100358422939067
0.0,0.051497277676950996,0.8501192233450665,0.3867409119562933,0.9365177577032547,0.06686531585220501,0.07099973897154789,0.975015746378333,0.15533215060122219,1.0000000000000002,0.0,0.29091995221027456
0.0,0.051497277676950996,0.8501192233450665,0.3867409119562933,0.9365177577032547,0.06686531585220501,0.07099973897154789,0.975015746378333,0.15533215060122219,0.697053153401267,0.4401975773256497,0.0
0.0,0.051497277676950996,0.8501192233450665,0.3867409119562933,0.9365177577032547,0.06686531585220501,0.07099973897154789,0.975015746378333,0.15533215060122219,0.10823464610300215,0.4013877455015876,0.9999999999999998
0.0,0.051497277676950996,0.8501192233450665,0.3867409119562933,0.9365177577032547,0.06686531585220501,0.0,0.4611589334453075,0.0,0.0,0.9999999999999999,0.3100358422939067
0.0,0.051497277676950996,0.8501192233450665,0.3867409119562933,0.9365177577032547,0.06686531585220501,0.0,0.4611589334453075,0.0,1.0000000000000002,0.0,0.29091995221027456
0.0,0.051497277676950996,0.8501192233450665,0.3867409119562933,0.9365177577032547,0.06686531585220501,0.0,0.4611589334453075,0.0,0.697053153401267,0.4401975773256497,0.0
0.0,0.051497277676950996,0.8501192233450665,0.3867409119562933,0.9365177577032547,0.06686531585220501,0.0,0.4611589334453075,0.0,0.10823464610300215,0.4013877455015876,0.9999999999999998
0.0,0.051497277676950996,0.8501192233450665,0.3867409119562933,0.9365177577032547,0.06686531585220501,1.0,1.0,0.5901833234772325,0.0,0.9999999999999999,0.3100358422939067
0.0,0.051497277676950996,0.8501192233450665,0.3867409119562933,0.9365177577032547,0.06686531585220501,1.0,1.0,0.5901833234772325,1.0000000000000002,0.0,0.29091995221027456
0.0,0.051497277676950996,0.8501192233450665,0.3867409119562933,0.9365177577032547,0.06686531585220501,1.0,1.0,0.5901833234772325,0.697053153401267,0.4401975773256497,0.0
0.0,0.051497277676950996,0.8501192233450665,0.3867409119562933,0.9365177577032547,0.06686531585220501,1.0,1.0,0.5901833234772325,0.10823464610300215,0.4013877455015876,0.9999999999999998
0.0,0.051497277676950996,0.8501192233450665,0.3867409119562933,0.9365177577032547,0.06686531585220501,0.10702166536152442,0.9070963678353978,0.7001774098166764,0.0,0.9999999999999999,0.3100358422939067
0.0,0.051497277676950996,0.8501192233450665,0.3867409119562933,0.9365177577032547,0.06686531585220501,0.10702166536152442,0.9070963678353978,0.7001774098166764,1.0000000000000002,0.0,0.29091995221027456
0.0,0.051497277676950996,0.8501192233450665,0.3867409119562933,0.9365177577032547,0.06686531585220501,0.10702166536152442,0.9070963678353978,0.7001774098166764,0.697053153401267,0.4401975773256497,0.0
0.0,0.051497277676950996,0.8501192233450665,0.3867409119562933,0.9365177577032547,0.06686531585220501,0.10702166536152442,0.9070963678353978,0.7001774098166764,0.10823464610300215,0.4013877455015876,0.9999999999999998
0.0,0.051497277676950996,0.8501192233450665,0.3867409119562933,0.9365177577032547,0.06686531585220501,0.3492560689115113,0.8275246693260551,0.2781391681450819,0.0,0.9999999999999999,0.3100358422939067
0.0,0.051497277676950996,0.8501192233450665,0.3867409119562933,0.9365177577032547,0.06686531585220501,0.3492560689115113,0.8275246693260551,0.2781391681450819,1.0000000000000002,0.0,0.29091995221027456
0.0,0.051497277676950996,0.8501192233450665,0.3867409119562933,0.9365177577032547,0.06686531585220501,0.3492560689115113,0.8275246693260551,0.2781391681450819,0.697053153401267,0.4401975773256497,0.0
0.0,0.051497277676950996,0.8501192233450665,0.3867409119562933,0.9365177577032547,0.06686531585220501,0.3492560689115113,0.8275246693260551,0.2781391681450819,0.10823464610300215,0.4013877455015876,0.9999999999999998
0.0,0.051497277676950996,0.8501192233450665,0.3867409119562933,0.9365177577032547,0.06686531585220501,0.1536152440616027,0.4086710056686962,0.3378671397595112,0.0,0.9999999999999999,0.3100358422939067
0.0,0.051497277676950996,0.8501192233450665,0.3867409119562933,0.9365177577032547,0.06686531585220501,0.1536152440616027,0.4086710056686962,0.3378671397595112,1.0000000000000002,0.0,0.29091995221027456
0.0,0.051497277676950996,0.8501192233450665,0.3867409119562933,0.9365177577032547,0.06686531585220501,0.1536152440616027,0.4086710056686962,0.3378671397595112,0.697053153401267,0.4401975773256497,0.0
0.0,0.051497277676950996,0.8501192233450665,0.3867409119562933,0.9365177577032547,0.06686531585220501,0.1536152440616027,0.4086710056686962,0.3378671397595112,0.10823464610300215,0.4013877455015876,0.9999999999999998
0.0,0.051497277676950996,0.8501192233450665,0.3867409119562933,0.9365177577032547,0.06686531585220501,0.9655442443226312,0.4583245853453705,0.4931992903607333,0.0,0.9999999999999999,0.3100358422939067
0.0,0.051497277676950996,0.8501192233450665,0.3867409119562933,0.9365177577032547,0.06686531585220501,0.9655442443226312,0.4583245853453705,0.4931992903607333,1.0000000000000002,0.0,0.29091995221027456
0.0,0.051497277676950996,0.8501192233450665,0.3867409119562933,0.9365177577032547,0.06686531585220501,0.9655442443226312,0.4583245853453705,0.4931992903607333,0.697053153401267,0.4401975773256497,0.0
0.0,0.051497277676950996,0.8501192233450665,0.3867409119562933,0.9365177577032547,0.06686531585220501,0.9655442443226312,0.4583245853453705,0.4931992903607333,0.10823464610300215,0.4013877455015876,0.9999999999999998
0.0,0.051497277676950996,0.8501192233450665,0.3867409119562933,0.9365177577032547,0.06686531585220501,0.9817280083529103,0.0,1.0,0.0,0.9999999999999999,0.3100358422939067
0.0,0.051497277676950996,0.8501192233450665,0.3867409119562933,0.9365177577032547,0.06686531585220501,0.9817280083529103,0.0,1.0,1.0000000000000002,0.0,0.29091995221027456
0.0,0.051497277676950996,0.8501192233450665,0.3867409119562933,0.9365177577032547,0.06686531585220501,0.9817280083529103,0.0,1.0,0.697053153401267,0.4401975773256497,0.0
0.0,0.051497277676950996,0.8501192233450665,0.3867409119562933,0.9365177577032547,0.06686531585220501,0.9817280083529103,0.0,1.0,0.10823464610300215,0.4013877455015876,0.9999999999999998
0.0,0.051497277676950996,0.8501192233450665,0.7575120823702458,0.4532854844697438,0.772824791418355,0.07099973897154789,0.975015746378333,0.15533215060122219,0.0,0.9999999999999999,0.3100358422939067
0.0,0.051497277676950996,0.8501192233450665,0.7575120823702458,0.4532854844697438,0.772824791418355,0.07099973897154789,0.975015746378333,0.15533215060122219,1.0000000000000002,0.0,0.29091995221027456
0.0,0.051497277676950996,0.8501192233450665,0.7575120823702458,0.4532854844697438,0.772824791418355,0.07099973897154789,0.975015746378333,0.15533215060122219,0.697053153401267,0.4401975773256497,0.0
0.0,0.051497277676950996,0.8501192233450665,0.7575120823702458,0.4532854844697438,0.772824791418355,0.07099973897154789,0.975015746378333,0.15533215060122219,0.10823464610300215,0.4013877455015876,0.9999999999999998
0.0,0.051497277676950996,0.8501192233450665,0.7575120823702458,0.4532854844697438,0.772824791418355,0.0,0.4611589334453075,0.0,0.0,0.9999999999999999,0.3100358422939067
0.0,0.051497277676950996,0.8501192233450665,0.7575120823702458,0.4532854844697438,0.772824791418355,0.0,0.4611589334453075,0.0,1.0000000000000002,0.0,0.29091995221027456
0.0,0.051497277676950996,0.8501192233450665,0.7575120823702458,0.4532854844697438,0.772824791418355,0.0,0.4611589334453075,0.0,0.697053153401267,0.4401975773256497,0.0
0.0,0.051497277676950996,0.8501192233450665,0.7575120823702458,0.4532854844697438,0.772824791418355,0.0,0.4611589334453075,0.0,0.10823464610300215,0.4013877455015876,0.9999999999999998
0.0,0.051497277676950996,0.8501192233450665,0.7575120823702458,0.4532854844697438,0.772824791418355,1.0,1.0,0.5901833234772325,0.0,0.9999999999999999,0.3100358422939067
0.0,0.051497277676950996,0.8501192233450665,0.7575120823702458,0.4532854844697438,0.772824791418355,1.0,1.0,0.5901833234772325,1.0000000000000002,0.0,0.29091995221027456
0.0,0.051497277676950996,0.8501192233450665,0.7575120823702458,0.4532854844697438,0.772824791418355,1.0,1.0,0.5901833234772325,0.697053153401267,0.4401975773256497,0.0
0.0,0.051497277676950996,0.8501192233450665,0.7575120823702458,0.4532854844697438,0.772824791418355,1.0,1.0,0.5901833234772325,0.10823464610300215,0.4013877455015876,0.9999999999999998
0.0,0.051497277676950996,0.8501192233450665,0.7575120823702458,0.4532854844697438,0.772824791418355,0.10702166536152442,0.9070963678353978,0.7001774098166764,0.0,0.9999999999999999,0.3100358422939067
0.0,0.051497277676950996,0.8501192233450665,0.7575120823702458,0.4532854844697438,0.772824791418355,0.10702166536152442,0.9070963678353978,0.7001774098166764,1.0000000000000002,0.0,0.29091995221027456
0.0,0.051497277676950996,0.8501192233450665,0.7575120823702458,0.4532854844697438,0.772824791418355,0.10702166536152442,0.9070963678353978,0.7001774098166764,0.697053153401267,0.4401975773256497,0.0
0.0,0.051497277676950996,0.8501192233450665,0.7575120823702458,0.4532854844697438,0.772824791418355,0.10702166536152442,0.9070963678353978,0.7001774098166764,0.10823464610300215,0.4013877455015876,0.9999999999999998
0.0,0.051497277676950996,0.8501192233450665,0.7575120823702458,0.4532854844697438,0.772824791418355,0.3492560689115113,0.8275246693260551,0.2781391681450819,0.0,0.9999999999999999,0.3100358422939067
0.0,0.051497277676950996,0.8501192233450665,0.7575120823702458,0.4532854844697438,0.772824791418355,0.3492560689115113,0.8275246693260551,0.2781391681450819,1.0000000000000002,0.0,0.29091995221027456
0.0,0.051497277676950996,0.8501192233450665,0.7575120823702458,0.4532854844697438,0.772824791418355,0.3492560689115113,0.8275246693260551,0.2781391681450819,0.697053153401267,0.4401975773256497,0.0
0.0,0.051497277676950996,0.8501192233450665,0.7575120823702458,0.4532854844697438,0.772824791418355,0.3492560689115113,0.8275246693260551,0.2781391681450819,0.10823464610300215,0.4013877455015876,0.9999999999999998
0.0,0.051497277676950996,0.8501192233450665,0.7575120823702458,0.4532854844697438,0.772824791418355,0.1536152440616027,0.4086710056686962,0.3378671397595112,0.0,0.9999999999999999,0.3100358422939067
0.0,0.051497277676950996,0.8501192233450665,0.7575120823702458,0.4532854844697438,0.772824791418355,0.1536152440616027,0.4086710056686962,0.3378671397595112,1.0000000000000002,0.0,0.29091995221027456
0.0,0.051497277676950996,0.8501192233450665,0.7575120823702458,0.4532854844697438,0.772824791418355,0.1536152440616027,0.4086710056686962,0.3378671397595112,0.697053153401267,0.4401975773256497,0.0
0.0,0.051497277676950996,0.8501192233450665,0.7575120823702458,0.4532854844697438,0.772824791418355,0.1536152440616027,0.4086710056686962,0.3378671397595112,0.10823464610300215,0.4013877455015876,0.9999999999999998
0.0,0.051497277676950996,0.8501192233450665,0.7575120823702458,0.4532854844697438,0.772824791418355,0.9655442443226312,0.4583245853453705,0.4931992903607333,0.0,0.9999999999999999,0.3100358422939067
0.0,0.051497277676950996,0.8501192233450665,0.7575120823702458,0.4532854844697438,0.772824791418355,0.9655442443226312,0.4583245853453705,0.4931992903607333,1.0000000000000002,0.0,0.29091995221027456
0.0,0.051497277676950996,0.8501192233450665,0.7575120823702458,0.4532854844697438,0.772824791418355,0.9655442443226312,0.4583245853453705,0.4931992903607333,0.697053153401267,0.4401975773256497,0.0
0.0,0.051497277676950996,0.8501192233450665,0.7575120823702458,0.4532854844697438,0.772824791418355,0.9655442443226312,0.4583245853453705,0.4931992903607333,0.10823464610300215,0.4013877455015876,0.9999999999999998
0.0,0.051497277676950996,0.8501192233450665,0.7575120823702458,0.4532854844697438,0.772824791418355,0.9817280083529103,0.0,1.0,0.0,0.9999999999999999,0.3100358422939067
0.0,0.051497277676950996,0.8501192233450665,0.7575120823702458,0.4532854844697438,0.772824791418355,0.9817280083529103,0.0,1.0,1.0000000000000002,0.0,0.29091995221027456
0.0,0.051497277676950996,0.8501192233450665,0.7575120823702458,0.4532854844697438,0.772824791418355,0.9817280083529103,0.0,1.0,0.697053153401267,0.4401975773256497,0.0
0.0,0.051497277676950996,0.8501192233450665,0.7575120823702458,0.4532854844697438,0.772824791418355,0.9817280083529103,0.0,1.0,0.10823464610300215,0.4013877455015876,0.9999999999999998
0.0,0.051497277676950996,0.8501192233450665,0.7432233662534146,0.796559831703997,0.0,0.07099973897154789,0.975015746378333,0.15533215060122219,0.0,0.9999999999999999,0.3100358422939067
0.0,0.051497277676950996,0.8501192233450665,0.7432233662534146,0.796559831703997,0.0,0.07099973897154789,0.975015746378333,0.15533215060122219,1.0000000000000002,0.0,0.29091995221027456
0.0,0.051497277676950996,0.8501192233450665,0.7432233662534146,0.796559831703997,0.0,0.07099973897154789,0.975015746378333,0.15533215060122219,0.697053153401267,0.4401975773256497,0.0
0.0,0.051497277676950996,0.8501192233450665,0.7432233662534146,0.796559831703997,0.0,0.07099973897154789,0.975015746378333,0.15533215060122219,0.10823464610300215,0.4013877455015876,0.9999999999999998
0.0,0.051497277676950996,0.8501192233450665,0.7432233662534146,0.796559831703997,0.0,0.0,0.4611589334453075,0.0,0.0,0.9999999999999999,0.3100358422939067
0.0,0.051497277676950996,0.8501192233450665,0.7432233662534146,0.796559831703997,0.0,0.0,0.4611589334453075,0.0,1.0000000000000002,0.0,0.29091995221027456
0.0,0.051497277676950996,0.8501192233450665,0.7432233662534146,0.796559831703997,0.0,0.0,0.4611589334453075,0.0,0.697053153401267,0.4401975773256497,0.0
0.0,0.051497277676950996,0.8501192233450665,0.7432233662534146,0.796559831703997,0.0,0.0,0.4611589334453075,0.0,0.10823464610300215,0.4013877455015876,0.9999999999999998
0.0,0.051497277676950996,0.8501192233450665,0.7432233662534146,0.796559831703997,0.0,1.0,1.0,0.5901833234772325,0.0,0.9999999999999999,0.3100358422939067
0.0,0.051497277676950996,0.8501192233450665,0.7432233662534146,0.796559831703997,0.0,1.0,1.0,0.5901833234772325,1.0000000000000002,0.0,0.29091995221027456
0.0,0.051497277676950996,0.8501192233450665,0.7432233662534146,0.796559831703997,0.0,1.0,1.0,0.5901833234772325,0.697053153401267,0.4401975773256497,0.0
0.0,0.051497277676950996,0.8501192233450665,0.7432233662534146,0.796559831703997,0.0,1.0,1.0,0.5901833234772325,0.10823464610300215,0.4013877455015876,0.9999999999999998
0.0,0.051497277676950996,0.8501192233450665,0.7432233662534146,0.796559831703997,0.0,0.10702166536152442,0.9070963678353978,0.7001774098166764,0.0,0.9999999999999999,0.3100358422939067
0.0,0.051497277676950996,0.8501192233450665,0.7432233662534146,0.796559831703997,0.0,0.10702166536152442,0.9070963678353978,0.7001774098166764,1.0000000000000002,0.0,0.29091995221027456
0.0,0.051497277676950996,0.8501192233450665,0.7432233662534146,0.796559831703997,0.0,0.10702166536152442,0.9070963678353978,0.7001774098166764,0.697053153401267,0.4401975773256497,0.0
0.0,0.051497277676950996,0.8501192233450665,0.7432233662534146,0.796559831703997,0.0,0.10702166536152442,0.9070963678353978,0.7001774098166764,0.10823464610300215,0.4013877455015876,0.9999999999999998
0.0,0.051497277676950996,0.8501192233450665,0.7432233662534146,0.796559831703997,0.0,0.3492560689115113,0.8275246693260551,0.2781391681450819,0.0,0.9999999999999999,0.3100358422939067
0.0,0.051497277676950996,0.8501192233450665,0.7432233662534146,0.796559831703997,0.0,0.3492560689115113,0.8275246693260551,0.2781391681450819,1.0000000000000002,0.0,0.29091995221027456
0.0,0.051497277676950996,0.8501192233450665,0.7432233662534146,0.796559831703997,0.0,0.3492560689115113,0.8275246693260551,0.2781391681450819,0.697053153401267,0.4401975773256497,0.0
0.0,0.051497277676950996,0.8501192233450665,0.7432233662534146,0.796559831703997,0.0,0.3492560689115113,0.8275246693260551,0.2781391681450819,0.10823464610300215,0.4013877455015876,0.9999999999999998
0.0,0.051497277676950996,0.8501192233450665,0.7432233662534146,0.796559831703997,0.0,0.1536152440616027,0.4086710056686962,0.3378671397595112,0.0,0.9999999999999999,0.3100358422939067
0.0,0.051497277676950996,0.8501192233450665,0.7432233662534146,0.796559831703997,0.0,0.1536152440616027,0.4086710056686962,0.3378671397595112,1.0000000000000002,0.0,0.29091995221027456
0.0,0.051497277676950996,0.8501192233450665,0.7432233662534146,0.796559831703997,0.0,0.1536152440616027,0.4086710056686962,0.3378671397595112,0.697053153401267,0.4401975773256497,0.0
0.0,0.051497277676950996,0.8501192233450665,0.7432233662534146,0.796559831703997,0.0,0.1536152440616027,0.4086710056686962,0.3378671397595112,0.10823464610300215,0.4013877455015876,0.9999999999999998
0.0,0.051497277676950996,0.8501192233450665,0.7432233662534146,0.796559831703997,0.0,0.9655442443226312,0.4583245853453705,0.4931992903607333,0.0,0.9999999999999999,0.3100358422939067
0.0,0.051497277676950996,0.8501192233450665,0.7432233662534146,0.796559831703997,0.0,0.9655442443226312,0.4583245853453705,0.4931992903607333,1.0000000000000002,0.0,0.29091995221027456
0.0,0.051497277676950996,0.8501192233450665,0.7432233662534146,0.796559831703997,0.0,0.9655442443226312,0.4583245853453705,0.4931992903607333,0.697053153401267,0.4401975773256497,0.0
0.0,0.051497277676950996,0.8501192233450665,0.7432233662534146,0.796559831703997,0.0,0.9655442443226312,0.4583245853453705,0.4931992903607333,0.10823464610300215,0.4013877455015876,0.9999999999999998
0.0,0.051497277676950996,0.8501192233450665,0.7432233662534146,0.796559831703997,0.0,0.9817280083529103,0.0,1.0,0.0,0.9999999999999999,0.3100358422939067
0.0,0.051497277676950996,0.8501192233450665,0.7432233662534146,0.796559831703997,0.0,0.9817280083529103,0.0,1.0,1.0000000000000002,0.0,0.29091995221027456
0.0,0.051497277676950996,0.8501192233450665,0.7432233662534146,0.796559831703997,0.0,0.9817280083529103,0.0,1.0,0.697053153401267,0.4401975773256497,0.0
0.0,0.051497277676950996,0.8501192233450665,0.7432233662534146,0.796559831703997,0.0,0.9817280083529103,0.0,1.0,0.10823464610300215,0.4013877455015876,0.9999999999999998
0.0,0.051497277676950996,0.8501192233450665,0.5457028787560411,0.2518252691498577,0.4370679380214541,0.07099973897154789,0.975015746378333,0.15533215060122219,0.0,0.9999999999999999,0.3100358422939067
0.0,0.051497277676950996,0.8501192233450665,0.5457028787560411,0.2518252691498577,0.4370679380214541,0.07099973897154789,0.975015746378333,0.15533215060122219,1.0000000000000002,0.0,0.29091995221027456
0.0,0.051497277676950996,0.8501192233450665,0.5457028787560411,0.2518252691498577,0.4370679380214541,0.07099973897154789,0.975015746378333,0.15533215060122219,0.697053153401267,0.4401975773256497,0.0
0.0,0.051497277676950996,0.8501192233450665,0.5457028787560411,0.2518252691498577,0.4370679380214541,0.07099973897154789,0.975015746378333,0.15533215060122219,0.10823464610300215,0.4013877455015876,0.9999999999999998
0.0,0.051497277676950996,0.8501192233450665,0.5457028787560411,0.2518252691498577,0.4370679380214541,0.0,0.4611589334453075,0.0,0.0,0.9999999999999999,0.3100358422939067
0.0,0.051497277676950996,0.8501192233450665,0.5457028787560411,0.2518252691498577,0.4370679380214541,0.0,0.4611589334453075,0.0,1.0000000000000002,0.0,0.29091995221027456
0.0,0.051497277676950996,0.8501192233450665,0.5457028787560411,0.2518252691498577,0.4370679380214541,0.0,0.4611589334453075,0.0,0.697053153401267,0.4401975773256497,0.0
0.0,0.051497277676950996,0.8501192233450665,0.5457028787560411,0.2518252691498577,0.4370679380214541,0.0,0.4611589334453075,0.0,0.10823464610300215,0.4013877455015876,0.9999999999999998
0.0,0.051497277676950996,0.8501192233450665,0.5457028787560411,0.2518252691498577,0.4370679380214541,1.0,1.0,0.5901833234772325,0.0,0.9999999999999999,0.3100358422939067
0.0,0.051497277676950996,0.8501192233450665,0.5457028787560411,0.2518252691498577,0.4370679380214541,1.0,1.0,0.5901833234772325,1.0000000000000002,0.0,0.29091995221027456
0.0,0.051497277676950996,0.8501192233450665,0.5457028787560411,0.2518252691498577,0.4370679380214541,1.0,1.0,0.5901833234772325,0.697053153401267,0.4401975773256497,0.0
0.0,0.051497277676950996,0.8501192233450665,0.5457028787560411,0.2518252691498577,0.4370679380214541,1.0,1.0,0.5901833234772325,0.10823464610300215,0.4013877455015876,0.9999999999999998
0.0,0.051497277676950996,0.8501192233450665,0.5457028787560411,0.2518252691498577,0.4370679380214541,0.10702166536152442,0.9070963678353978,0.7001774098166764,0.0,0.9999999999999999,0.3100358422939067
0.0,0.051497277676950996,0.8501192233450665,0.5457028787560411,0.2518252691498577,0.4370679380214541,0.10702166536152442,0.9070963678353978,0.7001774098166764,1.0000000000000002,0.0,0.29091995221027456
0.0,0.051497277676950996,0.8501192233450665,0.5457028787560411,0.2518252691498577,0.4370679380214541,0.10702166536152442,0.9070963678353978,0.7001774098166764,0.697053153401267,0.4401975773256497,0.0
0.0,0.051497277676950996,0.8501192233450665,0.5457028787560411,0.2518252691498577,0.4370679380214541,0.10702166536152442,0.9070963678353978,0.7001774098166764,0.10823464610300215,0.4013877455015876,0.9999999999999998
0.0,0.051497277676950996,0.8501192233450665,0.5457028787560411,0.2518252691498577,0.4370679380214541,0.3492560689115113,0.8275246693260551,0.2781391681450819,0.0,0.9999999999999999,0.3100358422939067
0.0,0.051497277676950996,0.8501192233450665,0.5457028787560411,0.2518252691498577,0.4370679380214541,0.3492560689115113,0.8275246693260551,0.2781391681450819,1.0000000000000002,0.0,0.29091995221027456
0.0,0.051497277676950996,0.8501192233450665,0.5457028787560411,0.2518252691498577,0.4370679380214541,0.3492560689115113,0.8275246693260551,0.2781391681450819,0.697053153401267,0.4401975773256497,0.0
0.0,0.051497277676950996,0.8501192233450665,0.5457028787560411,0.2518252691498577,0.4370679380214541,0.3492560689115113,0.8275246693260551,0.2781391681450819,0.10823464610300215,0.4013877455015876,0.9999999999999998
0.0,0.051497277676950996,0.8501192233450665,0.5457028787560411,0.2518252691498577,0.4370679380214541,0.1536152440616027,0.4086710056686962,0.3378671397595112,0.0,0.9999999999999999,0.3100358422939067
0.0,0.051497277676950996,0.8501192233450665,0.5457028787560411,0.2518252691498577,0.4370679380214541,0.1536152440616027,0.4086710056686962,0.3378671397595112,1.0000000000000002,0.0,0.29091995221027456
0.0,0.051497277676950996,0.8501192233450665,0.5457028787560411,0.2518252691498577,0.4370679380214541,0.1536152440616027,0.4086710056686962,0.3378671397595112,0.697053153401267,0.4401975773256497,0.0
0.0,0.051497277676950996,0.8501192233450665,0.5457028787560411,0.2518252691498577,0.4370679380214541,0.1536152440616027,0.4086710056686962,0.3378671397595112,0.10823464610300215,0.4013877455015876,0.9999999999999998
0.0,0.051497277676950996,0.8501192233450665,0.5457028787560411,0.2518252691498577,0.4370679380214541,0.9655442443226312,0.4583245853453705,0.4931992903607333,0.0,0.9999999999999999,0.3100358422939067
0.0,0.051497277676950996,0.8501192233450665,0.5457028787560411,0.2518252691498577,0.4370679380214541,0.9655442443226312,0.4583245853453705,0.4931992903607333,1.0000000000000002,0.0,0.29091995221027456
0.0,0.051497277676950996,0.8501192233450665,0.5457028787560411,0.2518252691498577,0.4370679380214541,0.9655442443226312,0.4583245853453705,0.4931992903607333,0.697053153401267,0.4401975773256497,0.0
0.0,0.051497277676950996,0.8501192233450665,0.5457028787560411,0.2518252691498577,0.4370679380214541,0.9655442443226312,0.4583245853453705,0.4931992903607333,0.10823464610300215,0.4013877455015876,0.9999999999999998
0.0,0.051497277676950996,0.8501192233450665,0.5457028787560411,0.2518252691498577,0.4370679380214541,0.9817280083529103,0.0,1.0,0.0,0.9999999999999999,0.3100358422939067
0.0,0.051497277676950996,0.8501192233450665,0.5457028787560411,0.2518252691498577,0.4370679380214541,0.9817280083529103,0.0,1.0,1.0000000000000002,0.0,0.29091995221027456
0.0,0.051497277676950996,0.8501192233450665,0.5457028787560411,0.2518252691498577,0.4370679380214541,0.9817280083529103,0.0,1.0,0.697053153401267,0.4401975773256497,0.0
0.0,0.051497277676950996,0.8501192233450665,0.5457028787560411,0.2518252691498577,0.4370679380214541,0.9817280083529103,0.0,1.0,0.10823464610300215,0.4013877455015876,0.9999999999999998
0.0,0.051497277676950996,0.8501192233450665,0.29491489808783355,1.0,0.7398092967818832,0.07099973897154789,0.975015746378333,0.15533215060122219,0.0,0.9999999999999999,0.3100358422939067
0.0,0.051497277676950996,0.8501192233450665,0.29491489808783355,1.0,0.7398092967818832,0.07099973897154789,0.975015746378333,0.15533215060122219,1.0000000000000002,0.0,0.29091995221027456
0.0,0.051497277676950996,0.8501192233450665,0.29491489808783355,1.0,0.7398092967818832,0.07099973897154789,0.975015746378333,0.15533215060122219,0.697053153401267,0.4401975773256497,0.0
0.0,0.051497277676950996,0.8501192233450665,0.29491489808783355,1.0,0.7398092967818832,0.07099973897154789,0.975015746378333,0.15533215060122219,0.10823464610300215,0.4013877455015876,0.9999999999999998
0.0,0.051497277676950996,0.8501192233450665,0.29491489808783355,1.0,0.7398092967818832,0.0,0.4611589334453075,0.0,0.0,0.9999999999999999,0.3100358422939067
0.0,0.051497277676950996,0.8501192233450665,0.29491489808783355,1.0,0.7398092967818832,0.0,0.4611589334453075,0.0,1.0000000000000002,0.0,0.29091995221027456
0.0,0.051497277676950996,0.8501192233450665,0.29491489808783355,1.0,0.7398092967818832,0.0,0.4611589334453075,0.0,0.697053153401267,0.4401975773256497,0.0
0.0,0.051497277676950996,0.8501192233450665,0.29491489808783355,1.0,0.7398092967818832,0.0,0.4611589334453075,0.0,0.10823464610300215,0.4013877455015876,0.9999999999999998
0.0,0.051497277676950996,0.8501192233450665,0.29491489808783355,1.0,0.7398092967818832,1.0,1.0,0.5901833234772325,0.0,0.9999999999999999,0.3100358422939067
0.0,0.051497277676950996,0.8501192233450665,0.29491489808783355,1.0,0.7398092967818832,1.0,1.0,0.5901833234772325,1.0000000000000002,0.0,0.29091995221027456
0.0,0.051497277676950996,0.8501192233450665,0.29491489808783355,1.0,0.7398092967818832,1.0,1.0,0.5901833234772325,0.697053153401267,0.4401975773256497,0.0
0.0,0.051497277676950996,0.8501192233450665,0.29491489808783355,1.0,0.7398092967818832,1.0,1.0,0.5901833234772325,0.10823464610300215,0.4013877455015876,0.9999999999999998
0.0,0.051497277676950996,0.8501192233450665,0.29491489808783355,1.0,0.7398092967818832,0.10702166536152442,0.9070963678353978,0.7001774098166764,0.0,0.9999999999999999,0.3100358422939067
0.0,0.051497277676950996,0.8501192233450665,0.29491489808783355,1.0,0.7398092967818832,0.10702166536152442,0.9070963678353978,0.7001774098166764,1.0000000000000002,0.0,0.29091995221027456
0.0,0.051497277676950996,0.8501192233450665,0.29491489808783355,1.0,0.7398092967818832,0.10702166536152442,0.9070963678353978,0.7001774098166764,0.697053153401267,0.4401975773256497,0.0
0.0,0.051497277676950996,0.8501192233450665,0.29491489808783355,1.0,0.7398092967818832,0.10702166536152442,0.9070963678353978,0.7001774098166764,0.10823464610300215,0.4013877455015876,0.9999999999999998
0.0,0.051497277676950996,0.8501192233450665,0.29491489808783355,1.0,0.7398092967818832,0.3492560689115113,0.8275246693260551,0.2781391681450819,0.0,0.9999999999999999,0.3100358422939067
0.0,0.051497277676950996,0.8501192233450665,0.29491489808783355,1.0,0.7398092967818832,0.3492560689115113,0.8275246693260551,0.2781391681450819,1.0000000000000002,0.0,0.29091995221027456
0.0,0.051497277676950996,0.8501192233450665,0.29491489808783355,1.0,0.7398092967818832,0.3492560689115113,0.8275246693260551,0.2781391681450819,0.697053153401267,0.4401975773256497,0.0
0.0,0.051497277676950996,0.8501192233450665,0.29491489808783355,1.0,0.7398092967818832,0.3492560689115113,0.8275246693260551,0.2781391681450819,0.10823464610300215,0.4013877455015876,0.9999999999999998
0.0,0.051497277676950996,0.8501192233450665,0.29491489808783355,1.0,0.7398092967818832,0.1536152440616027,0.4086710056686962,0.3378671397595112,0.0,0.9999999999999999,0.3100358422939067
0.0,0.051497277676950996,0.8501192233450665,0.29491489808783355,1.0,0.7398092967818832,0.1536152440616027,0.4086710056686962,0.3378671397595112,1.0000000000000002,0.0,0.29091995221027456
0.0,0.051497277676950996,0.8501192233450665,0.29491489808783355,1.0,0.7398092967818832,0.1536152440616027,0.4086710056686962,0.3378671397595112,0.697053153401267,0.4401975773256497,0.0
0.0,0.051497277676950996,0.8501192233450665,0.29491489808783355,1.0,0.7398092967818832,0.1536152440616027,0.4086710056686962,0.3378671397595112,0.10823464610300215,0.4013877455015876,0.9999999999999998
0.0,0.051497277676950996,0.8501192233450665,0.29491489808783355,1.0,0.7398092967818832,0.9655442443226312,0.4583245853453705,0.4931992903607333,0.0,0.9999999999999999,0.3100358422939067
0.0,0.051497277676950996,0.8501192233450665,0.29491489808783355,1.0,0.7398092967818832,0.9655442443226312,0.4583245853453705,0.4931992903607333,1.0000000000000002,0.0,0.29091995221027456
0.0,0.051497277676950996,0.8501192233450665,0.29491489808783355,1.0,0.7398092967818832,0.9655442443226312,0.4583245853453705,0.4931992903607333,0.697053153401267,0.4401975773256497,0.0
0.0,0.051497277676950996,0.8501192233450665,0.29491489808783355,1.0,0.7398092967818832,0.9655442443226312,0.4583245853453705,0.4931992903607333,0.10823464610300215,0.4013877455015876,0.9999999999999998
0.0,0.051497277676950996,0.8501192233450665,0.29491489808783355,1.0,0.7398092967818832,0.9817280083529103,0.0,1.0,0.0,0.9999999999999999,0.3100358422939067
0.0,0.051497277676950996,0.8501192233450665,0.29491489808783355,1.0,0.7398092967818832,0.9817280083529103,0.0,1.0,1.0000000000000002,0.0,0.29091995221027456
0.0,0.051497277676950996,0.8501192233450665,0.29491489808783355,1.0,0.7398092967818832,0.9817280083529103,0.0,1.0,0.697053153401267,0.4401975773256497,0.0
0.0,0.051497277676950996,0.8501192233450665,0.29491489808783355,1.0,0.7398092967818832,0.9817280083529103,0.0,1.0,0.10823464610300215,0.4013877455015876,0.9999999999999998
