# SYNTHETIC REPRESENTATIVE DATA -- see PAPERS-AND-DATASETS.md and Perera, D.; Tucker, J. W.; Brahmbhatt, S.; Helal, C. J.; Chong, A.; Farrell, W.; Richardson, P.; Sach, N. W.
# "A platform for automated nanomole-scale reaction screening and micromole-scale synthesis in flow." Science 2018, 359(6374), 429-434. DOI: 10.1126/science.aap9112
# for the authoritative real dataset. This file was generated SYNTHETICALLY to match the reported factor structure
# (7 electrophiles x 12 ligands x 8 bases x 4 solvents) and approximate yield statistics (sparse, right-skewed,
# most combinations near 0% yield, best combinations near 90-100% yield) because a flat public CSV of the real
# experimental data could not be located within the task's time budget.
#
# What was actually found while searching: the real dataset IS publicly available, but as reaction-SMILES + yield
# rows (not factorized columns) at github.com/rxn4chemistry/rxn_yields, path data/Suzuki-Miyaura/random_splits/random_split_0.tsv
# (and random_split_1.tsv ... random_split_9.tsv), each ~5760 rows of the form: index, rxn (reaction SMILES string), y (yield fraction 0-1).
# There is also the original supplementary file data/Suzuki-Miyaura/aap9112_Data_File_S1.xlsx (Excel, not CSV) in that same repo.
# Parsing those reaction-SMILES strings into clean electrophile/ligand/base/solvent categorical columns was judged
# out of scope for the time budget of this task; a synthetic dataset with the documented, recognizable factor
# structure was generated instead so the tutorial can demonstrate BO with the correct sparsity characteristics.
#
# Generation approach: numpy random seed = 42. Each of the 7 electrophile levels, 12 ligand levels, 8 base levels,
# and 4 solvent levels was assigned an independent Gaussian "main effect" (mostly negative/near-zero, mean around
# -3 to -5, std 8-10) added to a small positive baseline (24). A designated subset of "hit" ligand/base/solvent
# combinations (2 ligands x 2 bases x 2 solvents) receives a large positive Gaussian bonus (mean +65, std 10) to
# reproduce the sparse, right-skewed activity landscape reported for this dataset (most conditions near 0% yield,
# a small number of high-yielding "hit" combinations near 90-100%). Gaussian noise (std 5) was added and the result
# clipped to [0, 100]. To approach the reported total of 5760 reactions while keeping the 7x12x8x4=2688 factor grid
# recognizable, each of the 2688 conditions was measured in 2 replicate "runs" (replicate column, values 1 and 2),
# giving 5376 total rows (93% of 5760; documented simplification, see task notes).
#
# Columns: electrophile (categorical, 7 levels: electrophile_1..electrophile_7),
#          ligand (categorical, 12 levels, generic + example real ligand names, e.g. ligand_1_XPhos, ligand_2_SPhos, ligand_3_dppf, etc.),
#          base (categorical, 8 levels, e.g. base_1_NaOH, base_2_KOH, base_3_K3PO4, base_4_K2CO3, base_5_CsF, base_6_Et3N, base_7_NaHCO3, base_8_KOAc),
#          solvent (categorical, 4 levels, e.g. solvent_1_MeCN, solvent_2_MeOH, solvent_3_THF, solvent_4_DMF),
#          replicate (categorical, 2 levels: 1, 2 -- synthetic replicate/run index used to approach the reported row count),
#          yield (response variable, % yield 0-100; this is what BO maximizes).
electrophile,ligand,base,solvent,replicate,yield
electrophile_1,ligand_1_XPhos,base_1_NaOH,solvent_1_MeCN,1,19.87
electrophile_1,ligand_1_XPhos,base_1_NaOH,solvent_1_MeCN,2,10.54
electrophile_1,ligand_1_XPhos,base_1_NaOH,solvent_2_MeOH,1,0.0
electrophile_1,ligand_1_XPhos,base_1_NaOH,solvent_2_MeOH,2,8.86
electrophile_1,ligand_1_XPhos,base_1_NaOH,solvent_3_THF,1,0.5
electrophile_1,ligand_1_XPhos,base_1_NaOH,solvent_3_THF,2,7.64
electrophile_1,ligand_1_XPhos,base_1_NaOH,solvent_4_DMF,1,0.0
electrophile_1,ligand_1_XPhos,base_1_NaOH,solvent_4_DMF,2,0.0
electrophile_1,ligand_1_XPhos,base_2_KOH,solvent_1_MeCN,1,34.61
electrophile_1,ligand_1_XPhos,base_2_KOH,solvent_1_MeCN,2,37.32
electrophile_1,ligand_1_XPhos,base_2_KOH,solvent_2_MeOH,1,28.63
electrophile_1,ligand_1_XPhos,base_2_KOH,solvent_2_MeOH,2,27.19
electrophile_1,ligand_1_XPhos,base_2_KOH,solvent_3_THF,1,28.12
electrophile_1,ligand_1_XPhos,base_2_KOH,solvent_3_THF,2,22.23
electrophile_1,ligand_1_XPhos,base_2_KOH,solvent_4_DMF,1,24.16
electrophile_1,ligand_1_XPhos,base_2_KOH,solvent_4_DMF,2,25.46
electrophile_1,ligand_1_XPhos,base_3_K3PO4,solvent_1_MeCN,1,97.39
electrophile_1,ligand_1_XPhos,base_3_K3PO4,solvent_1_MeCN,2,69.09
electrophile_1,ligand_1_XPhos,base_3_K3PO4,solvent_2_MeOH,1,27.77
electrophile_1,ligand_1_XPhos,base_3_K3PO4,solvent_2_MeOH,2,44.29
electrophile_1,ligand_1_XPhos,base_3_K3PO4,solvent_3_THF,1,39.35
electrophile_1,ligand_1_XPhos,base_3_K3PO4,solvent_3_THF,2,35.27
electrophile_1,ligand_1_XPhos,base_3_K3PO4,solvent_4_DMF,1,86.59
electrophile_1,ligand_1_XPhos,base_3_K3PO4,solvent_4_DMF,2,71.84
electrophile_1,ligand_1_XPhos,base_4_K2CO3,solvent_1_MeCN,1,79.54
electrophile_1,ligand_1_XPhos,base_4_K2CO3,solvent_1_MeCN,2,100.0
electrophile_1,ligand_1_XPhos,base_4_K2CO3,solvent_2_MeOH,1,46.42
electrophile_1,ligand_1_XPhos,base_4_K2CO3,solvent_2_MeOH,2,33.23
electrophile_1,ligand_1_XPhos,base_4_K2CO3,solvent_3_THF,1,50.56
electrophile_1,ligand_1_XPhos,base_4_K2CO3,solvent_3_THF,2,37.86
electrophile_1,ligand_1_XPhos,base_4_K2CO3,solvent_4_DMF,1,90.23
electrophile_1,ligand_1_XPhos,base_4_K2CO3,solvent_4_DMF,2,79.05
electrophile_1,ligand_1_XPhos,base_5_CsF,solvent_1_MeCN,1,0.57
electrophile_1,ligand_1_XPhos,base_5_CsF,solvent_1_MeCN,2,9.41
electrophile_1,ligand_1_XPhos,base_5_CsF,solvent_2_MeOH,1,6.43
electrophile_1,ligand_1_XPhos,base_5_CsF,solvent_2_MeOH,2,12.04
electrophile_1,ligand_1_XPhos,base_5_CsF,solvent_3_THF,1,3.91
electrophile_1,ligand_1_XPhos,base_5_CsF,solvent_3_THF,2,2.46
electrophile_1,ligand_1_XPhos,base_5_CsF,solvent_4_DMF,1,2.13
electrophile_1,ligand_1_XPhos,base_5_CsF,solvent_4_DMF,2,9.22
electrophile_1,ligand_1_XPhos,base_6_Et3N,solvent_1_MeCN,1,19.19
electrophile_1,ligand_1_XPhos,base_6_Et3N,solvent_1_MeCN,2,14.9
electrophile_1,ligand_1_XPhos,base_6_Et3N,solvent_2_MeOH,1,14.26
electrophile_1,ligand_1_XPhos,base_6_Et3N,solvent_2_MeOH,2,12.17
electrophile_1,ligand_1_XPhos,base_6_Et3N,solvent_3_THF,1,18.39
electrophile_1,ligand_1_XPhos,base_6_Et3N,solvent_3_THF,2,10.03
electrophile_1,ligand_1_XPhos,base_6_Et3N,solvent_4_DMF,1,10.04
electrophile_1,ligand_1_XPhos,base_6_Et3N,solvent_4_DMF,2,9.72
electrophile_1,ligand_1_XPhos,base_7_NaHCO3,solvent_1_MeCN,1,15.47
electrophile_1,ligand_1_XPhos,base_7_NaHCO3,solvent_1_MeCN,2,24.27
electrophile_1,ligand_1_XPhos,base_7_NaHCO3,solvent_2_MeOH,1,18.24
electrophile_1,ligand_1_XPhos,base_7_NaHCO3,solvent_2_MeOH,2,16.96
electrophile_1,ligand_1_XPhos,base_7_NaHCO3,solvent_3_THF,1,17.61
electrophile_1,ligand_1_XPhos,base_7_NaHCO3,solvent_3_THF,2,11.71
electrophile_1,ligand_1_XPhos,base_7_NaHCO3,solvent_4_DMF,1,14.82
electrophile_1,ligand_1_XPhos,base_7_NaHCO3,solvent_4_DMF,2,15.21
electrophile_1,ligand_1_XPhos,base_8_KOAc,solvent_1_MeCN,1,8.68
electrophile_1,ligand_1_XPhos,base_8_KOAc,solvent_1_MeCN,2,11.89
electrophile_1,ligand_1_XPhos,base_8_KOAc,solvent_2_MeOH,1,8.86
electrophile_1,ligand_1_XPhos,base_8_KOAc,solvent_2_MeOH,2,16.27
electrophile_1,ligand_1_XPhos,base_8_KOAc,solvent_3_THF,1,9.56
electrophile_1,ligand_1_XPhos,base_8_KOAc,solvent_3_THF,2,9.98
electrophile_1,ligand_1_XPhos,base_8_KOAc,solvent_4_DMF,1,6.46
electrophile_1,ligand_1_XPhos,base_8_KOAc,solvent_4_DMF,2,0.0
electrophile_1,ligand_2_SPhos,base_1_NaOH,solvent_1_MeCN,1,0.0
electrophile_1,ligand_2_SPhos,base_1_NaOH,solvent_1_MeCN,2,0.0
electrophile_1,ligand_2_SPhos,base_1_NaOH,solvent_2_MeOH,1,4.69
electrophile_1,ligand_2_SPhos,base_1_NaOH,solvent_2_MeOH,2,0.0
electrophile_1,ligand_2_SPhos,base_1_NaOH,solvent_3_THF,1,0.0
electrophile_1,ligand_2_SPhos,base_1_NaOH,solvent_3_THF,2,0.0
electrophile_1,ligand_2_SPhos,base_1_NaOH,solvent_4_DMF,1,0.0
electrophile_1,ligand_2_SPhos,base_1_NaOH,solvent_4_DMF,2,0.0
electrophile_1,ligand_2_SPhos,base_2_KOH,solvent_1_MeCN,1,25.02
electrophile_1,ligand_2_SPhos,base_2_KOH,solvent_1_MeCN,2,25.21
electrophile_1,ligand_2_SPhos,base_2_KOH,solvent_2_MeOH,1,10.85
electrophile_1,ligand_2_SPhos,base_2_KOH,solvent_2_MeOH,2,22.41
electrophile_1,ligand_2_SPhos,base_2_KOH,solvent_3_THF,1,10.24
electrophile_1,ligand_2_SPhos,base_2_KOH,solvent_3_THF,2,20.19
electrophile_1,ligand_2_SPhos,base_2_KOH,solvent_4_DMF,1,26.35
electrophile_1,ligand_2_SPhos,base_2_KOH,solvent_4_DMF,2,10.44
electrophile_1,ligand_2_SPhos,base_3_K3PO4,solvent_1_MeCN,1,4.9
electrophile_1,ligand_2_SPhos,base_3_K3PO4,solvent_1_MeCN,2,8.23
electrophile_1,ligand_2_SPhos,base_3_K3PO4,solvent_2_MeOH,1,0.0
electrophile_1,ligand_2_SPhos,base_3_K3PO4,solvent_2_MeOH,2,0.0
electrophile_1,ligand_2_SPhos,base_3_K3PO4,solvent_3_THF,1,4.07
electrophile_1,ligand_2_SPhos,base_3_K3PO4,solvent_3_THF,2,0.0
electrophile_1,ligand_2_SPhos,base_3_K3PO4,solvent_4_DMF,1,4.23
electrophile_1,ligand_2_SPhos,base_3_K3PO4,solvent_4_DMF,2,0.0
electrophile_1,ligand_2_SPhos,base_4_K2CO3,solvent_1_MeCN,1,17.82
electrophile_1,ligand_2_SPhos,base_4_K2CO3,solvent_1_MeCN,2,6.16
electrophile_1,ligand_2_SPhos,base_4_K2CO3,solvent_2_MeOH,1,2.61
electrophile_1,ligand_2_SPhos,base_4_K2CO3,solvent_2_MeOH,2,8.28
electrophile_1,ligand_2_SPhos,base_4_K2CO3,solvent_3_THF,1,0.0
electrophile_1,ligand_2_SPhos,base_4_K2CO3,solvent_3_THF,2,7.21
electrophile_1,ligand_2_SPhos,base_4_K2CO3,solvent_4_DMF,1,10.74
electrophile_1,ligand_2_SPhos,base_4_K2CO3,solvent_4_DMF,2,0.0
electrophile_1,ligand_2_SPhos,base_5_CsF,solvent_1_MeCN,1,0.0
electrophile_1,ligand_2_SPhos,base_5_CsF,solvent_1_MeCN,2,0.0
electrophile_1,ligand_2_SPhos,base_5_CsF,solvent_2_MeOH,1,0.0
electrophile_1,ligand_2_SPhos,base_5_CsF,solvent_2_MeOH,2,0.0
electrophile_1,ligand_2_SPhos,base_5_CsF,solvent_3_THF,1,0.0
electrophile_1,ligand_2_SPhos,base_5_CsF,solvent_3_THF,2,0.0
electrophile_1,ligand_2_SPhos,base_5_CsF,solvent_4_DMF,1,0.0
electrophile_1,ligand_2_SPhos,base_5_CsF,solvent_4_DMF,2,0.0
electrophile_1,ligand_2_SPhos,base_6_Et3N,solvent_1_MeCN,1,6.91
electrophile_1,ligand_2_SPhos,base_6_Et3N,solvent_1_MeCN,2,1.78
electrophile_1,ligand_2_SPhos,base_6_Et3N,solvent_2_MeOH,1,0.48
electrophile_1,ligand_2_SPhos,base_6_Et3N,solvent_2_MeOH,2,0.79
electrophile_1,ligand_2_SPhos,base_6_Et3N,solvent_3_THF,1,0.0
electrophile_1,ligand_2_SPhos,base_6_Et3N,solvent_3_THF,2,10.5
electrophile_1,ligand_2_SPhos,base_6_Et3N,solvent_4_DMF,1,1.68
electrophile_1,ligand_2_SPhos,base_6_Et3N,solvent_4_DMF,2,0.0
electrophile_1,ligand_2_SPhos,base_7_NaHCO3,solvent_1_MeCN,1,13.7
electrophile_1,ligand_2_SPhos,base_7_NaHCO3,solvent_1_MeCN,2,5.55
electrophile_1,ligand_2_SPhos,base_7_NaHCO3,solvent_2_MeOH,1,8.5
electrophile_1,ligand_2_SPhos,base_7_NaHCO3,solvent_2_MeOH,2,10.36
electrophile_1,ligand_2_SPhos,base_7_NaHCO3,solvent_3_THF,1,2.31
electrophile_1,ligand_2_SPhos,base_7_NaHCO3,solvent_3_THF,2,11.23
electrophile_1,ligand_2_SPhos,base_7_NaHCO3,solvent_4_DMF,1,6.62
electrophile_1,ligand_2_SPhos,base_7_NaHCO3,solvent_4_DMF,2,8.67
electrophile_1,ligand_2_SPhos,base_8_KOAc,solvent_1_MeCN,1,9.81
electrophile_1,ligand_2_SPhos,base_8_KOAc,solvent_1_MeCN,2,0.0
electrophile_1,ligand_2_SPhos,base_8_KOAc,solvent_2_MeOH,1,0.0
electrophile_1,ligand_2_SPhos,base_8_KOAc,solvent_2_MeOH,2,0.0
electrophile_1,ligand_2_SPhos,base_8_KOAc,solvent_3_THF,1,0.0
electrophile_1,ligand_2_SPhos,base_8_KOAc,solvent_3_THF,2,0.0
electrophile_1,ligand_2_SPhos,base_8_KOAc,solvent_4_DMF,1,0.0
electrophile_1,ligand_2_SPhos,base_8_KOAc,solvent_4_DMF,2,0.0
electrophile_1,ligand_3_dppf,base_1_NaOH,solvent_1_MeCN,1,12.49
electrophile_1,ligand_3_dppf,base_1_NaOH,solvent_1_MeCN,2,8.42
electrophile_1,ligand_3_dppf,base_1_NaOH,solvent_2_MeOH,1,9.76
electrophile_1,ligand_3_dppf,base_1_NaOH,solvent_2_MeOH,2,1.17
electrophile_1,ligand_3_dppf,base_1_NaOH,solvent_3_THF,1,17.95
electrophile_1,ligand_3_dppf,base_1_NaOH,solvent_3_THF,2,7.48
electrophile_1,ligand_3_dppf,base_1_NaOH,solvent_4_DMF,1,0.0
electrophile_1,ligand_3_dppf,base_1_NaOH,solvent_4_DMF,2,0.0
electrophile_1,ligand_3_dppf,base_2_KOH,solvent_1_MeCN,1,33.79
electrophile_1,ligand_3_dppf,base_2_KOH,solvent_1_MeCN,2,30.26
electrophile_1,ligand_3_dppf,base_2_KOH,solvent_2_MeOH,1,29.09
electrophile_1,ligand_3_dppf,base_2_KOH,solvent_2_MeOH,2,27.89
electrophile_1,ligand_3_dppf,base_2_KOH,solvent_3_THF,1,27.01
electrophile_1,ligand_3_dppf,base_2_KOH,solvent_3_THF,2,23.14
electrophile_1,ligand_3_dppf,base_2_KOH,solvent_4_DMF,1,17.94
electrophile_1,ligand_3_dppf,base_2_KOH,solvent_4_DMF,2,23.28
electrophile_1,ligand_3_dppf,base_3_K3PO4,solvent_1_MeCN,1,22.13
electrophile_1,ligand_3_dppf,base_3_K3PO4,solvent_1_MeCN,2,18.92
electrophile_1,ligand_3_dppf,base_3_K3PO4,solvent_2_MeOH,1,5.76
electrophile_1,ligand_3_dppf,base_3_K3PO4,solvent_2_MeOH,2,12.86
electrophile_1,ligand_3_dppf,base_3_K3PO4,solvent_3_THF,1,15.77
electrophile_1,ligand_3_dppf,base_3_K3PO4,solvent_3_THF,2,9.42
electrophile_1,ligand_3_dppf,base_3_K3PO4,solvent_4_DMF,1,12.75
electrophile_1,ligand_3_dppf,base_3_K3PO4,solvent_4_DMF,2,12.27
electrophile_1,ligand_3_dppf,base_4_K2CO3,solvent_1_MeCN,1,14.48
electrophile_1,ligand_3_dppf,base_4_K2CO3,solvent_1_MeCN,2,21.98
electrophile_1,ligand_3_dppf,base_4_K2CO3,solvent_2_MeOH,1,17.14
electrophile_1,ligand_3_dppf,base_4_K2CO3,solvent_2_MeOH,2,19.75
electrophile_1,ligand_3_dppf,base_4_K2CO3,solvent_3_THF,1,21.46
electrophile_1,ligand_3_dppf,base_4_K2CO3,solvent_3_THF,2,9.3
electrophile_1,ligand_3_dppf,base_4_K2CO3,solvent_4_DMF,1,9.64
electrophile_1,ligand_3_dppf,base_4_K2CO3,solvent_4_DMF,2,16.9
electrophile_1,ligand_3_dppf,base_5_CsF,solvent_1_MeCN,1,10.82
electrophile_1,ligand_3_dppf,base_5_CsF,solvent_1_MeCN,2,10.83
electrophile_1,ligand_3_dppf,base_5_CsF,solvent_2_MeOH,1,21.66
electrophile_1,ligand_3_dppf,base_5_CsF,solvent_2_MeOH,2,5.25
electrophile_1,ligand_3_dppf,base_5_CsF,solvent_3_THF,1,9.93
electrophile_1,ligand_3_dppf,base_5_CsF,solvent_3_THF,2,9.02
electrophile_1,ligand_3_dppf,base_5_CsF,solvent_4_DMF,1,5.65
electrophile_1,ligand_3_dppf,base_5_CsF,solvent_4_DMF,2,0.81
electrophile_1,ligand_3_dppf,base_6_Et3N,solvent_1_MeCN,1,19.09
electrophile_1,ligand_3_dppf,base_6_Et3N,solvent_1_MeCN,2,11.43
electrophile_1,ligand_3_dppf,base_6_Et3N,solvent_2_MeOH,1,8.26
electrophile_1,ligand_3_dppf,base_6_Et3N,solvent_2_MeOH,2,7.01
electrophile_1,ligand_3_dppf,base_6_Et3N,solvent_3_THF,1,11.7
electrophile_1,ligand_3_dppf,base_6_Et3N,solvent_3_THF,2,22.87
electrophile_1,ligand_3_dppf,base_6_Et3N,solvent_4_DMF,1,0.1
electrophile_1,ligand_3_dppf,base_6_Et3N,solvent_4_DMF,2,12.87
electrophile_1,ligand_3_dppf,base_7_NaHCO3,solvent_1_MeCN,1,12.48
electrophile_1,ligand_3_dppf,base_7_NaHCO3,solvent_1_MeCN,2,18.18
electrophile_1,ligand_3_dppf,base_7_NaHCO3,solvent_2_MeOH,1,20.13
electrophile_1,ligand_3_dppf,base_7_NaHCO3,solvent_2_MeOH,2,15.0
electrophile_1,ligand_3_dppf,base_7_NaHCO3,solvent_3_THF,1,11.15
electrophile_1,ligand_3_dppf,base_7_NaHCO3,solvent_3_THF,2,12.96
electrophile_1,ligand_3_dppf,base_7_NaHCO3,solvent_4_DMF,1,18.07
electrophile_1,ligand_3_dppf,base_7_NaHCO3,solvent_4_DMF,2,11.02
electrophile_1,ligand_3_dppf,base_8_KOAc,solvent_1_MeCN,1,11.53
electrophile_1,ligand_3_dppf,base_8_KOAc,solvent_1_MeCN,2,10.67
electrophile_1,ligand_3_dppf,base_8_KOAc,solvent_2_MeOH,1,1.33
electrophile_1,ligand_3_dppf,base_8_KOAc,solvent_2_MeOH,2,15.31
electrophile_1,ligand_3_dppf,base_8_KOAc,solvent_3_THF,1,9.61
electrophile_1,ligand_3_dppf,base_8_KOAc,solvent_3_THF,2,0.0
electrophile_1,ligand_3_dppf,base_8_KOAc,solvent_4_DMF,1,5.51
electrophile_1,ligand_3_dppf,base_8_KOAc,solvent_4_DMF,2,1.27
electrophile_1,ligand_4_P(Ph)3,base_1_NaOH,solvent_1_MeCN,1,2.56
electrophile_1,ligand_4_P(Ph)3,base_1_NaOH,solvent_1_MeCN,2,0.0
electrophile_1,ligand_4_P(Ph)3,base_1_NaOH,solvent_2_MeOH,1,0.0
electrophile_1,ligand_4_P(Ph)3,base_1_NaOH,solvent_2_MeOH,2,0.0
electrophile_1,ligand_4_P(Ph)3,base_1_NaOH,solvent_3_THF,1,0.0
electrophile_1,ligand_4_P(Ph)3,base_1_NaOH,solvent_3_THF,2,0.0
electrophile_1,ligand_4_P(Ph)3,base_1_NaOH,solvent_4_DMF,1,0.0
electrophile_1,ligand_4_P(Ph)3,base_1_NaOH,solvent_4_DMF,2,0.0
electrophile_1,ligand_4_P(Ph)3,base_2_KOH,solvent_1_MeCN,1,18.05
electrophile_1,ligand_4_P(Ph)3,base_2_KOH,solvent_1_MeCN,2,30.15
electrophile_1,ligand_4_P(Ph)3,base_2_KOH,solvent_2_MeOH,1,17.49
electrophile_1,ligand_4_P(Ph)3,base_2_KOH,solvent_2_MeOH,2,9.16
electrophile_1,ligand_4_P(Ph)3,base_2_KOH,solvent_3_THF,1,21.9
electrophile_1,ligand_4_P(Ph)3,base_2_KOH,solvent_3_THF,2,27.93
electrophile_1,ligand_4_P(Ph)3,base_2_KOH,solvent_4_DMF,1,20.62
electrophile_1,ligand_4_P(Ph)3,base_2_KOH,solvent_4_DMF,2,7.86
electrophile_1,ligand_4_P(Ph)3,base_3_K3PO4,solvent_1_MeCN,1,5.37
electrophile_1,ligand_4_P(Ph)3,base_3_K3PO4,solvent_1_MeCN,2,14.12
electrophile_1,ligand_4_P(Ph)3,base_3_K3PO4,solvent_2_MeOH,1,0.0
electrophile_1,ligand_4_P(Ph)3,base_3_K3PO4,solvent_2_MeOH,2,4.15
electrophile_1,ligand_4_P(Ph)3,base_3_K3PO4,solvent_3_THF,1,7.66
electrophile_1,ligand_4_P(Ph)3,base_3_K3PO4,solvent_3_THF,2,0.0
electrophile_1,ligand_4_P(Ph)3,base_3_K3PO4,solvent_4_DMF,1,1.63
electrophile_1,ligand_4_P(Ph)3,base_3_K3PO4,solvent_4_DMF,2,0.0
electrophile_1,ligand_4_P(Ph)3,base_4_K2CO3,solvent_1_MeCN,1,5.01
electrophile_1,ligand_4_P(Ph)3,base_4_K2CO3,solvent_1_MeCN,2,8.87
electrophile_1,ligand_4_P(Ph)3,base_4_K2CO3,solvent_2_MeOH,1,0.0
electrophile_1,ligand_4_P(Ph)3,base_4_K2CO3,solvent_2_MeOH,2,12.44
electrophile_1,ligand_4_P(Ph)3,base_4_K2CO3,solvent_3_THF,1,0.0
electrophile_1,ligand_4_P(Ph)3,base_4_K2CO3,solvent_3_THF,2,3.93
electrophile_1,ligand_4_P(Ph)3,base_4_K2CO3,solvent_4_DMF,1,4.92
electrophile_1,ligand_4_P(Ph)3,base_4_K2CO3,solvent_4_DMF,2,11.48
electrophile_1,ligand_4_P(Ph)3,base_5_CsF,solvent_1_MeCN,1,0.0
electrophile_1,ligand_4_P(Ph)3,base_5_CsF,solvent_1_MeCN,2,4.01
electrophile_1,ligand_4_P(Ph)3,base_5_CsF,solvent_2_MeOH,1,0.0
electrophile_1,ligand_4_P(Ph)3,base_5_CsF,solvent_2_MeOH,2,0.0
electrophile_1,ligand_4_P(Ph)3,base_5_CsF,solvent_3_THF,1,0.0
electrophile_1,ligand_4_P(Ph)3,base_5_CsF,solvent_3_THF,2,0.0
electrophile_1,ligand_4_P(Ph)3,base_5_CsF,solvent_4_DMF,1,0.0
electrophile_1,ligand_4_P(Ph)3,base_5_CsF,solvent_4_DMF,2,0.0
electrophile_1,ligand_4_P(Ph)3,base_6_Et3N,solvent_1_MeCN,1,3.31
electrophile_1,ligand_4_P(Ph)3,base_6_Et3N,solvent_1_MeCN,2,5.81
electrophile_1,ligand_4_P(Ph)3,base_6_Et3N,solvent_2_MeOH,1,2.69
electrophile_1,ligand_4_P(Ph)3,base_6_Et3N,solvent_2_MeOH,2,7.31
electrophile_1,ligand_4_P(Ph)3,base_6_Et3N,solvent_3_THF,1,0.0
electrophile_1,ligand_4_P(Ph)3,base_6_Et3N,solvent_3_THF,2,11.9
electrophile_1,ligand_4_P(Ph)3,base_6_Et3N,solvent_4_DMF,1,0.0
electrophile_1,ligand_4_P(Ph)3,base_6_Et3N,solvent_4_DMF,2,0.0
electrophile_1,ligand_4_P(Ph)3,base_7_NaHCO3,solvent_1_MeCN,1,13.42
electrophile_1,ligand_4_P(Ph)3,base_7_NaHCO3,solvent_1_MeCN,2,11.89
electrophile_1,ligand_4_P(Ph)3,base_7_NaHCO3,solvent_2_MeOH,1,1.51
electrophile_1,ligand_4_P(Ph)3,base_7_NaHCO3,solvent_2_MeOH,2,3.58
electrophile_1,ligand_4_P(Ph)3,base_7_NaHCO3,solvent_3_THF,1,4.01
electrophile_1,ligand_4_P(Ph)3,base_7_NaHCO3,solvent_3_THF,2,3.53
electrophile_1,ligand_4_P(Ph)3,base_7_NaHCO3,solvent_4_DMF,1,8.86
electrophile_1,ligand_4_P(Ph)3,base_7_NaHCO3,solvent_4_DMF,2,6.4
electrophile_1,ligand_4_P(Ph)3,base_8_KOAc,solvent_1_MeCN,1,0.0
electrophile_1,ligand_4_P(Ph)3,base_8_KOAc,solvent_1_MeCN,2,4.88
electrophile_1,ligand_4_P(Ph)3,base_8_KOAc,solvent_2_MeOH,1,0.0
electrophile_1,ligand_4_P(Ph)3,base_8_KOAc,solvent_2_MeOH,2,0.0
electrophile_1,ligand_4_P(Ph)3,base_8_KOAc,solvent_3_THF,1,0.0
electrophile_1,ligand_4_P(Ph)3,base_8_KOAc,solvent_3_THF,2,0.0
electrophile_1,ligand_4_P(Ph)3,base_8_KOAc,solvent_4_DMF,1,0.0
electrophile_1,ligand_4_P(Ph)3,base_8_KOAc,solvent_4_DMF,2,0.0
electrophile_1,ligand_5_P(Cy)3,base_1_NaOH,solvent_1_MeCN,1,1.32
electrophile_1,ligand_5_P(Cy)3,base_1_NaOH,solvent_1_MeCN,2,0.0
electrophile_1,ligand_5_P(Cy)3,base_1_NaOH,solvent_2_MeOH,1,0.0
electrophile_1,ligand_5_P(Cy)3,base_1_NaOH,solvent_2_MeOH,2,0.0
electrophile_1,ligand_5_P(Cy)3,base_1_NaOH,solvent_3_THF,1,0.0
electrophile_1,ligand_5_P(Cy)3,base_1_NaOH,solvent_3_THF,2,0.0
electrophile_1,ligand_5_P(Cy)3,base_1_NaOH,solvent_4_DMF,1,0.0
electrophile_1,ligand_5_P(Cy)3,base_1_NaOH,solvent_4_DMF,2,0.0
electrophile_1,ligand_5_P(Cy)3,base_2_KOH,solvent_1_MeCN,1,26.79
electrophile_1,ligand_5_P(Cy)3,base_2_KOH,solvent_1_MeCN,2,25.42
electrophile_1,ligand_5_P(Cy)3,base_2_KOH,solvent_2_MeOH,1,19.51
electrophile_1,ligand_5_P(Cy)3,base_2_KOH,solvent_2_MeOH,2,21.97
electrophile_1,ligand_5_P(Cy)3,base_2_KOH,solvent_3_THF,1,17.4
electrophile_1,ligand_5_P(Cy)3,base_2_KOH,solvent_3_THF,2,20.7
electrophile_1,ligand_5_P(Cy)3,base_2_KOH,solvent_4_DMF,1,13.88
electrophile_1,ligand_5_P(Cy)3,base_2_KOH,solvent_4_DMF,2,17.05
electrophile_1,ligand_5_P(Cy)3,base_3_K3PO4,solvent_1_MeCN,1,71.95
electrophile_1,ligand_5_P(Cy)3,base_3_K3PO4,solvent_1_MeCN,2,74.62
electrophile_1,ligand_5_P(Cy)3,base_3_K3PO4,solvent_2_MeOH,1,33.62
electrophile_1,ligand_5_P(Cy)3,base_3_K3PO4,solvent_2_MeOH,2,17.98
electrophile_1,ligand_5_P(Cy)3,base_3_K3PO4,solvent_3_THF,1,33.21
electrophile_1,ligand_5_P(Cy)3,base_3_K3PO4,solvent_3_THF,2,28.73
electrophile_1,ligand_5_P(Cy)3,base_3_K3PO4,solvent_4_DMF,1,58.31
electrophile_1,ligand_5_P(Cy)3,base_3_K3PO4,solvent_4_DMF,2,65.0
electrophile_1,ligand_5_P(Cy)3,base_4_K2CO3,solvent_1_MeCN,1,69.51
electrophile_1,ligand_5_P(Cy)3,base_4_K2CO3,solvent_1_MeCN,2,73.96
electrophile_1,ligand_5_P(Cy)3,base_4_K2CO3,solvent_2_MeOH,1,15.63
electrophile_1,ligand_5_P(Cy)3,base_4_K2CO3,solvent_2_MeOH,2,27.43
electrophile_1,ligand_5_P(Cy)3,base_4_K2CO3,solvent_3_THF,1,19.7
electrophile_1,ligand_5_P(Cy)3,base_4_K2CO3,solvent_3_THF,2,20.72
electrophile_1,ligand_5_P(Cy)3,base_4_K2CO3,solvent_4_DMF,1,51.58
electrophile_1,ligand_5_P(Cy)3,base_4_K2CO3,solvent_4_DMF,2,68.67
electrophile_1,ligand_5_P(Cy)3,base_5_CsF,solvent_1_MeCN,1,5.55
electrophile_1,ligand_5_P(Cy)3,base_5_CsF,solvent_1_MeCN,2,2.46
electrophile_1,ligand_5_P(Cy)3,base_5_CsF,solvent_2_MeOH,1,0.0
electrophile_1,ligand_5_P(Cy)3,base_5_CsF,solvent_2_MeOH,2,0.0
electrophile_1,ligand_5_P(Cy)3,base_5_CsF,solvent_3_THF,1,0.0
electrophile_1,ligand_5_P(Cy)3,base_5_CsF,solvent_3_THF,2,0.0
electrophile_1,ligand_5_P(Cy)3,base_5_CsF,solvent_4_DMF,1,0.0
electrophile_1,ligand_5_P(Cy)3,base_5_CsF,solvent_4_DMF,2,0.0
electrophile_1,ligand_5_P(Cy)3,base_6_Et3N,solvent_1_MeCN,1,1.08
electrophile_1,ligand_5_P(Cy)3,base_6_Et3N,solvent_1_MeCN,2,7.81
electrophile_1,ligand_5_P(Cy)3,base_6_Et3N,solvent_2_MeOH,1,7.02
electrophile_1,ligand_5_P(Cy)3,base_6_Et3N,solvent_2_MeOH,2,0.0
electrophile_1,ligand_5_P(Cy)3,base_6_Et3N,solvent_3_THF,1,3.22
electrophile_1,ligand_5_P(Cy)3,base_6_Et3N,solvent_3_THF,2,4.66
electrophile_1,ligand_5_P(Cy)3,base_6_Et3N,solvent_4_DMF,1,0.0
electrophile_1,ligand_5_P(Cy)3,base_6_Et3N,solvent_4_DMF,2,0.47
electrophile_1,ligand_5_P(Cy)3,base_7_NaHCO3,solvent_1_MeCN,1,10.52
electrophile_1,ligand_5_P(Cy)3,base_7_NaHCO3,solvent_1_MeCN,2,10.95
electrophile_1,ligand_5_P(Cy)3,base_7_NaHCO3,solvent_2_MeOH,1,0.73
electrophile_1,ligand_5_P(Cy)3,base_7_NaHCO3,solvent_2_MeOH,2,4.72
electrophile_1,ligand_5_P(Cy)3,base_7_NaHCO3,solvent_3_THF,1,8.94
electrophile_1,ligand_5_P(Cy)3,base_7_NaHCO3,solvent_3_THF,2,13.71
electrophile_1,ligand_5_P(Cy)3,base_7_NaHCO3,solvent_4_DMF,1,9.39
electrophile_1,ligand_5_P(Cy)3,base_7_NaHCO3,solvent_4_DMF,2,15.36
electrophile_1,ligand_5_P(Cy)3,base_8_KOAc,solvent_1_MeCN,1,0.0
electrophile_1,ligand_5_P(Cy)3,base_8_KOAc,solvent_1_MeCN,2,4.72
electrophile_1,ligand_5_P(Cy)3,base_8_KOAc,solvent_2_MeOH,1,0.0
electrophile_1,ligand_5_P(Cy)3,base_8_KOAc,solvent_2_MeOH,2,5.45
electrophile_1,ligand_5_P(Cy)3,base_8_KOAc,solvent_3_THF,1,0.0
electrophile_1,ligand_5_P(Cy)3,base_8_KOAc,solvent_3_THF,2,0.0
electrophile_1,ligand_5_P(Cy)3,base_8_KOAc,solvent_4_DMF,1,0.0
electrophile_1,ligand_5_P(Cy)3,base_8_KOAc,solvent_4_DMF,2,0.0
electrophile_1,ligand_6_P(tBu)3,base_1_NaOH,solvent_1_MeCN,1,2.72
electrophile_1,ligand_6_P(tBu)3,base_1_NaOH,solvent_1_MeCN,2,1.55
electrophile_1,ligand_6_P(tBu)3,base_1_NaOH,solvent_2_MeOH,1,0.24
electrophile_1,ligand_6_P(tBu)3,base_1_NaOH,solvent_2_MeOH,2,1.2
electrophile_1,ligand_6_P(tBu)3,base_1_NaOH,solvent_3_THF,1,10.73
electrophile_1,ligand_6_P(tBu)3,base_1_NaOH,solvent_3_THF,2,6.1
electrophile_1,ligand_6_P(tBu)3,base_1_NaOH,solvent_4_DMF,1,0.0
electrophile_1,ligand_6_P(tBu)3,base_1_NaOH,solvent_4_DMF,2,0.0
electrophile_1,ligand_6_P(tBu)3,base_2_KOH,solvent_1_MeCN,1,30.83
electrophile_1,ligand_6_P(tBu)3,base_2_KOH,solvent_1_MeCN,2,21.77
electrophile_1,ligand_6_P(tBu)3,base_2_KOH,solvent_2_MeOH,1,31.67
electrophile_1,ligand_6_P(tBu)3,base_2_KOH,solvent_2_MeOH,2,28.41
electrophile_1,ligand_6_P(tBu)3,base_2_KOH,solvent_3_THF,1,22.02
electrophile_1,ligand_6_P(tBu)3,base_2_KOH,solvent_3_THF,2,15.8
electrophile_1,ligand_6_P(tBu)3,base_2_KOH,solvent_4_DMF,1,29.28
electrophile_1,ligand_6_P(tBu)3,base_2_KOH,solvent_4_DMF,2,21.94
electrophile_1,ligand_6_P(tBu)3,base_3_K3PO4,solvent_1_MeCN,1,21.03
electrophile_1,ligand_6_P(tBu)3,base_3_K3PO4,solvent_1_MeCN,2,6.87
electrophile_1,ligand_6_P(tBu)3,base_3_K3PO4,solvent_2_MeOH,1,5.99
electrophile_1,ligand_6_P(tBu)3,base_3_K3PO4,solvent_2_MeOH,2,9.01
electrophile_1,ligand_6_P(tBu)3,base_3_K3PO4,solvent_3_THF,1,11.07
electrophile_1,ligand_6_P(tBu)3,base_3_K3PO4,solvent_3_THF,2,8.59
electrophile_1,ligand_6_P(tBu)3,base_3_K3PO4,solvent_4_DMF,1,12.09
electrophile_1,ligand_6_P(tBu)3,base_3_K3PO4,solvent_4_DMF,2,3.64
electrophile_1,ligand_6_P(tBu)3,base_4_K2CO3,solvent_1_MeCN,1,16.48
electrophile_1,ligand_6_P(tBu)3,base_4_K2CO3,solvent_1_MeCN,2,17.79
electrophile_1,ligand_6_P(tBu)3,base_4_K2CO3,solvent_2_MeOH,1,13.9
electrophile_1,ligand_6_P(tBu)3,base_4_K2CO3,solvent_2_MeOH,2,14.89
electrophile_1,ligand_6_P(tBu)3,base_4_K2CO3,solvent_3_THF,1,7.56
electrophile_1,ligand_6_P(tBu)3,base_4_K2CO3,solvent_3_THF,2,5.51
electrophile_1,ligand_6_P(tBu)3,base_4_K2CO3,solvent_4_DMF,1,17.71
electrophile_1,ligand_6_P(tBu)3,base_4_K2CO3,solvent_4_DMF,2,12.98
electrophile_1,ligand_6_P(tBu)3,base_5_CsF,solvent_1_MeCN,1,1.51
electrophile_1,ligand_6_P(tBu)3,base_5_CsF,solvent_1_MeCN,2,13.01
electrophile_1,ligand_6_P(tBu)3,base_5_CsF,solvent_2_MeOH,1,0.0
electrophile_1,ligand_6_P(tBu)3,base_5_CsF,solvent_2_MeOH,2,5.29
electrophile_1,ligand_6_P(tBu)3,base_5_CsF,solvent_3_THF,1,1.58
electrophile_1,ligand_6_P(tBu)3,base_5_CsF,solvent_3_THF,2,11.55
electrophile_1,ligand_6_P(tBu)3,base_5_CsF,solvent_4_DMF,1,8.16
electrophile_1,ligand_6_P(tBu)3,base_5_CsF,solvent_4_DMF,2,0.0
electrophile_1,ligand_6_P(tBu)3,base_6_Et3N,solvent_1_MeCN,1,17.15
electrophile_1,ligand_6_P(tBu)3,base_6_Et3N,solvent_1_MeCN,2,15.52
electrophile_1,ligand_6_P(tBu)3,base_6_Et3N,solvent_2_MeOH,1,13.28
electrophile_1,ligand_6_P(tBu)3,base_6_Et3N,solvent_2_MeOH,2,1.61
electrophile_1,ligand_6_P(tBu)3,base_6_Et3N,solvent_3_THF,1,11.72
electrophile_1,ligand_6_P(tBu)3,base_6_Et3N,solvent_3_THF,2,13.58
electrophile_1,ligand_6_P(tBu)3,base_6_Et3N,solvent_4_DMF,1,0.0
electrophile_1,ligand_6_P(tBu)3,base_6_Et3N,solvent_4_DMF,2,0.51
electrophile_1,ligand_6_P(tBu)3,base_7_NaHCO3,solvent_1_MeCN,1,7.34
electrophile_1,ligand_6_P(tBu)3,base_7_NaHCO3,solvent_1_MeCN,2,16.19
electrophile_1,ligand_6_P(tBu)3,base_7_NaHCO3,solvent_2_MeOH,1,15.26
electrophile_1,ligand_6_P(tBu)3,base_7_NaHCO3,solvent_2_MeOH,2,19.19
electrophile_1,ligand_6_P(tBu)3,base_7_NaHCO3,solvent_3_THF,1,13.9
electrophile_1,ligand_6_P(tBu)3,base_7_NaHCO3,solvent_3_THF,2,21.67
electrophile_1,ligand_6_P(tBu)3,base_7_NaHCO3,solvent_4_DMF,1,4.77
electrophile_1,ligand_6_P(tBu)3,base_7_NaHCO3,solvent_4_DMF,2,3.15
electrophile_1,ligand_6_P(tBu)3,base_8_KOAc,solvent_1_MeCN,1,7.16
electrophile_1,ligand_6_P(tBu)3,base_8_KOAc,solvent_1_MeCN,2,9.36
electrophile_1,ligand_6_P(tBu)3,base_8_KOAc,solvent_2_MeOH,1,1.42
electrophile_1,ligand_6_P(tBu)3,base_8_KOAc,solvent_2_MeOH,2,0.0
electrophile_1,ligand_6_P(tBu)3,base_8_KOAc,solvent_3_THF,1,2.99
electrophile_1,ligand_6_P(tBu)3,base_8_KOAc,solvent_3_THF,2,0.0
electrophile_1,ligand_6_P(tBu)3,base_8_KOAc,solvent_4_DMF,1,4.92
electrophile_1,ligand_6_P(tBu)3,base_8_KOAc,solvent_4_DMF,2,3.41
electrophile_1,ligand_7_Xantphos,base_1_NaOH,solvent_1_MeCN,1,0.0
electrophile_1,ligand_7_Xantphos,base_1_NaOH,solvent_1_MeCN,2,0.0
electrophile_1,ligand_7_Xantphos,base_1_NaOH,solvent_2_MeOH,1,0.0
electrophile_1,ligand_7_Xantphos,base_1_NaOH,solvent_2_MeOH,2,0.0
electrophile_1,ligand_7_Xantphos,base_1_NaOH,solvent_3_THF,1,0.0
electrophile_1,ligand_7_Xantphos,base_1_NaOH,solvent_3_THF,2,0.0
electrophile_1,ligand_7_Xantphos,base_1_NaOH,solvent_4_DMF,1,0.0
electrophile_1,ligand_7_Xantphos,base_1_NaOH,solvent_4_DMF,2,0.0
electrophile_1,ligand_7_Xantphos,base_2_KOH,solvent_1_MeCN,1,2.86
electrophile_1,ligand_7_Xantphos,base_2_KOH,solvent_1_MeCN,2,6.29
electrophile_1,ligand_7_Xantphos,base_2_KOH,solvent_2_MeOH,1,0.0
electrophile_1,ligand_7_Xantphos,base_2_KOH,solvent_2_MeOH,2,0.0
electrophile_1,ligand_7_Xantphos,base_2_KOH,solvent_3_THF,1,0.0
electrophile_1,ligand_7_Xantphos,base_2_KOH,solvent_3_THF,2,12.64
electrophile_1,ligand_7_Xantphos,base_2_KOH,solvent_4_DMF,1,1.13
electrophile_1,ligand_7_Xantphos,base_2_KOH,solvent_4_DMF,2,0.0
electrophile_1,ligand_7_Xantphos,base_3_K3PO4,solvent_1_MeCN,1,0.0
electrophile_1,ligand_7_Xantphos,base_3_K3PO4,solvent_1_MeCN,2,0.0
electrophile_1,ligand_7_Xantphos,base_3_K3PO4,solvent_2_MeOH,1,0.0
electrophile_1,ligand_7_Xantphos,base_3_K3PO4,solvent_2_MeOH,2,0.0
electrophile_1,ligand_7_Xantphos,base_3_K3PO4,solvent_3_THF,1,0.0
electrophile_1,ligand_7_Xantphos,base_3_K3PO4,solvent_3_THF,2,0.0
electrophile_1,ligand_7_Xantphos,base_3_K3PO4,solvent_4_DMF,1,0.0
electrophile_1,ligand_7_Xantphos,base_3_K3PO4,solvent_4_DMF,2,0.0
electrophile_1,ligand_7_Xantphos,base_4_K2CO3,solvent_1_MeCN,1,0.0
electrophile_1,ligand_7_Xantphos,base_4_K2CO3,solvent_1_MeCN,2,0.0
electrophile_1,ligand_7_Xantphos,base_4_K2CO3,solvent_2_MeOH,1,0.0
electrophile_1,ligand_7_Xantphos,base_4_K2CO3,solvent_2_MeOH,2,0.0
electrophile_1,ligand_7_Xantphos,base_4_K2CO3,solvent_3_THF,1,0.0
electrophile_1,ligand_7_Xantphos,base_4_K2CO3,solvent_3_THF,2,0.0
electrophile_1,ligand_7_Xantphos,base_4_K2CO3,solvent_4_DMF,1,0.0
electrophile_1,ligand_7_Xantphos,base_4_K2CO3,solvent_4_DMF,2,5.17
electrophile_1,ligand_7_Xantphos,base_5_CsF,solvent_1_MeCN,1,0.0
electrophile_1,ligand_7_Xantphos,base_5_CsF,solvent_1_MeCN,2,0.0
electrophile_1,ligand_7_Xantphos,base_5_CsF,solvent_2_MeOH,1,0.0
electrophile_1,ligand_7_Xantphos,base_5_CsF,solvent_2_MeOH,2,0.0
electrophile_1,ligand_7_Xantphos,base_5_CsF,solvent_3_THF,1,0.0
electrophile_1,ligand_7_Xantphos,base_5_CsF,solvent_3_THF,2,0.0
electrophile_1,ligand_7_Xantphos,base_5_CsF,solvent_4_DMF,1,0.0
electrophile_1,ligand_7_Xantphos,base_5_CsF,solvent_4_DMF,2,0.0
electrophile_1,ligand_7_Xantphos,base_6_Et3N,solvent_1_MeCN,1,0.0
electrophile_1,ligand_7_Xantphos,base_6_Et3N,solvent_1_MeCN,2,0.0
electrophile_1,ligand_7_Xantphos,base_6_Et3N,solvent_2_MeOH,1,0.0
electrophile_1,ligand_7_Xantphos,base_6_Et3N,solvent_2_MeOH,2,0.0
electrophile_1,ligand_7_Xantphos,base_6_Et3N,solvent_3_THF,1,0.0
electrophile_1,ligand_7_Xantphos,base_6_Et3N,solvent_3_THF,2,0.0
electrophile_1,ligand_7_Xantphos,base_6_Et3N,solvent_4_DMF,1,0.0
electrophile_1,ligand_7_Xantphos,base_6_Et3N,solvent_4_DMF,2,0.0
electrophile_1,ligand_7_Xantphos,base_7_NaHCO3,solvent_1_MeCN,1,0.0
electrophile_1,ligand_7_Xantphos,base_7_NaHCO3,solvent_1_MeCN,2,0.0
electrophile_1,ligand_7_Xantphos,base_7_NaHCO3,solvent_2_MeOH,1,0.0
electrophile_1,ligand_7_Xantphos,base_7_NaHCO3,solvent_2_MeOH,2,0.0
electrophile_1,ligand_7_Xantphos,base_7_NaHCO3,solvent_3_THF,1,0.0
electrophile_1,ligand_7_Xantphos,base_7_NaHCO3,solvent_3_THF,2,0.0
electrophile_1,ligand_7_Xantphos,base_7_NaHCO3,solvent_4_DMF,1,0.0
electrophile_1,ligand_7_Xantphos,base_7_NaHCO3,solvent_4_DMF,2,0.0
electrophile_1,ligand_7_Xantphos,base_8_KOAc,solvent_1_MeCN,1,0.0
electrophile_1,ligand_7_Xantphos,base_8_KOAc,solvent_1_MeCN,2,0.0
electrophile_1,ligand_7_Xantphos,base_8_KOAc,solvent_2_MeOH,1,0.0
electrophile_1,ligand_7_Xantphos,base_8_KOAc,solvent_2_MeOH,2,0.0
electrophile_1,ligand_7_Xantphos,base_8_KOAc,solvent_3_THF,1,0.0
electrophile_1,ligand_7_Xantphos,base_8_KOAc,solvent_3_THF,2,0.0
electrophile_1,ligand_7_Xantphos,base_8_KOAc,solvent_4_DMF,1,0.0
electrophile_1,ligand_7_Xantphos,base_8_KOAc,solvent_4_DMF,2,0.0
electrophile_1,ligand_8_dtbpf,base_1_NaOH,solvent_1_MeCN,1,0.0
electrophile_1,ligand_8_dtbpf,base_1_NaOH,solvent_1_MeCN,2,0.0
electrophile_1,ligand_8_dtbpf,base_1_NaOH,solvent_2_MeOH,1,0.0
electrophile_1,ligand_8_dtbpf,base_1_NaOH,solvent_2_MeOH,2,0.0
electrophile_1,ligand_8_dtbpf,base_1_NaOH,solvent_3_THF,1,0.0
electrophile_1,ligand_8_dtbpf,base_1_NaOH,solvent_3_THF,2,0.0
electrophile_1,ligand_8_dtbpf,base_1_NaOH,solvent_4_DMF,1,0.0
electrophile_1,ligand_8_dtbpf,base_1_NaOH,solvent_4_DMF,2,0.0
electrophile_1,ligand_8_dtbpf,base_2_KOH,solvent_1_MeCN,1,12.46
electrophile_1,ligand_8_dtbpf,base_2_KOH,solvent_1_MeCN,2,0.36
electrophile_1,ligand_8_dtbpf,base_2_KOH,solvent_2_MeOH,1,5.56
electrophile_1,ligand_8_dtbpf,base_2_KOH,solvent_2_MeOH,2,0.0
electrophile_1,ligand_8_dtbpf,base_2_KOH,solvent_3_THF,1,7.55
electrophile_1,ligand_8_dtbpf,base_2_KOH,solvent_3_THF,2,0.88
electrophile_1,ligand_8_dtbpf,base_2_KOH,solvent_4_DMF,1,0.0
electrophile_1,ligand_8_dtbpf,base_2_KOH,solvent_4_DMF,2,0.0
electrophile_1,ligand_8_dtbpf,base_3_K3PO4,solvent_1_MeCN,1,0.0
electrophile_1,ligand_8_dtbpf,base_3_K3PO4,solvent_1_MeCN,2,0.0
electrophile_1,ligand_8_dtbpf,base_3_K3PO4,solvent_2_MeOH,1,0.0
electrophile_1,ligand_8_dtbpf,base_3_K3PO4,solvent_2_MeOH,2,0.0
electrophile_1,ligand_8_dtbpf,base_3_K3PO4,solvent_3_THF,1,0.0
electrophile_1,ligand_8_dtbpf,base_3_K3PO4,solvent_3_THF,2,0.0
electrophile_1,ligand_8_dtbpf,base_3_K3PO4,solvent_4_DMF,1,0.0
electrophile_1,ligand_8_dtbpf,base_3_K3PO4,solvent_4_DMF,2,0.0
electrophile_1,ligand_8_dtbpf,base_4_K2CO3,solvent_1_MeCN,1,0.0
electrophile_1,ligand_8_dtbpf,base_4_K2CO3,solvent_1_MeCN,2,0.0
electrophile_1,ligand_8_dtbpf,base_4_K2CO3,solvent_2_MeOH,1,0.0
electrophile_1,ligand_8_dtbpf,base_4_K2CO3,solvent_2_MeOH,2,0.0
electrophile_1,ligand_8_dtbpf,base_4_K2CO3,solvent_3_THF,1,0.0
electrophile_1,ligand_8_dtbpf,base_4_K2CO3,solvent_3_THF,2,0.0
electrophile_1,ligand_8_dtbpf,base_4_K2CO3,solvent_4_DMF,1,0.0
electrophile_1,ligand_8_dtbpf,base_4_K2CO3,solvent_4_DMF,2,0.0
electrophile_1,ligand_8_dtbpf,base_5_CsF,solvent_1_MeCN,1,0.0
electrophile_1,ligand_8_dtbpf,base_5_CsF,solvent_1_MeCN,2,0.0
electrophile_1,ligand_8_dtbpf,base_5_CsF,solvent_2_MeOH,1,0.0
electrophile_1,ligand_8_dtbpf,base_5_CsF,solvent_2_MeOH,2,0.0
electrophile_1,ligand_8_dtbpf,base_5_CsF,solvent_3_THF,1,0.0
electrophile_1,ligand_8_dtbpf,base_5_CsF,solvent_3_THF,2,0.0
electrophile_1,ligand_8_dtbpf,base_5_CsF,solvent_4_DMF,1,0.0
electrophile_1,ligand_8_dtbpf,base_5_CsF,solvent_4_DMF,2,0.0
electrophile_1,ligand_8_dtbpf,base_6_Et3N,solvent_1_MeCN,1,0.0
electrophile_1,ligand_8_dtbpf,base_6_Et3N,solvent_1_MeCN,2,0.0
electrophile_1,ligand_8_dtbpf,base_6_Et3N,solvent_2_MeOH,1,0.0
electrophile_1,ligand_8_dtbpf,base_6_Et3N,solvent_2_MeOH,2,0.0
electrophile_1,ligand_8_dtbpf,base_6_Et3N,solvent_3_THF,1,0.0
electrophile_1,ligand_8_dtbpf,base_6_Et3N,solvent_3_THF,2,0.0
electrophile_1,ligand_8_dtbpf,base_6_Et3N,solvent_4_DMF,1,0.0
electrophile_1,ligand_8_dtbpf,base_6_Et3N,solvent_4_DMF,2,0.0
electrophile_1,ligand_8_dtbpf,base_7_NaHCO3,solvent_1_MeCN,1,0.0
electrophile_1,ligand_8_dtbpf,base_7_NaHCO3,solvent_1_MeCN,2,0.0
electrophile_1,ligand_8_dtbpf,base_7_NaHCO3,solvent_2_MeOH,1,2.39
electrophile_1,ligand_8_dtbpf,base_7_NaHCO3,solvent_2_MeOH,2,0.0
electrophile_1,ligand_8_dtbpf,base_7_NaHCO3,solvent_3_THF,1,0.0
electrophile_1,ligand_8_dtbpf,base_7_NaHCO3,solvent_3_THF,2,0.0
electrophile_1,ligand_8_dtbpf,base_7_NaHCO3,solvent_4_DMF,1,0.0
electrophile_1,ligand_8_dtbpf,base_7_NaHCO3,solvent_4_DMF,2,0.0
electrophile_1,ligand_8_dtbpf,base_8_KOAc,solvent_1_MeCN,1,0.0
electrophile_1,ligand_8_dtbpf,base_8_KOAc,solvent_1_MeCN,2,0.0
electrophile_1,ligand_8_dtbpf,base_8_KOAc,solvent_2_MeOH,1,0.0
electrophile_1,ligand_8_dtbpf,base_8_KOAc,solvent_2_MeOH,2,0.0
electrophile_1,ligand_8_dtbpf,base_8_KOAc,solvent_3_THF,1,0.0
electrophile_1,ligand_8_dtbpf,base_8_KOAc,solvent_3_THF,2,0.0
electrophile_1,ligand_8_dtbpf,base_8_KOAc,solvent_4_DMF,1,0.0
electrophile_1,ligand_8_dtbpf,base_8_KOAc,solvent_4_DMF,2,0.0
electrophile_1,ligand_9_P(o-tol)3,base_1_NaOH,solvent_1_MeCN,1,0.0
electrophile_1,ligand_9_P(o-tol)3,base_1_NaOH,solvent_1_MeCN,2,0.0
electrophile_1,ligand_9_P(o-tol)3,base_1_NaOH,solvent_2_MeOH,1,0.0
electrophile_1,ligand_9_P(o-tol)3,base_1_NaOH,solvent_2_MeOH,2,0.0
electrophile_1,ligand_9_P(o-tol)3,base_1_NaOH,solvent_3_THF,1,0.0
electrophile_1,ligand_9_P(o-tol)3,base_1_NaOH,solvent_3_THF,2,0.0
electrophile_1,ligand_9_P(o-tol)3,base_1_NaOH,solvent_4_DMF,1,0.0
electrophile_1,ligand_9_P(o-tol)3,base_1_NaOH,solvent_4_DMF,2,0.0
electrophile_1,ligand_9_P(o-tol)3,base_2_KOH,solvent_1_MeCN,1,31.68
electrophile_1,ligand_9_P(o-tol)3,base_2_KOH,solvent_1_MeCN,2,21.24
electrophile_1,ligand_9_P(o-tol)3,base_2_KOH,solvent_2_MeOH,1,15.71
electrophile_1,ligand_9_P(o-tol)3,base_2_KOH,solvent_2_MeOH,2,12.18
electrophile_1,ligand_9_P(o-tol)3,base_2_KOH,solvent_3_THF,1,12.08
electrophile_1,ligand_9_P(o-tol)3,base_2_KOH,solvent_3_THF,2,20.48
electrophile_1,ligand_9_P(o-tol)3,base_2_KOH,solvent_4_DMF,1,10.19
electrophile_1,ligand_9_P(o-tol)3,base_2_KOH,solvent_4_DMF,2,14.82
electrophile_1,ligand_9_P(o-tol)3,base_3_K3PO4,solvent_1_MeCN,1,4.41
electrophile_1,ligand_9_P(o-tol)3,base_3_K3PO4,solvent_1_MeCN,2,9.19
electrophile_1,ligand_9_P(o-tol)3,base_3_K3PO4,solvent_2_MeOH,1,2.61
electrophile_1,ligand_9_P(o-tol)3,base_3_K3PO4,solvent_2_MeOH,2,6.13
electrophile_1,ligand_9_P(o-tol)3,base_3_K3PO4,solvent_3_THF,1,0.24
electrophile_1,ligand_9_P(o-tol)3,base_3_K3PO4,solvent_3_THF,2,1.45
electrophile_1,ligand_9_P(o-tol)3,base_3_K3PO4,solvent_4_DMF,1,0.0
electrophile_1,ligand_9_P(o-tol)3,base_3_K3PO4,solvent_4_DMF,2,0.0
electrophile_1,ligand_9_P(o-tol)3,base_4_K2CO3,solvent_1_MeCN,1,11.03
electrophile_1,ligand_9_P(o-tol)3,base_4_K2CO3,solvent_1_MeCN,2,12.93
electrophile_1,ligand_9_P(o-tol)3,base_4_K2CO3,solvent_2_MeOH,1,0.0
electrophile_1,ligand_9_P(o-tol)3,base_4_K2CO3,solvent_2_MeOH,2,7.64
electrophile_1,ligand_9_P(o-tol)3,base_4_K2CO3,solvent_3_THF,1,11.92
electrophile_1,ligand_9_P(o-tol)3,base_4_K2CO3,solvent_3_THF,2,7.21
electrophile_1,ligand_9_P(o-tol)3,base_4_K2CO3,solvent_4_DMF,1,12.66
electrophile_1,ligand_9_P(o-tol)3,base_4_K2CO3,solvent_4_DMF,2,0.0
electrophile_1,ligand_9_P(o-tol)3,base_5_CsF,solvent_1_MeCN,1,0.0
electrophile_1,ligand_9_P(o-tol)3,base_5_CsF,solvent_1_MeCN,2,0.0
electrophile_1,ligand_9_P(o-tol)3,base_5_CsF,solvent_2_MeOH,1,0.0
electrophile_1,ligand_9_P(o-tol)3,base_5_CsF,solvent_2_MeOH,2,0.0
electrophile_1,ligand_9_P(o-tol)3,base_5_CsF,solvent_3_THF,1,0.0
electrophile_1,ligand_9_P(o-tol)3,base_5_CsF,solvent_3_THF,2,0.0
electrophile_1,ligand_9_P(o-tol)3,base_5_CsF,solvent_4_DMF,1,0.0
electrophile_1,ligand_9_P(o-tol)3,base_5_CsF,solvent_4_DMF,2,3.57
electrophile_1,ligand_9_P(o-tol)3,base_6_Et3N,solvent_1_MeCN,1,4.9
electrophile_1,ligand_9_P(o-tol)3,base_6_Et3N,solvent_1_MeCN,2,4.8
electrophile_1,ligand_9_P(o-tol)3,base_6_Et3N,solvent_2_MeOH,1,2.02
electrophile_1,ligand_9_P(o-tol)3,base_6_Et3N,solvent_2_MeOH,2,0.8
electrophile_1,ligand_9_P(o-tol)3,base_6_Et3N,solvent_3_THF,1,1.37
electrophile_1,ligand_9_P(o-tol)3,base_6_Et3N,solvent_3_THF,2,0.0
electrophile_1,ligand_9_P(o-tol)3,base_6_Et3N,solvent_4_DMF,1,0.74
electrophile_1,ligand_9_P(o-tol)3,base_6_Et3N,solvent_4_DMF,2,7.8
electrophile_1,ligand_9_P(o-tol)3,base_7_NaHCO3,solvent_1_MeCN,1,16.22
electrophile_1,ligand_9_P(o-tol)3,base_7_NaHCO3,solvent_1_MeCN,2,17.46
electrophile_1,ligand_9_P(o-tol)3,base_7_NaHCO3,solvent_2_MeOH,1,1.08
electrophile_1,ligand_9_P(o-tol)3,base_7_NaHCO3,solvent_2_MeOH,2,0.0
electrophile_1,ligand_9_P(o-tol)3,base_7_NaHCO3,solvent_3_THF,1,4.86
electrophile_1,ligand_9_P(o-tol)3,base_7_NaHCO3,solvent_3_THF,2,5.77
electrophile_1,ligand_9_P(o-tol)3,base_7_NaHCO3,solvent_4_DMF,1,9.1
electrophile_1,ligand_9_P(o-tol)3,base_7_NaHCO3,solvent_4_DMF,2,0.0
electrophile_1,ligand_9_P(o-tol)3,base_8_KOAc,solvent_1_MeCN,1,7.04
electrophile_1,ligand_9_P(o-tol)3,base_8_KOAc,solvent_1_MeCN,2,0.0
electrophile_1,ligand_9_P(o-tol)3,base_8_KOAc,solvent_2_MeOH,1,0.0
electrophile_1,ligand_9_P(o-tol)3,base_8_KOAc,solvent_2_MeOH,2,0.0
electrophile_1,ligand_9_P(o-tol)3,base_8_KOAc,solvent_3_THF,1,0.0
electrophile_1,ligand_9_P(o-tol)3,base_8_KOAc,solvent_3_THF,2,0.0
electrophile_1,ligand_9_P(o-tol)3,base_8_KOAc,solvent_4_DMF,1,0.0
electrophile_1,ligand_9_P(o-tol)3,base_8_KOAc,solvent_4_DMF,2,0.0
electrophile_1,ligand_10_AmPhos,base_1_NaOH,solvent_1_MeCN,1,0.0
electrophile_1,ligand_10_AmPhos,base_1_NaOH,solvent_1_MeCN,2,0.0
electrophile_1,ligand_10_AmPhos,base_1_NaOH,solvent_2_MeOH,1,0.0
electrophile_1,ligand_10_AmPhos,base_1_NaOH,solvent_2_MeOH,2,0.0
electrophile_1,ligand_10_AmPhos,base_1_NaOH,solvent_3_THF,1,0.0
electrophile_1,ligand_10_AmPhos,base_1_NaOH,solvent_3_THF,2,0.0
electrophile_1,ligand_10_AmPhos,base_1_NaOH,solvent_4_DMF,1,0.0
electrophile_1,ligand_10_AmPhos,base_1_NaOH,solvent_4_DMF,2,0.0
electrophile_1,ligand_10_AmPhos,base_2_KOH,solvent_1_MeCN,1,15.55
electrophile_1,ligand_10_AmPhos,base_2_KOH,solvent_1_MeCN,2,14.67
electrophile_1,ligand_10_AmPhos,base_2_KOH,solvent_2_MeOH,1,13.45
electrophile_1,ligand_10_AmPhos,base_2_KOH,solvent_2_MeOH,2,19.21
electrophile_1,ligand_10_AmPhos,base_2_KOH,solvent_3_THF,1,17.45
electrophile_1,ligand_10_AmPhos,base_2_KOH,solvent_3_THF,2,10.48
electrophile_1,ligand_10_AmPhos,base_2_KOH,solvent_4_DMF,1,4.43
electrophile_1,ligand_10_AmPhos,base_2_KOH,solvent_4_DMF,2,22.83
electrophile_1,ligand_10_AmPhos,base_3_K3PO4,solvent_1_MeCN,1,2.59
electrophile_1,ligand_10_AmPhos,base_3_K3PO4,solvent_1_MeCN,2,2.36
electrophile_1,ligand_10_AmPhos,base_3_K3PO4,solvent_2_MeOH,1,0.0
electrophile_1,ligand_10_AmPhos,base_3_K3PO4,solvent_2_MeOH,2,0.0
electrophile_1,ligand_10_AmPhos,base_3_K3PO4,solvent_3_THF,1,0.0
electrophile_1,ligand_10_AmPhos,base_3_K3PO4,solvent_3_THF,2,0.0
electrophile_1,ligand_10_AmPhos,base_3_K3PO4,solvent_4_DMF,1,0.0
electrophile_1,ligand_10_AmPhos,base_3_K3PO4,solvent_4_DMF,2,0.0
electrophile_1,ligand_10_AmPhos,base_4_K2CO3,solvent_1_MeCN,1,1.92
electrophile_1,ligand_10_AmPhos,base_4_K2CO3,solvent_1_MeCN,2,1.08
electrophile_1,ligand_10_AmPhos,base_4_K2CO3,solvent_2_MeOH,1,0.0
electrophile_1,ligand_10_AmPhos,base_4_K2CO3,solvent_2_MeOH,2,0.0
electrophile_1,ligand_10_AmPhos,base_4_K2CO3,solvent_3_THF,1,8.16
electrophile_1,ligand_10_AmPhos,base_4_K2CO3,solvent_3_THF,2,0.0
electrophile_1,ligand_10_AmPhos,base_4_K2CO3,solvent_4_DMF,1,4.23
electrophile_1,ligand_10_AmPhos,base_4_K2CO3,solvent_4_DMF,2,5.01
electrophile_1,ligand_10_AmPhos,base_5_CsF,solvent_1_MeCN,1,0.0
electrophile_1,ligand_10_AmPhos,base_5_CsF,solvent_1_MeCN,2,0.0
electrophile_1,ligand_10_AmPhos,base_5_CsF,solvent_2_MeOH,1,0.0
electrophile_1,ligand_10_AmPhos,base_5_CsF,solvent_2_MeOH,2,0.0
electrophile_1,ligand_10_AmPhos,base_5_CsF,solvent_3_THF,1,0.0
electrophile_1,ligand_10_AmPhos,base_5_CsF,solvent_3_THF,2,0.0
electrophile_1,ligand_10_AmPhos,base_5_CsF,solvent_4_DMF,1,0.0
electrophile_1,ligand_10_AmPhos,base_5_CsF,solvent_4_DMF,2,0.0
electrophile_1,ligand_10_AmPhos,base_6_Et3N,solvent_1_MeCN,1,6.1
electrophile_1,ligand_10_AmPhos,base_6_Et3N,solvent_1_MeCN,2,3.35
electrophile_1,ligand_10_AmPhos,base_6_Et3N,solvent_2_MeOH,1,0.0
electrophile_1,ligand_10_AmPhos,base_6_Et3N,solvent_2_MeOH,2,0.0
electrophile_1,ligand_10_AmPhos,base_6_Et3N,solvent_3_THF,1,0.0
electrophile_1,ligand_10_AmPhos,base_6_Et3N,solvent_3_THF,2,0.0
electrophile_1,ligand_10_AmPhos,base_6_Et3N,solvent_4_DMF,1,0.0
electrophile_1,ligand_10_AmPhos,base_6_Et3N,solvent_4_DMF,2,0.0
electrophile_1,ligand_10_AmPhos,base_7_NaHCO3,solvent_1_MeCN,1,3.11
electrophile_1,ligand_10_AmPhos,base_7_NaHCO3,solvent_1_MeCN,2,8.54
electrophile_1,ligand_10_AmPhos,base_7_NaHCO3,solvent_2_MeOH,1,1.35
electrophile_1,ligand_10_AmPhos,base_7_NaHCO3,solvent_2_MeOH,2,0.0
electrophile_1,ligand_10_AmPhos,base_7_NaHCO3,solvent_3_THF,1,6.78
electrophile_1,ligand_10_AmPhos,base_7_NaHCO3,solvent_3_THF,2,0.0
electrophile_1,ligand_10_AmPhos,base_7_NaHCO3,solvent_4_DMF,1,2.2
electrophile_1,ligand_10_AmPhos,base_7_NaHCO3,solvent_4_DMF,2,2.09
electrophile_1,ligand_10_AmPhos,base_8_KOAc,solvent_1_MeCN,1,0.0
electrophile_1,ligand_10_AmPhos,base_8_KOAc,solvent_1_MeCN,2,0.0
electrophile_1,ligand_10_AmPhos,base_8_KOAc,solvent_2_MeOH,1,0.0
electrophile_1,ligand_10_AmPhos,base_8_KOAc,solvent_2_MeOH,2,0.0
electrophile_1,ligand_10_AmPhos,base_8_KOAc,solvent_3_THF,1,0.0
electrophile_1,ligand_10_AmPhos,base_8_KOAc,solvent_3_THF,2,0.0
electrophile_1,ligand_10_AmPhos,base_8_KOAc,solvent_4_DMF,1,0.0
electrophile_1,ligand_10_AmPhos,base_8_KOAc,solvent_4_DMF,2,0.0
electrophile_1,ligand_11_CataCXium_A,base_1_NaOH,solvent_1_MeCN,1,0.0
electrophile_1,ligand_11_CataCXium_A,base_1_NaOH,solvent_1_MeCN,2,0.0
electrophile_1,ligand_11_CataCXium_A,base_1_NaOH,solvent_2_MeOH,1,3.24
electrophile_1,ligand_11_CataCXium_A,base_1_NaOH,solvent_2_MeOH,2,0.0
electrophile_1,ligand_11_CataCXium_A,base_1_NaOH,solvent_3_THF,1,10.84
electrophile_1,ligand_11_CataCXium_A,base_1_NaOH,solvent_3_THF,2,0.0
electrophile_1,ligand_11_CataCXium_A,base_1_NaOH,solvent_4_DMF,1,8.69
electrophile_1,ligand_11_CataCXium_A,base_1_NaOH,solvent_4_DMF,2,1.26
electrophile_1,ligand_11_CataCXium_A,base_2_KOH,solvent_1_MeCN,1,28.61
electrophile_1,ligand_11_CataCXium_A,base_2_KOH,solvent_1_MeCN,2,26.37
electrophile_1,ligand_11_CataCXium_A,base_2_KOH,solvent_2_MeOH,1,25.23
electrophile_1,ligand_11_CataCXium_A,base_2_KOH,solvent_2_MeOH,2,23.05
electrophile_1,ligand_11_CataCXium_A,base_2_KOH,solvent_3_THF,1,30.61
electrophile_1,ligand_11_CataCXium_A,base_2_KOH,solvent_3_THF,2,25.66
electrophile_1,ligand_11_CataCXium_A,base_2_KOH,solvent_4_DMF,1,23.98
electrophile_1,ligand_11_CataCXium_A,base_2_KOH,solvent_4_DMF,2,21.41
electrophile_1,ligand_11_CataCXium_A,base_3_K3PO4,solvent_1_MeCN,1,15.28
electrophile_1,ligand_11_CataCXium_A,base_3_K3PO4,solvent_1_MeCN,2,17.1
electrophile_1,ligand_11_CataCXium_A,base_3_K3PO4,solvent_2_MeOH,1,1.16
electrophile_1,ligand_11_CataCXium_A,base_3_K3PO4,solvent_2_MeOH,2,2.97
electrophile_1,ligand_11_CataCXium_A,base_3_K3PO4,solvent_3_THF,1,15.28
electrophile_1,ligand_11_CataCXium_A,base_3_K3PO4,solvent_3_THF,2,12.41
electrophile_1,ligand_11_CataCXium_A,base_3_K3PO4,solvent_4_DMF,1,8.78
electrophile_1,ligand_11_CataCXium_A,base_3_K3PO4,solvent_4_DMF,2,9.79
electrophile_1,ligand_11_CataCXium_A,base_4_K2CO3,solvent_1_MeCN,1,19.65
electrophile_1,ligand_11_CataCXium_A,base_4_K2CO3,solvent_1_MeCN,2,15.21
electrophile_1,ligand_11_CataCXium_A,base_4_K2CO3,solvent_2_MeOH,1,8.16
electrophile_1,ligand_11_CataCXium_A,base_4_K2CO3,solvent_2_MeOH,2,13.03
electrophile_1,ligand_11_CataCXium_A,base_4_K2CO3,solvent_3_THF,1,9.01
electrophile_1,ligand_11_CataCXium_A,base_4_K2CO3,solvent_3_THF,2,15.95
electrophile_1,ligand_11_CataCXium_A,base_4_K2CO3,solvent_4_DMF,1,3.53
electrophile_1,ligand_11_CataCXium_A,base_4_K2CO3,solvent_4_DMF,2,17.19
electrophile_1,ligand_11_CataCXium_A,base_5_CsF,solvent_1_MeCN,1,8.34
electrophile_1,ligand_11_CataCXium_A,base_5_CsF,solvent_1_MeCN,2,7.25
electrophile_1,ligand_11_CataCXium_A,base_5_CsF,solvent_2_MeOH,1,5.03
electrophile_1,ligand_11_CataCXium_A,base_5_CsF,solvent_2_MeOH,2,8.44
electrophile_1,ligand_11_CataCXium_A,base_5_CsF,solvent_3_THF,1,7.04
electrophile_1,ligand_11_CataCXium_A,base_5_CsF,solvent_3_THF,2,0.0
electrophile_1,ligand_11_CataCXium_A,base_5_CsF,solvent_4_DMF,1,0.0
electrophile_1,ligand_11_CataCXium_A,base_5_CsF,solvent_4_DMF,2,0.0
electrophile_1,ligand_11_CataCXium_A,base_6_Et3N,solvent_1_MeCN,1,13.15
electrophile_1,ligand_11_CataCXium_A,base_6_Et3N,solvent_1_MeCN,2,15.6
electrophile_1,ligand_11_CataCXium_A,base_6_Et3N,solvent_2_MeOH,1,3.53
electrophile_1,ligand_11_CataCXium_A,base_6_Et3N,solvent_2_MeOH,2,8.09
electrophile_1,ligand_11_CataCXium_A,base_6_Et3N,solvent_3_THF,1,5.23
electrophile_1,ligand_11_CataCXium_A,base_6_Et3N,solvent_3_THF,2,5.95
electrophile_1,ligand_11_CataCXium_A,base_6_Et3N,solvent_4_DMF,1,0.12
electrophile_1,ligand_11_CataCXium_A,base_6_Et3N,solvent_4_DMF,2,2.53
electrophile_1,ligand_11_CataCXium_A,base_7_NaHCO3,solvent_1_MeCN,1,11.5
electrophile_1,ligand_11_CataCXium_A,base_7_NaHCO3,solvent_1_MeCN,2,13.38
electrophile_1,ligand_11_CataCXium_A,base_7_NaHCO3,solvent_2_MeOH,1,17.67
electrophile_1,ligand_11_CataCXium_A,base_7_NaHCO3,solvent_2_MeOH,2,7.65
electrophile_1,ligand_11_CataCXium_A,base_7_NaHCO3,solvent_3_THF,1,27.42
electrophile_1,ligand_11_CataCXium_A,base_7_NaHCO3,solvent_3_THF,2,16.72
electrophile_1,ligand_11_CataCXium_A,base_7_NaHCO3,solvent_4_DMF,1,13.32
electrophile_1,ligand_11_CataCXium_A,base_7_NaHCO3,solvent_4_DMF,2,8.1
electrophile_1,ligand_11_CataCXium_A,base_8_KOAc,solvent_1_MeCN,1,11.66
electrophile_1,ligand_11_CataCXium_A,base_8_KOAc,solvent_1_MeCN,2,5.28
electrophile_1,ligand_11_CataCXium_A,base_8_KOAc,solvent_2_MeOH,1,2.91
electrophile_1,ligand_11_CataCXium_A,base_8_KOAc,solvent_2_MeOH,2,15.1
electrophile_1,ligand_11_CataCXium_A,base_8_KOAc,solvent_3_THF,1,3.68
electrophile_1,ligand_11_CataCXium_A,base_8_KOAc,solvent_3_THF,2,9.9
electrophile_1,ligand_11_CataCXium_A,base_8_KOAc,solvent_4_DMF,1,0.0
electrophile_1,ligand_11_CataCXium_A,base_8_KOAc,solvent_4_DMF,2,2.12
electrophile_1,ligand_12_None,base_1_NaOH,solvent_1_MeCN,1,2.7
electrophile_1,ligand_12_None,base_1_NaOH,solvent_1_MeCN,2,0.0
electrophile_1,ligand_12_None,base_1_NaOH,solvent_2_MeOH,1,0.0
electrophile_1,ligand_12_None,base_1_NaOH,solvent_2_MeOH,2,0.0
electrophile_1,ligand_12_None,base_1_NaOH,solvent_3_THF,1,0.0
electrophile_1,ligand_12_None,base_1_NaOH,solvent_3_THF,2,0.0
electrophile_1,ligand_12_None,base_1_NaOH,solvent_4_DMF,1,0.0
electrophile_1,ligand_12_None,base_1_NaOH,solvent_4_DMF,2,0.0
electrophile_1,ligand_12_None,base_2_KOH,solvent_1_MeCN,1,9.02
electrophile_1,ligand_12_None,base_2_KOH,solvent_1_MeCN,2,13.24
electrophile_1,ligand_12_None,base_2_KOH,solvent_2_MeOH,1,9.78
electrophile_1,ligand_12_None,base_2_KOH,solvent_2_MeOH,2,10.64
electrophile_1,ligand_12_None,base_2_KOH,solvent_3_THF,1,15.97
electrophile_1,ligand_12_None,base_2_KOH,solvent_3_THF,2,13.76
electrophile_1,ligand_12_None,base_2_KOH,solvent_4_DMF,1,4.33
electrophile_1,ligand_12_None,base_2_KOH,solvent_4_DMF,2,12.91
electrophile_1,ligand_12_None,base_3_K3PO4,solvent_1_MeCN,1,6.39
electrophile_1,ligand_12_None,base_3_K3PO4,solvent_1_MeCN,2,6.14
electrophile_1,ligand_12_None,base_3_K3PO4,solvent_2_MeOH,1,2.89
electrophile_1,ligand_12_None,base_3_K3PO4,solvent_2_MeOH,2,1.65
electrophile_1,ligand_12_None,base_3_K3PO4,solvent_3_THF,1,1.63
electrophile_1,ligand_12_None,base_3_K3PO4,solvent_3_THF,2,0.0
electrophile_1,ligand_12_None,base_3_K3PO4,solvent_4_DMF,1,0.0
electrophile_1,ligand_12_None,base_3_K3PO4,solvent_4_DMF,2,0.0
electrophile_1,ligand_12_None,base_4_K2CO3,solvent_1_MeCN,1,6.73
electrophile_1,ligand_12_None,base_4_K2CO3,solvent_1_MeCN,2,7.05
electrophile_1,ligand_12_None,base_4_K2CO3,solvent_2_MeOH,1,0.0
electrophile_1,ligand_12_None,base_4_K2CO3,solvent_2_MeOH,2,0.0
electrophile_1,ligand_12_None,base_4_K2CO3,solvent_3_THF,1,6.95
electrophile_1,ligand_12_None,base_4_K2CO3,solvent_3_THF,2,1.49
electrophile_1,ligand_12_None,base_4_K2CO3,solvent_4_DMF,1,3.23
electrophile_1,ligand_12_None,base_4_K2CO3,solvent_4_DMF,2,0.0
electrophile_1,ligand_12_None,base_5_CsF,solvent_1_MeCN,1,0.0
electrophile_1,ligand_12_None,base_5_CsF,solvent_1_MeCN,2,0.0
electrophile_1,ligand_12_None,base_5_CsF,solvent_2_MeOH,1,0.0
electrophile_1,ligand_12_None,base_5_CsF,solvent_2_MeOH,2,0.0
electrophile_1,ligand_12_None,base_5_CsF,solvent_3_THF,1,0.0
electrophile_1,ligand_12_None,base_5_CsF,solvent_3_THF,2,0.0
electrophile_1,ligand_12_None,base_5_CsF,solvent_4_DMF,1,0.0
electrophile_1,ligand_12_None,base_5_CsF,solvent_4_DMF,2,0.0
electrophile_1,ligand_12_None,base_6_Et3N,solvent_1_MeCN,1,0.0
electrophile_1,ligand_12_None,base_6_Et3N,solvent_1_MeCN,2,7.07
electrophile_1,ligand_12_None,base_6_Et3N,solvent_2_MeOH,1,0.0
electrophile_1,ligand_12_None,base_6_Et3N,solvent_2_MeOH,2,0.0
electrophile_1,ligand_12_None,base_6_Et3N,solvent_3_THF,1,0.0
electrophile_1,ligand_12_None,base_6_Et3N,solvent_3_THF,2,4.02
electrophile_1,ligand_12_None,base_6_Et3N,solvent_4_DMF,1,0.0
electrophile_1,ligand_12_None,base_6_Et3N,solvent_4_DMF,2,0.09
electrophile_1,ligand_12_None,base_7_NaHCO3,solvent_1_MeCN,1,0.0
electrophile_1,ligand_12_None,base_7_NaHCO3,solvent_1_MeCN,2,7.37
electrophile_1,ligand_12_None,base_7_NaHCO3,solvent_2_MeOH,1,4.63
electrophile_1,ligand_12_None,base_7_NaHCO3,solvent_2_MeOH,2,0.59
electrophile_1,ligand_12_None,base_7_NaHCO3,solvent_3_THF,1,7.36
electrophile_1,ligand_12_None,base_7_NaHCO3,solvent_3_THF,2,0.0
electrophile_1,ligand_12_None,base_7_NaHCO3,solvent_4_DMF,1,7.22
electrophile_1,ligand_12_None,base_7_NaHCO3,solvent_4_DMF,2,11.67
electrophile_1,ligand_12_None,base_8_KOAc,solvent_1_MeCN,1,0.0
electrophile_1,ligand_12_None,base_8_KOAc,solvent_1_MeCN,2,0.0
electrophile_1,ligand_12_None,base_8_KOAc,solvent_2_MeOH,1,0.0
electrophile_1,ligand_12_None,base_8_KOAc,solvent_2_MeOH,2,0.0
electrophile_1,ligand_12_None,base_8_KOAc,solvent_3_THF,1,0.0
electrophile_1,ligand_12_None,base_8_KOAc,solvent_3_THF,2,0.0
electrophile_1,ligand_12_None,base_8_KOAc,solvent_4_DMF,1,0.0
electrophile_1,ligand_12_None,base_8_KOAc,solvent_4_DMF,2,0.0
electrophile_2,ligand_1_XPhos,base_1_NaOH,solvent_1_MeCN,1,0.93
electrophile_2,ligand_1_XPhos,base_1_NaOH,solvent_1_MeCN,2,0.5
electrophile_2,ligand_1_XPhos,base_1_NaOH,solvent_2_MeOH,1,0.0
electrophile_2,ligand_1_XPhos,base_1_NaOH,solvent_2_MeOH,2,0.0
electrophile_2,ligand_1_XPhos,base_1_NaOH,solvent_3_THF,1,2.69
electrophile_2,ligand_1_XPhos,base_1_NaOH,solvent_3_THF,2,9.27
electrophile_2,ligand_1_XPhos,base_1_NaOH,solvent_4_DMF,1,0.0
electrophile_2,ligand_1_XPhos,base_1_NaOH,solvent_4_DMF,2,4.58
electrophile_2,ligand_1_XPhos,base_2_KOH,solvent_1_MeCN,1,27.48
electrophile_2,ligand_1_XPhos,base_2_KOH,solvent_1_MeCN,2,28.3
electrophile_2,ligand_1_XPhos,base_2_KOH,solvent_2_MeOH,1,26.06
electrophile_2,ligand_1_XPhos,base_2_KOH,solvent_2_MeOH,2,17.08
electrophile_2,ligand_1_XPhos,base_2_KOH,solvent_3_THF,1,26.46
electrophile_2,ligand_1_XPhos,base_2_KOH,solvent_3_THF,2,25.38
electrophile_2,ligand_1_XPhos,base_2_KOH,solvent_4_DMF,1,25.15
electrophile_2,ligand_1_XPhos,base_2_KOH,solvent_4_DMF,2,24.13
electrophile_2,ligand_1_XPhos,base_3_K3PO4,solvent_1_MeCN,1,100.0
electrophile_2,ligand_1_XPhos,base_3_K3PO4,solvent_1_MeCN,2,71.59
electrophile_2,ligand_1_XPhos,base_3_K3PO4,solvent_2_MeOH,1,21.53
electrophile_2,ligand_1_XPhos,base_3_K3PO4,solvent_2_MeOH,2,45.77
electrophile_2,ligand_1_XPhos,base_3_K3PO4,solvent_3_THF,1,22.28
electrophile_2,ligand_1_XPhos,base_3_K3PO4,solvent_3_THF,2,32.02
electrophile_2,ligand_1_XPhos,base_3_K3PO4,solvent_4_DMF,1,81.5
electrophile_2,ligand_1_XPhos,base_3_K3PO4,solvent_4_DMF,2,66.73
electrophile_2,ligand_1_XPhos,base_4_K2CO3,solvent_1_MeCN,1,97.26
electrophile_2,ligand_1_XPhos,base_4_K2CO3,solvent_1_MeCN,2,79.91
electrophile_2,ligand_1_XPhos,base_4_K2CO3,solvent_2_MeOH,1,37.47
electrophile_2,ligand_1_XPhos,base_4_K2CO3,solvent_2_MeOH,2,46.7
electrophile_2,ligand_1_XPhos,base_4_K2CO3,solvent_3_THF,1,20.08
electrophile_2,ligand_1_XPhos,base_4_K2CO3,solvent_3_THF,2,27.35
electrophile_2,ligand_1_XPhos,base_4_K2CO3,solvent_4_DMF,1,91.86
electrophile_2,ligand_1_XPhos,base_4_K2CO3,solvent_4_DMF,2,78.65
electrophile_2,ligand_1_XPhos,base_5_CsF,solvent_1_MeCN,1,11.37
electrophile_2,ligand_1_XPhos,base_5_CsF,solvent_1_MeCN,2,18.06
electrophile_2,ligand_1_XPhos,base_5_CsF,solvent_2_MeOH,1,0.0
electrophile_2,ligand_1_XPhos,base_5_CsF,solvent_2_MeOH,2,0.0
electrophile_2,ligand_1_XPhos,base_5_CsF,solvent_3_THF,1,6.64
electrophile_2,ligand_1_XPhos,base_5_CsF,solvent_3_THF,2,4.83
electrophile_2,ligand_1_XPhos,base_5_CsF,solvent_4_DMF,1,8.79
electrophile_2,ligand_1_XPhos,base_5_CsF,solvent_4_DMF,2,2.48
electrophile_2,ligand_1_XPhos,base_6_Et3N,solvent_1_MeCN,1,10.67
electrophile_2,ligand_1_XPhos,base_6_Et3N,solvent_1_MeCN,2,15.42
electrophile_2,ligand_1_XPhos,base_6_Et3N,solvent_2_MeOH,1,12.15
electrophile_2,ligand_1_XPhos,base_6_Et3N,solvent_2_MeOH,2,10.71
electrophile_2,ligand_1_XPhos,base_6_Et3N,solvent_3_THF,1,11.0
electrophile_2,ligand_1_XPhos,base_6_Et3N,solvent_3_THF,2,13.8
electrophile_2,ligand_1_XPhos,base_6_Et3N,solvent_4_DMF,1,12.45
electrophile_2,ligand_1_XPhos,base_6_Et3N,solvent_4_DMF,2,13.51
electrophile_2,ligand_1_XPhos,base_7_NaHCO3,solvent_1_MeCN,1,20.95
electrophile_2,ligand_1_XPhos,base_7_NaHCO3,solvent_1_MeCN,2,16.87
electrophile_2,ligand_1_XPhos,base_7_NaHCO3,solvent_2_MeOH,1,12.59
electrophile_2,ligand_1_XPhos,base_7_NaHCO3,solvent_2_MeOH,2,17.88
electrophile_2,ligand_1_XPhos,base_7_NaHCO3,solvent_3_THF,1,9.62
electrophile_2,ligand_1_XPhos,base_7_NaHCO3,solvent_3_THF,2,15.55
electrophile_2,ligand_1_XPhos,base_7_NaHCO3,solvent_4_DMF,1,9.88
electrophile_2,ligand_1_XPhos,base_7_NaHCO3,solvent_4_DMF,2,11.99
electrophile_2,ligand_1_XPhos,base_8_KOAc,solvent_1_MeCN,1,14.01
electrophile_2,ligand_1_XPhos,base_8_KOAc,solvent_1_MeCN,2,8.57
electrophile_2,ligand_1_XPhos,base_8_KOAc,solvent_2_MeOH,1,1.99
electrophile_2,ligand_1_XPhos,base_8_KOAc,solvent_2_MeOH,2,0.0
electrophile_2,ligand_1_XPhos,base_8_KOAc,solvent_3_THF,1,7.34
electrophile_2,ligand_1_XPhos,base_8_KOAc,solvent_3_THF,2,6.84
electrophile_2,ligand_1_XPhos,base_8_KOAc,solvent_4_DMF,1,12.57
electrophile_2,ligand_1_XPhos,base_8_KOAc,solvent_4_DMF,2,0.21
electrophile_2,ligand_2_SPhos,base_1_NaOH,solvent_1_MeCN,1,0.0
electrophile_2,ligand_2_SPhos,base_1_NaOH,solvent_1_MeCN,2,0.0
electrophile_2,ligand_2_SPhos,base_1_NaOH,solvent_2_MeOH,1,0.0
electrophile_2,ligand_2_SPhos,base_1_NaOH,solvent_2_MeOH,2,0.0
electrophile_2,ligand_2_SPhos,base_1_NaOH,solvent_3_THF,1,0.0
electrophile_2,ligand_2_SPhos,base_1_NaOH,solvent_3_THF,2,0.0
electrophile_2,ligand_2_SPhos,base_1_NaOH,solvent_4_DMF,1,0.0
electrophile_2,ligand_2_SPhos,base_1_NaOH,solvent_4_DMF,2,0.0
electrophile_2,ligand_2_SPhos,base_2_KOH,solvent_1_MeCN,1,17.15
electrophile_2,ligand_2_SPhos,base_2_KOH,solvent_1_MeCN,2,21.55
electrophile_2,ligand_2_SPhos,base_2_KOH,solvent_2_MeOH,1,5.19
electrophile_2,ligand_2_SPhos,base_2_KOH,solvent_2_MeOH,2,10.99
electrophile_2,ligand_2_SPhos,base_2_KOH,solvent_3_THF,1,8.67
electrophile_2,ligand_2_SPhos,base_2_KOH,solvent_3_THF,2,18.15
electrophile_2,ligand_2_SPhos,base_2_KOH,solvent_4_DMF,1,2.7
electrophile_2,ligand_2_SPhos,base_2_KOH,solvent_4_DMF,2,7.52
electrophile_2,ligand_2_SPhos,base_3_K3PO4,solvent_1_MeCN,1,4.53
electrophile_2,ligand_2_SPhos,base_3_K3PO4,solvent_1_MeCN,2,10.47
electrophile_2,ligand_2_SPhos,base_3_K3PO4,solvent_2_MeOH,1,0.0
electrophile_2,ligand_2_SPhos,base_3_K3PO4,solvent_2_MeOH,2,0.0
electrophile_2,ligand_2_SPhos,base_3_K3PO4,solvent_3_THF,1,8.05
electrophile_2,ligand_2_SPhos,base_3_K3PO4,solvent_3_THF,2,0.0
electrophile_2,ligand_2_SPhos,base_3_K3PO4,solvent_4_DMF,1,0.0
electrophile_2,ligand_2_SPhos,base_3_K3PO4,solvent_4_DMF,2,0.0
electrophile_2,ligand_2_SPhos,base_4_K2CO3,solvent_1_MeCN,1,2.48
electrophile_2,ligand_2_SPhos,base_4_K2CO3,solvent_1_MeCN,2,0.0
electrophile_2,ligand_2_SPhos,base_4_K2CO3,solvent_2_MeOH,1,2.68
electrophile_2,ligand_2_SPhos,base_4_K2CO3,solvent_2_MeOH,2,0.35
electrophile_2,ligand_2_SPhos,base_4_K2CO3,solvent_3_THF,1,0.0
electrophile_2,ligand_2_SPhos,base_4_K2CO3,solvent_3_THF,2,0.0
electrophile_2,ligand_2_SPhos,base_4_K2CO3,solvent_4_DMF,1,3.49
electrophile_2,ligand_2_SPhos,base_4_K2CO3,solvent_4_DMF,2,2.38
electrophile_2,ligand_2_SPhos,base_5_CsF,solvent_1_MeCN,1,0.0
electrophile_2,ligand_2_SPhos,base_5_CsF,solvent_1_MeCN,2,2.29
electrophile_2,ligand_2_SPhos,base_5_CsF,solvent_2_MeOH,1,0.0
electrophile_2,ligand_2_SPhos,base_5_CsF,solvent_2_MeOH,2,0.0
electrophile_2,ligand_2_SPhos,base_5_CsF,solvent_3_THF,1,0.0
electrophile_2,ligand_2_SPhos,base_5_CsF,solvent_3_THF,2,0.0
electrophile_2,ligand_2_SPhos,base_5_CsF,solvent_4_DMF,1,0.0
electrophile_2,ligand_2_SPhos,base_5_CsF,solvent_4_DMF,2,0.0
electrophile_2,ligand_2_SPhos,base_6_Et3N,solvent_1_MeCN,1,1.86
electrophile_2,ligand_2_SPhos,base_6_Et3N,solvent_1_MeCN,2,0.0
electrophile_2,ligand_2_SPhos,base_6_Et3N,solvent_2_MeOH,1,1.46
electrophile_2,ligand_2_SPhos,base_6_Et3N,solvent_2_MeOH,2,0.0
electrophile_2,ligand_2_SPhos,base_6_Et3N,solvent_3_THF,1,1.68
electrophile_2,ligand_2_SPhos,base_6_Et3N,solvent_3_THF,2,0.0
electrophile_2,ligand_2_SPhos,base_6_Et3N,solvent_4_DMF,1,0.0
electrophile_2,ligand_2_SPhos,base_6_Et3N,solvent_4_DMF,2,0.0
electrophile_2,ligand_2_SPhos,base_7_NaHCO3,solvent_1_MeCN,1,7.58
electrophile_2,ligand_2_SPhos,base_7_NaHCO3,solvent_1_MeCN,2,8.55
electrophile_2,ligand_2_SPhos,base_7_NaHCO3,solvent_2_MeOH,1,6.13
electrophile_2,ligand_2_SPhos,base_7_NaHCO3,solvent_2_MeOH,2,0.47
electrophile_2,ligand_2_SPhos,base_7_NaHCO3,solvent_3_THF,1,4.88
electrophile_2,ligand_2_SPhos,base_7_NaHCO3,solvent_3_THF,2,0.89
electrophile_2,ligand_2_SPhos,base_7_NaHCO3,solvent_4_DMF,1,6.68
electrophile_2,ligand_2_SPhos,base_7_NaHCO3,solvent_4_DMF,2,0.0
electrophile_2,ligand_2_SPhos,base_8_KOAc,solvent_1_MeCN,1,4.25
electrophile_2,ligand_2_SPhos,base_8_KOAc,solvent_1_MeCN,2,0.0
electrophile_2,ligand_2_SPhos,base_8_KOAc,solvent_2_MeOH,1,0.0
electrophile_2,ligand_2_SPhos,base_8_KOAc,solvent_2_MeOH,2,0.0
electrophile_2,ligand_2_SPhos,base_8_KOAc,solvent_3_THF,1,0.0
electrophile_2,ligand_2_SPhos,base_8_KOAc,solvent_3_THF,2,0.0
electrophile_2,ligand_2_SPhos,base_8_KOAc,solvent_4_DMF,1,0.0
electrophile_2,ligand_2_SPhos,base_8_KOAc,solvent_4_DMF,2,0.0
electrophile_2,ligand_3_dppf,base_1_NaOH,solvent_1_MeCN,1,0.0
electrophile_2,ligand_3_dppf,base_1_NaOH,solvent_1_MeCN,2,1.01
electrophile_2,ligand_3_dppf,base_1_NaOH,solvent_2_MeOH,1,0.0
electrophile_2,ligand_3_dppf,base_1_NaOH,solvent_2_MeOH,2,0.0
electrophile_2,ligand_3_dppf,base_1_NaOH,solvent_3_THF,1,3.07
electrophile_2,ligand_3_dppf,base_1_NaOH,solvent_3_THF,2,3.2
electrophile_2,ligand_3_dppf,base_1_NaOH,solvent_4_DMF,1,0.0
electrophile_2,ligand_3_dppf,base_1_NaOH,solvent_4_DMF,2,0.0
electrophile_2,ligand_3_dppf,base_2_KOH,solvent_1_MeCN,1,26.06
electrophile_2,ligand_3_dppf,base_2_KOH,solvent_1_MeCN,2,26.28
electrophile_2,ligand_3_dppf,base_2_KOH,solvent_2_MeOH,1,14.65
electrophile_2,ligand_3_dppf,base_2_KOH,solvent_2_MeOH,2,27.96
electrophile_2,ligand_3_dppf,base_2_KOH,solvent_3_THF,1,26.68
electrophile_2,ligand_3_dppf,base_2_KOH,solvent_3_THF,2,21.19
electrophile_2,ligand_3_dppf,base_2_KOH,solvent_4_DMF,1,20.57
electrophile_2,ligand_3_dppf,base_2_KOH,solvent_4_DMF,2,21.48
electrophile_2,ligand_3_dppf,base_3_K3PO4,solvent_1_MeCN,1,2.56
electrophile_2,ligand_3_dppf,base_3_K3PO4,solvent_1_MeCN,2,11.53
electrophile_2,ligand_3_dppf,base_3_K3PO4,solvent_2_MeOH,1,3.5
electrophile_2,ligand_3_dppf,base_3_K3PO4,solvent_2_MeOH,2,1.9
electrophile_2,ligand_3_dppf,base_3_K3PO4,solvent_3_THF,1,7.36
electrophile_2,ligand_3_dppf,base_3_K3PO4,solvent_3_THF,2,17.75
electrophile_2,ligand_3_dppf,base_3_K3PO4,solvent_4_DMF,1,10.11
electrophile_2,ligand_3_dppf,base_3_K3PO4,solvent_4_DMF,2,4.05
electrophile_2,ligand_3_dppf,base_4_K2CO3,solvent_1_MeCN,1,17.98
electrophile_2,ligand_3_dppf,base_4_K2CO3,solvent_1_MeCN,2,22.11
electrophile_2,ligand_3_dppf,base_4_K2CO3,solvent_2_MeOH,1,13.88
electrophile_2,ligand_3_dppf,base_4_K2CO3,solvent_2_MeOH,2,9.55
electrophile_2,ligand_3_dppf,base_4_K2CO3,solvent_3_THF,1,7.87
electrophile_2,ligand_3_dppf,base_4_K2CO3,solvent_3_THF,2,14.6
electrophile_2,ligand_3_dppf,base_4_K2CO3,solvent_4_DMF,1,11.22
electrophile_2,ligand_3_dppf,base_4_K2CO3,solvent_4_DMF,2,13.73
electrophile_2,ligand_3_dppf,base_5_CsF,solvent_1_MeCN,1,6.35
electrophile_2,ligand_3_dppf,base_5_CsF,solvent_1_MeCN,2,8.42
electrophile_2,ligand_3_dppf,base_5_CsF,solvent_2_MeOH,1,0.0
electrophile_2,ligand_3_dppf,base_5_CsF,solvent_2_MeOH,2,3.9
electrophile_2,ligand_3_dppf,base_5_CsF,solvent_3_THF,1,0.16
electrophile_2,ligand_3_dppf,base_5_CsF,solvent_3_THF,2,9.55
electrophile_2,ligand_3_dppf,base_5_CsF,solvent_4_DMF,1,0.0
electrophile_2,ligand_3_dppf,base_5_CsF,solvent_4_DMF,2,5.99
electrophile_2,ligand_3_dppf,base_6_Et3N,solvent_1_MeCN,1,11.21
electrophile_2,ligand_3_dppf,base_6_Et3N,solvent_1_MeCN,2,6.96
electrophile_2,ligand_3_dppf,base_6_Et3N,solvent_2_MeOH,1,1.94
electrophile_2,ligand_3_dppf,base_6_Et3N,solvent_2_MeOH,2,2.76
electrophile_2,ligand_3_dppf,base_6_Et3N,solvent_3_THF,1,8.34
electrophile_2,ligand_3_dppf,base_6_Et3N,solvent_3_THF,2,8.83
electrophile_2,ligand_3_dppf,base_6_Et3N,solvent_4_DMF,1,1.49
electrophile_2,ligand_3_dppf,base_6_Et3N,solvent_4_DMF,2,4.23
electrophile_2,ligand_3_dppf,base_7_NaHCO3,solvent_1_MeCN,1,26.17
electrophile_2,ligand_3_dppf,base_7_NaHCO3,solvent_1_MeCN,2,24.1
electrophile_2,ligand_3_dppf,base_7_NaHCO3,solvent_2_MeOH,1,11.78
electrophile_2,ligand_3_dppf,base_7_NaHCO3,solvent_2_MeOH,2,9.79
electrophile_2,ligand_3_dppf,base_7_NaHCO3,solvent_3_THF,1,12.06
electrophile_2,ligand_3_dppf,base_7_NaHCO3,solvent_3_THF,2,14.52
electrophile_2,ligand_3_dppf,base_7_NaHCO3,solvent_4_DMF,1,4.48
electrophile_2,ligand_3_dppf,base_7_NaHCO3,solvent_4_DMF,2,8.31
electrophile_2,ligand_3_dppf,base_8_KOAc,solvent_1_MeCN,1,0.0
electrophile_2,ligand_3_dppf,base_8_KOAc,solvent_1_MeCN,2,7.36
electrophile_2,ligand_3_dppf,base_8_KOAc,solvent_2_MeOH,1,2.74
electrophile_2,ligand_3_dppf,base_8_KOAc,solvent_2_MeOH,2,0.0
electrophile_2,ligand_3_dppf,base_8_KOAc,solvent_3_THF,1,9.23
electrophile_2,ligand_3_dppf,base_8_KOAc,solvent_3_THF,2,0.0
electrophile_2,ligand_3_dppf,base_8_KOAc,solvent_4_DMF,1,0.0
electrophile_2,ligand_3_dppf,base_8_KOAc,solvent_4_DMF,2,0.62
electrophile_2,ligand_4_P(Ph)3,base_1_NaOH,solvent_1_MeCN,1,0.0
electrophile_2,ligand_4_P(Ph)3,base_1_NaOH,solvent_1_MeCN,2,1.64
electrophile_2,ligand_4_P(Ph)3,base_1_NaOH,solvent_2_MeOH,1,0.0
electrophile_2,ligand_4_P(Ph)3,base_1_NaOH,solvent_2_MeOH,2,0.0
electrophile_2,ligand_4_P(Ph)3,base_1_NaOH,solvent_3_THF,1,0.0
electrophile_2,ligand_4_P(Ph)3,base_1_NaOH,solvent_3_THF,2,0.0
electrophile_2,ligand_4_P(Ph)3,base_1_NaOH,solvent_4_DMF,1,0.0
electrophile_2,ligand_4_P(Ph)3,base_1_NaOH,solvent_4_DMF,2,0.0
electrophile_2,ligand_4_P(Ph)3,base_2_KOH,solvent_1_MeCN,1,8.36
electrophile_2,ligand_4_P(Ph)3,base_2_KOH,solvent_1_MeCN,2,23.62
electrophile_2,ligand_4_P(Ph)3,base_2_KOH,solvent_2_MeOH,1,17.28
electrophile_2,ligand_4_P(Ph)3,base_2_KOH,solvent_2_MeOH,2,7.25
electrophile_2,ligand_4_P(Ph)3,base_2_KOH,solvent_3_THF,1,14.21
electrophile_2,ligand_4_P(Ph)3,base_2_KOH,solvent_3_THF,2,14.7
electrophile_2,ligand_4_P(Ph)3,base_2_KOH,solvent_4_DMF,1,11.68
electrophile_2,ligand_4_P(Ph)3,base_2_KOH,solvent_4_DMF,2,7.62
electrophile_2,ligand_4_P(Ph)3,base_3_K3PO4,solvent_1_MeCN,1,0.0
electrophile_2,ligand_4_P(Ph)3,base_3_K3PO4,solvent_1_MeCN,2,2.58
electrophile_2,ligand_4_P(Ph)3,base_3_K3PO4,solvent_2_MeOH,1,2.71
electrophile_2,ligand_4_P(Ph)3,base_3_K3PO4,solvent_2_MeOH,2,0.0
electrophile_2,ligand_4_P(Ph)3,base_3_K3PO4,solvent_3_THF,1,0.0
electrophile_2,ligand_4_P(Ph)3,base_3_K3PO4,solvent_3_THF,2,2.56
electrophile_2,ligand_4_P(Ph)3,base_3_K3PO4,solvent_4_DMF,1,0.0
electrophile_2,ligand_4_P(Ph)3,base_3_K3PO4,solvent_4_DMF,2,2.59
electrophile_2,ligand_4_P(Ph)3,base_4_K2CO3,solvent_1_MeCN,1,0.0
electrophile_2,ligand_4_P(Ph)3,base_4_K2CO3,solvent_1_MeCN,2,3.24
electrophile_2,ligand_4_P(Ph)3,base_4_K2CO3,solvent_2_MeOH,1,0.0
electrophile_2,ligand_4_P(Ph)3,base_4_K2CO3,solvent_2_MeOH,2,0.0
electrophile_2,ligand_4_P(Ph)3,base_4_K2CO3,solvent_3_THF,1,6.85
electrophile_2,ligand_4_P(Ph)3,base_4_K2CO3,solvent_3_THF,2,0.0
electrophile_2,ligand_4_P(Ph)3,base_4_K2CO3,solvent_4_DMF,1,0.92
electrophile_2,ligand_4_P(Ph)3,base_4_K2CO3,solvent_4_DMF,2,0.0
electrophile_2,ligand_4_P(Ph)3,base_5_CsF,solvent_1_MeCN,1,0.0
electrophile_2,ligand_4_P(Ph)3,base_5_CsF,solvent_1_MeCN,2,0.0
electrophile_2,ligand_4_P(Ph)3,base_5_CsF,solvent_2_MeOH,1,0.0
electrophile_2,ligand_4_P(Ph)3,base_5_CsF,solvent_2_MeOH,2,0.0
electrophile_2,ligand_4_P(Ph)3,base_5_CsF,solvent_3_THF,1,0.0
electrophile_2,ligand_4_P(Ph)3,base_5_CsF,solvent_3_THF,2,0.0
electrophile_2,ligand_4_P(Ph)3,base_5_CsF,solvent_4_DMF,1,0.0
electrophile_2,ligand_4_P(Ph)3,base_5_CsF,solvent_4_DMF,2,0.0
electrophile_2,ligand_4_P(Ph)3,base_6_Et3N,solvent_1_MeCN,1,4.41
electrophile_2,ligand_4_P(Ph)3,base_6_Et3N,solvent_1_MeCN,2,0.0
electrophile_2,ligand_4_P(Ph)3,base_6_Et3N,solvent_2_MeOH,1,0.0
electrophile_2,ligand_4_P(Ph)3,base_6_Et3N,solvent_2_MeOH,2,0.0
electrophile_2,ligand_4_P(Ph)3,base_6_Et3N,solvent_3_THF,1,6.54
electrophile_2,ligand_4_P(Ph)3,base_6_Et3N,solvent_3_THF,2,0.0
electrophile_2,ligand_4_P(Ph)3,base_6_Et3N,solvent_4_DMF,1,0.0
electrophile_2,ligand_4_P(Ph)3,base_6_Et3N,solvent_4_DMF,2,0.0
electrophile_2,ligand_4_P(Ph)3,base_7_NaHCO3,solvent_1_MeCN,1,6.6
electrophile_2,ligand_4_P(Ph)3,base_7_NaHCO3,solvent_1_MeCN,2,4.11
electrophile_2,ligand_4_P(Ph)3,base_7_NaHCO3,solvent_2_MeOH,1,0.0
electrophile_2,ligand_4_P(Ph)3,base_7_NaHCO3,solvent_2_MeOH,2,0.0
electrophile_2,ligand_4_P(Ph)3,base_7_NaHCO3,solvent_3_THF,1,1.21
electrophile_2,ligand_4_P(Ph)3,base_7_NaHCO3,solvent_3_THF,2,5.04
electrophile_2,ligand_4_P(Ph)3,base_7_NaHCO3,solvent_4_DMF,1,0.0
electrophile_2,ligand_4_P(Ph)3,base_7_NaHCO3,solvent_4_DMF,2,3.2
electrophile_2,ligand_4_P(Ph)3,base_8_KOAc,solvent_1_MeCN,1,0.0
electrophile_2,ligand_4_P(Ph)3,base_8_KOAc,solvent_1_MeCN,2,0.0
electrophile_2,ligand_4_P(Ph)3,base_8_KOAc,solvent_2_MeOH,1,0.0
electrophile_2,ligand_4_P(Ph)3,base_8_KOAc,solvent_2_MeOH,2,0.0
electrophile_2,ligand_4_P(Ph)3,base_8_KOAc,solvent_3_THF,1,0.0
electrophile_2,ligand_4_P(Ph)3,base_8_KOAc,solvent_3_THF,2,0.0
electrophile_2,ligand_4_P(Ph)3,base_8_KOAc,solvent_4_DMF,1,0.0
electrophile_2,ligand_4_P(Ph)3,base_8_KOAc,solvent_4_DMF,2,0.0
electrophile_2,ligand_5_P(Cy)3,base_1_NaOH,solvent_1_MeCN,1,0.0
electrophile_2,ligand_5_P(Cy)3,base_1_NaOH,solvent_1_MeCN,2,0.0
electrophile_2,ligand_5_P(Cy)3,base_1_NaOH,solvent_2_MeOH,1,0.0
electrophile_2,ligand_5_P(Cy)3,base_1_NaOH,solvent_2_MeOH,2,0.0
electrophile_2,ligand_5_P(Cy)3,base_1_NaOH,solvent_3_THF,1,0.0
electrophile_2,ligand_5_P(Cy)3,base_1_NaOH,solvent_3_THF,2,0.0
electrophile_2,ligand_5_P(Cy)3,base_1_NaOH,solvent_4_DMF,1,0.0
electrophile_2,ligand_5_P(Cy)3,base_1_NaOH,solvent_4_DMF,2,0.0
electrophile_2,ligand_5_P(Cy)3,base_2_KOH,solvent_1_MeCN,1,17.3
electrophile_2,ligand_5_P(Cy)3,base_2_KOH,solvent_1_MeCN,2,20.57
electrophile_2,ligand_5_P(Cy)3,base_2_KOH,solvent_2_MeOH,1,12.84
electrophile_2,ligand_5_P(Cy)3,base_2_KOH,solvent_2_MeOH,2,11.11
electrophile_2,ligand_5_P(Cy)3,base_2_KOH,solvent_3_THF,1,14.04
electrophile_2,ligand_5_P(Cy)3,base_2_KOH,solvent_3_THF,2,24.23
electrophile_2,ligand_5_P(Cy)3,base_2_KOH,solvent_4_DMF,1,10.06
electrophile_2,ligand_5_P(Cy)3,base_2_KOH,solvent_4_DMF,2,11.36
electrophile_2,ligand_5_P(Cy)3,base_3_K3PO4,solvent_1_MeCN,1,83.72
electrophile_2,ligand_5_P(Cy)3,base_3_K3PO4,solvent_1_MeCN,2,82.75
electrophile_2,ligand_5_P(Cy)3,base_3_K3PO4,solvent_2_MeOH,1,15.85
electrophile_2,ligand_5_P(Cy)3,base_3_K3PO4,solvent_2_MeOH,2,9.17
electrophile_2,ligand_5_P(Cy)3,base_3_K3PO4,solvent_3_THF,1,12.33
electrophile_2,ligand_5_P(Cy)3,base_3_K3PO4,solvent_3_THF,2,22.92
electrophile_2,ligand_5_P(Cy)3,base_3_K3PO4,solvent_4_DMF,1,74.11
electrophile_2,ligand_5_P(Cy)3,base_3_K3PO4,solvent_4_DMF,2,65.13
electrophile_2,ligand_5_P(Cy)3,base_4_K2CO3,solvent_1_MeCN,1,85.62
electrophile_2,ligand_5_P(Cy)3,base_4_K2CO3,solvent_1_MeCN,2,60.74
electrophile_2,ligand_5_P(Cy)3,base_4_K2CO3,solvent_2_MeOH,1,23.29
electrophile_2,ligand_5_P(Cy)3,base_4_K2CO3,solvent_2_MeOH,2,29.43
electrophile_2,ligand_5_P(Cy)3,base_4_K2CO3,solvent_3_THF,1,21.17
electrophile_2,ligand_5_P(Cy)3,base_4_K2CO3,solvent_3_THF,2,15.67
electrophile_2,ligand_5_P(Cy)3,base_4_K2CO3,solvent_4_DMF,1,57.74
electrophile_2,ligand_5_P(Cy)3,base_4_K2CO3,solvent_4_DMF,2,50.74
electrophile_2,ligand_5_P(Cy)3,base_5_CsF,solvent_1_MeCN,1,0.0
electrophile_2,ligand_5_P(Cy)3,base_5_CsF,solvent_1_MeCN,2,0.0
electrophile_2,ligand_5_P(Cy)3,base_5_CsF,solvent_2_MeOH,1,0.0
electrophile_2,ligand_5_P(Cy)3,base_5_CsF,solvent_2_MeOH,2,0.0
electrophile_2,ligand_5_P(Cy)3,base_5_CsF,solvent_3_THF,1,0.0
electrophile_2,ligand_5_P(Cy)3,base_5_CsF,solvent_3_THF,2,0.0
electrophile_2,ligand_5_P(Cy)3,base_5_CsF,solvent_4_DMF,1,0.0
electrophile_2,ligand_5_P(Cy)3,base_5_CsF,solvent_4_DMF,2,0.0
electrophile_2,ligand_5_P(Cy)3,base_6_Et3N,solvent_1_MeCN,1,0.0
electrophile_2,ligand_5_P(Cy)3,base_6_Et3N,solvent_1_MeCN,2,0.0
electrophile_2,ligand_5_P(Cy)3,base_6_Et3N,solvent_2_MeOH,1,5.73
electrophile_2,ligand_5_P(Cy)3,base_6_Et3N,solvent_2_MeOH,2,0.0
electrophile_2,ligand_5_P(Cy)3,base_6_Et3N,solvent_3_THF,1,0.0
electrophile_2,ligand_5_P(Cy)3,base_6_Et3N,solvent_3_THF,2,1.24
electrophile_2,ligand_5_P(Cy)3,base_6_Et3N,solvent_4_DMF,1,6.47
electrophile_2,ligand_5_P(Cy)3,base_6_Et3N,solvent_4_DMF,2,1.19
electrophile_2,ligand_5_P(Cy)3,base_7_NaHCO3,solvent_1_MeCN,1,8.2
electrophile_2,ligand_5_P(Cy)3,base_7_NaHCO3,solvent_1_MeCN,2,8.35
electrophile_2,ligand_5_P(Cy)3,base_7_NaHCO3,solvent_2_MeOH,1,3.79
electrophile_2,ligand_5_P(Cy)3,base_7_NaHCO3,solvent_2_MeOH,2,3.31
electrophile_2,ligand_5_P(Cy)3,base_7_NaHCO3,solvent_3_THF,1,2.78
electrophile_2,ligand_5_P(Cy)3,base_7_NaHCO3,solvent_3_THF,2,1.89
electrophile_2,ligand_5_P(Cy)3,base_7_NaHCO3,solvent_4_DMF,1,0.0
electrophile_2,ligand_5_P(Cy)3,base_7_NaHCO3,solvent_4_DMF,2,0.0
electrophile_2,ligand_5_P(Cy)3,base_8_KOAc,solvent_1_MeCN,1,0.0
electrophile_2,ligand_5_P(Cy)3,base_8_KOAc,solvent_1_MeCN,2,0.0
electrophile_2,ligand_5_P(Cy)3,base_8_KOAc,solvent_2_MeOH,1,0.0
electrophile_2,ligand_5_P(Cy)3,base_8_KOAc,solvent_2_MeOH,2,0.0
electrophile_2,ligand_5_P(Cy)3,base_8_KOAc,solvent_3_THF,1,0.0
electrophile_2,ligand_5_P(Cy)3,base_8_KOAc,solvent_3_THF,2,0.0
electrophile_2,ligand_5_P(Cy)3,base_8_KOAc,solvent_4_DMF,1,0.0
electrophile_2,ligand_5_P(Cy)3,base_8_KOAc,solvent_4_DMF,2,0.0
electrophile_2,ligand_6_P(tBu)3,base_1_NaOH,solvent_1_MeCN,1,0.0
electrophile_2,ligand_6_P(tBu)3,base_1_NaOH,solvent_1_MeCN,2,0.0
electrophile_2,ligand_6_P(tBu)3,base_1_NaOH,solvent_2_MeOH,1,0.0
electrophile_2,ligand_6_P(tBu)3,base_1_NaOH,solvent_2_MeOH,2,0.0
electrophile_2,ligand_6_P(tBu)3,base_1_NaOH,solvent_3_THF,1,0.0
electrophile_2,ligand_6_P(tBu)3,base_1_NaOH,solvent_3_THF,2,0.0
electrophile_2,ligand_6_P(tBu)3,base_1_NaOH,solvent_4_DMF,1,0.0
electrophile_2,ligand_6_P(tBu)3,base_1_NaOH,solvent_4_DMF,2,0.0
electrophile_2,ligand_6_P(tBu)3,base_2_KOH,solvent_1_MeCN,1,16.62
electrophile_2,ligand_6_P(tBu)3,base_2_KOH,solvent_1_MeCN,2,20.29
electrophile_2,ligand_6_P(tBu)3,base_2_KOH,solvent_2_MeOH,1,19.03
electrophile_2,ligand_6_P(tBu)3,base_2_KOH,solvent_2_MeOH,2,9.47
electrophile_2,ligand_6_P(tBu)3,base_2_KOH,solvent_3_THF,1,21.49
electrophile_2,ligand_6_P(tBu)3,base_2_KOH,solvent_3_THF,2,19.19
electrophile_2,ligand_6_P(tBu)3,base_2_KOH,solvent_4_DMF,1,20.19
electrophile_2,ligand_6_P(tBu)3,base_2_KOH,solvent_4_DMF,2,18.55
electrophile_2,ligand_6_P(tBu)3,base_3_K3PO4,solvent_1_MeCN,1,16.58
electrophile_2,ligand_6_P(tBu)3,base_3_K3PO4,solvent_1_MeCN,2,10.39
electrophile_2,ligand_6_P(tBu)3,base_3_K3PO4,solvent_2_MeOH,1,1.76
electrophile_2,ligand_6_P(tBu)3,base_3_K3PO4,solvent_2_MeOH,2,4.51
electrophile_2,ligand_6_P(tBu)3,base_3_K3PO4,solvent_3_THF,1,8.47
electrophile_2,ligand_6_P(tBu)3,base_3_K3PO4,solvent_3_THF,2,6.0
electrophile_2,ligand_6_P(tBu)3,base_3_K3PO4,solvent_4_DMF,1,4.1
electrophile_2,ligand_6_P(tBu)3,base_3_K3PO4,solvent_4_DMF,2,0.39
electrophile_2,ligand_6_P(tBu)3,base_4_K2CO3,solvent_1_MeCN,1,8.79
electrophile_2,ligand_6_P(tBu)3,base_4_K2CO3,solvent_1_MeCN,2,5.09
electrophile_2,ligand_6_P(tBu)3,base_4_K2CO3,solvent_2_MeOH,1,15.0
electrophile_2,ligand_6_P(tBu)3,base_4_K2CO3,solvent_2_MeOH,2,0.03
electrophile_2,ligand_6_P(tBu)3,base_4_K2CO3,solvent_3_THF,1,4.64
electrophile_2,ligand_6_P(tBu)3,base_4_K2CO3,solvent_3_THF,2,4.51
electrophile_2,ligand_6_P(tBu)3,base_4_K2CO3,solvent_4_DMF,1,10.72
electrophile_2,ligand_6_P(tBu)3,base_4_K2CO3,solvent_4_DMF,2,4.77
electrophile_2,ligand_6_P(tBu)3,base_5_CsF,solvent_1_MeCN,1,6.41
electrophile_2,ligand_6_P(tBu)3,base_5_CsF,solvent_1_MeCN,2,0.0
electrophile_2,ligand_6_P(tBu)3,base_5_CsF,solvent_2_MeOH,1,0.0
electrophile_2,ligand_6_P(tBu)3,base_5_CsF,solvent_2_MeOH,2,0.0
electrophile_2,ligand_6_P(tBu)3,base_5_CsF,solvent_3_THF,1,6.89
electrophile_2,ligand_6_P(tBu)3,base_5_CsF,solvent_3_THF,2,0.0
electrophile_2,ligand_6_P(tBu)3,base_5_CsF,solvent_4_DMF,1,0.0
electrophile_2,ligand_6_P(tBu)3,base_5_CsF,solvent_4_DMF,2,0.0
electrophile_2,ligand_6_P(tBu)3,base_6_Et3N,solvent_1_MeCN,1,9.28
electrophile_2,ligand_6_P(tBu)3,base_6_Et3N,solvent_1_MeCN,2,6.29
electrophile_2,ligand_6_P(tBu)3,base_6_Et3N,solvent_2_MeOH,1,0.71
electrophile_2,ligand_6_P(tBu)3,base_6_Et3N,solvent_2_MeOH,2,1.57
electrophile_2,ligand_6_P(tBu)3,base_6_Et3N,solvent_3_THF,1,2.47
electrophile_2,ligand_6_P(tBu)3,base_6_Et3N,solvent_3_THF,2,8.03
electrophile_2,ligand_6_P(tBu)3,base_6_Et3N,solvent_4_DMF,1,12.4
electrophile_2,ligand_6_P(tBu)3,base_6_Et3N,solvent_4_DMF,2,0.0
electrophile_2,ligand_6_P(tBu)3,base_7_NaHCO3,solvent_1_MeCN,1,5.61
electrophile_2,ligand_6_P(tBu)3,base_7_NaHCO3,solvent_1_MeCN,2,12.01
electrophile_2,ligand_6_P(tBu)3,base_7_NaHCO3,solvent_2_MeOH,1,19.5
electrophile_2,ligand_6_P(tBu)3,base_7_NaHCO3,solvent_2_MeOH,2,2.58
electrophile_2,ligand_6_P(tBu)3,base_7_NaHCO3,solvent_3_THF,1,16.65
electrophile_2,ligand_6_P(tBu)3,base_7_NaHCO3,solvent_3_THF,2,16.84
electrophile_2,ligand_6_P(tBu)3,base_7_NaHCO3,solvent_4_DMF,1,3.82
electrophile_2,ligand_6_P(tBu)3,base_7_NaHCO3,solvent_4_DMF,2,9.44
electrophile_2,ligand_6_P(tBu)3,base_8_KOAc,solvent_1_MeCN,1,10.5
electrophile_2,ligand_6_P(tBu)3,base_8_KOAc,solvent_1_MeCN,2,0.46
electrophile_2,ligand_6_P(tBu)3,base_8_KOAc,solvent_2_MeOH,1,0.0
electrophile_2,ligand_6_P(tBu)3,base_8_KOAc,solvent_2_MeOH,2,0.0
electrophile_2,ligand_6_P(tBu)3,base_8_KOAc,solvent_3_THF,1,0.0
electrophile_2,ligand_6_P(tBu)3,base_8_KOAc,solvent_3_THF,2,0.0
electrophile_2,ligand_6_P(tBu)3,base_8_KOAc,solvent_4_DMF,1,0.0
electrophile_2,ligand_6_P(tBu)3,base_8_KOAc,solvent_4_DMF,2,0.0
electrophile_2,ligand_7_Xantphos,base_1_NaOH,solvent_1_MeCN,1,0.0
electrophile_2,ligand_7_Xantphos,base_1_NaOH,solvent_1_MeCN,2,0.0
electrophile_2,ligand_7_Xantphos,base_1_NaOH,solvent_2_MeOH,1,0.0
electrophile_2,ligand_7_Xantphos,base_1_NaOH,solvent_2_MeOH,2,0.0
electrophile_2,ligand_7_Xantphos,base_1_NaOH,solvent_3_THF,1,0.0
electrophile_2,ligand_7_Xantphos,base_1_NaOH,solvent_3_THF,2,0.0
electrophile_2,ligand_7_Xantphos,base_1_NaOH,solvent_4_DMF,1,0.0
electrophile_2,ligand_7_Xantphos,base_1_NaOH,solvent_4_DMF,2,0.0
electrophile_2,ligand_7_Xantphos,base_2_KOH,solvent_1_MeCN,1,0.0
electrophile_2,ligand_7_Xantphos,base_2_KOH,solvent_1_MeCN,2,10.1
electrophile_2,ligand_7_Xantphos,base_2_KOH,solvent_2_MeOH,1,0.0
electrophile_2,ligand_7_Xantphos,base_2_KOH,solvent_2_MeOH,2,0.0
electrophile_2,ligand_7_Xantphos,base_2_KOH,solvent_3_THF,1,0.0
electrophile_2,ligand_7_Xantphos,base_2_KOH,solvent_3_THF,2,0.53
electrophile_2,ligand_7_Xantphos,base_2_KOH,solvent_4_DMF,1,0.0
electrophile_2,ligand_7_Xantphos,base_2_KOH,solvent_4_DMF,2,0.0
electrophile_2,ligand_7_Xantphos,base_3_K3PO4,solvent_1_MeCN,1,0.0
electrophile_2,ligand_7_Xantphos,base_3_K3PO4,solvent_1_MeCN,2,0.0
electrophile_2,ligand_7_Xantphos,base_3_K3PO4,solvent_2_MeOH,1,0.0
electrophile_2,ligand_7_Xantphos,base_3_K3PO4,solvent_2_MeOH,2,0.0
electrophile_2,ligand_7_Xantphos,base_3_K3PO4,solvent_3_THF,1,0.0
electrophile_2,ligand_7_Xantphos,base_3_K3PO4,solvent_3_THF,2,0.0
electrophile_2,ligand_7_Xantphos,base_3_K3PO4,solvent_4_DMF,1,0.0
electrophile_2,ligand_7_Xantphos,base_3_K3PO4,solvent_4_DMF,2,0.0
electrophile_2,ligand_7_Xantphos,base_4_K2CO3,solvent_1_MeCN,1,0.0
electrophile_2,ligand_7_Xantphos,base_4_K2CO3,solvent_1_MeCN,2,0.0
electrophile_2,ligand_7_Xantphos,base_4_K2CO3,solvent_2_MeOH,1,0.0
electrophile_2,ligand_7_Xantphos,base_4_K2CO3,solvent_2_MeOH,2,0.0
electrophile_2,ligand_7_Xantphos,base_4_K2CO3,solvent_3_THF,1,0.0
electrophile_2,ligand_7_Xantphos,base_4_K2CO3,solvent_3_THF,2,0.0
electrophile_2,ligand_7_Xantphos,base_4_K2CO3,solvent_4_DMF,1,0.0
electrophile_2,ligand_7_Xantphos,base_4_K2CO3,solvent_4_DMF,2,0.0
electrophile_2,ligand_7_Xantphos,base_5_CsF,solvent_1_MeCN,1,0.0
electrophile_2,ligand_7_Xantphos,base_5_CsF,solvent_1_MeCN,2,0.0
electrophile_2,ligand_7_Xantphos,base_5_CsF,solvent_2_MeOH,1,0.0
electrophile_2,ligand_7_Xantphos,base_5_CsF,solvent_2_MeOH,2,0.0
electrophile_2,ligand_7_Xantphos,base_5_CsF,solvent_3_THF,1,0.0
electrophile_2,ligand_7_Xantphos,base_5_CsF,solvent_3_THF,2,0.0
electrophile_2,ligand_7_Xantphos,base_5_CsF,solvent_4_DMF,1,0.0
electrophile_2,ligand_7_Xantphos,base_5_CsF,solvent_4_DMF,2,0.0
electrophile_2,ligand_7_Xantphos,base_6_Et3N,solvent_1_MeCN,1,0.0
electrophile_2,ligand_7_Xantphos,base_6_Et3N,solvent_1_MeCN,2,0.0
electrophile_2,ligand_7_Xantphos,base_6_Et3N,solvent_2_MeOH,1,0.0
electrophile_2,ligand_7_Xantphos,base_6_Et3N,solvent_2_MeOH,2,0.0
electrophile_2,ligand_7_Xantphos,base_6_Et3N,solvent_3_THF,1,0.0
electrophile_2,ligand_7_Xantphos,base_6_Et3N,solvent_3_THF,2,0.0
electrophile_2,ligand_7_Xantphos,base_6_Et3N,solvent_4_DMF,1,0.0
electrophile_2,ligand_7_Xantphos,base_6_Et3N,solvent_4_DMF,2,0.0
electrophile_2,ligand_7_Xantphos,base_7_NaHCO3,solvent_1_MeCN,1,0.0
electrophile_2,ligand_7_Xantphos,base_7_NaHCO3,solvent_1_MeCN,2,0.0
electrophile_2,ligand_7_Xantphos,base_7_NaHCO3,solvent_2_MeOH,1,0.0
electrophile_2,ligand_7_Xantphos,base_7_NaHCO3,solvent_2_MeOH,2,0.0
electrophile_2,ligand_7_Xantphos,base_7_NaHCO3,solvent_3_THF,1,0.0
electrophile_2,ligand_7_Xantphos,base_7_NaHCO3,solvent_3_THF,2,0.0
electrophile_2,ligand_7_Xantphos,base_7_NaHCO3,solvent_4_DMF,1,0.0
electrophile_2,ligand_7_Xantphos,base_7_NaHCO3,solvent_4_DMF,2,0.0
electrophile_2,ligand_7_Xantphos,base_8_KOAc,solvent_1_MeCN,1,0.0
electrophile_2,ligand_7_Xantphos,base_8_KOAc,solvent_1_MeCN,2,0.0
electrophile_2,ligand_7_Xantphos,base_8_KOAc,solvent_2_MeOH,1,0.0
electrophile_2,ligand_7_Xantphos,base_8_KOAc,solvent_2_MeOH,2,0.0
electrophile_2,ligand_7_Xantphos,base_8_KOAc,solvent_3_THF,1,0.0
electrophile_2,ligand_7_Xantphos,base_8_KOAc,solvent_3_THF,2,0.0
electrophile_2,ligand_7_Xantphos,base_8_KOAc,solvent_4_DMF,1,0.0
electrophile_2,ligand_7_Xantphos,base_8_KOAc,solvent_4_DMF,2,0.0
electrophile_2,ligand_8_dtbpf,base_1_NaOH,solvent_1_MeCN,1,0.0
electrophile_2,ligand_8_dtbpf,base_1_NaOH,solvent_1_MeCN,2,0.0
electrophile_2,ligand_8_dtbpf,base_1_NaOH,solvent_2_MeOH,1,0.0
electrophile_2,ligand_8_dtbpf,base_1_NaOH,solvent_2_MeOH,2,0.0
electrophile_2,ligand_8_dtbpf,base_1_NaOH,solvent_3_THF,1,0.0
electrophile_2,ligand_8_dtbpf,base_1_NaOH,solvent_3_THF,2,0.0
electrophile_2,ligand_8_dtbpf,base_1_NaOH,solvent_4_DMF,1,0.0
electrophile_2,ligand_8_dtbpf,base_1_NaOH,solvent_4_DMF,2,0.0
electrophile_2,ligand_8_dtbpf,base_2_KOH,solvent_1_MeCN,1,2.69
electrophile_2,ligand_8_dtbpf,base_2_KOH,solvent_1_MeCN,2,3.91
electrophile_2,ligand_8_dtbpf,base_2_KOH,solvent_2_MeOH,1,0.41
electrophile_2,ligand_8_dtbpf,base_2_KOH,solvent_2_MeOH,2,0.0
electrophile_2,ligand_8_dtbpf,base_2_KOH,solvent_3_THF,1,2.05
electrophile_2,ligand_8_dtbpf,base_2_KOH,solvent_3_THF,2,0.0
electrophile_2,ligand_8_dtbpf,base_2_KOH,solvent_4_DMF,1,0.0
electrophile_2,ligand_8_dtbpf,base_2_KOH,solvent_4_DMF,2,0.0
electrophile_2,ligand_8_dtbpf,base_3_K3PO4,solvent_1_MeCN,1,0.0
electrophile_2,ligand_8_dtbpf,base_3_K3PO4,solvent_1_MeCN,2,0.0
electrophile_2,ligand_8_dtbpf,base_3_K3PO4,solvent_2_MeOH,1,0.0
electrophile_2,ligand_8_dtbpf,base_3_K3PO4,solvent_2_MeOH,2,0.0
electrophile_2,ligand_8_dtbpf,base_3_K3PO4,solvent_3_THF,1,0.0
electrophile_2,ligand_8_dtbpf,base_3_K3PO4,solvent_3_THF,2,0.0
electrophile_2,ligand_8_dtbpf,base_3_K3PO4,solvent_4_DMF,1,0.0
electrophile_2,ligand_8_dtbpf,base_3_K3PO4,solvent_4_DMF,2,0.0
electrophile_2,ligand_8_dtbpf,base_4_K2CO3,solvent_1_MeCN,1,0.0
electrophile_2,ligand_8_dtbpf,base_4_K2CO3,solvent_1_MeCN,2,0.0
electrophile_2,ligand_8_dtbpf,base_4_K2CO3,solvent_2_MeOH,1,0.0
electrophile_2,ligand_8_dtbpf,base_4_K2CO3,solvent_2_MeOH,2,0.0
electrophile_2,ligand_8_dtbpf,base_4_K2CO3,solvent_3_THF,1,0.0
electrophile_2,ligand_8_dtbpf,base_4_K2CO3,solvent_3_THF,2,0.0
electrophile_2,ligand_8_dtbpf,base_4_K2CO3,solvent_4_DMF,1,0.0
electrophile_2,ligand_8_dtbpf,base_4_K2CO3,solvent_4_DMF,2,0.0
electrophile_2,ligand_8_dtbpf,base_5_CsF,solvent_1_MeCN,1,0.0
electrophile_2,ligand_8_dtbpf,base_5_CsF,solvent_1_MeCN,2,0.0
electrophile_2,ligand_8_dtbpf,base_5_CsF,solvent_2_MeOH,1,0.0
electrophile_2,ligand_8_dtbpf,base_5_CsF,solvent_2_MeOH,2,0.0
electrophile_2,ligand_8_dtbpf,base_5_CsF,solvent_3_THF,1,0.0
electrophile_2,ligand_8_dtbpf,base_5_CsF,solvent_3_THF,2,0.0
electrophile_2,ligand_8_dtbpf,base_5_CsF,solvent_4_DMF,1,0.0
electrophile_2,ligand_8_dtbpf,base_5_CsF,solvent_4_DMF,2,0.0
electrophile_2,ligand_8_dtbpf,base_6_Et3N,solvent_1_MeCN,1,0.0
electrophile_2,ligand_8_dtbpf,base_6_Et3N,solvent_1_MeCN,2,0.0
electrophile_2,ligand_8_dtbpf,base_6_Et3N,solvent_2_MeOH,1,0.0
electrophile_2,ligand_8_dtbpf,base_6_Et3N,solvent_2_MeOH,2,0.0
electrophile_2,ligand_8_dtbpf,base_6_Et3N,solvent_3_THF,1,0.0
electrophile_2,ligand_8_dtbpf,base_6_Et3N,solvent_3_THF,2,0.0
electrophile_2,ligand_8_dtbpf,base_6_Et3N,solvent_4_DMF,1,0.0
electrophile_2,ligand_8_dtbpf,base_6_Et3N,solvent_4_DMF,2,0.0
electrophile_2,ligand_8_dtbpf,base_7_NaHCO3,solvent_1_MeCN,1,0.0
electrophile_2,ligand_8_dtbpf,base_7_NaHCO3,solvent_1_MeCN,2,0.0
electrophile_2,ligand_8_dtbpf,base_7_NaHCO3,solvent_2_MeOH,1,0.0
electrophile_2,ligand_8_dtbpf,base_7_NaHCO3,solvent_2_MeOH,2,0.0
electrophile_2,ligand_8_dtbpf,base_7_NaHCO3,solvent_3_THF,1,0.0
electrophile_2,ligand_8_dtbpf,base_7_NaHCO3,solvent_3_THF,2,0.0
electrophile_2,ligand_8_dtbpf,base_7_NaHCO3,solvent_4_DMF,1,0.0
electrophile_2,ligand_8_dtbpf,base_7_NaHCO3,solvent_4_DMF,2,0.0
electrophile_2,ligand_8_dtbpf,base_8_KOAc,solvent_1_MeCN,1,0.0
electrophile_2,ligand_8_dtbpf,base_8_KOAc,solvent_1_MeCN,2,0.0
electrophile_2,ligand_8_dtbpf,base_8_KOAc,solvent_2_MeOH,1,0.0
electrophile_2,ligand_8_dtbpf,base_8_KOAc,solvent_2_MeOH,2,0.0
electrophile_2,ligand_8_dtbpf,base_8_KOAc,solvent_3_THF,1,0.0
electrophile_2,ligand_8_dtbpf,base_8_KOAc,solvent_3_THF,2,0.0
electrophile_2,ligand_8_dtbpf,base_8_KOAc,solvent_4_DMF,1,0.0
electrophile_2,ligand_8_dtbpf,base_8_KOAc,solvent_4_DMF,2,0.0
electrophile_2,ligand_9_P(o-tol)3,base_1_NaOH,solvent_1_MeCN,1,0.0
electrophile_2,ligand_9_P(o-tol)3,base_1_NaOH,solvent_1_MeCN,2,0.0
electrophile_2,ligand_9_P(o-tol)3,base_1_NaOH,solvent_2_MeOH,1,0.0
electrophile_2,ligand_9_P(o-tol)3,base_1_NaOH,solvent_2_MeOH,2,0.0
electrophile_2,ligand_9_P(o-tol)3,base_1_NaOH,solvent_3_THF,1,0.0
electrophile_2,ligand_9_P(o-tol)3,base_1_NaOH,solvent_3_THF,2,0.0
electrophile_2,ligand_9_P(o-tol)3,base_1_NaOH,solvent_4_DMF,1,0.0
electrophile_2,ligand_9_P(o-tol)3,base_1_NaOH,solvent_4_DMF,2,0.0
electrophile_2,ligand_9_P(o-tol)3,base_2_KOH,solvent_1_MeCN,1,12.22
electrophile_2,ligand_9_P(o-tol)3,base_2_KOH,solvent_1_MeCN,2,18.96
electrophile_2,ligand_9_P(o-tol)3,base_2_KOH,solvent_2_MeOH,1,10.89
electrophile_2,ligand_9_P(o-tol)3,base_2_KOH,solvent_2_MeOH,2,15.9
electrophile_2,ligand_9_P(o-tol)3,base_2_KOH,solvent_3_THF,1,19.05
electrophile_2,ligand_9_P(o-tol)3,base_2_KOH,solvent_3_THF,2,11.41
electrophile_2,ligand_9_P(o-tol)3,base_2_KOH,solvent_4_DMF,1,5.62
electrophile_2,ligand_9_P(o-tol)3,base_2_KOH,solvent_4_DMF,2,11.69
electrophile_2,ligand_9_P(o-tol)3,base_3_K3PO4,solvent_1_MeCN,1,0.0
electrophile_2,ligand_9_P(o-tol)3,base_3_K3PO4,solvent_1_MeCN,2,11.79
electrophile_2,ligand_9_P(o-tol)3,base_3_K3PO4,solvent_2_MeOH,1,0.0
electrophile_2,ligand_9_P(o-tol)3,base_3_K3PO4,solvent_2_MeOH,2,0.0
electrophile_2,ligand_9_P(o-tol)3,base_3_K3PO4,solvent_3_THF,1,0.0
electrophile_2,ligand_9_P(o-tol)3,base_3_K3PO4,solvent_3_THF,2,0.0
electrophile_2,ligand_9_P(o-tol)3,base_3_K3PO4,solvent_4_DMF,1,0.0
electrophile_2,ligand_9_P(o-tol)3,base_3_K3PO4,solvent_4_DMF,2,1.86
electrophile_2,ligand_9_P(o-tol)3,base_4_K2CO3,solvent_1_MeCN,1,0.78
electrophile_2,ligand_9_P(o-tol)3,base_4_K2CO3,solvent_1_MeCN,2,0.0
electrophile_2,ligand_9_P(o-tol)3,base_4_K2CO3,solvent_2_MeOH,1,0.89
electrophile_2,ligand_9_P(o-tol)3,base_4_K2CO3,solvent_2_MeOH,2,4.14
electrophile_2,ligand_9_P(o-tol)3,base_4_K2CO3,solvent_3_THF,1,3.66
electrophile_2,ligand_9_P(o-tol)3,base_4_K2CO3,solvent_3_THF,2,5.04
electrophile_2,ligand_9_P(o-tol)3,base_4_K2CO3,solvent_4_DMF,1,0.0
electrophile_2,ligand_9_P(o-tol)3,base_4_K2CO3,solvent_4_DMF,2,0.0
electrophile_2,ligand_9_P(o-tol)3,base_5_CsF,solvent_1_MeCN,1,0.0
electrophile_2,ligand_9_P(o-tol)3,base_5_CsF,solvent_1_MeCN,2,0.0
electrophile_2,ligand_9_P(o-tol)3,base_5_CsF,solvent_2_MeOH,1,0.0
electrophile_2,ligand_9_P(o-tol)3,base_5_CsF,solvent_2_MeOH,2,0.0
electrophile_2,ligand_9_P(o-tol)3,base_5_CsF,solvent_3_THF,1,0.0
electrophile_2,ligand_9_P(o-tol)3,base_5_CsF,solvent_3_THF,2,0.0
electrophile_2,ligand_9_P(o-tol)3,base_5_CsF,solvent_4_DMF,1,0.0
electrophile_2,ligand_9_P(o-tol)3,base_5_CsF,solvent_4_DMF,2,0.0
electrophile_2,ligand_9_P(o-tol)3,base_6_Et3N,solvent_1_MeCN,1,3.81
electrophile_2,ligand_9_P(o-tol)3,base_6_Et3N,solvent_1_MeCN,2,0.0
electrophile_2,ligand_9_P(o-tol)3,base_6_Et3N,solvent_2_MeOH,1,0.0
electrophile_2,ligand_9_P(o-tol)3,base_6_Et3N,solvent_2_MeOH,2,0.95
electrophile_2,ligand_9_P(o-tol)3,base_6_Et3N,solvent_3_THF,1,0.0
electrophile_2,ligand_9_P(o-tol)3,base_6_Et3N,solvent_3_THF,2,0.0
electrophile_2,ligand_9_P(o-tol)3,base_6_Et3N,solvent_4_DMF,1,0.0
electrophile_2,ligand_9_P(o-tol)3,base_6_Et3N,solvent_4_DMF,2,0.0
electrophile_2,ligand_9_P(o-tol)3,base_7_NaHCO3,solvent_1_MeCN,1,0.22
electrophile_2,ligand_9_P(o-tol)3,base_7_NaHCO3,solvent_1_MeCN,2,0.0
electrophile_2,ligand_9_P(o-tol)3,base_7_NaHCO3,solvent_2_MeOH,1,0.0
electrophile_2,ligand_9_P(o-tol)3,base_7_NaHCO3,solvent_2_MeOH,2,8.84
electrophile_2,ligand_9_P(o-tol)3,base_7_NaHCO3,solvent_3_THF,1,0.0
electrophile_2,ligand_9_P(o-tol)3,base_7_NaHCO3,solvent_3_THF,2,0.0
electrophile_2,ligand_9_P(o-tol)3,base_7_NaHCO3,solvent_4_DMF,1,0.0
electrophile_2,ligand_9_P(o-tol)3,base_7_NaHCO3,solvent_4_DMF,2,0.09
electrophile_2,ligand_9_P(o-tol)3,base_8_KOAc,solvent_1_MeCN,1,0.0
electrophile_2,ligand_9_P(o-tol)3,base_8_KOAc,solvent_1_MeCN,2,0.0
electrophile_2,ligand_9_P(o-tol)3,base_8_KOAc,solvent_2_MeOH,1,0.0
electrophile_2,ligand_9_P(o-tol)3,base_8_KOAc,solvent_2_MeOH,2,0.0
electrophile_2,ligand_9_P(o-tol)3,base_8_KOAc,solvent_3_THF,1,0.0
electrophile_2,ligand_9_P(o-tol)3,base_8_KOAc,solvent_3_THF,2,0.0
electrophile_2,ligand_9_P(o-tol)3,base_8_KOAc,solvent_4_DMF,1,0.0
electrophile_2,ligand_9_P(o-tol)3,base_8_KOAc,solvent_4_DMF,2,0.0
electrophile_2,ligand_10_AmPhos,base_1_NaOH,solvent_1_MeCN,1,0.0
electrophile_2,ligand_10_AmPhos,base_1_NaOH,solvent_1_MeCN,2,0.0
electrophile_2,ligand_10_AmPhos,base_1_NaOH,solvent_2_MeOH,1,0.0
electrophile_2,ligand_10_AmPhos,base_1_NaOH,solvent_2_MeOH,2,0.0
electrophile_2,ligand_10_AmPhos,base_1_NaOH,solvent_3_THF,1,0.0
electrophile_2,ligand_10_AmPhos,base_1_NaOH,solvent_3_THF,2,0.0
electrophile_2,ligand_10_AmPhos,base_1_NaOH,solvent_4_DMF,1,0.0
electrophile_2,ligand_10_AmPhos,base_1_NaOH,solvent_4_DMF,2,0.0
electrophile_2,ligand_10_AmPhos,base_2_KOH,solvent_1_MeCN,1,13.68
electrophile_2,ligand_10_AmPhos,base_2_KOH,solvent_1_MeCN,2,16.94
electrophile_2,ligand_10_AmPhos,base_2_KOH,solvent_2_MeOH,1,4.99
electrophile_2,ligand_10_AmPhos,base_2_KOH,solvent_2_MeOH,2,6.43
electrophile_2,ligand_10_AmPhos,base_2_KOH,solvent_3_THF,1,15.25
electrophile_2,ligand_10_AmPhos,base_2_KOH,solvent_3_THF,2,7.94
electrophile_2,ligand_10_AmPhos,base_2_KOH,solvent_4_DMF,1,17.89
electrophile_2,ligand_10_AmPhos,base_2_KOH,solvent_4_DMF,2,7.71
electrophile_2,ligand_10_AmPhos,base_3_K3PO4,solvent_1_MeCN,1,0.0
electrophile_2,ligand_10_AmPhos,base_3_K3PO4,solvent_1_MeCN,2,0.98
electrophile_2,ligand_10_AmPhos,base_3_K3PO4,solvent_2_MeOH,1,0.0
electrophile_2,ligand_10_AmPhos,base_3_K3PO4,solvent_2_MeOH,2,0.0
electrophile_2,ligand_10_AmPhos,base_3_K3PO4,solvent_3_THF,1,0.0
electrophile_2,ligand_10_AmPhos,base_3_K3PO4,solvent_3_THF,2,0.0
electrophile_2,ligand_10_AmPhos,base_3_K3PO4,solvent_4_DMF,1,0.0
electrophile_2,ligand_10_AmPhos,base_3_K3PO4,solvent_4_DMF,2,0.0
electrophile_2,ligand_10_AmPhos,base_4_K2CO3,solvent_1_MeCN,1,0.0
electrophile_2,ligand_10_AmPhos,base_4_K2CO3,solvent_1_MeCN,2,0.0
electrophile_2,ligand_10_AmPhos,base_4_K2CO3,solvent_2_MeOH,1,0.0
electrophile_2,ligand_10_AmPhos,base_4_K2CO3,solvent_2_MeOH,2,2.05
electrophile_2,ligand_10_AmPhos,base_4_K2CO3,solvent_3_THF,1,0.0
electrophile_2,ligand_10_AmPhos,base_4_K2CO3,solvent_3_THF,2,0.0
electrophile_2,ligand_10_AmPhos,base_4_K2CO3,solvent_4_DMF,1,0.0
electrophile_2,ligand_10_AmPhos,base_4_K2CO3,solvent_4_DMF,2,0.0
electrophile_2,ligand_10_AmPhos,base_5_CsF,solvent_1_MeCN,1,0.0
electrophile_2,ligand_10_AmPhos,base_5_CsF,solvent_1_MeCN,2,0.0
electrophile_2,ligand_10_AmPhos,base_5_CsF,solvent_2_MeOH,1,0.0
electrophile_2,ligand_10_AmPhos,base_5_CsF,solvent_2_MeOH,2,0.0
electrophile_2,ligand_10_AmPhos,base_5_CsF,solvent_3_THF,1,0.0
electrophile_2,ligand_10_AmPhos,base_5_CsF,solvent_3_THF,2,0.0
electrophile_2,ligand_10_AmPhos,base_5_CsF,solvent_4_DMF,1,0.0
electrophile_2,ligand_10_AmPhos,base_5_CsF,solvent_4_DMF,2,0.0
electrophile_2,ligand_10_AmPhos,base_6_Et3N,solvent_1_MeCN,1,0.0
electrophile_2,ligand_10_AmPhos,base_6_Et3N,solvent_1_MeCN,2,0.0
electrophile_2,ligand_10_AmPhos,base_6_Et3N,solvent_2_MeOH,1,0.0
electrophile_2,ligand_10_AmPhos,base_6_Et3N,solvent_2_MeOH,2,0.0
electrophile_2,ligand_10_AmPhos,base_6_Et3N,solvent_3_THF,1,0.0
electrophile_2,ligand_10_AmPhos,base_6_Et3N,solvent_3_THF,2,0.0
electrophile_2,ligand_10_AmPhos,base_6_Et3N,solvent_4_DMF,1,0.0
electrophile_2,ligand_10_AmPhos,base_6_Et3N,solvent_4_DMF,2,0.0
electrophile_2,ligand_10_AmPhos,base_7_NaHCO3,solvent_1_MeCN,1,0.0
electrophile_2,ligand_10_AmPhos,base_7_NaHCO3,solvent_1_MeCN,2,0.0
electrophile_2,ligand_10_AmPhos,base_7_NaHCO3,solvent_2_MeOH,1,0.36
electrophile_2,ligand_10_AmPhos,base_7_NaHCO3,solvent_2_MeOH,2,0.0
electrophile_2,ligand_10_AmPhos,base_7_NaHCO3,solvent_3_THF,1,8.69
electrophile_2,ligand_10_AmPhos,base_7_NaHCO3,solvent_3_THF,2,0.0
electrophile_2,ligand_10_AmPhos,base_7_NaHCO3,solvent_4_DMF,1,0.0
electrophile_2,ligand_10_AmPhos,base_7_NaHCO3,solvent_4_DMF,2,1.75
electrophile_2,ligand_10_AmPhos,base_8_KOAc,solvent_1_MeCN,1,0.0
electrophile_2,ligand_10_AmPhos,base_8_KOAc,solvent_1_MeCN,2,0.12
electrophile_2,ligand_10_AmPhos,base_8_KOAc,solvent_2_MeOH,1,0.0
electrophile_2,ligand_10_AmPhos,base_8_KOAc,solvent_2_MeOH,2,0.0
electrophile_2,ligand_10_AmPhos,base_8_KOAc,solvent_3_THF,1,0.0
electrophile_2,ligand_10_AmPhos,base_8_KOAc,solvent_3_THF,2,0.0
electrophile_2,ligand_10_AmPhos,base_8_KOAc,solvent_4_DMF,1,0.0
electrophile_2,ligand_10_AmPhos,base_8_KOAc,solvent_4_DMF,2,0.0
electrophile_2,ligand_11_CataCXium_A,base_1_NaOH,solvent_1_MeCN,1,0.98
electrophile_2,ligand_11_CataCXium_A,base_1_NaOH,solvent_1_MeCN,2,0.14
electrophile_2,ligand_11_CataCXium_A,base_1_NaOH,solvent_2_MeOH,1,0.0
electrophile_2,ligand_11_CataCXium_A,base_1_NaOH,solvent_2_MeOH,2,0.0
electrophile_2,ligand_11_CataCXium_A,base_1_NaOH,solvent_3_THF,1,1.76
electrophile_2,ligand_11_CataCXium_A,base_1_NaOH,solvent_3_THF,2,0.0
electrophile_2,ligand_11_CataCXium_A,base_1_NaOH,solvent_4_DMF,1,2.52
electrophile_2,ligand_11_CataCXium_A,base_1_NaOH,solvent_4_DMF,2,0.0
electrophile_2,ligand_11_CataCXium_A,base_2_KOH,solvent_1_MeCN,1,23.05
electrophile_2,ligand_11_CataCXium_A,base_2_KOH,solvent_1_MeCN,2,20.43
electrophile_2,ligand_11_CataCXium_A,base_2_KOH,solvent_2_MeOH,1,8.83
electrophile_2,ligand_11_CataCXium_A,base_2_KOH,solvent_2_MeOH,2,17.74
electrophile_2,ligand_11_CataCXium_A,base_2_KOH,solvent_3_THF,1,19.4
electrophile_2,ligand_11_CataCXium_A,base_2_KOH,solvent_3_THF,2,27.58
electrophile_2,ligand_11_CataCXium_A,base_2_KOH,solvent_4_DMF,1,21.31
electrophile_2,ligand_11_CataCXium_A,base_2_KOH,solvent_4_DMF,2,13.03
electrophile_2,ligand_11_CataCXium_A,base_3_K3PO4,solvent_1_MeCN,1,19.75
electrophile_2,ligand_11_CataCXium_A,base_3_K3PO4,solvent_1_MeCN,2,16.59
electrophile_2,ligand_11_CataCXium_A,base_3_K3PO4,solvent_2_MeOH,1,7.54
electrophile_2,ligand_11_CataCXium_A,base_3_K3PO4,solvent_2_MeOH,2,3.49
electrophile_2,ligand_11_CataCXium_A,base_3_K3PO4,solvent_3_THF,1,1.68
electrophile_2,ligand_11_CataCXium_A,base_3_K3PO4,solvent_3_THF,2,4.62
electrophile_2,ligand_11_CataCXium_A,base_3_K3PO4,solvent_4_DMF,1,10.06
electrophile_2,ligand_11_CataCXium_A,base_3_K3PO4,solvent_4_DMF,2,14.04
electrophile_2,ligand_11_CataCXium_A,base_4_K2CO3,solvent_1_MeCN,1,20.55
electrophile_2,ligand_11_CataCXium_A,base_4_K2CO3,solvent_1_MeCN,2,10.39
electrophile_2,ligand_11_CataCXium_A,base_4_K2CO3,solvent_2_MeOH,1,1.37
electrophile_2,ligand_11_CataCXium_A,base_4_K2CO3,solvent_2_MeOH,2,7.68
electrophile_2,ligand_11_CataCXium_A,base_4_K2CO3,solvent_3_THF,1,0.0
electrophile_2,ligand_11_CataCXium_A,base_4_K2CO3,solvent_3_THF,2,10.44
electrophile_2,ligand_11_CataCXium_A,base_4_K2CO3,solvent_4_DMF,1,6.23
electrophile_2,ligand_11_CataCXium_A,base_4_K2CO3,solvent_4_DMF,2,4.64
electrophile_2,ligand_11_CataCXium_A,base_5_CsF,solvent_1_MeCN,1,0.0
electrophile_2,ligand_11_CataCXium_A,base_5_CsF,solvent_1_MeCN,2,3.46
electrophile_2,ligand_11_CataCXium_A,base_5_CsF,solvent_2_MeOH,1,0.0
electrophile_2,ligand_11_CataCXium_A,base_5_CsF,solvent_2_MeOH,2,0.0
electrophile_2,ligand_11_CataCXium_A,base_5_CsF,solvent_3_THF,1,0.0
electrophile_2,ligand_11_CataCXium_A,base_5_CsF,solvent_3_THF,2,0.0
electrophile_2,ligand_11_CataCXium_A,base_5_CsF,solvent_4_DMF,1,3.89
electrophile_2,ligand_11_CataCXium_A,base_5_CsF,solvent_4_DMF,2,3.33
electrophile_2,ligand_11_CataCXium_A,base_6_Et3N,solvent_1_MeCN,1,5.65
electrophile_2,ligand_11_CataCXium_A,base_6_Et3N,solvent_1_MeCN,2,4.92
electrophile_2,ligand_11_CataCXium_A,base_6_Et3N,solvent_2_MeOH,1,4.42
electrophile_2,ligand_11_CataCXium_A,base_6_Et3N,solvent_2_MeOH,2,0.0
electrophile_2,ligand_11_CataCXium_A,base_6_Et3N,solvent_3_THF,1,5.44
electrophile_2,ligand_11_CataCXium_A,base_6_Et3N,solvent_3_THF,2,7.76
electrophile_2,ligand_11_CataCXium_A,base_6_Et3N,solvent_4_DMF,1,8.21
electrophile_2,ligand_11_CataCXium_A,base_6_Et3N,solvent_4_DMF,2,1.57
electrophile_2,ligand_11_CataCXium_A,base_7_NaHCO3,solvent_1_MeCN,1,12.16
electrophile_2,ligand_11_CataCXium_A,base_7_NaHCO3,solvent_1_MeCN,2,8.79
electrophile_2,ligand_11_CataCXium_A,base_7_NaHCO3,solvent_2_MeOH,1,3.19
electrophile_2,ligand_11_CataCXium_A,base_7_NaHCO3,solvent_2_MeOH,2,6.19
electrophile_2,ligand_11_CataCXium_A,base_7_NaHCO3,solvent_3_THF,1,11.01
electrophile_2,ligand_11_CataCXium_A,base_7_NaHCO3,solvent_3_THF,2,13.74
electrophile_2,ligand_11_CataCXium_A,base_7_NaHCO3,solvent_4_DMF,1,3.3
electrophile_2,ligand_11_CataCXium_A,base_7_NaHCO3,solvent_4_DMF,2,14.78
electrophile_2,ligand_11_CataCXium_A,base_8_KOAc,solvent_1_MeCN,1,1.73
electrophile_2,ligand_11_CataCXium_A,base_8_KOAc,solvent_1_MeCN,2,2.98
electrophile_2,ligand_11_CataCXium_A,base_8_KOAc,solvent_2_MeOH,1,0.0
electrophile_2,ligand_11_CataCXium_A,base_8_KOAc,solvent_2_MeOH,2,0.0
electrophile_2,ligand_11_CataCXium_A,base_8_KOAc,solvent_3_THF,1,3.5
electrophile_2,ligand_11_CataCXium_A,base_8_KOAc,solvent_3_THF,2,2.76
electrophile_2,ligand_11_CataCXium_A,base_8_KOAc,solvent_4_DMF,1,0.0
electrophile_2,ligand_11_CataCXium_A,base_8_KOAc,solvent_4_DMF,2,0.0
electrophile_2,ligand_12_None,base_1_NaOH,solvent_1_MeCN,1,0.0
electrophile_2,ligand_12_None,base_1_NaOH,solvent_1_MeCN,2,0.0
electrophile_2,ligand_12_None,base_1_NaOH,solvent_2_MeOH,1,0.0
electrophile_2,ligand_12_None,base_1_NaOH,solvent_2_MeOH,2,0.0
electrophile_2,ligand_12_None,base_1_NaOH,solvent_3_THF,1,0.0
electrophile_2,ligand_12_None,base_1_NaOH,solvent_3_THF,2,0.0
electrophile_2,ligand_12_None,base_1_NaOH,solvent_4_DMF,1,0.0
electrophile_2,ligand_12_None,base_1_NaOH,solvent_4_DMF,2,0.0
electrophile_2,ligand_12_None,base_2_KOH,solvent_1_MeCN,1,11.61
electrophile_2,ligand_12_None,base_2_KOH,solvent_1_MeCN,2,3.72
electrophile_2,ligand_12_None,base_2_KOH,solvent_2_MeOH,1,11.76
electrophile_2,ligand_12_None,base_2_KOH,solvent_2_MeOH,2,2.26
electrophile_2,ligand_12_None,base_2_KOH,solvent_3_THF,1,3.74
electrophile_2,ligand_12_None,base_2_KOH,solvent_3_THF,2,8.79
electrophile_2,ligand_12_None,base_2_KOH,solvent_4_DMF,1,11.67
electrophile_2,ligand_12_None,base_2_KOH,solvent_4_DMF,2,0.85
electrophile_2,ligand_12_None,base_3_K3PO4,solvent_1_MeCN,1,0.0
electrophile_2,ligand_12_None,base_3_K3PO4,solvent_1_MeCN,2,0.41
electrophile_2,ligand_12_None,base_3_K3PO4,solvent_2_MeOH,1,0.0
electrophile_2,ligand_12_None,base_3_K3PO4,solvent_2_MeOH,2,0.0
electrophile_2,ligand_12_None,base_3_K3PO4,solvent_3_THF,1,0.0
electrophile_2,ligand_12_None,base_3_K3PO4,solvent_3_THF,2,0.0
electrophile_2,ligand_12_None,base_3_K3PO4,solvent_4_DMF,1,0.0
electrophile_2,ligand_12_None,base_3_K3PO4,solvent_4_DMF,2,0.0
electrophile_2,ligand_12_None,base_4_K2CO3,solvent_1_MeCN,1,0.0
electrophile_2,ligand_12_None,base_4_K2CO3,solvent_1_MeCN,2,2.79
electrophile_2,ligand_12_None,base_4_K2CO3,solvent_2_MeOH,1,0.0
electrophile_2,ligand_12_None,base_4_K2CO3,solvent_2_MeOH,2,0.0
electrophile_2,ligand_12_None,base_4_K2CO3,solvent_3_THF,1,0.0
electrophile_2,ligand_12_None,base_4_K2CO3,solvent_3_THF,2,0.0
electrophile_2,ligand_12_None,base_4_K2CO3,solvent_4_DMF,1,5.03
electrophile_2,ligand_12_None,base_4_K2CO3,solvent_4_DMF,2,0.0
electrophile_2,ligand_12_None,base_5_CsF,solvent_1_MeCN,1,0.0
electrophile_2,ligand_12_None,base_5_CsF,solvent_1_MeCN,2,0.0
electrophile_2,ligand_12_None,base_5_CsF,solvent_2_MeOH,1,0.0
electrophile_2,ligand_12_None,base_5_CsF,solvent_2_MeOH,2,0.0
electrophile_2,ligand_12_None,base_5_CsF,solvent_3_THF,1,0.0
electrophile_2,ligand_12_None,base_5_CsF,solvent_3_THF,2,0.0
electrophile_2,ligand_12_None,base_5_CsF,solvent_4_DMF,1,0.0
electrophile_2,ligand_12_None,base_5_CsF,solvent_4_DMF,2,0.0
electrophile_2,ligand_12_None,base_6_Et3N,solvent_1_MeCN,1,3.84
electrophile_2,ligand_12_None,base_6_Et3N,solvent_1_MeCN,2,0.0
electrophile_2,ligand_12_None,base_6_Et3N,solvent_2_MeOH,1,0.0
electrophile_2,ligand_12_None,base_6_Et3N,solvent_2_MeOH,2,0.0
electrophile_2,ligand_12_None,base_6_Et3N,solvent_3_THF,1,0.0
electrophile_2,ligand_12_None,base_6_Et3N,solvent_3_THF,2,0.0
electrophile_2,ligand_12_None,base_6_Et3N,solvent_4_DMF,1,0.0
electrophile_2,ligand_12_None,base_6_Et3N,solvent_4_DMF,2,0.0
electrophile_2,ligand_12_None,base_7_NaHCO3,solvent_1_MeCN,1,16.92
electrophile_2,ligand_12_None,base_7_NaHCO3,solvent_1_MeCN,2,2.45
electrophile_2,ligand_12_None,base_7_NaHCO3,solvent_2_MeOH,1,0.0
electrophile_2,ligand_12_None,base_7_NaHCO3,solvent_2_MeOH,2,0.0
electrophile_2,ligand_12_None,base_7_NaHCO3,solvent_3_THF,1,2.69
electrophile_2,ligand_12_None,base_7_NaHCO3,solvent_3_THF,2,0.0
electrophile_2,ligand_12_None,base_7_NaHCO3,solvent_4_DMF,1,0.0
electrophile_2,ligand_12_None,base_7_NaHCO3,solvent_4_DMF,2,0.0
electrophile_2,ligand_12_None,base_8_KOAc,solvent_1_MeCN,1,0.0
electrophile_2,ligand_12_None,base_8_KOAc,solvent_1_MeCN,2,0.23
electrophile_2,ligand_12_None,base_8_KOAc,solvent_2_MeOH,1,0.0
electrophile_2,ligand_12_None,base_8_KOAc,solvent_2_MeOH,2,0.0
electrophile_2,ligand_12_None,base_8_KOAc,solvent_3_THF,1,0.0
electrophile_2,ligand_12_None,base_8_KOAc,solvent_3_THF,2,0.0
electrophile_2,ligand_12_None,base_8_KOAc,solvent_4_DMF,1,0.0
electrophile_2,ligand_12_None,base_8_KOAc,solvent_4_DMF,2,0.0
electrophile_3,ligand_1_XPhos,base_1_NaOH,solvent_1_MeCN,1,7.58
electrophile_3,ligand_1_XPhos,base_1_NaOH,solvent_1_MeCN,2,8.59
electrophile_3,ligand_1_XPhos,base_1_NaOH,solvent_2_MeOH,1,11.1
electrophile_3,ligand_1_XPhos,base_1_NaOH,solvent_2_MeOH,2,4.28
electrophile_3,ligand_1_XPhos,base_1_NaOH,solvent_3_THF,1,5.79
electrophile_3,ligand_1_XPhos,base_1_NaOH,solvent_3_THF,2,3.03
electrophile_3,ligand_1_XPhos,base_1_NaOH,solvent_4_DMF,1,8.07
electrophile_3,ligand_1_XPhos,base_1_NaOH,solvent_4_DMF,2,16.26
electrophile_3,ligand_1_XPhos,base_2_KOH,solvent_1_MeCN,1,29.5
electrophile_3,ligand_1_XPhos,base_2_KOH,solvent_1_MeCN,2,34.96
electrophile_3,ligand_1_XPhos,base_2_KOH,solvent_2_MeOH,1,36.04
electrophile_3,ligand_1_XPhos,base_2_KOH,solvent_2_MeOH,2,28.58
electrophile_3,ligand_1_XPhos,base_2_KOH,solvent_3_THF,1,33.09
electrophile_3,ligand_1_XPhos,base_2_KOH,solvent_3_THF,2,25.52
electrophile_3,ligand_1_XPhos,base_2_KOH,solvent_4_DMF,1,31.11
electrophile_3,ligand_1_XPhos,base_2_KOH,solvent_4_DMF,2,28.04
electrophile_3,ligand_1_XPhos,base_3_K3PO4,solvent_1_MeCN,1,100.0
electrophile_3,ligand_1_XPhos,base_3_K3PO4,solvent_1_MeCN,2,100.0
electrophile_3,ligand_1_XPhos,base_3_K3PO4,solvent_2_MeOH,1,39.02
electrophile_3,ligand_1_XPhos,base_3_K3PO4,solvent_2_MeOH,2,34.31
electrophile_3,ligand_1_XPhos,base_3_K3PO4,solvent_3_THF,1,35.78
electrophile_3,ligand_1_XPhos,base_3_K3PO4,solvent_3_THF,2,42.81
electrophile_3,ligand_1_XPhos,base_3_K3PO4,solvent_4_DMF,1,98.42
electrophile_3,ligand_1_XPhos,base_3_K3PO4,solvent_4_DMF,2,68.65
electrophile_3,ligand_1_XPhos,base_4_K2CO3,solvent_1_MeCN,1,89.06
electrophile_3,ligand_1_XPhos,base_4_K2CO3,solvent_1_MeCN,2,83.43
electrophile_3,ligand_1_XPhos,base_4_K2CO3,solvent_2_MeOH,1,37.96
electrophile_3,ligand_1_XPhos,base_4_K2CO3,solvent_2_MeOH,2,40.97
electrophile_3,ligand_1_XPhos,base_4_K2CO3,solvent_3_THF,1,34.75
electrophile_3,ligand_1_XPhos,base_4_K2CO3,solvent_3_THF,2,40.34
electrophile_3,ligand_1_XPhos,base_4_K2CO3,solvent_4_DMF,1,85.65
electrophile_3,ligand_1_XPhos,base_4_K2CO3,solvent_4_DMF,2,100.0
electrophile_3,ligand_1_XPhos,base_5_CsF,solvent_1_MeCN,1,9.55
electrophile_3,ligand_1_XPhos,base_5_CsF,solvent_1_MeCN,2,13.73
electrophile_3,ligand_1_XPhos,base_5_CsF,solvent_2_MeOH,1,5.73
electrophile_3,ligand_1_XPhos,base_5_CsF,solvent_2_MeOH,2,1.34
electrophile_3,ligand_1_XPhos,base_5_CsF,solvent_3_THF,1,9.33
electrophile_3,ligand_1_XPhos,base_5_CsF,solvent_3_THF,2,1.81
electrophile_3,ligand_1_XPhos,base_5_CsF,solvent_4_DMF,1,11.79
electrophile_3,ligand_1_XPhos,base_5_CsF,solvent_4_DMF,2,3.52
electrophile_3,ligand_1_XPhos,base_6_Et3N,solvent_1_MeCN,1,19.76
electrophile_3,ligand_1_XPhos,base_6_Et3N,solvent_1_MeCN,2,20.17
electrophile_3,ligand_1_XPhos,base_6_Et3N,solvent_2_MeOH,1,11.6
electrophile_3,ligand_1_XPhos,base_6_Et3N,solvent_2_MeOH,2,15.83
electrophile_3,ligand_1_XPhos,base_6_Et3N,solvent_3_THF,1,12.38
electrophile_3,ligand_1_XPhos,base_6_Et3N,solvent_3_THF,2,19.11
electrophile_3,ligand_1_XPhos,base_6_Et3N,solvent_4_DMF,1,6.16
electrophile_3,ligand_1_XPhos,base_6_Et3N,solvent_4_DMF,2,13.52
electrophile_3,ligand_1_XPhos,base_7_NaHCO3,solvent_1_MeCN,1,33.69
electrophile_3,ligand_1_XPhos,base_7_NaHCO3,solvent_1_MeCN,2,19.0
electrophile_3,ligand_1_XPhos,base_7_NaHCO3,solvent_2_MeOH,1,14.75
electrophile_3,ligand_1_XPhos,base_7_NaHCO3,solvent_2_MeOH,2,20.71
electrophile_3,ligand_1_XPhos,base_7_NaHCO3,solvent_3_THF,1,20.89
electrophile_3,ligand_1_XPhos,base_7_NaHCO3,solvent_3_THF,2,21.75
electrophile_3,ligand_1_XPhos,base_7_NaHCO3,solvent_4_DMF,1,20.58
electrophile_3,ligand_1_XPhos,base_7_NaHCO3,solvent_4_DMF,2,21.31
electrophile_3,ligand_1_XPhos,base_8_KOAc,solvent_1_MeCN,1,19.45
electrophile_3,ligand_1_XPhos,base_8_KOAc,solvent_1_MeCN,2,15.95
electrophile_3,ligand_1_XPhos,base_8_KOAc,solvent_2_MeOH,1,6.84
electrophile_3,ligand_1_XPhos,base_8_KOAc,solvent_2_MeOH,2,11.41
electrophile_3,ligand_1_XPhos,base_8_KOAc,solvent_3_THF,1,19.4
electrophile_3,ligand_1_XPhos,base_8_KOAc,solvent_3_THF,2,9.23
electrophile_3,ligand_1_XPhos,base_8_KOAc,solvent_4_DMF,1,3.17
electrophile_3,ligand_1_XPhos,base_8_KOAc,solvent_4_DMF,2,13.57
electrophile_3,ligand_2_SPhos,base_1_NaOH,solvent_1_MeCN,1,0.0
electrophile_3,ligand_2_SPhos,base_1_NaOH,solvent_1_MeCN,2,0.0
electrophile_3,ligand_2_SPhos,base_1_NaOH,solvent_2_MeOH,1,0.0
electrophile_3,ligand_2_SPhos,base_1_NaOH,solvent_2_MeOH,2,0.0
electrophile_3,ligand_2_SPhos,base_1_NaOH,solvent_3_THF,1,0.0
electrophile_3,ligand_2_SPhos,base_1_NaOH,solvent_3_THF,2,0.0
electrophile_3,ligand_2_SPhos,base_1_NaOH,solvent_4_DMF,1,0.0
electrophile_3,ligand_2_SPhos,base_1_NaOH,solvent_4_DMF,2,0.0
electrophile_3,ligand_2_SPhos,base_2_KOH,solvent_1_MeCN,1,20.29
electrophile_3,ligand_2_SPhos,base_2_KOH,solvent_1_MeCN,2,25.03
electrophile_3,ligand_2_SPhos,base_2_KOH,solvent_2_MeOH,1,15.31
electrophile_3,ligand_2_SPhos,base_2_KOH,solvent_2_MeOH,2,20.3
electrophile_3,ligand_2_SPhos,base_2_KOH,solvent_3_THF,1,21.54
electrophile_3,ligand_2_SPhos,base_2_KOH,solvent_3_THF,2,13.78
electrophile_3,ligand_2_SPhos,base_2_KOH,solvent_4_DMF,1,22.03
electrophile_3,ligand_2_SPhos,base_2_KOH,solvent_4_DMF,2,13.92
electrophile_3,ligand_2_SPhos,base_3_K3PO4,solvent_1_MeCN,1,12.98
electrophile_3,ligand_2_SPhos,base_3_K3PO4,solvent_1_MeCN,2,10.77
electrophile_3,ligand_2_SPhos,base_3_K3PO4,solvent_2_MeOH,1,12.27
electrophile_3,ligand_2_SPhos,base_3_K3PO4,solvent_2_MeOH,2,1.96
electrophile_3,ligand_2_SPhos,base_3_K3PO4,solvent_3_THF,1,3.18
electrophile_3,ligand_2_SPhos,base_3_K3PO4,solvent_3_THF,2,4.83
electrophile_3,ligand_2_SPhos,base_3_K3PO4,solvent_4_DMF,1,1.55
electrophile_3,ligand_2_SPhos,base_3_K3PO4,solvent_4_DMF,2,7.07
electrophile_3,ligand_2_SPhos,base_4_K2CO3,solvent_1_MeCN,1,3.2
electrophile_3,ligand_2_SPhos,base_4_K2CO3,solvent_1_MeCN,2,6.01
electrophile_3,ligand_2_SPhos,base_4_K2CO3,solvent_2_MeOH,1,0.08
electrophile_3,ligand_2_SPhos,base_4_K2CO3,solvent_2_MeOH,2,10.17
electrophile_3,ligand_2_SPhos,base_4_K2CO3,solvent_3_THF,1,15.83
electrophile_3,ligand_2_SPhos,base_4_K2CO3,solvent_3_THF,2,6.75
electrophile_3,ligand_2_SPhos,base_4_K2CO3,solvent_4_DMF,1,4.57
electrophile_3,ligand_2_SPhos,base_4_K2CO3,solvent_4_DMF,2,5.77
electrophile_3,ligand_2_SPhos,base_5_CsF,solvent_1_MeCN,1,5.15
electrophile_3,ligand_2_SPhos,base_5_CsF,solvent_1_MeCN,2,0.0
electrophile_3,ligand_2_SPhos,base_5_CsF,solvent_2_MeOH,1,0.0
electrophile_3,ligand_2_SPhos,base_5_CsF,solvent_2_MeOH,2,0.0
electrophile_3,ligand_2_SPhos,base_5_CsF,solvent_3_THF,1,0.0
electrophile_3,ligand_2_SPhos,base_5_CsF,solvent_3_THF,2,0.0
electrophile_3,ligand_2_SPhos,base_5_CsF,solvent_4_DMF,1,0.0
electrophile_3,ligand_2_SPhos,base_5_CsF,solvent_4_DMF,2,0.0
electrophile_3,ligand_2_SPhos,base_6_Et3N,solvent_1_MeCN,1,9.78
electrophile_3,ligand_2_SPhos,base_6_Et3N,solvent_1_MeCN,2,3.12
electrophile_3,ligand_2_SPhos,base_6_Et3N,solvent_2_MeOH,1,0.0
electrophile_3,ligand_2_SPhos,base_6_Et3N,solvent_2_MeOH,2,3.08
electrophile_3,ligand_2_SPhos,base_6_Et3N,solvent_3_THF,1,9.25
electrophile_3,ligand_2_SPhos,base_6_Et3N,solvent_3_THF,2,1.69
electrophile_3,ligand_2_SPhos,base_6_Et3N,solvent_4_DMF,1,5.29
electrophile_3,ligand_2_SPhos,base_6_Et3N,solvent_4_DMF,2,8.58
electrophile_3,ligand_2_SPhos,base_7_NaHCO3,solvent_1_MeCN,1,18.2
electrophile_3,ligand_2_SPhos,base_7_NaHCO3,solvent_1_MeCN,2,19.83
electrophile_3,ligand_2_SPhos,base_7_NaHCO3,solvent_2_MeOH,1,9.48
electrophile_3,ligand_2_SPhos,base_7_NaHCO3,solvent_2_MeOH,2,6.15
electrophile_3,ligand_2_SPhos,base_7_NaHCO3,solvent_3_THF,1,0.0
electrophile_3,ligand_2_SPhos,base_7_NaHCO3,solvent_3_THF,2,6.39
electrophile_3,ligand_2_SPhos,base_7_NaHCO3,solvent_4_DMF,1,1.55
electrophile_3,ligand_2_SPhos,base_7_NaHCO3,solvent_4_DMF,2,16.62
electrophile_3,ligand_2_SPhos,base_8_KOAc,solvent_1_MeCN,1,0.65
electrophile_3,ligand_2_SPhos,base_8_KOAc,solvent_1_MeCN,2,2.15
electrophile_3,ligand_2_SPhos,base_8_KOAc,solvent_2_MeOH,1,0.0
electrophile_3,ligand_2_SPhos,base_8_KOAc,solvent_2_MeOH,2,0.0
electrophile_3,ligand_2_SPhos,base_8_KOAc,solvent_3_THF,1,6.0
electrophile_3,ligand_2_SPhos,base_8_KOAc,solvent_3_THF,2,0.0
electrophile_3,ligand_2_SPhos,base_8_KOAc,solvent_4_DMF,1,0.0
electrophile_3,ligand_2_SPhos,base_8_KOAc,solvent_4_DMF,2,0.0
electrophile_3,ligand_3_dppf,base_1_NaOH,solvent_1_MeCN,1,2.96
electrophile_3,ligand_3_dppf,base_1_NaOH,solvent_1_MeCN,2,6.5
electrophile_3,ligand_3_dppf,base_1_NaOH,solvent_2_MeOH,1,3.52
electrophile_3,ligand_3_dppf,base_1_NaOH,solvent_2_MeOH,2,1.56
electrophile_3,ligand_3_dppf,base_1_NaOH,solvent_3_THF,1,2.1
electrophile_3,ligand_3_dppf,base_1_NaOH,solvent_3_THF,2,0.0
electrophile_3,ligand_3_dppf,base_1_NaOH,solvent_4_DMF,1,3.28
electrophile_3,ligand_3_dppf,base_1_NaOH,solvent_4_DMF,2,0.0
electrophile_3,ligand_3_dppf,base_2_KOH,solvent_1_MeCN,1,36.39
electrophile_3,ligand_3_dppf,base_2_KOH,solvent_1_MeCN,2,33.0
electrophile_3,ligand_3_dppf,base_2_KOH,solvent_2_MeOH,1,19.44
electrophile_3,ligand_3_dppf,base_2_KOH,solvent_2_MeOH,2,25.18
electrophile_3,ligand_3_dppf,base_2_KOH,solvent_3_THF,1,24.82
electrophile_3,ligand_3_dppf,base_2_KOH,solvent_3_THF,2,30.18
electrophile_3,ligand_3_dppf,base_2_KOH,solvent_4_DMF,1,33.42
electrophile_3,ligand_3_dppf,base_2_KOH,solvent_4_DMF,2,17.35
electrophile_3,ligand_3_dppf,base_3_K3PO4,solvent_1_MeCN,1,19.63
electrophile_3,ligand_3_dppf,base_3_K3PO4,solvent_1_MeCN,2,18.25
electrophile_3,ligand_3_dppf,base_3_K3PO4,solvent_2_MeOH,1,16.55
electrophile_3,ligand_3_dppf,base_3_K3PO4,solvent_2_MeOH,2,14.26
electrophile_3,ligand_3_dppf,base_3_K3PO4,solvent_3_THF,1,11.29
electrophile_3,ligand_3_dppf,base_3_K3PO4,solvent_3_THF,2,13.46
electrophile_3,ligand_3_dppf,base_3_K3PO4,solvent_4_DMF,1,9.21
electrophile_3,ligand_3_dppf,base_3_K3PO4,solvent_4_DMF,2,18.57
electrophile_3,ligand_3_dppf,base_4_K2CO3,solvent_1_MeCN,1,21.51
electrophile_3,ligand_3_dppf,base_4_K2CO3,solvent_1_MeCN,2,30.91
electrophile_3,ligand_3_dppf,base_4_K2CO3,solvent_2_MeOH,1,15.24
electrophile_3,ligand_3_dppf,base_4_K2CO3,solvent_2_MeOH,2,12.0
electrophile_3,ligand_3_dppf,base_4_K2CO3,solvent_3_THF,1,9.83
electrophile_3,ligand_3_dppf,base_4_K2CO3,solvent_3_THF,2,8.38
electrophile_3,ligand_3_dppf,base_4_K2CO3,solvent_4_DMF,1,7.62
electrophile_3,ligand_3_dppf,base_4_K2CO3,solvent_4_DMF,2,16.87
electrophile_3,ligand_3_dppf,base_5_CsF,solvent_1_MeCN,1,12.01
electrophile_3,ligand_3_dppf,base_5_CsF,solvent_1_MeCN,2,1.56
electrophile_3,ligand_3_dppf,base_5_CsF,solvent_2_MeOH,1,8.08
electrophile_3,ligand_3_dppf,base_5_CsF,solvent_2_MeOH,2,1.19
electrophile_3,ligand_3_dppf,base_5_CsF,solvent_3_THF,1,6.19
electrophile_3,ligand_3_dppf,base_5_CsF,solvent_3_THF,2,13.52
electrophile_3,ligand_3_dppf,base_5_CsF,solvent_4_DMF,1,8.08
electrophile_3,ligand_3_dppf,base_5_CsF,solvent_4_DMF,2,2.26
electrophile_3,ligand_3_dppf,base_6_Et3N,solvent_1_MeCN,1,12.05
electrophile_3,ligand_3_dppf,base_6_Et3N,solvent_1_MeCN,2,5.75
electrophile_3,ligand_3_dppf,base_6_Et3N,solvent_2_MeOH,1,7.05
electrophile_3,ligand_3_dppf,base_6_Et3N,solvent_2_MeOH,2,9.59
electrophile_3,ligand_3_dppf,base_6_Et3N,solvent_3_THF,1,7.57
electrophile_3,ligand_3_dppf,base_6_Et3N,solvent_3_THF,2,11.85
electrophile_3,ligand_3_dppf,base_6_Et3N,solvent_4_DMF,1,11.03
electrophile_3,ligand_3_dppf,base_6_Et3N,solvent_4_DMF,2,9.52
electrophile_3,ligand_3_dppf,base_7_NaHCO3,solvent_1_MeCN,1,18.5
electrophile_3,ligand_3_dppf,base_7_NaHCO3,solvent_1_MeCN,2,22.59
electrophile_3,ligand_3_dppf,base_7_NaHCO3,solvent_2_MeOH,1,18.1
electrophile_3,ligand_3_dppf,base_7_NaHCO3,solvent_2_MeOH,2,10.44
electrophile_3,ligand_3_dppf,base_7_NaHCO3,solvent_3_THF,1,24.8
electrophile_3,ligand_3_dppf,base_7_NaHCO3,solvent_3_THF,2,17.25
electrophile_3,ligand_3_dppf,base_7_NaHCO3,solvent_4_DMF,1,15.98
electrophile_3,ligand_3_dppf,base_7_NaHCO3,solvent_4_DMF,2,19.43
electrophile_3,ligand_3_dppf,base_8_KOAc,solvent_1_MeCN,1,12.82
electrophile_3,ligand_3_dppf,base_8_KOAc,solvent_1_MeCN,2,16.42
electrophile_3,ligand_3_dppf,base_8_KOAc,solvent_2_MeOH,1,7.23
electrophile_3,ligand_3_dppf,base_8_KOAc,solvent_2_MeOH,2,2.73
electrophile_3,ligand_3_dppf,base_8_KOAc,solvent_3_THF,1,9.46
electrophile_3,ligand_3_dppf,base_8_KOAc,solvent_3_THF,2,1.93
electrophile_3,ligand_3_dppf,base_8_KOAc,solvent_4_DMF,1,6.33
electrophile_3,ligand_3_dppf,base_8_KOAc,solvent_4_DMF,2,5.62
electrophile_3,ligand_4_P(Ph)3,base_1_NaOH,solvent_1_MeCN,1,0.0
electrophile_3,ligand_4_P(Ph)3,base_1_NaOH,solvent_1_MeCN,2,0.0
electrophile_3,ligand_4_P(Ph)3,base_1_NaOH,solvent_2_MeOH,1,0.0
electrophile_3,ligand_4_P(Ph)3,base_1_NaOH,solvent_2_MeOH,2,0.0
electrophile_3,ligand_4_P(Ph)3,base_1_NaOH,solvent_3_THF,1,0.0
electrophile_3,ligand_4_P(Ph)3,base_1_NaOH,solvent_3_THF,2,0.0
electrophile_3,ligand_4_P(Ph)3,base_1_NaOH,solvent_4_DMF,1,0.0
electrophile_3,ligand_4_P(Ph)3,base_1_NaOH,solvent_4_DMF,2,0.0
electrophile_3,ligand_4_P(Ph)3,base_2_KOH,solvent_1_MeCN,1,18.2
electrophile_3,ligand_4_P(Ph)3,base_2_KOH,solvent_1_MeCN,2,27.37
electrophile_3,ligand_4_P(Ph)3,base_2_KOH,solvent_2_MeOH,1,18.8
electrophile_3,ligand_4_P(Ph)3,base_2_KOH,solvent_2_MeOH,2,13.44
electrophile_3,ligand_4_P(Ph)3,base_2_KOH,solvent_3_THF,1,27.4
electrophile_3,ligand_4_P(Ph)3,base_2_KOH,solvent_3_THF,2,12.55
electrophile_3,ligand_4_P(Ph)3,base_2_KOH,solvent_4_DMF,1,21.26
electrophile_3,ligand_4_P(Ph)3,base_2_KOH,solvent_4_DMF,2,21.67
electrophile_3,ligand_4_P(Ph)3,base_3_K3PO4,solvent_1_MeCN,1,5.64
electrophile_3,ligand_4_P(Ph)3,base_3_K3PO4,solvent_1_MeCN,2,15.96
electrophile_3,ligand_4_P(Ph)3,base_3_K3PO4,solvent_2_MeOH,1,1.89
electrophile_3,ligand_4_P(Ph)3,base_3_K3PO4,solvent_2_MeOH,2,4.58
electrophile_3,ligand_4_P(Ph)3,base_3_K3PO4,solvent_3_THF,1,6.29
electrophile_3,ligand_4_P(Ph)3,base_3_K3PO4,solvent_3_THF,2,4.32
electrophile_3,ligand_4_P(Ph)3,base_3_K3PO4,solvent_4_DMF,1,7.18
electrophile_3,ligand_4_P(Ph)3,base_3_K3PO4,solvent_4_DMF,2,7.1
electrophile_3,ligand_4_P(Ph)3,base_4_K2CO3,solvent_1_MeCN,1,2.6
electrophile_3,ligand_4_P(Ph)3,base_4_K2CO3,solvent_1_MeCN,2,17.86
electrophile_3,ligand_4_P(Ph)3,base_4_K2CO3,solvent_2_MeOH,1,0.0
electrophile_3,ligand_4_P(Ph)3,base_4_K2CO3,solvent_2_MeOH,2,10.65
electrophile_3,ligand_4_P(Ph)3,base_4_K2CO3,solvent_3_THF,1,12.97
electrophile_3,ligand_4_P(Ph)3,base_4_K2CO3,solvent_3_THF,2,1.88
electrophile_3,ligand_4_P(Ph)3,base_4_K2CO3,solvent_4_DMF,1,3.42
electrophile_3,ligand_4_P(Ph)3,base_4_K2CO3,solvent_4_DMF,2,0.0
electrophile_3,ligand_4_P(Ph)3,base_5_CsF,solvent_1_MeCN,1,0.0
electrophile_3,ligand_4_P(Ph)3,base_5_CsF,solvent_1_MeCN,2,0.0
electrophile_3,ligand_4_P(Ph)3,base_5_CsF,solvent_2_MeOH,1,0.0
electrophile_3,ligand_4_P(Ph)3,base_5_CsF,solvent_2_MeOH,2,0.1
electrophile_3,ligand_4_P(Ph)3,base_5_CsF,solvent_3_THF,1,2.38
electrophile_3,ligand_4_P(Ph)3,base_5_CsF,solvent_3_THF,2,0.0
electrophile_3,ligand_4_P(Ph)3,base_5_CsF,solvent_4_DMF,1,0.0
electrophile_3,ligand_4_P(Ph)3,base_5_CsF,solvent_4_DMF,2,0.0
electrophile_3,ligand_4_P(Ph)3,base_6_Et3N,solvent_1_MeCN,1,2.42
electrophile_3,ligand_4_P(Ph)3,base_6_Et3N,solvent_1_MeCN,2,11.27
electrophile_3,ligand_4_P(Ph)3,base_6_Et3N,solvent_2_MeOH,1,8.67
electrophile_3,ligand_4_P(Ph)3,base_6_Et3N,solvent_2_MeOH,2,0.0
electrophile_3,ligand_4_P(Ph)3,base_6_Et3N,solvent_3_THF,1,0.0
electrophile_3,ligand_4_P(Ph)3,base_6_Et3N,solvent_3_THF,2,2.31
electrophile_3,ligand_4_P(Ph)3,base_6_Et3N,solvent_4_DMF,1,1.98
electrophile_3,ligand_4_P(Ph)3,base_6_Et3N,solvent_4_DMF,2,0.0
electrophile_3,ligand_4_P(Ph)3,base_7_NaHCO3,solvent_1_MeCN,1,13.81
electrophile_3,ligand_4_P(Ph)3,base_7_NaHCO3,solvent_1_MeCN,2,9.32
electrophile_3,ligand_4_P(Ph)3,base_7_NaHCO3,solvent_2_MeOH,1,5.76
electrophile_3,ligand_4_P(Ph)3,base_7_NaHCO3,solvent_2_MeOH,2,8.56
electrophile_3,ligand_4_P(Ph)3,base_7_NaHCO3,solvent_3_THF,1,7.72
electrophile_3,ligand_4_P(Ph)3,base_7_NaHCO3,solvent_3_THF,2,5.5
electrophile_3,ligand_4_P(Ph)3,base_7_NaHCO3,solvent_4_DMF,1,5.28
electrophile_3,ligand_4_P(Ph)3,base_7_NaHCO3,solvent_4_DMF,2,5.38
electrophile_3,ligand_4_P(Ph)3,base_8_KOAc,solvent_1_MeCN,1,0.0
electrophile_3,ligand_4_P(Ph)3,base_8_KOAc,solvent_1_MeCN,2,0.3
electrophile_3,ligand_4_P(Ph)3,base_8_KOAc,solvent_2_MeOH,1,3.73
electrophile_3,ligand_4_P(Ph)3,base_8_KOAc,solvent_2_MeOH,2,0.0
electrophile_3,ligand_4_P(Ph)3,base_8_KOAc,solvent_3_THF,1,0.0
electrophile_3,ligand_4_P(Ph)3,base_8_KOAc,solvent_3_THF,2,1.07
electrophile_3,ligand_4_P(Ph)3,base_8_KOAc,solvent_4_DMF,1,0.0
electrophile_3,ligand_4_P(Ph)3,base_8_KOAc,solvent_4_DMF,2,1.59
electrophile_3,ligand_5_P(Cy)3,base_1_NaOH,solvent_1_MeCN,1,1.33
electrophile_3,ligand_5_P(Cy)3,base_1_NaOH,solvent_1_MeCN,2,0.0
electrophile_3,ligand_5_P(Cy)3,base_1_NaOH,solvent_2_MeOH,1,0.0
electrophile_3,ligand_5_P(Cy)3,base_1_NaOH,solvent_2_MeOH,2,0.0
electrophile_3,ligand_5_P(Cy)3,base_1_NaOH,solvent_3_THF,1,0.0
electrophile_3,ligand_5_P(Cy)3,base_1_NaOH,solvent_3_THF,2,0.0
electrophile_3,ligand_5_P(Cy)3,base_1_NaOH,solvent_4_DMF,1,0.0
electrophile_3,ligand_5_P(Cy)3,base_1_NaOH,solvent_4_DMF,2,2.28
electrophile_3,ligand_5_P(Cy)3,base_2_KOH,solvent_1_MeCN,1,33.66
electrophile_3,ligand_5_P(Cy)3,base_2_KOH,solvent_1_MeCN,2,25.69
electrophile_3,ligand_5_P(Cy)3,base_2_KOH,solvent_2_MeOH,1,19.15
electrophile_3,ligand_5_P(Cy)3,base_2_KOH,solvent_2_MeOH,2,7.64
electrophile_3,ligand_5_P(Cy)3,base_2_KOH,solvent_3_THF,1,15.79
electrophile_3,ligand_5_P(Cy)3,base_2_KOH,solvent_3_THF,2,14.56
electrophile_3,ligand_5_P(Cy)3,base_2_KOH,solvent_4_DMF,1,13.53
electrophile_3,ligand_5_P(Cy)3,base_2_KOH,solvent_4_DMF,2,15.8
electrophile_3,ligand_5_P(Cy)3,base_3_K3PO4,solvent_1_MeCN,1,59.35
electrophile_3,ligand_5_P(Cy)3,base_3_K3PO4,solvent_1_MeCN,2,76.09
electrophile_3,ligand_5_P(Cy)3,base_3_K3PO4,solvent_2_MeOH,1,35.4
electrophile_3,ligand_5_P(Cy)3,base_3_K3PO4,solvent_2_MeOH,2,3.11
electrophile_3,ligand_5_P(Cy)3,base_3_K3PO4,solvent_3_THF,1,28.18
electrophile_3,ligand_5_P(Cy)3,base_3_K3PO4,solvent_3_THF,2,34.49
electrophile_3,ligand_5_P(Cy)3,base_3_K3PO4,solvent_4_DMF,1,70.75
electrophile_3,ligand_5_P(Cy)3,base_3_K3PO4,solvent_4_DMF,2,80.27
electrophile_3,ligand_5_P(Cy)3,base_4_K2CO3,solvent_1_MeCN,1,62.56
electrophile_3,ligand_5_P(Cy)3,base_4_K2CO3,solvent_1_MeCN,2,86.42
electrophile_3,ligand_5_P(Cy)3,base_4_K2CO3,solvent_2_MeOH,1,27.78
electrophile_3,ligand_5_P(Cy)3,base_4_K2CO3,solvent_2_MeOH,2,23.67
electrophile_3,ligand_5_P(Cy)3,base_4_K2CO3,solvent_3_THF,1,27.68
electrophile_3,ligand_5_P(Cy)3,base_4_K2CO3,solvent_3_THF,2,26.24
electrophile_3,ligand_5_P(Cy)3,base_4_K2CO3,solvent_4_DMF,1,75.79
electrophile_3,ligand_5_P(Cy)3,base_4_K2CO3,solvent_4_DMF,2,61.08
electrophile_3,ligand_5_P(Cy)3,base_5_CsF,solvent_1_MeCN,1,5.69
electrophile_3,ligand_5_P(Cy)3,base_5_CsF,solvent_1_MeCN,2,0.0
electrophile_3,ligand_5_P(Cy)3,base_5_CsF,solvent_2_MeOH,1,0.0
electrophile_3,ligand_5_P(Cy)3,base_5_CsF,solvent_2_MeOH,2,0.0
electrophile_3,ligand_5_P(Cy)3,base_5_CsF,solvent_3_THF,1,2.25
electrophile_3,ligand_5_P(Cy)3,base_5_CsF,solvent_3_THF,2,0.0
electrophile_3,ligand_5_P(Cy)3,base_5_CsF,solvent_4_DMF,1,9.2
electrophile_3,ligand_5_P(Cy)3,base_5_CsF,solvent_4_DMF,2,0.0
electrophile_3,ligand_5_P(Cy)3,base_6_Et3N,solvent_1_MeCN,1,7.54
electrophile_3,ligand_5_P(Cy)3,base_6_Et3N,solvent_1_MeCN,2,6.15
electrophile_3,ligand_5_P(Cy)3,base_6_Et3N,solvent_2_MeOH,1,1.99
electrophile_3,ligand_5_P(Cy)3,base_6_Et3N,solvent_2_MeOH,2,3.17
electrophile_3,ligand_5_P(Cy)3,base_6_Et3N,solvent_3_THF,1,5.65
electrophile_3,ligand_5_P(Cy)3,base_6_Et3N,solvent_3_THF,2,5.2
electrophile_3,ligand_5_P(Cy)3,base_6_Et3N,solvent_4_DMF,1,1.01
electrophile_3,ligand_5_P(Cy)3,base_6_Et3N,solvent_4_DMF,2,0.0
electrophile_3,ligand_5_P(Cy)3,base_7_NaHCO3,solvent_1_MeCN,1,10.91
electrophile_3,ligand_5_P(Cy)3,base_7_NaHCO3,solvent_1_MeCN,2,10.69
electrophile_3,ligand_5_P(Cy)3,base_7_NaHCO3,solvent_2_MeOH,1,11.48
electrophile_3,ligand_5_P(Cy)3,base_7_NaHCO3,solvent_2_MeOH,2,8.78
electrophile_3,ligand_5_P(Cy)3,base_7_NaHCO3,solvent_3_THF,1,0.0
electrophile_3,ligand_5_P(Cy)3,base_7_NaHCO3,solvent_3_THF,2,10.94
electrophile_3,ligand_5_P(Cy)3,base_7_NaHCO3,solvent_4_DMF,1,6.78
electrophile_3,ligand_5_P(Cy)3,base_7_NaHCO3,solvent_4_DMF,2,5.71
electrophile_3,ligand_5_P(Cy)3,base_8_KOAc,solvent_1_MeCN,1,0.0
electrophile_3,ligand_5_P(Cy)3,base_8_KOAc,solvent_1_MeCN,2,7.19
electrophile_3,ligand_5_P(Cy)3,base_8_KOAc,solvent_2_MeOH,1,0.45
electrophile_3,ligand_5_P(Cy)3,base_8_KOAc,solvent_2_MeOH,2,0.0
electrophile_3,ligand_5_P(Cy)3,base_8_KOAc,solvent_3_THF,1,0.0
electrophile_3,ligand_5_P(Cy)3,base_8_KOAc,solvent_3_THF,2,0.0
electrophile_3,ligand_5_P(Cy)3,base_8_KOAc,solvent_4_DMF,1,0.0
electrophile_3,ligand_5_P(Cy)3,base_8_KOAc,solvent_4_DMF,2,0.0
electrophile_3,ligand_6_P(tBu)3,base_1_NaOH,solvent_1_MeCN,1,10.87
electrophile_3,ligand_6_P(tBu)3,base_1_NaOH,solvent_1_MeCN,2,11.32
electrophile_3,ligand_6_P(tBu)3,base_1_NaOH,solvent_2_MeOH,1,3.26
electrophile_3,ligand_6_P(tBu)3,base_1_NaOH,solvent_2_MeOH,2,4.32
electrophile_3,ligand_6_P(tBu)3,base_1_NaOH,solvent_3_THF,1,5.13
electrophile_3,ligand_6_P(tBu)3,base_1_NaOH,solvent_3_THF,2,0.0
electrophile_3,ligand_6_P(tBu)3,base_1_NaOH,solvent_4_DMF,1,2.85
electrophile_3,ligand_6_P(tBu)3,base_1_NaOH,solvent_4_DMF,2,4.69
electrophile_3,ligand_6_P(tBu)3,base_2_KOH,solvent_1_MeCN,1,33.35
electrophile_3,ligand_6_P(tBu)3,base_2_KOH,solvent_1_MeCN,2,35.53
electrophile_3,ligand_6_P(tBu)3,base_2_KOH,solvent_2_MeOH,1,27.26
electrophile_3,ligand_6_P(tBu)3,base_2_KOH,solvent_2_MeOH,2,25.48
electrophile_3,ligand_6_P(tBu)3,base_2_KOH,solvent_3_THF,1,30.93
electrophile_3,ligand_6_P(tBu)3,base_2_KOH,solvent_3_THF,2,25.44
electrophile_3,ligand_6_P(tBu)3,base_2_KOH,solvent_4_DMF,1,19.31
electrophile_3,ligand_6_P(tBu)3,base_2_KOH,solvent_4_DMF,2,22.9
electrophile_3,ligand_6_P(tBu)3,base_3_K3PO4,solvent_1_MeCN,1,12.32
electrophile_3,ligand_6_P(tBu)3,base_3_K3PO4,solvent_1_MeCN,2,12.67
electrophile_3,ligand_6_P(tBu)3,base_3_K3PO4,solvent_2_MeOH,1,9.47
electrophile_3,ligand_6_P(tBu)3,base_3_K3PO4,solvent_2_MeOH,2,6.23
electrophile_3,ligand_6_P(tBu)3,base_3_K3PO4,solvent_3_THF,1,10.5
electrophile_3,ligand_6_P(tBu)3,base_3_K3PO4,solvent_3_THF,2,2.58
electrophile_3,ligand_6_P(tBu)3,base_3_K3PO4,solvent_4_DMF,1,11.25
electrophile_3,ligand_6_P(tBu)3,base_3_K3PO4,solvent_4_DMF,2,10.19
electrophile_3,ligand_6_P(tBu)3,base_4_K2CO3,solvent_1_MeCN,1,14.31
electrophile_3,ligand_6_P(tBu)3,base_4_K2CO3,solvent_1_MeCN,2,21.69
electrophile_3,ligand_6_P(tBu)3,base_4_K2CO3,solvent_2_MeOH,1,17.23
electrophile_3,ligand_6_P(tBu)3,base_4_K2CO3,solvent_2_MeOH,2,4.5
electrophile_3,ligand_6_P(tBu)3,base_4_K2CO3,solvent_3_THF,1,10.58
electrophile_3,ligand_6_P(tBu)3,base_4_K2CO3,solvent_3_THF,2,10.55
electrophile_3,ligand_6_P(tBu)3,base_4_K2CO3,solvent_4_DMF,1,7.83
electrophile_3,ligand_6_P(tBu)3,base_4_K2CO3,solvent_4_DMF,2,16.68
electrophile_3,ligand_6_P(tBu)3,base_5_CsF,solvent_1_MeCN,1,5.49
electrophile_3,ligand_6_P(tBu)3,base_5_CsF,solvent_1_MeCN,2,5.13
electrophile_3,ligand_6_P(tBu)3,base_5_CsF,solvent_2_MeOH,1,0.0
electrophile_3,ligand_6_P(tBu)3,base_5_CsF,solvent_2_MeOH,2,3.78
electrophile_3,ligand_6_P(tBu)3,base_5_CsF,solvent_3_THF,1,0.0
electrophile_3,ligand_6_P(tBu)3,base_5_CsF,solvent_3_THF,2,2.75
electrophile_3,ligand_6_P(tBu)3,base_5_CsF,solvent_4_DMF,1,1.98
electrophile_3,ligand_6_P(tBu)3,base_5_CsF,solvent_4_DMF,2,7.4
electrophile_3,ligand_6_P(tBu)3,base_6_Et3N,solvent_1_MeCN,1,6.96
electrophile_3,ligand_6_P(tBu)3,base_6_Et3N,solvent_1_MeCN,2,0.0
electrophile_3,ligand_6_P(tBu)3,base_6_Et3N,solvent_2_MeOH,1,8.56
electrophile_3,ligand_6_P(tBu)3,base_6_Et3N,solvent_2_MeOH,2,16.64
electrophile_3,ligand_6_P(tBu)3,base_6_Et3N,solvent_3_THF,1,15.69
electrophile_3,ligand_6_P(tBu)3,base_6_Et3N,solvent_3_THF,2,10.54
electrophile_3,ligand_6_P(tBu)3,base_6_Et3N,solvent_4_DMF,1,5.18
electrophile_3,ligand_6_P(tBu)3,base_6_Et3N,solvent_4_DMF,2,11.67
electrophile_3,ligand_6_P(tBu)3,base_7_NaHCO3,solvent_1_MeCN,1,13.87
electrophile_3,ligand_6_P(tBu)3,base_7_NaHCO3,solvent_1_MeCN,2,21.12
electrophile_3,ligand_6_P(tBu)3,base_7_NaHCO3,solvent_2_MeOH,1,15.41
electrophile_3,ligand_6_P(tBu)3,base_7_NaHCO3,solvent_2_MeOH,2,18.19
electrophile_3,ligand_6_P(tBu)3,base_7_NaHCO3,solvent_3_THF,1,28.54
electrophile_3,ligand_6_P(tBu)3,base_7_NaHCO3,solvent_3_THF,2,16.7
electrophile_3,ligand_6_P(tBu)3,base_7_NaHCO3,solvent_4_DMF,1,10.33
electrophile_3,ligand_6_P(tBu)3,base_7_NaHCO3,solvent_4_DMF,2,12.75
electrophile_3,ligand_6_P(tBu)3,base_8_KOAc,solvent_1_MeCN,1,0.0
electrophile_3,ligand_6_P(tBu)3,base_8_KOAc,solvent_1_MeCN,2,5.17
electrophile_3,ligand_6_P(tBu)3,base_8_KOAc,solvent_2_MeOH,1,0.74
electrophile_3,ligand_6_P(tBu)3,base_8_KOAc,solvent_2_MeOH,2,0.17
electrophile_3,ligand_6_P(tBu)3,base_8_KOAc,solvent_3_THF,1,5.4
electrophile_3,ligand_6_P(tBu)3,base_8_KOAc,solvent_3_THF,2,0.53
electrophile_3,ligand_6_P(tBu)3,base_8_KOAc,solvent_4_DMF,1,8.39
electrophile_3,ligand_6_P(tBu)3,base_8_KOAc,solvent_4_DMF,2,2.78
electrophile_3,ligand_7_Xantphos,base_1_NaOH,solvent_1_MeCN,1,0.0
electrophile_3,ligand_7_Xantphos,base_1_NaOH,solvent_1_MeCN,2,0.0
electrophile_3,ligand_7_Xantphos,base_1_NaOH,solvent_2_MeOH,1,0.0
electrophile_3,ligand_7_Xantphos,base_1_NaOH,solvent_2_MeOH,2,0.0
electrophile_3,ligand_7_Xantphos,base_1_NaOH,solvent_3_THF,1,0.0
electrophile_3,ligand_7_Xantphos,base_1_NaOH,solvent_3_THF,2,0.0
electrophile_3,ligand_7_Xantphos,base_1_NaOH,solvent_4_DMF,1,0.0
electrophile_3,ligand_7_Xantphos,base_1_NaOH,solvent_4_DMF,2,0.0
electrophile_3,ligand_7_Xantphos,base_2_KOH,solvent_1_MeCN,1,3.93
electrophile_3,ligand_7_Xantphos,base_2_KOH,solvent_1_MeCN,2,5.65
electrophile_3,ligand_7_Xantphos,base_2_KOH,solvent_2_MeOH,1,6.54
electrophile_3,ligand_7_Xantphos,base_2_KOH,solvent_2_MeOH,2,3.48
electrophile_3,ligand_7_Xantphos,base_2_KOH,solvent_3_THF,1,4.99
electrophile_3,ligand_7_Xantphos,base_2_KOH,solvent_3_THF,2,8.28
electrophile_3,ligand_7_Xantphos,base_2_KOH,solvent_4_DMF,1,1.48
electrophile_3,ligand_7_Xantphos,base_2_KOH,solvent_4_DMF,2,4.12
electrophile_3,ligand_7_Xantphos,base_3_K3PO4,solvent_1_MeCN,1,0.0
electrophile_3,ligand_7_Xantphos,base_3_K3PO4,solvent_1_MeCN,2,0.0
electrophile_3,ligand_7_Xantphos,base_3_K3PO4,solvent_2_MeOH,1,0.0
electrophile_3,ligand_7_Xantphos,base_3_K3PO4,solvent_2_MeOH,2,0.0
electrophile_3,ligand_7_Xantphos,base_3_K3PO4,solvent_3_THF,1,0.0
electrophile_3,ligand_7_Xantphos,base_3_K3PO4,solvent_3_THF,2,0.0
electrophile_3,ligand_7_Xantphos,base_3_K3PO4,solvent_4_DMF,1,0.0
electrophile_3,ligand_7_Xantphos,base_3_K3PO4,solvent_4_DMF,2,0.0
electrophile_3,ligand_7_Xantphos,base_4_K2CO3,solvent_1_MeCN,1,3.02
electrophile_3,ligand_7_Xantphos,base_4_K2CO3,solvent_1_MeCN,2,0.0
electrophile_3,ligand_7_Xantphos,base_4_K2CO3,solvent_2_MeOH,1,0.0
electrophile_3,ligand_7_Xantphos,base_4_K2CO3,solvent_2_MeOH,2,0.0
electrophile_3,ligand_7_Xantphos,base_4_K2CO3,solvent_3_THF,1,0.0
electrophile_3,ligand_7_Xantphos,base_4_K2CO3,solvent_3_THF,2,0.0
electrophile_3,ligand_7_Xantphos,base_4_K2CO3,solvent_4_DMF,1,0.0
electrophile_3,ligand_7_Xantphos,base_4_K2CO3,solvent_4_DMF,2,0.0
electrophile_3,ligand_7_Xantphos,base_5_CsF,solvent_1_MeCN,1,0.0
electrophile_3,ligand_7_Xantphos,base_5_CsF,solvent_1_MeCN,2,0.0
electrophile_3,ligand_7_Xantphos,base_5_CsF,solvent_2_MeOH,1,0.0
electrophile_3,ligand_7_Xantphos,base_5_CsF,solvent_2_MeOH,2,0.0
electrophile_3,ligand_7_Xantphos,base_5_CsF,solvent_3_THF,1,0.0
electrophile_3,ligand_7_Xantphos,base_5_CsF,solvent_3_THF,2,0.0
electrophile_3,ligand_7_Xantphos,base_5_CsF,solvent_4_DMF,1,0.0
electrophile_3,ligand_7_Xantphos,base_5_CsF,solvent_4_DMF,2,0.0
electrophile_3,ligand_7_Xantphos,base_6_Et3N,solvent_1_MeCN,1,0.0
electrophile_3,ligand_7_Xantphos,base_6_Et3N,solvent_1_MeCN,2,0.0
electrophile_3,ligand_7_Xantphos,base_6_Et3N,solvent_2_MeOH,1,0.0
electrophile_3,ligand_7_Xantphos,base_6_Et3N,solvent_2_MeOH,2,0.0
electrophile_3,ligand_7_Xantphos,base_6_Et3N,solvent_3_THF,1,0.0
electrophile_3,ligand_7_Xantphos,base_6_Et3N,solvent_3_THF,2,0.0
electrophile_3,ligand_7_Xantphos,base_6_Et3N,solvent_4_DMF,1,0.0
electrophile_3,ligand_7_Xantphos,base_6_Et3N,solvent_4_DMF,2,0.0
electrophile_3,ligand_7_Xantphos,base_7_NaHCO3,solvent_1_MeCN,1,0.0
electrophile_3,ligand_7_Xantphos,base_7_NaHCO3,solvent_1_MeCN,2,0.54
electrophile_3,ligand_7_Xantphos,base_7_NaHCO3,solvent_2_MeOH,1,0.0
electrophile_3,ligand_7_Xantphos,base_7_NaHCO3,solvent_2_MeOH,2,0.0
electrophile_3,ligand_7_Xantphos,base_7_NaHCO3,solvent_3_THF,1,0.0
electrophile_3,ligand_7_Xantphos,base_7_NaHCO3,solvent_3_THF,2,0.0
electrophile_3,ligand_7_Xantphos,base_7_NaHCO3,solvent_4_DMF,1,0.0
electrophile_3,ligand_7_Xantphos,base_7_NaHCO3,solvent_4_DMF,2,0.0
electrophile_3,ligand_7_Xantphos,base_8_KOAc,solvent_1_MeCN,1,0.0
electrophile_3,ligand_7_Xantphos,base_8_KOAc,solvent_1_MeCN,2,0.0
electrophile_3,ligand_7_Xantphos,base_8_KOAc,solvent_2_MeOH,1,0.0
electrophile_3,ligand_7_Xantphos,base_8_KOAc,solvent_2_MeOH,2,0.0
electrophile_3,ligand_7_Xantphos,base_8_KOAc,solvent_3_THF,1,0.0
electrophile_3,ligand_7_Xantphos,base_8_KOAc,solvent_3_THF,2,0.0
electrophile_3,ligand_7_Xantphos,base_8_KOAc,solvent_4_DMF,1,0.0
electrophile_3,ligand_7_Xantphos,base_8_KOAc,solvent_4_DMF,2,0.0
electrophile_3,ligand_8_dtbpf,base_1_NaOH,solvent_1_MeCN,1,0.0
electrophile_3,ligand_8_dtbpf,base_1_NaOH,solvent_1_MeCN,2,0.0
electrophile_3,ligand_8_dtbpf,base_1_NaOH,solvent_2_MeOH,1,0.0
electrophile_3,ligand_8_dtbpf,base_1_NaOH,solvent_2_MeOH,2,0.0
electrophile_3,ligand_8_dtbpf,base_1_NaOH,solvent_3_THF,1,0.0
electrophile_3,ligand_8_dtbpf,base_1_NaOH,solvent_3_THF,2,0.0
electrophile_3,ligand_8_dtbpf,base_1_NaOH,solvent_4_DMF,1,0.0
electrophile_3,ligand_8_dtbpf,base_1_NaOH,solvent_4_DMF,2,0.0
electrophile_3,ligand_8_dtbpf,base_2_KOH,solvent_1_MeCN,1,8.96
electrophile_3,ligand_8_dtbpf,base_2_KOH,solvent_1_MeCN,2,21.97
electrophile_3,ligand_8_dtbpf,base_2_KOH,solvent_2_MeOH,1,7.98
electrophile_3,ligand_8_dtbpf,base_2_KOH,solvent_2_MeOH,2,3.96
electrophile_3,ligand_8_dtbpf,base_2_KOH,solvent_3_THF,1,4.59
electrophile_3,ligand_8_dtbpf,base_2_KOH,solvent_3_THF,2,6.02
electrophile_3,ligand_8_dtbpf,base_2_KOH,solvent_4_DMF,1,6.78
electrophile_3,ligand_8_dtbpf,base_2_KOH,solvent_4_DMF,2,0.0
electrophile_3,ligand_8_dtbpf,base_3_K3PO4,solvent_1_MeCN,1,1.95
electrophile_3,ligand_8_dtbpf,base_3_K3PO4,solvent_1_MeCN,2,0.0
electrophile_3,ligand_8_dtbpf,base_3_K3PO4,solvent_2_MeOH,1,0.0
electrophile_3,ligand_8_dtbpf,base_3_K3PO4,solvent_2_MeOH,2,0.0
electrophile_3,ligand_8_dtbpf,base_3_K3PO4,solvent_3_THF,1,0.0
electrophile_3,ligand_8_dtbpf,base_3_K3PO4,solvent_3_THF,2,0.0
electrophile_3,ligand_8_dtbpf,base_3_K3PO4,solvent_4_DMF,1,0.0
electrophile_3,ligand_8_dtbpf,base_3_K3PO4,solvent_4_DMF,2,0.0
electrophile_3,ligand_8_dtbpf,base_4_K2CO3,solvent_1_MeCN,1,0.0
electrophile_3,ligand_8_dtbpf,base_4_K2CO3,solvent_1_MeCN,2,0.0
electrophile_3,ligand_8_dtbpf,base_4_K2CO3,solvent_2_MeOH,1,0.61
electrophile_3,ligand_8_dtbpf,base_4_K2CO3,solvent_2_MeOH,2,0.0
electrophile_3,ligand_8_dtbpf,base_4_K2CO3,solvent_3_THF,1,0.0
electrophile_3,ligand_8_dtbpf,base_4_K2CO3,solvent_3_THF,2,0.0
electrophile_3,ligand_8_dtbpf,base_4_K2CO3,solvent_4_DMF,1,0.0
electrophile_3,ligand_8_dtbpf,base_4_K2CO3,solvent_4_DMF,2,0.0
electrophile_3,ligand_8_dtbpf,base_5_CsF,solvent_1_MeCN,1,0.0
electrophile_3,ligand_8_dtbpf,base_5_CsF,solvent_1_MeCN,2,0.0
electrophile_3,ligand_8_dtbpf,base_5_CsF,solvent_2_MeOH,1,0.0
electrophile_3,ligand_8_dtbpf,base_5_CsF,solvent_2_MeOH,2,0.0
electrophile_3,ligand_8_dtbpf,base_5_CsF,solvent_3_THF,1,0.0
electrophile_3,ligand_8_dtbpf,base_5_CsF,solvent_3_THF,2,0.0
electrophile_3,ligand_8_dtbpf,base_5_CsF,solvent_4_DMF,1,0.0
electrophile_3,ligand_8_dtbpf,base_5_CsF,solvent_4_DMF,2,0.0
electrophile_3,ligand_8_dtbpf,base_6_Et3N,solvent_1_MeCN,1,2.14
electrophile_3,ligand_8_dtbpf,base_6_Et3N,solvent_1_MeCN,2,0.0
electrophile_3,ligand_8_dtbpf,base_6_Et3N,solvent_2_MeOH,1,0.0
electrophile_3,ligand_8_dtbpf,base_6_Et3N,solvent_2_MeOH,2,0.0
electrophile_3,ligand_8_dtbpf,base_6_Et3N,solvent_3_THF,1,0.0
electrophile_3,ligand_8_dtbpf,base_6_Et3N,solvent_3_THF,2,0.0
electrophile_3,ligand_8_dtbpf,base_6_Et3N,solvent_4_DMF,1,0.0
electrophile_3,ligand_8_dtbpf,base_6_Et3N,solvent_4_DMF,2,0.0
electrophile_3,ligand_8_dtbpf,base_7_NaHCO3,solvent_1_MeCN,1,1.86
electrophile_3,ligand_8_dtbpf,base_7_NaHCO3,solvent_1_MeCN,2,0.0
electrophile_3,ligand_8_dtbpf,base_7_NaHCO3,solvent_2_MeOH,1,0.0
electrophile_3,ligand_8_dtbpf,base_7_NaHCO3,solvent_2_MeOH,2,0.0
electrophile_3,ligand_8_dtbpf,base_7_NaHCO3,solvent_3_THF,1,0.77
electrophile_3,ligand_8_dtbpf,base_7_NaHCO3,solvent_3_THF,2,2.97
electrophile_3,ligand_8_dtbpf,base_7_NaHCO3,solvent_4_DMF,1,0.0
electrophile_3,ligand_8_dtbpf,base_7_NaHCO3,solvent_4_DMF,2,0.0
electrophile_3,ligand_8_dtbpf,base_8_KOAc,solvent_1_MeCN,1,0.0
electrophile_3,ligand_8_dtbpf,base_8_KOAc,solvent_1_MeCN,2,0.0
electrophile_3,ligand_8_dtbpf,base_8_KOAc,solvent_2_MeOH,1,0.0
electrophile_3,ligand_8_dtbpf,base_8_KOAc,solvent_2_MeOH,2,0.0
electrophile_3,ligand_8_dtbpf,base_8_KOAc,solvent_3_THF,1,0.0
electrophile_3,ligand_8_dtbpf,base_8_KOAc,solvent_3_THF,2,0.0
electrophile_3,ligand_8_dtbpf,base_8_KOAc,solvent_4_DMF,1,0.0
electrophile_3,ligand_8_dtbpf,base_8_KOAc,solvent_4_DMF,2,0.0
electrophile_3,ligand_9_P(o-tol)3,base_1_NaOH,solvent_1_MeCN,1,8.96
electrophile_3,ligand_9_P(o-tol)3,base_1_NaOH,solvent_1_MeCN,2,0.0
electrophile_3,ligand_9_P(o-tol)3,base_1_NaOH,solvent_2_MeOH,1,0.0
electrophile_3,ligand_9_P(o-tol)3,base_1_NaOH,solvent_2_MeOH,2,2.77
electrophile_3,ligand_9_P(o-tol)3,base_1_NaOH,solvent_3_THF,1,0.0
electrophile_3,ligand_9_P(o-tol)3,base_1_NaOH,solvent_3_THF,2,0.0
electrophile_3,ligand_9_P(o-tol)3,base_1_NaOH,solvent_4_DMF,1,0.0
electrophile_3,ligand_9_P(o-tol)3,base_1_NaOH,solvent_4_DMF,2,0.0
electrophile_3,ligand_9_P(o-tol)3,base_2_KOH,solvent_1_MeCN,1,28.4
electrophile_3,ligand_9_P(o-tol)3,base_2_KOH,solvent_1_MeCN,2,10.48
electrophile_3,ligand_9_P(o-tol)3,base_2_KOH,solvent_2_MeOH,1,23.35
electrophile_3,ligand_9_P(o-tol)3,base_2_KOH,solvent_2_MeOH,2,8.56
electrophile_3,ligand_9_P(o-tol)3,base_2_KOH,solvent_3_THF,1,16.2
electrophile_3,ligand_9_P(o-tol)3,base_2_KOH,solvent_3_THF,2,15.39
electrophile_3,ligand_9_P(o-tol)3,base_2_KOH,solvent_4_DMF,1,18.62
electrophile_3,ligand_9_P(o-tol)3,base_2_KOH,solvent_4_DMF,2,7.68
electrophile_3,ligand_9_P(o-tol)3,base_3_K3PO4,solvent_1_MeCN,1,10.32
electrophile_3,ligand_9_P(o-tol)3,base_3_K3PO4,solvent_1_MeCN,2,18.13
electrophile_3,ligand_9_P(o-tol)3,base_3_K3PO4,solvent_2_MeOH,1,0.0
electrophile_3,ligand_9_P(o-tol)3,base_3_K3PO4,solvent_2_MeOH,2,3.1
electrophile_3,ligand_9_P(o-tol)3,base_3_K3PO4,solvent_3_THF,1,0.69
electrophile_3,ligand_9_P(o-tol)3,base_3_K3PO4,solvent_3_THF,2,6.13
electrophile_3,ligand_9_P(o-tol)3,base_3_K3PO4,solvent_4_DMF,1,2.24
electrophile_3,ligand_9_P(o-tol)3,base_3_K3PO4,solvent_4_DMF,2,0.0
electrophile_3,ligand_9_P(o-tol)3,base_4_K2CO3,solvent_1_MeCN,1,12.79
electrophile_3,ligand_9_P(o-tol)3,base_4_K2CO3,solvent_1_MeCN,2,19.37
electrophile_3,ligand_9_P(o-tol)3,base_4_K2CO3,solvent_2_MeOH,1,3.54
electrophile_3,ligand_9_P(o-tol)3,base_4_K2CO3,solvent_2_MeOH,2,8.09
electrophile_3,ligand_9_P(o-tol)3,base_4_K2CO3,solvent_3_THF,1,0.0
electrophile_3,ligand_9_P(o-tol)3,base_4_K2CO3,solvent_3_THF,2,1.57
electrophile_3,ligand_9_P(o-tol)3,base_4_K2CO3,solvent_4_DMF,1,6.85
electrophile_3,ligand_9_P(o-tol)3,base_4_K2CO3,solvent_4_DMF,2,11.91
electrophile_3,ligand_9_P(o-tol)3,base_5_CsF,solvent_1_MeCN,1,0.19
electrophile_3,ligand_9_P(o-tol)3,base_5_CsF,solvent_1_MeCN,2,0.0
electrophile_3,ligand_9_P(o-tol)3,base_5_CsF,solvent_2_MeOH,1,0.0
electrophile_3,ligand_9_P(o-tol)3,base_5_CsF,solvent_2_MeOH,2,0.0
electrophile_3,ligand_9_P(o-tol)3,base_5_CsF,solvent_3_THF,1,0.0
electrophile_3,ligand_9_P(o-tol)3,base_5_CsF,solvent_3_THF,2,0.0
electrophile_3,ligand_9_P(o-tol)3,base_5_CsF,solvent_4_DMF,1,0.0
electrophile_3,ligand_9_P(o-tol)3,base_5_CsF,solvent_4_DMF,2,0.0
electrophile_3,ligand_9_P(o-tol)3,base_6_Et3N,solvent_1_MeCN,1,6.79
electrophile_3,ligand_9_P(o-tol)3,base_6_Et3N,solvent_1_MeCN,2,3.27
electrophile_3,ligand_9_P(o-tol)3,base_6_Et3N,solvent_2_MeOH,1,0.0
electrophile_3,ligand_9_P(o-tol)3,base_6_Et3N,solvent_2_MeOH,2,10.1
electrophile_3,ligand_9_P(o-tol)3,base_6_Et3N,solvent_3_THF,1,0.22
electrophile_3,ligand_9_P(o-tol)3,base_6_Et3N,solvent_3_THF,2,0.0
electrophile_3,ligand_9_P(o-tol)3,base_6_Et3N,solvent_4_DMF,1,0.0
electrophile_3,ligand_9_P(o-tol)3,base_6_Et3N,solvent_4_DMF,2,3.31
electrophile_3,ligand_9_P(o-tol)3,base_7_NaHCO3,solvent_1_MeCN,1,9.79
electrophile_3,ligand_9_P(o-tol)3,base_7_NaHCO3,solvent_1_MeCN,2,7.45
electrophile_3,ligand_9_P(o-tol)3,base_7_NaHCO3,solvent_2_MeOH,1,11.45
electrophile_3,ligand_9_P(o-tol)3,base_7_NaHCO3,solvent_2_MeOH,2,11.94
electrophile_3,ligand_9_P(o-tol)3,base_7_NaHCO3,solvent_3_THF,1,3.69
electrophile_3,ligand_9_P(o-tol)3,base_7_NaHCO3,solvent_3_THF,2,0.0
electrophile_3,ligand_9_P(o-tol)3,base_7_NaHCO3,solvent_4_DMF,1,9.87
electrophile_3,ligand_9_P(o-tol)3,base_7_NaHCO3,solvent_4_DMF,2,1.41
electrophile_3,ligand_9_P(o-tol)3,base_8_KOAc,solvent_1_MeCN,1,4.56
electrophile_3,ligand_9_P(o-tol)3,base_8_KOAc,solvent_1_MeCN,2,0.0
electrophile_3,ligand_9_P(o-tol)3,base_8_KOAc,solvent_2_MeOH,1,0.0
electrophile_3,ligand_9_P(o-tol)3,base_8_KOAc,solvent_2_MeOH,2,0.0
electrophile_3,ligand_9_P(o-tol)3,base_8_KOAc,solvent_3_THF,1,0.25
electrophile_3,ligand_9_P(o-tol)3,base_8_KOAc,solvent_3_THF,2,0.0
electrophile_3,ligand_9_P(o-tol)3,base_8_KOAc,solvent_4_DMF,1,0.0
electrophile_3,ligand_9_P(o-tol)3,base_8_KOAc,solvent_4_DMF,2,0.0
electrophile_3,ligand_10_AmPhos,base_1_NaOH,solvent_1_MeCN,1,0.0
electrophile_3,ligand_10_AmPhos,base_1_NaOH,solvent_1_MeCN,2,0.0
electrophile_3,ligand_10_AmPhos,base_1_NaOH,solvent_2_MeOH,1,0.0
electrophile_3,ligand_10_AmPhos,base_1_NaOH,solvent_2_MeOH,2,0.0
electrophile_3,ligand_10_AmPhos,base_1_NaOH,solvent_3_THF,1,0.0
electrophile_3,ligand_10_AmPhos,base_1_NaOH,solvent_3_THF,2,0.0
electrophile_3,ligand_10_AmPhos,base_1_NaOH,solvent_4_DMF,1,0.0
electrophile_3,ligand_10_AmPhos,base_1_NaOH,solvent_4_DMF,2,0.0
electrophile_3,ligand_10_AmPhos,base_2_KOH,solvent_1_MeCN,1,10.38
electrophile_3,ligand_10_AmPhos,base_2_KOH,solvent_1_MeCN,2,16.09
electrophile_3,ligand_10_AmPhos,base_2_KOH,solvent_2_MeOH,1,15.78
electrophile_3,ligand_10_AmPhos,base_2_KOH,solvent_2_MeOH,2,10.54
electrophile_3,ligand_10_AmPhos,base_2_KOH,solvent_3_THF,1,20.58
electrophile_3,ligand_10_AmPhos,base_2_KOH,solvent_3_THF,2,5.77
electrophile_3,ligand_10_AmPhos,base_2_KOH,solvent_4_DMF,1,11.11
electrophile_3,ligand_10_AmPhos,base_2_KOH,solvent_4_DMF,2,4.91
electrophile_3,ligand_10_AmPhos,base_3_K3PO4,solvent_1_MeCN,1,5.32
electrophile_3,ligand_10_AmPhos,base_3_K3PO4,solvent_1_MeCN,2,7.94
electrophile_3,ligand_10_AmPhos,base_3_K3PO4,solvent_2_MeOH,1,0.0
electrophile_3,ligand_10_AmPhos,base_3_K3PO4,solvent_2_MeOH,2,0.0
electrophile_3,ligand_10_AmPhos,base_3_K3PO4,solvent_3_THF,1,0.49
electrophile_3,ligand_10_AmPhos,base_3_K3PO4,solvent_3_THF,2,1.68
electrophile_3,ligand_10_AmPhos,base_3_K3PO4,solvent_4_DMF,1,0.0
electrophile_3,ligand_10_AmPhos,base_3_K3PO4,solvent_4_DMF,2,3.82
electrophile_3,ligand_10_AmPhos,base_4_K2CO3,solvent_1_MeCN,1,0.49
electrophile_3,ligand_10_AmPhos,base_4_K2CO3,solvent_1_MeCN,2,9.25
electrophile_3,ligand_10_AmPhos,base_4_K2CO3,solvent_2_MeOH,1,5.95
electrophile_3,ligand_10_AmPhos,base_4_K2CO3,solvent_2_MeOH,2,0.0
electrophile_3,ligand_10_AmPhos,base_4_K2CO3,solvent_3_THF,1,3.44
electrophile_3,ligand_10_AmPhos,base_4_K2CO3,solvent_3_THF,2,0.0
electrophile_3,ligand_10_AmPhos,base_4_K2CO3,solvent_4_DMF,1,0.0
electrophile_3,ligand_10_AmPhos,base_4_K2CO3,solvent_4_DMF,2,1.72
electrophile_3,ligand_10_AmPhos,base_5_CsF,solvent_1_MeCN,1,0.0
electrophile_3,ligand_10_AmPhos,base_5_CsF,solvent_1_MeCN,2,0.0
electrophile_3,ligand_10_AmPhos,base_5_CsF,solvent_2_MeOH,1,0.0
electrophile_3,ligand_10_AmPhos,base_5_CsF,solvent_2_MeOH,2,0.0
electrophile_3,ligand_10_AmPhos,base_5_CsF,solvent_3_THF,1,0.0
electrophile_3,ligand_10_AmPhos,base_5_CsF,solvent_3_THF,2,0.0
electrophile_3,ligand_10_AmPhos,base_5_CsF,solvent_4_DMF,1,0.0
electrophile_3,ligand_10_AmPhos,base_5_CsF,solvent_4_DMF,2,0.0
electrophile_3,ligand_10_AmPhos,base_6_Et3N,solvent_1_MeCN,1,3.27
electrophile_3,ligand_10_AmPhos,base_6_Et3N,solvent_1_MeCN,2,0.0
electrophile_3,ligand_10_AmPhos,base_6_Et3N,solvent_2_MeOH,1,0.0
electrophile_3,ligand_10_AmPhos,base_6_Et3N,solvent_2_MeOH,2,1.06
electrophile_3,ligand_10_AmPhos,base_6_Et3N,solvent_3_THF,1,0.0
electrophile_3,ligand_10_AmPhos,base_6_Et3N,solvent_3_THF,2,0.0
electrophile_3,ligand_10_AmPhos,base_6_Et3N,solvent_4_DMF,1,0.0
electrophile_3,ligand_10_AmPhos,base_6_Et3N,solvent_4_DMF,2,0.0
electrophile_3,ligand_10_AmPhos,base_7_NaHCO3,solvent_1_MeCN,1,4.94
electrophile_3,ligand_10_AmPhos,base_7_NaHCO3,solvent_1_MeCN,2,3.21
electrophile_3,ligand_10_AmPhos,base_7_NaHCO3,solvent_2_MeOH,1,7.45
electrophile_3,ligand_10_AmPhos,base_7_NaHCO3,solvent_2_MeOH,2,9.03
electrophile_3,ligand_10_AmPhos,base_7_NaHCO3,solvent_3_THF,1,7.08
electrophile_3,ligand_10_AmPhos,base_7_NaHCO3,solvent_3_THF,2,2.62
electrophile_3,ligand_10_AmPhos,base_7_NaHCO3,solvent_4_DMF,1,0.0
electrophile_3,ligand_10_AmPhos,base_7_NaHCO3,solvent_4_DMF,2,0.0
electrophile_3,ligand_10_AmPhos,base_8_KOAc,solvent_1_MeCN,1,0.0
electrophile_3,ligand_10_AmPhos,base_8_KOAc,solvent_1_MeCN,2,0.0
electrophile_3,ligand_10_AmPhos,base_8_KOAc,solvent_2_MeOH,1,0.0
electrophile_3,ligand_10_AmPhos,base_8_KOAc,solvent_2_MeOH,2,0.0
electrophile_3,ligand_10_AmPhos,base_8_KOAc,solvent_3_THF,1,0.0
electrophile_3,ligand_10_AmPhos,base_8_KOAc,solvent_3_THF,2,0.0
electrophile_3,ligand_10_AmPhos,base_8_KOAc,solvent_4_DMF,1,0.0
electrophile_3,ligand_10_AmPhos,base_8_KOAc,solvent_4_DMF,2,0.0
electrophile_3,ligand_11_CataCXium_A,base_1_NaOH,solvent_1_MeCN,1,8.53
electrophile_3,ligand_11_CataCXium_A,base_1_NaOH,solvent_1_MeCN,2,17.26
electrophile_3,ligand_11_CataCXium_A,base_1_NaOH,solvent_2_MeOH,1,16.97
electrophile_3,ligand_11_CataCXium_A,base_1_NaOH,solvent_2_MeOH,2,4.46
electrophile_3,ligand_11_CataCXium_A,base_1_NaOH,solvent_3_THF,1,2.36
electrophile_3,ligand_11_CataCXium_A,base_1_NaOH,solvent_3_THF,2,5.95
electrophile_3,ligand_11_CataCXium_A,base_1_NaOH,solvent_4_DMF,1,5.85
electrophile_3,ligand_11_CataCXium_A,base_1_NaOH,solvent_4_DMF,2,0.0
electrophile_3,ligand_11_CataCXium_A,base_2_KOH,solvent_1_MeCN,1,39.28
electrophile_3,ligand_11_CataCXium_A,base_2_KOH,solvent_1_MeCN,2,31.45
electrophile_3,ligand_11_CataCXium_A,base_2_KOH,solvent_2_MeOH,1,26.93
electrophile_3,ligand_11_CataCXium_A,base_2_KOH,solvent_2_MeOH,2,27.77
electrophile_3,ligand_11_CataCXium_A,base_2_KOH,solvent_3_THF,1,28.41
electrophile_3,ligand_11_CataCXium_A,base_2_KOH,solvent_3_THF,2,30.49
electrophile_3,ligand_11_CataCXium_A,base_2_KOH,solvent_4_DMF,1,21.35
electrophile_3,ligand_11_CataCXium_A,base_2_KOH,solvent_4_DMF,2,21.65
electrophile_3,ligand_11_CataCXium_A,base_3_K3PO4,solvent_1_MeCN,1,11.27
electrophile_3,ligand_11_CataCXium_A,base_3_K3PO4,solvent_1_MeCN,2,18.97
electrophile_3,ligand_11_CataCXium_A,base_3_K3PO4,solvent_2_MeOH,1,14.81
electrophile_3,ligand_11_CataCXium_A,base_3_K3PO4,solvent_2_MeOH,2,13.2
electrophile_3,ligand_11_CataCXium_A,base_3_K3PO4,solvent_3_THF,1,21.14
electrophile_3,ligand_11_CataCXium_A,base_3_K3PO4,solvent_3_THF,2,12.74
electrophile_3,ligand_11_CataCXium_A,base_3_K3PO4,solvent_4_DMF,1,14.25
electrophile_3,ligand_11_CataCXium_A,base_3_K3PO4,solvent_4_DMF,2,5.45
electrophile_3,ligand_11_CataCXium_A,base_4_K2CO3,solvent_1_MeCN,1,17.18
electrophile_3,ligand_11_CataCXium_A,base_4_K2CO3,solvent_1_MeCN,2,22.6
electrophile_3,ligand_11_CataCXium_A,base_4_K2CO3,solvent_2_MeOH,1,17.51
electrophile_3,ligand_11_CataCXium_A,base_4_K2CO3,solvent_2_MeOH,2,11.79
electrophile_3,ligand_11_CataCXium_A,base_4_K2CO3,solvent_3_THF,1,14.76
electrophile_3,ligand_11_CataCXium_A,base_4_K2CO3,solvent_3_THF,2,7.52
electrophile_3,ligand_11_CataCXium_A,base_4_K2CO3,solvent_4_DMF,1,11.47
electrophile_3,ligand_11_CataCXium_A,base_4_K2CO3,solvent_4_DMF,2,17.71
electrophile_3,ligand_11_CataCXium_A,base_5_CsF,solvent_1_MeCN,1,10.06
electrophile_3,ligand_11_CataCXium_A,base_5_CsF,solvent_1_MeCN,2,9.68
electrophile_3,ligand_11_CataCXium_A,base_5_CsF,solvent_2_MeOH,1,1.57
electrophile_3,ligand_11_CataCXium_A,base_5_CsF,solvent_2_MeOH,2,1.36
electrophile_3,ligand_11_CataCXium_A,base_5_CsF,solvent_3_THF,1,0.0
electrophile_3,ligand_11_CataCXium_A,base_5_CsF,solvent_3_THF,2,6.67
electrophile_3,ligand_11_CataCXium_A,base_5_CsF,solvent_4_DMF,1,3.42
electrophile_3,ligand_11_CataCXium_A,base_5_CsF,solvent_4_DMF,2,3.78
electrophile_3,ligand_11_CataCXium_A,base_6_Et3N,solvent_1_MeCN,1,11.59
electrophile_3,ligand_11_CataCXium_A,base_6_Et3N,solvent_1_MeCN,2,3.46
electrophile_3,ligand_11_CataCXium_A,base_6_Et3N,solvent_2_MeOH,1,13.85
electrophile_3,ligand_11_CataCXium_A,base_6_Et3N,solvent_2_MeOH,2,5.97
electrophile_3,ligand_11_CataCXium_A,base_6_Et3N,solvent_3_THF,1,5.9
electrophile_3,ligand_11_CataCXium_A,base_6_Et3N,solvent_3_THF,2,13.69
electrophile_3,ligand_11_CataCXium_A,base_6_Et3N,solvent_4_DMF,1,6.4
electrophile_3,ligand_11_CataCXium_A,base_6_Et3N,solvent_4_DMF,2,13.66
electrophile_3,ligand_11_CataCXium_A,base_7_NaHCO3,solvent_1_MeCN,1,22.55
electrophile_3,ligand_11_CataCXium_A,base_7_NaHCO3,solvent_1_MeCN,2,22.88
electrophile_3,ligand_11_CataCXium_A,base_7_NaHCO3,solvent_2_MeOH,1,6.78
electrophile_3,ligand_11_CataCXium_A,base_7_NaHCO3,solvent_2_MeOH,2,19.67
electrophile_3,ligand_11_CataCXium_A,base_7_NaHCO3,solvent_3_THF,1,16.77
electrophile_3,ligand_11_CataCXium_A,base_7_NaHCO3,solvent_3_THF,2,13.61
electrophile_3,ligand_11_CataCXium_A,base_7_NaHCO3,solvent_4_DMF,1,14.32
electrophile_3,ligand_11_CataCXium_A,base_7_NaHCO3,solvent_4_DMF,2,4.72
electrophile_3,ligand_11_CataCXium_A,base_8_KOAc,solvent_1_MeCN,1,11.41
electrophile_3,ligand_11_CataCXium_A,base_8_KOAc,solvent_1_MeCN,2,4.22
electrophile_3,ligand_11_CataCXium_A,base_8_KOAc,solvent_2_MeOH,1,0.0
electrophile_3,ligand_11_CataCXium_A,base_8_KOAc,solvent_2_MeOH,2,0.0
electrophile_3,ligand_11_CataCXium_A,base_8_KOAc,solvent_3_THF,1,10.93
electrophile_3,ligand_11_CataCXium_A,base_8_KOAc,solvent_3_THF,2,2.22
electrophile_3,ligand_11_CataCXium_A,base_8_KOAc,solvent_4_DMF,1,11.17
electrophile_3,ligand_11_CataCXium_A,base_8_KOAc,solvent_4_DMF,2,0.83
electrophile_3,ligand_12_None,base_1_NaOH,solvent_1_MeCN,1,0.0
electrophile_3,ligand_12_None,base_1_NaOH,solvent_1_MeCN,2,0.0
electrophile_3,ligand_12_None,base_1_NaOH,solvent_2_MeOH,1,0.0
electrophile_3,ligand_12_None,base_1_NaOH,solvent_2_MeOH,2,0.0
electrophile_3,ligand_12_None,base_1_NaOH,solvent_3_THF,1,0.0
electrophile_3,ligand_12_None,base_1_NaOH,solvent_3_THF,2,0.0
electrophile_3,ligand_12_None,base_1_NaOH,solvent_4_DMF,1,0.0
electrophile_3,ligand_12_None,base_1_NaOH,solvent_4_DMF,2,0.0
electrophile_3,ligand_12_None,base_2_KOH,solvent_1_MeCN,1,25.32
electrophile_3,ligand_12_None,base_2_KOH,solvent_1_MeCN,2,16.28
electrophile_3,ligand_12_None,base_2_KOH,solvent_2_MeOH,1,5.59
electrophile_3,ligand_12_None,base_2_KOH,solvent_2_MeOH,2,10.16
electrophile_3,ligand_12_None,base_2_KOH,solvent_3_THF,1,15.38
electrophile_3,ligand_12_None,base_2_KOH,solvent_3_THF,2,9.26
electrophile_3,ligand_12_None,base_2_KOH,solvent_4_DMF,1,7.43
electrophile_3,ligand_12_None,base_2_KOH,solvent_4_DMF,2,13.94
electrophile_3,ligand_12_None,base_3_K3PO4,solvent_1_MeCN,1,4.31
electrophile_3,ligand_12_None,base_3_K3PO4,solvent_1_MeCN,2,4.71
electrophile_3,ligand_12_None,base_3_K3PO4,solvent_2_MeOH,1,0.0
electrophile_3,ligand_12_None,base_3_K3PO4,solvent_2_MeOH,2,0.0
electrophile_3,ligand_12_None,base_3_K3PO4,solvent_3_THF,1,0.0
electrophile_3,ligand_12_None,base_3_K3PO4,solvent_3_THF,2,5.0
electrophile_3,ligand_12_None,base_3_K3PO4,solvent_4_DMF,1,3.86
electrophile_3,ligand_12_None,base_3_K3PO4,solvent_4_DMF,2,0.0
electrophile_3,ligand_12_None,base_4_K2CO3,solvent_1_MeCN,1,2.25
electrophile_3,ligand_12_None,base_4_K2CO3,solvent_1_MeCN,2,0.0
electrophile_3,ligand_12_None,base_4_K2CO3,solvent_2_MeOH,1,0.0
electrophile_3,ligand_12_None,base_4_K2CO3,solvent_2_MeOH,2,0.62
electrophile_3,ligand_12_None,base_4_K2CO3,solvent_3_THF,1,0.0
electrophile_3,ligand_12_None,base_4_K2CO3,solvent_3_THF,2,0.0
electrophile_3,ligand_12_None,base_4_K2CO3,solvent_4_DMF,1,0.0
electrophile_3,ligand_12_None,base_4_K2CO3,solvent_4_DMF,2,2.07
electrophile_3,ligand_12_None,base_5_CsF,solvent_1_MeCN,1,0.0
electrophile_3,ligand_12_None,base_5_CsF,solvent_1_MeCN,2,0.0
electrophile_3,ligand_12_None,base_5_CsF,solvent_2_MeOH,1,0.0
electrophile_3,ligand_12_None,base_5_CsF,solvent_2_MeOH,2,0.0
electrophile_3,ligand_12_None,base_5_CsF,solvent_3_THF,1,0.0
electrophile_3,ligand_12_None,base_5_CsF,solvent_3_THF,2,0.0
electrophile_3,ligand_12_None,base_5_CsF,solvent_4_DMF,1,0.0
electrophile_3,ligand_12_None,base_5_CsF,solvent_4_DMF,2,0.0
electrophile_3,ligand_12_None,base_6_Et3N,solvent_1_MeCN,1,6.15
electrophile_3,ligand_12_None,base_6_Et3N,solvent_1_MeCN,2,6.06
electrophile_3,ligand_12_None,base_6_Et3N,solvent_2_MeOH,1,0.0
electrophile_3,ligand_12_None,base_6_Et3N,solvent_2_MeOH,2,0.24
electrophile_3,ligand_12_None,base_6_Et3N,solvent_3_THF,1,5.69
electrophile_3,ligand_12_None,base_6_Et3N,solvent_3_THF,2,0.0
electrophile_3,ligand_12_None,base_6_Et3N,solvent_4_DMF,1,0.0
electrophile_3,ligand_12_None,base_6_Et3N,solvent_4_DMF,2,1.22
electrophile_3,ligand_12_None,base_7_NaHCO3,solvent_1_MeCN,1,8.6
electrophile_3,ligand_12_None,base_7_NaHCO3,solvent_1_MeCN,2,10.0
electrophile_3,ligand_12_None,base_7_NaHCO3,solvent_2_MeOH,1,3.09
electrophile_3,ligand_12_None,base_7_NaHCO3,solvent_2_MeOH,2,3.34
electrophile_3,ligand_12_None,base_7_NaHCO3,solvent_3_THF,1,0.0
electrophile_3,ligand_12_None,base_7_NaHCO3,solvent_3_THF,2,8.48
electrophile_3,ligand_12_None,base_7_NaHCO3,solvent_4_DMF,1,7.23
electrophile_3,ligand_12_None,base_7_NaHCO3,solvent_4_DMF,2,0.23
electrophile_3,ligand_12_None,base_8_KOAc,solvent_1_MeCN,1,0.0
electrophile_3,ligand_12_None,base_8_KOAc,solvent_1_MeCN,2,0.0
electrophile_3,ligand_12_None,base_8_KOAc,solvent_2_MeOH,1,0.0
electrophile_3,ligand_12_None,base_8_KOAc,solvent_2_MeOH,2,0.0
electrophile_3,ligand_12_None,base_8_KOAc,solvent_3_THF,1,0.0
electrophile_3,ligand_12_None,base_8_KOAc,solvent_3_THF,2,0.0
electrophile_3,ligand_12_None,base_8_KOAc,solvent_4_DMF,1,0.0
electrophile_3,ligand_12_None,base_8_KOAc,solvent_4_DMF,2,0.0
electrophile_4,ligand_1_XPhos,base_1_NaOH,solvent_1_MeCN,1,13.72
electrophile_4,ligand_1_XPhos,base_1_NaOH,solvent_1_MeCN,2,18.7
electrophile_4,ligand_1_XPhos,base_1_NaOH,solvent_2_MeOH,1,12.08
electrophile_4,ligand_1_XPhos,base_1_NaOH,solvent_2_MeOH,2,14.08
electrophile_4,ligand_1_XPhos,base_1_NaOH,solvent_3_THF,1,12.96
electrophile_4,ligand_1_XPhos,base_1_NaOH,solvent_3_THF,2,14.15
electrophile_4,ligand_1_XPhos,base_1_NaOH,solvent_4_DMF,1,17.08
electrophile_4,ligand_1_XPhos,base_1_NaOH,solvent_4_DMF,2,10.77
electrophile_4,ligand_1_XPhos,base_2_KOH,solvent_1_MeCN,1,33.81
electrophile_4,ligand_1_XPhos,base_2_KOH,solvent_1_MeCN,2,50.59
electrophile_4,ligand_1_XPhos,base_2_KOH,solvent_2_MeOH,1,42.89
electrophile_4,ligand_1_XPhos,base_2_KOH,solvent_2_MeOH,2,29.52
electrophile_4,ligand_1_XPhos,base_2_KOH,solvent_3_THF,1,41.28
electrophile_4,ligand_1_XPhos,base_2_KOH,solvent_3_THF,2,35.32
electrophile_4,ligand_1_XPhos,base_2_KOH,solvent_4_DMF,1,37.29
electrophile_4,ligand_1_XPhos,base_2_KOH,solvent_4_DMF,2,37.44
electrophile_4,ligand_1_XPhos,base_3_K3PO4,solvent_1_MeCN,1,87.04
electrophile_4,ligand_1_XPhos,base_3_K3PO4,solvent_1_MeCN,2,81.82
electrophile_4,ligand_1_XPhos,base_3_K3PO4,solvent_2_MeOH,1,35.46
electrophile_4,ligand_1_XPhos,base_3_K3PO4,solvent_2_MeOH,2,40.13
electrophile_4,ligand_1_XPhos,base_3_K3PO4,solvent_3_THF,1,53.3
electrophile_4,ligand_1_XPhos,base_3_K3PO4,solvent_3_THF,2,48.72
electrophile_4,ligand_1_XPhos,base_3_K3PO4,solvent_4_DMF,1,92.54
electrophile_4,ligand_1_XPhos,base_3_K3PO4,solvent_4_DMF,2,97.28
electrophile_4,ligand_1_XPhos,base_4_K2CO3,solvent_1_MeCN,1,87.62
electrophile_4,ligand_1_XPhos,base_4_K2CO3,solvent_1_MeCN,2,100.0
electrophile_4,ligand_1_XPhos,base_4_K2CO3,solvent_2_MeOH,1,48.52
electrophile_4,ligand_1_XPhos,base_4_K2CO3,solvent_2_MeOH,2,48.49
electrophile_4,ligand_1_XPhos,base_4_K2CO3,solvent_3_THF,1,61.63
electrophile_4,ligand_1_XPhos,base_4_K2CO3,solvent_3_THF,2,37.12
electrophile_4,ligand_1_XPhos,base_4_K2CO3,solvent_4_DMF,1,95.85
electrophile_4,ligand_1_XPhos,base_4_K2CO3,solvent_4_DMF,2,97.63
electrophile_4,ligand_1_XPhos,base_5_CsF,solvent_1_MeCN,1,22.18
electrophile_4,ligand_1_XPhos,base_5_CsF,solvent_1_MeCN,2,15.69
electrophile_4,ligand_1_XPhos,base_5_CsF,solvent_2_MeOH,1,21.45
electrophile_4,ligand_1_XPhos,base_5_CsF,solvent_2_MeOH,2,22.82
electrophile_4,ligand_1_XPhos,base_5_CsF,solvent_3_THF,1,10.88
electrophile_4,ligand_1_XPhos,base_5_CsF,solvent_3_THF,2,11.96
electrophile_4,ligand_1_XPhos,base_5_CsF,solvent_4_DMF,1,17.15
electrophile_4,ligand_1_XPhos,base_5_CsF,solvent_4_DMF,2,10.91
electrophile_4,ligand_1_XPhos,base_6_Et3N,solvent_1_MeCN,1,25.53
electrophile_4,ligand_1_XPhos,base_6_Et3N,solvent_1_MeCN,2,25.88
electrophile_4,ligand_1_XPhos,base_6_Et3N,solvent_2_MeOH,1,10.3
electrophile_4,ligand_1_XPhos,base_6_Et3N,solvent_2_MeOH,2,19.83
electrophile_4,ligand_1_XPhos,base_6_Et3N,solvent_3_THF,1,18.3
electrophile_4,ligand_1_XPhos,base_6_Et3N,solvent_3_THF,2,19.29
electrophile_4,ligand_1_XPhos,base_6_Et3N,solvent_4_DMF,1,27.11
electrophile_4,ligand_1_XPhos,base_6_Et3N,solvent_4_DMF,2,13.61
electrophile_4,ligand_1_XPhos,base_7_NaHCO3,solvent_1_MeCN,1,35.07
electrophile_4,ligand_1_XPhos,base_7_NaHCO3,solvent_1_MeCN,2,29.61
electrophile_4,ligand_1_XPhos,base_7_NaHCO3,solvent_2_MeOH,1,23.74
electrophile_4,ligand_1_XPhos,base_7_NaHCO3,solvent_2_MeOH,2,29.09
electrophile_4,ligand_1_XPhos,base_7_NaHCO3,solvent_3_THF,1,28.7
electrophile_4,ligand_1_XPhos,base_7_NaHCO3,solvent_3_THF,2,29.85
electrophile_4,ligand_1_XPhos,base_7_NaHCO3,solvent_4_DMF,1,29.98
electrophile_4,ligand_1_XPhos,base_7_NaHCO3,solvent_4_DMF,2,23.48
electrophile_4,ligand_1_XPhos,base_8_KOAc,solvent_1_MeCN,1,17.84
electrophile_4,ligand_1_XPhos,base_8_KOAc,solvent_1_MeCN,2,15.48
electrophile_4,ligand_1_XPhos,base_8_KOAc,solvent_2_MeOH,1,10.92
electrophile_4,ligand_1_XPhos,base_8_KOAc,solvent_2_MeOH,2,29.79
electrophile_4,ligand_1_XPhos,base_8_KOAc,solvent_3_THF,1,23.12
electrophile_4,ligand_1_XPhos,base_8_KOAc,solvent_3_THF,2,10.15
electrophile_4,ligand_1_XPhos,base_8_KOAc,solvent_4_DMF,1,8.43
electrophile_4,ligand_1_XPhos,base_8_KOAc,solvent_4_DMF,2,17.45
electrophile_4,ligand_2_SPhos,base_1_NaOH,solvent_1_MeCN,1,9.18
electrophile_4,ligand_2_SPhos,base_1_NaOH,solvent_1_MeCN,2,9.19
electrophile_4,ligand_2_SPhos,base_1_NaOH,solvent_2_MeOH,1,0.0
electrophile_4,ligand_2_SPhos,base_1_NaOH,solvent_2_MeOH,2,0.0
electrophile_4,ligand_2_SPhos,base_1_NaOH,solvent_3_THF,1,4.08
electrophile_4,ligand_2_SPhos,base_1_NaOH,solvent_3_THF,2,2.87
electrophile_4,ligand_2_SPhos,base_1_NaOH,solvent_4_DMF,1,0.0
electrophile_4,ligand_2_SPhos,base_1_NaOH,solvent_4_DMF,2,0.0
electrophile_4,ligand_2_SPhos,base_2_KOH,solvent_1_MeCN,1,25.21
electrophile_4,ligand_2_SPhos,base_2_KOH,solvent_1_MeCN,2,30.34
electrophile_4,ligand_2_SPhos,base_2_KOH,solvent_2_MeOH,1,38.54
electrophile_4,ligand_2_SPhos,base_2_KOH,solvent_2_MeOH,2,25.45
electrophile_4,ligand_2_SPhos,base_2_KOH,solvent_3_THF,1,23.9
electrophile_4,ligand_2_SPhos,base_2_KOH,solvent_3_THF,2,30.07
electrophile_4,ligand_2_SPhos,base_2_KOH,solvent_4_DMF,1,26.02
electrophile_4,ligand_2_SPhos,base_2_KOH,solvent_4_DMF,2,25.7
electrophile_4,ligand_2_SPhos,base_3_K3PO4,solvent_1_MeCN,1,18.97
electrophile_4,ligand_2_SPhos,base_3_K3PO4,solvent_1_MeCN,2,26.22
electrophile_4,ligand_2_SPhos,base_3_K3PO4,solvent_2_MeOH,1,4.43
electrophile_4,ligand_2_SPhos,base_3_K3PO4,solvent_2_MeOH,2,12.45
electrophile_4,ligand_2_SPhos,base_3_K3PO4,solvent_3_THF,1,7.3
electrophile_4,ligand_2_SPhos,base_3_K3PO4,solvent_3_THF,2,14.71
electrophile_4,ligand_2_SPhos,base_3_K3PO4,solvent_4_DMF,1,5.48
electrophile_4,ligand_2_SPhos,base_3_K3PO4,solvent_4_DMF,2,7.99
electrophile_4,ligand_2_SPhos,base_4_K2CO3,solvent_1_MeCN,1,16.81
electrophile_4,ligand_2_SPhos,base_4_K2CO3,solvent_1_MeCN,2,23.16
electrophile_4,ligand_2_SPhos,base_4_K2CO3,solvent_2_MeOH,1,17.02
electrophile_4,ligand_2_SPhos,base_4_K2CO3,solvent_2_MeOH,2,6.2
electrophile_4,ligand_2_SPhos,base_4_K2CO3,solvent_3_THF,1,14.55
electrophile_4,ligand_2_SPhos,base_4_K2CO3,solvent_3_THF,2,10.73
electrophile_4,ligand_2_SPhos,base_4_K2CO3,solvent_4_DMF,1,6.13
electrophile_4,ligand_2_SPhos,base_4_K2CO3,solvent_4_DMF,2,11.33
electrophile_4,ligand_2_SPhos,base_5_CsF,solvent_1_MeCN,1,4.8
electrophile_4,ligand_2_SPhos,base_5_CsF,solvent_1_MeCN,2,18.48
electrophile_4,ligand_2_SPhos,base_5_CsF,solvent_2_MeOH,1,2.65
electrophile_4,ligand_2_SPhos,base_5_CsF,solvent_2_MeOH,2,0.0
electrophile_4,ligand_2_SPhos,base_5_CsF,solvent_3_THF,1,0.0
electrophile_4,ligand_2_SPhos,base_5_CsF,solvent_3_THF,2,7.45
electrophile_4,ligand_2_SPhos,base_5_CsF,solvent_4_DMF,1,10.92
electrophile_4,ligand_2_SPhos,base_5_CsF,solvent_4_DMF,2,0.0
electrophile_4,ligand_2_SPhos,base_6_Et3N,solvent_1_MeCN,1,3.99
electrophile_4,ligand_2_SPhos,base_6_Et3N,solvent_1_MeCN,2,22.74
electrophile_4,ligand_2_SPhos,base_6_Et3N,solvent_2_MeOH,1,9.48
electrophile_4,ligand_2_SPhos,base_6_Et3N,solvent_2_MeOH,2,3.19
electrophile_4,ligand_2_SPhos,base_6_Et3N,solvent_3_THF,1,12.06
electrophile_4,ligand_2_SPhos,base_6_Et3N,solvent_3_THF,2,0.0
electrophile_4,ligand_2_SPhos,base_6_Et3N,solvent_4_DMF,1,7.54
electrophile_4,ligand_2_SPhos,base_6_Et3N,solvent_4_DMF,2,9.16
electrophile_4,ligand_2_SPhos,base_7_NaHCO3,solvent_1_MeCN,1,23.25
electrophile_4,ligand_2_SPhos,base_7_NaHCO3,solvent_1_MeCN,2,13.56
electrophile_4,ligand_2_SPhos,base_7_NaHCO3,solvent_2_MeOH,1,13.2
electrophile_4,ligand_2_SPhos,base_7_NaHCO3,solvent_2_MeOH,2,8.15
electrophile_4,ligand_2_SPhos,base_7_NaHCO3,solvent_3_THF,1,15.9
electrophile_4,ligand_2_SPhos,base_7_NaHCO3,solvent_3_THF,2,10.15
electrophile_4,ligand_2_SPhos,base_7_NaHCO3,solvent_4_DMF,1,10.73
electrophile_4,ligand_2_SPhos,base_7_NaHCO3,solvent_4_DMF,2,7.79
electrophile_4,ligand_2_SPhos,base_8_KOAc,solvent_1_MeCN,1,11.79
electrophile_4,ligand_2_SPhos,base_8_KOAc,solvent_1_MeCN,2,12.83
electrophile_4,ligand_2_SPhos,base_8_KOAc,solvent_2_MeOH,1,1.5
electrophile_4,ligand_2_SPhos,base_8_KOAc,solvent_2_MeOH,2,2.87
electrophile_4,ligand_2_SPhos,base_8_KOAc,solvent_3_THF,1,0.0
electrophile_4,ligand_2_SPhos,base_8_KOAc,solvent_3_THF,2,3.03
electrophile_4,ligand_2_SPhos,base_8_KOAc,solvent_4_DMF,1,2.42
electrophile_4,ligand_2_SPhos,base_8_KOAc,solvent_4_DMF,2,15.78
electrophile_4,ligand_3_dppf,base_1_NaOH,solvent_1_MeCN,1,11.01
electrophile_4,ligand_3_dppf,base_1_NaOH,solvent_1_MeCN,2,23.89
electrophile_4,ligand_3_dppf,base_1_NaOH,solvent_2_MeOH,1,15.69
electrophile_4,ligand_3_dppf,base_1_NaOH,solvent_2_MeOH,2,12.11
electrophile_4,ligand_3_dppf,base_1_NaOH,solvent_3_THF,1,21.35
electrophile_4,ligand_3_dppf,base_1_NaOH,solvent_3_THF,2,14.42
electrophile_4,ligand_3_dppf,base_1_NaOH,solvent_4_DMF,1,12.65
electrophile_4,ligand_3_dppf,base_1_NaOH,solvent_4_DMF,2,10.44
electrophile_4,ligand_3_dppf,base_2_KOH,solvent_1_MeCN,1,45.71
electrophile_4,ligand_3_dppf,base_2_KOH,solvent_1_MeCN,2,45.07
electrophile_4,ligand_3_dppf,base_2_KOH,solvent_2_MeOH,1,30.6
electrophile_4,ligand_3_dppf,base_2_KOH,solvent_2_MeOH,2,27.13
electrophile_4,ligand_3_dppf,base_2_KOH,solvent_3_THF,1,34.57
electrophile_4,ligand_3_dppf,base_2_KOH,solvent_3_THF,2,31.58
electrophile_4,ligand_3_dppf,base_2_KOH,solvent_4_DMF,1,33.41
electrophile_4,ligand_3_dppf,base_2_KOH,solvent_4_DMF,2,39.91
electrophile_4,ligand_3_dppf,base_3_K3PO4,solvent_1_MeCN,1,23.77
electrophile_4,ligand_3_dppf,base_3_K3PO4,solvent_1_MeCN,2,25.84
electrophile_4,ligand_3_dppf,base_3_K3PO4,solvent_2_MeOH,1,20.49
electrophile_4,ligand_3_dppf,base_3_K3PO4,solvent_2_MeOH,2,24.44
electrophile_4,ligand_3_dppf,base_3_K3PO4,solvent_3_THF,1,10.82
electrophile_4,ligand_3_dppf,base_3_K3PO4,solvent_3_THF,2,19.02
electrophile_4,ligand_3_dppf,base_3_K3PO4,solvent_4_DMF,1,21.25
electrophile_4,ligand_3_dppf,base_3_K3PO4,solvent_4_DMF,2,26.19
electrophile_4,ligand_3_dppf,base_4_K2CO3,solvent_1_MeCN,1,25.94
electrophile_4,ligand_3_dppf,base_4_K2CO3,solvent_1_MeCN,2,19.02
electrophile_4,ligand_3_dppf,base_4_K2CO3,solvent_2_MeOH,1,25.64
electrophile_4,ligand_3_dppf,base_4_K2CO3,solvent_2_MeOH,2,19.37
electrophile_4,ligand_3_dppf,base_4_K2CO3,solvent_3_THF,1,18.45
electrophile_4,ligand_3_dppf,base_4_K2CO3,solvent_3_THF,2,21.28
electrophile_4,ligand_3_dppf,base_4_K2CO3,solvent_4_DMF,1,21.62
electrophile_4,ligand_3_dppf,base_4_K2CO3,solvent_4_DMF,2,19.52
electrophile_4,ligand_3_dppf,base_5_CsF,solvent_1_MeCN,1,5.44
electrophile_4,ligand_3_dppf,base_5_CsF,solvent_1_MeCN,2,20.95
electrophile_4,ligand_3_dppf,base_5_CsF,solvent_2_MeOH,1,16.98
electrophile_4,ligand_3_dppf,base_5_CsF,solvent_2_MeOH,2,13.87
electrophile_4,ligand_3_dppf,base_5_CsF,solvent_3_THF,1,6.77
electrophile_4,ligand_3_dppf,base_5_CsF,solvent_3_THF,2,11.45
electrophile_4,ligand_3_dppf,base_5_CsF,solvent_4_DMF,1,10.57
electrophile_4,ligand_3_dppf,base_5_CsF,solvent_4_DMF,2,13.6
electrophile_4,ligand_3_dppf,base_6_Et3N,solvent_1_MeCN,1,26.85
electrophile_4,ligand_3_dppf,base_6_Et3N,solvent_1_MeCN,2,19.84
electrophile_4,ligand_3_dppf,base_6_Et3N,solvent_2_MeOH,1,18.06
electrophile_4,ligand_3_dppf,base_6_Et3N,solvent_2_MeOH,2,19.94
electrophile_4,ligand_3_dppf,base_6_Et3N,solvent_3_THF,1,26.78
electrophile_4,ligand_3_dppf,base_6_Et3N,solvent_3_THF,2,23.03
electrophile_4,ligand_3_dppf,base_6_Et3N,solvent_4_DMF,1,21.59
electrophile_4,ligand_3_dppf,base_6_Et3N,solvent_4_DMF,2,18.06
electrophile_4,ligand_3_dppf,base_7_NaHCO3,solvent_1_MeCN,1,35.8
electrophile_4,ligand_3_dppf,base_7_NaHCO3,solvent_1_MeCN,2,30.8
electrophile_4,ligand_3_dppf,base_7_NaHCO3,solvent_2_MeOH,1,18.59
electrophile_4,ligand_3_dppf,base_7_NaHCO3,solvent_2_MeOH,2,29.91
electrophile_4,ligand_3_dppf,base_7_NaHCO3,solvent_3_THF,1,28.24
electrophile_4,ligand_3_dppf,base_7_NaHCO3,solvent_3_THF,2,22.53
electrophile_4,ligand_3_dppf,base_7_NaHCO3,solvent_4_DMF,1,20.49
electrophile_4,ligand_3_dppf,base_7_NaHCO3,solvent_4_DMF,2,24.37
electrophile_4,ligand_3_dppf,base_8_KOAc,solvent_1_MeCN,1,20.97
electrophile_4,ligand_3_dppf,base_8_KOAc,solvent_1_MeCN,2,19.64
electrophile_4,ligand_3_dppf,base_8_KOAc,solvent_2_MeOH,1,14.35
electrophile_4,ligand_3_dppf,base_8_KOAc,solvent_2_MeOH,2,21.3
electrophile_4,ligand_3_dppf,base_8_KOAc,solvent_3_THF,1,20.01
electrophile_4,ligand_3_dppf,base_8_KOAc,solvent_3_THF,2,15.6
electrophile_4,ligand_3_dppf,base_8_KOAc,solvent_4_DMF,1,17.5
electrophile_4,ligand_3_dppf,base_8_KOAc,solvent_4_DMF,2,7.63
electrophile_4,ligand_4_P(Ph)3,base_1_NaOH,solvent_1_MeCN,1,8.5
electrophile_4,ligand_4_P(Ph)3,base_1_NaOH,solvent_1_MeCN,2,15.55
electrophile_4,ligand_4_P(Ph)3,base_1_NaOH,solvent_2_MeOH,1,0.0
electrophile_4,ligand_4_P(Ph)3,base_1_NaOH,solvent_2_MeOH,2,0.0
electrophile_4,ligand_4_P(Ph)3,base_1_NaOH,solvent_3_THF,1,0.0
electrophile_4,ligand_4_P(Ph)3,base_1_NaOH,solvent_3_THF,2,0.0
electrophile_4,ligand_4_P(Ph)3,base_1_NaOH,solvent_4_DMF,1,0.0
electrophile_4,ligand_4_P(Ph)3,base_1_NaOH,solvent_4_DMF,2,0.0
electrophile_4,ligand_4_P(Ph)3,base_2_KOH,solvent_1_MeCN,1,22.5
electrophile_4,ligand_4_P(Ph)3,base_2_KOH,solvent_1_MeCN,2,29.61
electrophile_4,ligand_4_P(Ph)3,base_2_KOH,solvent_2_MeOH,1,28.18
electrophile_4,ligand_4_P(Ph)3,base_2_KOH,solvent_2_MeOH,2,19.13
electrophile_4,ligand_4_P(Ph)3,base_2_KOH,solvent_3_THF,1,33.12
electrophile_4,ligand_4_P(Ph)3,base_2_KOH,solvent_3_THF,2,28.08
electrophile_4,ligand_4_P(Ph)3,base_2_KOH,solvent_4_DMF,1,28.82
electrophile_4,ligand_4_P(Ph)3,base_2_KOH,solvent_4_DMF,2,20.38
electrophile_4,ligand_4_P(Ph)3,base_3_K3PO4,solvent_1_MeCN,1,20.27
electrophile_4,ligand_4_P(Ph)3,base_3_K3PO4,solvent_1_MeCN,2,10.54
electrophile_4,ligand_4_P(Ph)3,base_3_K3PO4,solvent_2_MeOH,1,14.59
electrophile_4,ligand_4_P(Ph)3,base_3_K3PO4,solvent_2_MeOH,2,11.0
electrophile_4,ligand_4_P(Ph)3,base_3_K3PO4,solvent_3_THF,1,14.76
electrophile_4,ligand_4_P(Ph)3,base_3_K3PO4,solvent_3_THF,2,6.12
electrophile_4,ligand_4_P(Ph)3,base_3_K3PO4,solvent_4_DMF,1,5.66
electrophile_4,ligand_4_P(Ph)3,base_3_K3PO4,solvent_4_DMF,2,13.12
electrophile_4,ligand_4_P(Ph)3,base_4_K2CO3,solvent_1_MeCN,1,13.6
electrophile_4,ligand_4_P(Ph)3,base_4_K2CO3,solvent_1_MeCN,2,20.66
electrophile_4,ligand_4_P(Ph)3,base_4_K2CO3,solvent_2_MeOH,1,5.65
electrophile_4,ligand_4_P(Ph)3,base_4_K2CO3,solvent_2_MeOH,2,16.73
electrophile_4,ligand_4_P(Ph)3,base_4_K2CO3,solvent_3_THF,1,8.18
electrophile_4,ligand_4_P(Ph)3,base_4_K2CO3,solvent_3_THF,2,17.1
electrophile_4,ligand_4_P(Ph)3,base_4_K2CO3,solvent_4_DMF,1,15.61
electrophile_4,ligand_4_P(Ph)3,base_4_K2CO3,solvent_4_DMF,2,9.0
electrophile_4,ligand_4_P(Ph)3,base_5_CsF,solvent_1_MeCN,1,9.32
electrophile_4,ligand_4_P(Ph)3,base_5_CsF,solvent_1_MeCN,2,7.71
electrophile_4,ligand_4_P(Ph)3,base_5_CsF,solvent_2_MeOH,1,0.0
electrophile_4,ligand_4_P(Ph)3,base_5_CsF,solvent_2_MeOH,2,0.0
electrophile_4,ligand_4_P(Ph)3,base_5_CsF,solvent_3_THF,1,0.0
electrophile_4,ligand_4_P(Ph)3,base_5_CsF,solvent_3_THF,2,4.15
electrophile_4,ligand_4_P(Ph)3,base_5_CsF,solvent_4_DMF,1,0.0
electrophile_4,ligand_4_P(Ph)3,base_5_CsF,solvent_4_DMF,2,1.02
electrophile_4,ligand_4_P(Ph)3,base_6_Et3N,solvent_1_MeCN,1,12.13
electrophile_4,ligand_4_P(Ph)3,base_6_Et3N,solvent_1_MeCN,2,16.84
electrophile_4,ligand_4_P(Ph)3,base_6_Et3N,solvent_2_MeOH,1,6.08
electrophile_4,ligand_4_P(Ph)3,base_6_Et3N,solvent_2_MeOH,2,5.94
electrophile_4,ligand_4_P(Ph)3,base_6_Et3N,solvent_3_THF,1,13.1
electrophile_4,ligand_4_P(Ph)3,base_6_Et3N,solvent_3_THF,2,11.12
electrophile_4,ligand_4_P(Ph)3,base_6_Et3N,solvent_4_DMF,1,9.17
electrophile_4,ligand_4_P(Ph)3,base_6_Et3N,solvent_4_DMF,2,9.93
electrophile_4,ligand_4_P(Ph)3,base_7_NaHCO3,solvent_1_MeCN,1,11.01
electrophile_4,ligand_4_P(Ph)3,base_7_NaHCO3,solvent_1_MeCN,2,22.48
electrophile_4,ligand_4_P(Ph)3,base_7_NaHCO3,solvent_2_MeOH,1,15.9
electrophile_4,ligand_4_P(Ph)3,base_7_NaHCO3,solvent_2_MeOH,2,7.75
electrophile_4,ligand_4_P(Ph)3,base_7_NaHCO3,solvent_3_THF,1,13.47
electrophile_4,ligand_4_P(Ph)3,base_7_NaHCO3,solvent_3_THF,2,14.49
electrophile_4,ligand_4_P(Ph)3,base_7_NaHCO3,solvent_4_DMF,1,12.15
electrophile_4,ligand_4_P(Ph)3,base_7_NaHCO3,solvent_4_DMF,2,14.5
electrophile_4,ligand_4_P(Ph)3,base_8_KOAc,solvent_1_MeCN,1,15.75
electrophile_4,ligand_4_P(Ph)3,base_8_KOAc,solvent_1_MeCN,2,14.01
electrophile_4,ligand_4_P(Ph)3,base_8_KOAc,solvent_2_MeOH,1,0.0
electrophile_4,ligand_4_P(Ph)3,base_8_KOAc,solvent_2_MeOH,2,5.85
electrophile_4,ligand_4_P(Ph)3,base_8_KOAc,solvent_3_THF,1,11.24
electrophile_4,ligand_4_P(Ph)3,base_8_KOAc,solvent_3_THF,2,6.53
electrophile_4,ligand_4_P(Ph)3,base_8_KOAc,solvent_4_DMF,1,8.19
electrophile_4,ligand_4_P(Ph)3,base_8_KOAc,solvent_4_DMF,2,12.79
electrophile_4,ligand_5_P(Cy)3,base_1_NaOH,solvent_1_MeCN,1,11.6
electrophile_4,ligand_5_P(Cy)3,base_1_NaOH,solvent_1_MeCN,2,7.73
electrophile_4,ligand_5_P(Cy)3,base_1_NaOH,solvent_2_MeOH,1,5.85
electrophile_4,ligand_5_P(Cy)3,base_1_NaOH,solvent_2_MeOH,2,1.35
electrophile_4,ligand_5_P(Cy)3,base_1_NaOH,solvent_3_THF,1,2.6
electrophile_4,ligand_5_P(Cy)3,base_1_NaOH,solvent_3_THF,2,0.72
electrophile_4,ligand_5_P(Cy)3,base_1_NaOH,solvent_4_DMF,1,8.44
electrophile_4,ligand_5_P(Cy)3,base_1_NaOH,solvent_4_DMF,2,0.0
electrophile_4,ligand_5_P(Cy)3,base_2_KOH,solvent_1_MeCN,1,37.17
electrophile_4,ligand_5_P(Cy)3,base_2_KOH,solvent_1_MeCN,2,32.01
electrophile_4,ligand_5_P(Cy)3,base_2_KOH,solvent_2_MeOH,1,16.65
electrophile_4,ligand_5_P(Cy)3,base_2_KOH,solvent_2_MeOH,2,25.49
electrophile_4,ligand_5_P(Cy)3,base_2_KOH,solvent_3_THF,1,15.0
electrophile_4,ligand_5_P(Cy)3,base_2_KOH,solvent_3_THF,2,28.63
electrophile_4,ligand_5_P(Cy)3,base_2_KOH,solvent_4_DMF,1,28.07
electrophile_4,ligand_5_P(Cy)3,base_2_KOH,solvent_4_DMF,2,20.68
electrophile_4,ligand_5_P(Cy)3,base_3_K3PO4,solvent_1_MeCN,1,91.98
electrophile_4,ligand_5_P(Cy)3,base_3_K3PO4,solvent_1_MeCN,2,70.62
electrophile_4,ligand_5_P(Cy)3,base_3_K3PO4,solvent_2_MeOH,1,51.78
electrophile_4,ligand_5_P(Cy)3,base_3_K3PO4,solvent_2_MeOH,2,35.2
electrophile_4,ligand_5_P(Cy)3,base_3_K3PO4,solvent_3_THF,1,38.99
electrophile_4,ligand_5_P(Cy)3,base_3_K3PO4,solvent_3_THF,2,34.24
electrophile_4,ligand_5_P(Cy)3,base_3_K3PO4,solvent_4_DMF,1,94.78
electrophile_4,ligand_5_P(Cy)3,base_3_K3PO4,solvent_4_DMF,2,76.25
electrophile_4,ligand_5_P(Cy)3,base_4_K2CO3,solvent_1_MeCN,1,76.34
electrophile_4,ligand_5_P(Cy)3,base_4_K2CO3,solvent_1_MeCN,2,94.52
electrophile_4,ligand_5_P(Cy)3,base_4_K2CO3,solvent_2_MeOH,1,41.37
electrophile_4,ligand_5_P(Cy)3,base_4_K2CO3,solvent_2_MeOH,2,36.39
electrophile_4,ligand_5_P(Cy)3,base_4_K2CO3,solvent_3_THF,1,26.13
electrophile_4,ligand_5_P(Cy)3,base_4_K2CO3,solvent_3_THF,2,33.15
electrophile_4,ligand_5_P(Cy)3,base_4_K2CO3,solvent_4_DMF,1,67.88
electrophile_4,ligand_5_P(Cy)3,base_4_K2CO3,solvent_4_DMF,2,84.19
electrophile_4,ligand_5_P(Cy)3,base_5_CsF,solvent_1_MeCN,1,14.25
electrophile_4,ligand_5_P(Cy)3,base_5_CsF,solvent_1_MeCN,2,4.05
electrophile_4,ligand_5_P(Cy)3,base_5_CsF,solvent_2_MeOH,1,0.0
electrophile_4,ligand_5_P(Cy)3,base_5_CsF,solvent_2_MeOH,2,0.16
electrophile_4,ligand_5_P(Cy)3,base_5_CsF,solvent_3_THF,1,0.12
electrophile_4,ligand_5_P(Cy)3,base_5_CsF,solvent_3_THF,2,3.35
electrophile_4,ligand_5_P(Cy)3,base_5_CsF,solvent_4_DMF,1,0.0
electrophile_4,ligand_5_P(Cy)3,base_5_CsF,solvent_4_DMF,2,0.0
electrophile_4,ligand_5_P(Cy)3,base_6_Et3N,solvent_1_MeCN,1,16.54
electrophile_4,ligand_5_P(Cy)3,base_6_Et3N,solvent_1_MeCN,2,16.57
electrophile_4,ligand_5_P(Cy)3,base_6_Et3N,solvent_2_MeOH,1,3.55
electrophile_4,ligand_5_P(Cy)3,base_6_Et3N,solvent_2_MeOH,2,12.04
electrophile_4,ligand_5_P(Cy)3,base_6_Et3N,solvent_3_THF,1,6.26
electrophile_4,ligand_5_P(Cy)3,base_6_Et3N,solvent_3_THF,2,10.69
electrophile_4,ligand_5_P(Cy)3,base_6_Et3N,solvent_4_DMF,1,11.66
electrophile_4,ligand_5_P(Cy)3,base_6_Et3N,solvent_4_DMF,2,7.39
electrophile_4,ligand_5_P(Cy)3,base_7_NaHCO3,solvent_1_MeCN,1,20.94
electrophile_4,ligand_5_P(Cy)3,base_7_NaHCO3,solvent_1_MeCN,2,16.09
electrophile_4,ligand_5_P(Cy)3,base_7_NaHCO3,solvent_2_MeOH,1,11.83
electrophile_4,ligand_5_P(Cy)3,base_7_NaHCO3,solvent_2_MeOH,2,11.78
electrophile_4,ligand_5_P(Cy)3,base_7_NaHCO3,solvent_3_THF,1,10.93
electrophile_4,ligand_5_P(Cy)3,base_7_NaHCO3,solvent_3_THF,2,13.78
electrophile_4,ligand_5_P(Cy)3,base_7_NaHCO3,solvent_4_DMF,1,5.06
electrophile_4,ligand_5_P(Cy)3,base_7_NaHCO3,solvent_4_DMF,2,10.35
electrophile_4,ligand_5_P(Cy)3,base_8_KOAc,solvent_1_MeCN,1,7.15
electrophile_4,ligand_5_P(Cy)3,base_8_KOAc,solvent_1_MeCN,2,7.29
electrophile_4,ligand_5_P(Cy)3,base_8_KOAc,solvent_2_MeOH,1,1.51
electrophile_4,ligand_5_P(Cy)3,base_8_KOAc,solvent_2_MeOH,2,2.41
electrophile_4,ligand_5_P(Cy)3,base_8_KOAc,solvent_3_THF,1,6.97
electrophile_4,ligand_5_P(Cy)3,base_8_KOAc,solvent_3_THF,2,8.94
electrophile_4,ligand_5_P(Cy)3,base_8_KOAc,solvent_4_DMF,1,0.0
electrophile_4,ligand_5_P(Cy)3,base_8_KOAc,solvent_4_DMF,2,0.0
electrophile_4,ligand_6_P(tBu)3,base_1_NaOH,solvent_1_MeCN,1,8.35
electrophile_4,ligand_6_P(tBu)3,base_1_NaOH,solvent_1_MeCN,2,11.12
electrophile_4,ligand_6_P(tBu)3,base_1_NaOH,solvent_2_MeOH,1,5.94
electrophile_4,ligand_6_P(tBu)3,base_1_NaOH,solvent_2_MeOH,2,3.85
electrophile_4,ligand_6_P(tBu)3,base_1_NaOH,solvent_3_THF,1,3.07
electrophile_4,ligand_6_P(tBu)3,base_1_NaOH,solvent_3_THF,2,7.27
electrophile_4,ligand_6_P(tBu)3,base_1_NaOH,solvent_4_DMF,1,8.6
electrophile_4,ligand_6_P(tBu)3,base_1_NaOH,solvent_4_DMF,2,10.67
electrophile_4,ligand_6_P(tBu)3,base_2_KOH,solvent_1_MeCN,1,33.8
electrophile_4,ligand_6_P(tBu)3,base_2_KOH,solvent_1_MeCN,2,34.52
electrophile_4,ligand_6_P(tBu)3,base_2_KOH,solvent_2_MeOH,1,26.09
electrophile_4,ligand_6_P(tBu)3,base_2_KOH,solvent_2_MeOH,2,30.57
electrophile_4,ligand_6_P(tBu)3,base_2_KOH,solvent_3_THF,1,28.34
electrophile_4,ligand_6_P(tBu)3,base_2_KOH,solvent_3_THF,2,35.44
electrophile_4,ligand_6_P(tBu)3,base_2_KOH,solvent_4_DMF,1,21.79
electrophile_4,ligand_6_P(tBu)3,base_2_KOH,solvent_4_DMF,2,28.92
electrophile_4,ligand_6_P(tBu)3,base_3_K3PO4,solvent_1_MeCN,1,24.56
electrophile_4,ligand_6_P(tBu)3,base_3_K3PO4,solvent_1_MeCN,2,23.97
electrophile_4,ligand_6_P(tBu)3,base_3_K3PO4,solvent_2_MeOH,1,30.66
electrophile_4,ligand_6_P(tBu)3,base_3_K3PO4,solvent_2_MeOH,2,18.94
electrophile_4,ligand_6_P(tBu)3,base_3_K3PO4,solvent_3_THF,1,14.03
electrophile_4,ligand_6_P(tBu)3,base_3_K3PO4,solvent_3_THF,2,18.57
electrophile_4,ligand_6_P(tBu)3,base_3_K3PO4,solvent_4_DMF,1,8.31
electrophile_4,ligand_6_P(tBu)3,base_3_K3PO4,solvent_4_DMF,2,16.78
electrophile_4,ligand_6_P(tBu)3,base_4_K2CO3,solvent_1_MeCN,1,21.23
electrophile_4,ligand_6_P(tBu)3,base_4_K2CO3,solvent_1_MeCN,2,29.98
electrophile_4,ligand_6_P(tBu)3,base_4_K2CO3,solvent_2_MeOH,1,16.79
electrophile_4,ligand_6_P(tBu)3,base_4_K2CO3,solvent_2_MeOH,2,18.96
electrophile_4,ligand_6_P(tBu)3,base_4_K2CO3,solvent_3_THF,1,18.22
electrophile_4,ligand_6_P(tBu)3,base_4_K2CO3,solvent_3_THF,2,30.09
electrophile_4,ligand_6_P(tBu)3,base_4_K2CO3,solvent_4_DMF,1,17.93
electrophile_4,ligand_6_P(tBu)3,base_4_K2CO3,solvent_4_DMF,2,28.7
electrophile_4,ligand_6_P(tBu)3,base_5_CsF,solvent_1_MeCN,1,17.53
electrophile_4,ligand_6_P(tBu)3,base_5_CsF,solvent_1_MeCN,2,15.87
electrophile_4,ligand_6_P(tBu)3,base_5_CsF,solvent_2_MeOH,1,9.45
electrophile_4,ligand_6_P(tBu)3,base_5_CsF,solvent_2_MeOH,2,9.57
electrophile_4,ligand_6_P(tBu)3,base_5_CsF,solvent_3_THF,1,0.0
electrophile_4,ligand_6_P(tBu)3,base_5_CsF,solvent_3_THF,2,8.06
electrophile_4,ligand_6_P(tBu)3,base_5_CsF,solvent_4_DMF,1,11.82
electrophile_4,ligand_6_P(tBu)3,base_5_CsF,solvent_4_DMF,2,7.35
electrophile_4,ligand_6_P(tBu)3,base_6_Et3N,solvent_1_MeCN,1,13.48
electrophile_4,ligand_6_P(tBu)3,base_6_Et3N,solvent_1_MeCN,2,20.24
electrophile_4,ligand_6_P(tBu)3,base_6_Et3N,solvent_2_MeOH,1,23.17
electrophile_4,ligand_6_P(tBu)3,base_6_Et3N,solvent_2_MeOH,2,20.88
electrophile_4,ligand_6_P(tBu)3,base_6_Et3N,solvent_3_THF,1,16.19
electrophile_4,ligand_6_P(tBu)3,base_6_Et3N,solvent_3_THF,2,21.26
electrophile_4,ligand_6_P(tBu)3,base_6_Et3N,solvent_4_DMF,1,12.81
electrophile_4,ligand_6_P(tBu)3,base_6_Et3N,solvent_4_DMF,2,6.12
electrophile_4,ligand_6_P(tBu)3,base_7_NaHCO3,solvent_1_MeCN,1,21.12
electrophile_4,ligand_6_P(tBu)3,base_7_NaHCO3,solvent_1_MeCN,2,33.56
electrophile_4,ligand_6_P(tBu)3,base_7_NaHCO3,solvent_2_MeOH,1,18.52
electrophile_4,ligand_6_P(tBu)3,base_7_NaHCO3,solvent_2_MeOH,2,18.67
electrophile_4,ligand_6_P(tBu)3,base_7_NaHCO3,solvent_3_THF,1,20.24
electrophile_4,ligand_6_P(tBu)3,base_7_NaHCO3,solvent_3_THF,2,31.26
electrophile_4,ligand_6_P(tBu)3,base_7_NaHCO3,solvent_4_DMF,1,28.01
electrophile_4,ligand_6_P(tBu)3,base_7_NaHCO3,solvent_4_DMF,2,30.97
electrophile_4,ligand_6_P(tBu)3,base_8_KOAc,solvent_1_MeCN,1,14.85
electrophile_4,ligand_6_P(tBu)3,base_8_KOAc,solvent_1_MeCN,2,17.13
electrophile_4,ligand_6_P(tBu)3,base_8_KOAc,solvent_2_MeOH,1,2.21
electrophile_4,ligand_6_P(tBu)3,base_8_KOAc,solvent_2_MeOH,2,17.18
electrophile_4,ligand_6_P(tBu)3,base_8_KOAc,solvent_3_THF,1,5.81
electrophile_4,ligand_6_P(tBu)3,base_8_KOAc,solvent_3_THF,2,12.73
electrophile_4,ligand_6_P(tBu)3,base_8_KOAc,solvent_4_DMF,1,4.3
electrophile_4,ligand_6_P(tBu)3,base_8_KOAc,solvent_4_DMF,2,6.84
electrophile_4,ligand_7_Xantphos,base_1_NaOH,solvent_1_MeCN,1,0.0
electrophile_4,ligand_7_Xantphos,base_1_NaOH,solvent_1_MeCN,2,0.0
electrophile_4,ligand_7_Xantphos,base_1_NaOH,solvent_2_MeOH,1,0.0
electrophile_4,ligand_7_Xantphos,base_1_NaOH,solvent_2_MeOH,2,0.0
electrophile_4,ligand_7_Xantphos,base_1_NaOH,solvent_3_THF,1,0.0
electrophile_4,ligand_7_Xantphos,base_1_NaOH,solvent_3_THF,2,0.0
electrophile_4,ligand_7_Xantphos,base_1_NaOH,solvent_4_DMF,1,0.0
electrophile_4,ligand_7_Xantphos,base_1_NaOH,solvent_4_DMF,2,0.0
electrophile_4,ligand_7_Xantphos,base_2_KOH,solvent_1_MeCN,1,12.46
electrophile_4,ligand_7_Xantphos,base_2_KOH,solvent_1_MeCN,2,11.44
electrophile_4,ligand_7_Xantphos,base_2_KOH,solvent_2_MeOH,1,8.02
electrophile_4,ligand_7_Xantphos,base_2_KOH,solvent_2_MeOH,2,15.07
electrophile_4,ligand_7_Xantphos,base_2_KOH,solvent_3_THF,1,12.0
electrophile_4,ligand_7_Xantphos,base_2_KOH,solvent_3_THF,2,8.37
electrophile_4,ligand_7_Xantphos,base_2_KOH,solvent_4_DMF,1,11.59
electrophile_4,ligand_7_Xantphos,base_2_KOH,solvent_4_DMF,2,3.65
electrophile_4,ligand_7_Xantphos,base_3_K3PO4,solvent_1_MeCN,1,4.91
electrophile_4,ligand_7_Xantphos,base_3_K3PO4,solvent_1_MeCN,2,3.54
electrophile_4,ligand_7_Xantphos,base_3_K3PO4,solvent_2_MeOH,1,0.0
electrophile_4,ligand_7_Xantphos,base_3_K3PO4,solvent_2_MeOH,2,0.0
electrophile_4,ligand_7_Xantphos,base_3_K3PO4,solvent_3_THF,1,0.0
electrophile_4,ligand_7_Xantphos,base_3_K3PO4,solvent_3_THF,2,0.17
electrophile_4,ligand_7_Xantphos,base_3_K3PO4,solvent_4_DMF,1,1.78
electrophile_4,ligand_7_Xantphos,base_3_K3PO4,solvent_4_DMF,2,0.0
electrophile_4,ligand_7_Xantphos,base_4_K2CO3,solvent_1_MeCN,1,6.14
electrophile_4,ligand_7_Xantphos,base_4_K2CO3,solvent_1_MeCN,2,0.0
electrophile_4,ligand_7_Xantphos,base_4_K2CO3,solvent_2_MeOH,1,0.0
electrophile_4,ligand_7_Xantphos,base_4_K2CO3,solvent_2_MeOH,2,0.0
electrophile_4,ligand_7_Xantphos,base_4_K2CO3,solvent_3_THF,1,0.0
electrophile_4,ligand_7_Xantphos,base_4_K2CO3,solvent_3_THF,2,0.0
electrophile_4,ligand_7_Xantphos,base_4_K2CO3,solvent_4_DMF,1,0.0
electrophile_4,ligand_7_Xantphos,base_4_K2CO3,solvent_4_DMF,2,0.0
electrophile_4,ligand_7_Xantphos,base_5_CsF,solvent_1_MeCN,1,0.0
electrophile_4,ligand_7_Xantphos,base_5_CsF,solvent_1_MeCN,2,0.0
electrophile_4,ligand_7_Xantphos,base_5_CsF,solvent_2_MeOH,1,0.0
electrophile_4,ligand_7_Xantphos,base_5_CsF,solvent_2_MeOH,2,0.0
electrophile_4,ligand_7_Xantphos,base_5_CsF,solvent_3_THF,1,0.0
electrophile_4,ligand_7_Xantphos,base_5_CsF,solvent_3_THF,2,0.0
electrophile_4,ligand_7_Xantphos,base_5_CsF,solvent_4_DMF,1,0.0
electrophile_4,ligand_7_Xantphos,base_5_CsF,solvent_4_DMF,2,0.0
electrophile_4,ligand_7_Xantphos,base_6_Et3N,solvent_1_MeCN,1,5.89
electrophile_4,ligand_7_Xantphos,base_6_Et3N,solvent_1_MeCN,2,0.0
electrophile_4,ligand_7_Xantphos,base_6_Et3N,solvent_2_MeOH,1,0.0
electrophile_4,ligand_7_Xantphos,base_6_Et3N,solvent_2_MeOH,2,0.0
electrophile_4,ligand_7_Xantphos,base_6_Et3N,solvent_3_THF,1,0.0
electrophile_4,ligand_7_Xantphos,base_6_Et3N,solvent_3_THF,2,0.0
electrophile_4,ligand_7_Xantphos,base_6_Et3N,solvent_4_DMF,1,0.0
electrophile_4,ligand_7_Xantphos,base_6_Et3N,solvent_4_DMF,2,0.0
electrophile_4,ligand_7_Xantphos,base_7_NaHCO3,solvent_1_MeCN,1,23.82
electrophile_4,ligand_7_Xantphos,base_7_NaHCO3,solvent_1_MeCN,2,0.0
electrophile_4,ligand_7_Xantphos,base_7_NaHCO3,solvent_2_MeOH,1,6.96
electrophile_4,ligand_7_Xantphos,base_7_NaHCO3,solvent_2_MeOH,2,0.0
electrophile_4,ligand_7_Xantphos,base_7_NaHCO3,solvent_3_THF,1,1.63
electrophile_4,ligand_7_Xantphos,base_7_NaHCO3,solvent_3_THF,2,0.0
electrophile_4,ligand_7_Xantphos,base_7_NaHCO3,solvent_4_DMF,1,0.0
electrophile_4,ligand_7_Xantphos,base_7_NaHCO3,solvent_4_DMF,2,0.0
electrophile_4,ligand_7_Xantphos,base_8_KOAc,solvent_1_MeCN,1,0.0
electrophile_4,ligand_7_Xantphos,base_8_KOAc,solvent_1_MeCN,2,0.0
electrophile_4,ligand_7_Xantphos,base_8_KOAc,solvent_2_MeOH,1,0.0
electrophile_4,ligand_7_Xantphos,base_8_KOAc,solvent_2_MeOH,2,0.0
electrophile_4,ligand_7_Xantphos,base_8_KOAc,solvent_3_THF,1,0.0
electrophile_4,ligand_7_Xantphos,base_8_KOAc,solvent_3_THF,2,0.0
electrophile_4,ligand_7_Xantphos,base_8_KOAc,solvent_4_DMF,1,0.0
electrophile_4,ligand_7_Xantphos,base_8_KOAc,solvent_4_DMF,2,0.0
electrophile_4,ligand_8_dtbpf,base_1_NaOH,solvent_1_MeCN,1,0.0
electrophile_4,ligand_8_dtbpf,base_1_NaOH,solvent_1_MeCN,2,0.0
electrophile_4,ligand_8_dtbpf,base_1_NaOH,solvent_2_MeOH,1,0.0
electrophile_4,ligand_8_dtbpf,base_1_NaOH,solvent_2_MeOH,2,0.0
electrophile_4,ligand_8_dtbpf,base_1_NaOH,solvent_3_THF,1,0.0
electrophile_4,ligand_8_dtbpf,base_1_NaOH,solvent_3_THF,2,0.0
electrophile_4,ligand_8_dtbpf,base_1_NaOH,solvent_4_DMF,1,0.0
electrophile_4,ligand_8_dtbpf,base_1_NaOH,solvent_4_DMF,2,0.0
electrophile_4,ligand_8_dtbpf,base_2_KOH,solvent_1_MeCN,1,23.39
electrophile_4,ligand_8_dtbpf,base_2_KOH,solvent_1_MeCN,2,13.32
electrophile_4,ligand_8_dtbpf,base_2_KOH,solvent_2_MeOH,1,14.78
electrophile_4,ligand_8_dtbpf,base_2_KOH,solvent_2_MeOH,2,10.08
electrophile_4,ligand_8_dtbpf,base_2_KOH,solvent_3_THF,1,12.59
electrophile_4,ligand_8_dtbpf,base_2_KOH,solvent_3_THF,2,13.37
electrophile_4,ligand_8_dtbpf,base_2_KOH,solvent_4_DMF,1,12.31
electrophile_4,ligand_8_dtbpf,base_2_KOH,solvent_4_DMF,2,10.47
electrophile_4,ligand_8_dtbpf,base_3_K3PO4,solvent_1_MeCN,1,4.46
electrophile_4,ligand_8_dtbpf,base_3_K3PO4,solvent_1_MeCN,2,11.27
electrophile_4,ligand_8_dtbpf,base_3_K3PO4,solvent_2_MeOH,1,2.45
electrophile_4,ligand_8_dtbpf,base_3_K3PO4,solvent_2_MeOH,2,1.87
electrophile_4,ligand_8_dtbpf,base_3_K3PO4,solvent_3_THF,1,0.0
electrophile_4,ligand_8_dtbpf,base_3_K3PO4,solvent_3_THF,2,0.0
electrophile_4,ligand_8_dtbpf,base_3_K3PO4,solvent_4_DMF,1,2.3
electrophile_4,ligand_8_dtbpf,base_3_K3PO4,solvent_4_DMF,2,1.9
electrophile_4,ligand_8_dtbpf,base_4_K2CO3,solvent_1_MeCN,1,13.09
electrophile_4,ligand_8_dtbpf,base_4_K2CO3,solvent_1_MeCN,2,2.71
electrophile_4,ligand_8_dtbpf,base_4_K2CO3,solvent_2_MeOH,1,0.0
electrophile_4,ligand_8_dtbpf,base_4_K2CO3,solvent_2_MeOH,2,0.0
electrophile_4,ligand_8_dtbpf,base_4_K2CO3,solvent_3_THF,1,0.0
electrophile_4,ligand_8_dtbpf,base_4_K2CO3,solvent_3_THF,2,6.71
electrophile_4,ligand_8_dtbpf,base_4_K2CO3,solvent_4_DMF,1,0.0
electrophile_4,ligand_8_dtbpf,base_4_K2CO3,solvent_4_DMF,2,3.07
electrophile_4,ligand_8_dtbpf,base_5_CsF,solvent_1_MeCN,1,0.0
electrophile_4,ligand_8_dtbpf,base_5_CsF,solvent_1_MeCN,2,0.0
electrophile_4,ligand_8_dtbpf,base_5_CsF,solvent_2_MeOH,1,0.0
electrophile_4,ligand_8_dtbpf,base_5_CsF,solvent_2_MeOH,2,0.0
electrophile_4,ligand_8_dtbpf,base_5_CsF,solvent_3_THF,1,0.0
electrophile_4,ligand_8_dtbpf,base_5_CsF,solvent_3_THF,2,0.0
electrophile_4,ligand_8_dtbpf,base_5_CsF,solvent_4_DMF,1,0.0
electrophile_4,ligand_8_dtbpf,base_5_CsF,solvent_4_DMF,2,0.0
electrophile_4,ligand_8_dtbpf,base_6_Et3N,solvent_1_MeCN,1,4.72
electrophile_4,ligand_8_dtbpf,base_6_Et3N,solvent_1_MeCN,2,3.17
electrophile_4,ligand_8_dtbpf,base_6_Et3N,solvent_2_MeOH,1,2.58
electrophile_4,ligand_8_dtbpf,base_6_Et3N,solvent_2_MeOH,2,0.0
electrophile_4,ligand_8_dtbpf,base_6_Et3N,solvent_3_THF,1,5.57
electrophile_4,ligand_8_dtbpf,base_6_Et3N,solvent_3_THF,2,1.49
electrophile_4,ligand_8_dtbpf,base_6_Et3N,solvent_4_DMF,1,0.0
electrophile_4,ligand_8_dtbpf,base_6_Et3N,solvent_4_DMF,2,0.65
electrophile_4,ligand_8_dtbpf,base_7_NaHCO3,solvent_1_MeCN,1,0.55
electrophile_4,ligand_8_dtbpf,base_7_NaHCO3,solvent_1_MeCN,2,1.95
electrophile_4,ligand_8_dtbpf,base_7_NaHCO3,solvent_2_MeOH,1,0.0
electrophile_4,ligand_8_dtbpf,base_7_NaHCO3,solvent_2_MeOH,2,0.0
electrophile_4,ligand_8_dtbpf,base_7_NaHCO3,solvent_3_THF,1,0.0
electrophile_4,ligand_8_dtbpf,base_7_NaHCO3,solvent_3_THF,2,8.19
electrophile_4,ligand_8_dtbpf,base_7_NaHCO3,solvent_4_DMF,1,0.0
electrophile_4,ligand_8_dtbpf,base_7_NaHCO3,solvent_4_DMF,2,1.97
electrophile_4,ligand_8_dtbpf,base_8_KOAc,solvent_1_MeCN,1,0.0
electrophile_4,ligand_8_dtbpf,base_8_KOAc,solvent_1_MeCN,2,0.0
electrophile_4,ligand_8_dtbpf,base_8_KOAc,solvent_2_MeOH,1,0.0
electrophile_4,ligand_8_dtbpf,base_8_KOAc,solvent_2_MeOH,2,0.0
electrophile_4,ligand_8_dtbpf,base_8_KOAc,solvent_3_THF,1,0.0
electrophile_4,ligand_8_dtbpf,base_8_KOAc,solvent_3_THF,2,0.0
electrophile_4,ligand_8_dtbpf,base_8_KOAc,solvent_4_DMF,1,0.05
electrophile_4,ligand_8_dtbpf,base_8_KOAc,solvent_4_DMF,2,0.0
electrophile_4,ligand_9_P(o-tol)3,base_1_NaOH,solvent_1_MeCN,1,6.05
electrophile_4,ligand_9_P(o-tol)3,base_1_NaOH,solvent_1_MeCN,2,11.84
electrophile_4,ligand_9_P(o-tol)3,base_1_NaOH,solvent_2_MeOH,1,0.0
electrophile_4,ligand_9_P(o-tol)3,base_1_NaOH,solvent_2_MeOH,2,2.38
electrophile_4,ligand_9_P(o-tol)3,base_1_NaOH,solvent_3_THF,1,2.51
electrophile_4,ligand_9_P(o-tol)3,base_1_NaOH,solvent_3_THF,2,2.83
electrophile_4,ligand_9_P(o-tol)3,base_1_NaOH,solvent_4_DMF,1,6.01
electrophile_4,ligand_9_P(o-tol)3,base_1_NaOH,solvent_4_DMF,2,3.32
electrophile_4,ligand_9_P(o-tol)3,base_2_KOH,solvent_1_MeCN,1,29.98
electrophile_4,ligand_9_P(o-tol)3,base_2_KOH,solvent_1_MeCN,2,20.27
electrophile_4,ligand_9_P(o-tol)3,base_2_KOH,solvent_2_MeOH,1,17.88
electrophile_4,ligand_9_P(o-tol)3,base_2_KOH,solvent_2_MeOH,2,22.07
electrophile_4,ligand_9_P(o-tol)3,base_2_KOH,solvent_3_THF,1,25.0
electrophile_4,ligand_9_P(o-tol)3,base_2_KOH,solvent_3_THF,2,18.89
electrophile_4,ligand_9_P(o-tol)3,base_2_KOH,solvent_4_DMF,1,34.73
electrophile_4,ligand_9_P(o-tol)3,base_2_KOH,solvent_4_DMF,2,30.26
electrophile_4,ligand_9_P(o-tol)3,base_3_K3PO4,solvent_1_MeCN,1,18.02
electrophile_4,ligand_9_P(o-tol)3,base_3_K3PO4,solvent_1_MeCN,2,15.37
electrophile_4,ligand_9_P(o-tol)3,base_3_K3PO4,solvent_2_MeOH,1,8.09
electrophile_4,ligand_9_P(o-tol)3,base_3_K3PO4,solvent_2_MeOH,2,4.39
electrophile_4,ligand_9_P(o-tol)3,base_3_K3PO4,solvent_3_THF,1,11.39
electrophile_4,ligand_9_P(o-tol)3,base_3_K3PO4,solvent_3_THF,2,12.29
electrophile_4,ligand_9_P(o-tol)3,base_3_K3PO4,solvent_4_DMF,1,2.94
electrophile_4,ligand_9_P(o-tol)3,base_3_K3PO4,solvent_4_DMF,2,10.82
electrophile_4,ligand_9_P(o-tol)3,base_4_K2CO3,solvent_1_MeCN,1,16.58
electrophile_4,ligand_9_P(o-tol)3,base_4_K2CO3,solvent_1_MeCN,2,7.82
electrophile_4,ligand_9_P(o-tol)3,base_4_K2CO3,solvent_2_MeOH,1,7.2
electrophile_4,ligand_9_P(o-tol)3,base_4_K2CO3,solvent_2_MeOH,2,9.43
electrophile_4,ligand_9_P(o-tol)3,base_4_K2CO3,solvent_3_THF,1,22.79
electrophile_4,ligand_9_P(o-tol)3,base_4_K2CO3,solvent_3_THF,2,16.13
electrophile_4,ligand_9_P(o-tol)3,base_4_K2CO3,solvent_4_DMF,1,4.81
electrophile_4,ligand_9_P(o-tol)3,base_4_K2CO3,solvent_4_DMF,2,13.92
electrophile_4,ligand_9_P(o-tol)3,base_5_CsF,solvent_1_MeCN,1,0.0
electrophile_4,ligand_9_P(o-tol)3,base_5_CsF,solvent_1_MeCN,2,10.83
electrophile_4,ligand_9_P(o-tol)3,base_5_CsF,solvent_2_MeOH,1,0.0
electrophile_4,ligand_9_P(o-tol)3,base_5_CsF,solvent_2_MeOH,2,0.0
electrophile_4,ligand_9_P(o-tol)3,base_5_CsF,solvent_3_THF,1,8.04
electrophile_4,ligand_9_P(o-tol)3,base_5_CsF,solvent_3_THF,2,0.0
electrophile_4,ligand_9_P(o-tol)3,base_5_CsF,solvent_4_DMF,1,0.0
electrophile_4,ligand_9_P(o-tol)3,base_5_CsF,solvent_4_DMF,2,0.0
electrophile_4,ligand_9_P(o-tol)3,base_6_Et3N,solvent_1_MeCN,1,17.65
electrophile_4,ligand_9_P(o-tol)3,base_6_Et3N,solvent_1_MeCN,2,4.86
electrophile_4,ligand_9_P(o-tol)3,base_6_Et3N,solvent_2_MeOH,1,0.0
electrophile_4,ligand_9_P(o-tol)3,base_6_Et3N,solvent_2_MeOH,2,4.35
electrophile_4,ligand_9_P(o-tol)3,base_6_Et3N,solvent_3_THF,1,11.21
electrophile_4,ligand_9_P(o-tol)3,base_6_Et3N,solvent_3_THF,2,14.46
electrophile_4,ligand_9_P(o-tol)3,base_6_Et3N,solvent_4_DMF,1,4.28
electrophile_4,ligand_9_P(o-tol)3,base_6_Et3N,solvent_4_DMF,2,4.54
electrophile_4,ligand_9_P(o-tol)3,base_7_NaHCO3,solvent_1_MeCN,1,23.47
electrophile_4,ligand_9_P(o-tol)3,base_7_NaHCO3,solvent_1_MeCN,2,8.35
electrophile_4,ligand_9_P(o-tol)3,base_7_NaHCO3,solvent_2_MeOH,1,9.9
electrophile_4,ligand_9_P(o-tol)3,base_7_NaHCO3,solvent_2_MeOH,2,12.8
electrophile_4,ligand_9_P(o-tol)3,base_7_NaHCO3,solvent_3_THF,1,15.94
electrophile_4,ligand_9_P(o-tol)3,base_7_NaHCO3,solvent_3_THF,2,11.15
electrophile_4,ligand_9_P(o-tol)3,base_7_NaHCO3,solvent_4_DMF,1,12.01
electrophile_4,ligand_9_P(o-tol)3,base_7_NaHCO3,solvent_4_DMF,2,0.0
electrophile_4,ligand_9_P(o-tol)3,base_8_KOAc,solvent_1_MeCN,1,4.32
electrophile_4,ligand_9_P(o-tol)3,base_8_KOAc,solvent_1_MeCN,2,9.88
electrophile_4,ligand_9_P(o-tol)3,base_8_KOAc,solvent_2_MeOH,1,0.0
electrophile_4,ligand_9_P(o-tol)3,base_8_KOAc,solvent_2_MeOH,2,2.04
electrophile_4,ligand_9_P(o-tol)3,base_8_KOAc,solvent_3_THF,1,5.84
electrophile_4,ligand_9_P(o-tol)3,base_8_KOAc,solvent_3_THF,2,1.89
electrophile_4,ligand_9_P(o-tol)3,base_8_KOAc,solvent_4_DMF,1,2.6
electrophile_4,ligand_9_P(o-tol)3,base_8_KOAc,solvent_4_DMF,2,0.0
electrophile_4,ligand_10_AmPhos,base_1_NaOH,solvent_1_MeCN,1,0.0
electrophile_4,ligand_10_AmPhos,base_1_NaOH,solvent_1_MeCN,2,4.06
electrophile_4,ligand_10_AmPhos,base_1_NaOH,solvent_2_MeOH,1,0.0
electrophile_4,ligand_10_AmPhos,base_1_NaOH,solvent_2_MeOH,2,0.0
electrophile_4,ligand_10_AmPhos,base_1_NaOH,solvent_3_THF,1,0.0
electrophile_4,ligand_10_AmPhos,base_1_NaOH,solvent_3_THF,2,0.58
electrophile_4,ligand_10_AmPhos,base_1_NaOH,solvent_4_DMF,1,0.0
electrophile_4,ligand_10_AmPhos,base_1_NaOH,solvent_4_DMF,2,0.94
electrophile_4,ligand_10_AmPhos,base_2_KOH,solvent_1_MeCN,1,22.35
electrophile_4,ligand_10_AmPhos,base_2_KOH,solvent_1_MeCN,2,26.16
electrophile_4,ligand_10_AmPhos,base_2_KOH,solvent_2_MeOH,1,24.16
electrophile_4,ligand_10_AmPhos,base_2_KOH,solvent_2_MeOH,2,11.32
electrophile_4,ligand_10_AmPhos,base_2_KOH,solvent_3_THF,1,16.48
electrophile_4,ligand_10_AmPhos,base_2_KOH,solvent_3_THF,2,18.59
electrophile_4,ligand_10_AmPhos,base_2_KOH,solvent_4_DMF,1,14.25
electrophile_4,ligand_10_AmPhos,base_2_KOH,solvent_4_DMF,2,26.85
electrophile_4,ligand_10_AmPhos,base_3_K3PO4,solvent_1_MeCN,1,6.22
electrophile_4,ligand_10_AmPhos,base_3_K3PO4,solvent_1_MeCN,2,7.73
electrophile_4,ligand_10_AmPhos,base_3_K3PO4,solvent_2_MeOH,1,5.67
electrophile_4,ligand_10_AmPhos,base_3_K3PO4,solvent_2_MeOH,2,0.0
electrophile_4,ligand_10_AmPhos,base_3_K3PO4,solvent_3_THF,1,4.52
electrophile_4,ligand_10_AmPhos,base_3_K3PO4,solvent_3_THF,2,8.09
electrophile_4,ligand_10_AmPhos,base_3_K3PO4,solvent_4_DMF,1,2.98
electrophile_4,ligand_10_AmPhos,base_3_K3PO4,solvent_4_DMF,2,4.17
electrophile_4,ligand_10_AmPhos,base_4_K2CO3,solvent_1_MeCN,1,10.2
electrophile_4,ligand_10_AmPhos,base_4_K2CO3,solvent_1_MeCN,2,5.28
electrophile_4,ligand_10_AmPhos,base_4_K2CO3,solvent_2_MeOH,1,8.6
electrophile_4,ligand_10_AmPhos,base_4_K2CO3,solvent_2_MeOH,2,15.77
electrophile_4,ligand_10_AmPhos,base_4_K2CO3,solvent_3_THF,1,8.94
electrophile_4,ligand_10_AmPhos,base_4_K2CO3,solvent_3_THF,2,9.97
electrophile_4,ligand_10_AmPhos,base_4_K2CO3,solvent_4_DMF,1,10.45
electrophile_4,ligand_10_AmPhos,base_4_K2CO3,solvent_4_DMF,2,0.64
electrophile_4,ligand_10_AmPhos,base_5_CsF,solvent_1_MeCN,1,9.42
electrophile_4,ligand_10_AmPhos,base_5_CsF,solvent_1_MeCN,2,1.92
electrophile_4,ligand_10_AmPhos,base_5_CsF,solvent_2_MeOH,1,3.21
electrophile_4,ligand_10_AmPhos,base_5_CsF,solvent_2_MeOH,2,0.0
electrophile_4,ligand_10_AmPhos,base_5_CsF,solvent_3_THF,1,6.0
electrophile_4,ligand_10_AmPhos,base_5_CsF,solvent_3_THF,2,0.78
electrophile_4,ligand_10_AmPhos,base_5_CsF,solvent_4_DMF,1,0.0
electrophile_4,ligand_10_AmPhos,base_5_CsF,solvent_4_DMF,2,0.0
electrophile_4,ligand_10_AmPhos,base_6_Et3N,solvent_1_MeCN,1,6.71
electrophile_4,ligand_10_AmPhos,base_6_Et3N,solvent_1_MeCN,2,13.96
electrophile_4,ligand_10_AmPhos,base_6_Et3N,solvent_2_MeOH,1,2.8
electrophile_4,ligand_10_AmPhos,base_6_Et3N,solvent_2_MeOH,2,0.0
electrophile_4,ligand_10_AmPhos,base_6_Et3N,solvent_3_THF,1,0.0
electrophile_4,ligand_10_AmPhos,base_6_Et3N,solvent_3_THF,2,3.02
electrophile_4,ligand_10_AmPhos,base_6_Et3N,solvent_4_DMF,1,3.64
electrophile_4,ligand_10_AmPhos,base_6_Et3N,solvent_4_DMF,2,1.81
electrophile_4,ligand_10_AmPhos,base_7_NaHCO3,solvent_1_MeCN,1,19.29
electrophile_4,ligand_10_AmPhos,base_7_NaHCO3,solvent_1_MeCN,2,3.44
electrophile_4,ligand_10_AmPhos,base_7_NaHCO3,solvent_2_MeOH,1,8.06
electrophile_4,ligand_10_AmPhos,base_7_NaHCO3,solvent_2_MeOH,2,0.0
electrophile_4,ligand_10_AmPhos,base_7_NaHCO3,solvent_3_THF,1,12.99
electrophile_4,ligand_10_AmPhos,base_7_NaHCO3,solvent_3_THF,2,8.72
electrophile_4,ligand_10_AmPhos,base_7_NaHCO3,solvent_4_DMF,1,9.43
electrophile_4,ligand_10_AmPhos,base_7_NaHCO3,solvent_4_DMF,2,3.01
electrophile_4,ligand_10_AmPhos,base_8_KOAc,solvent_1_MeCN,1,9.5
electrophile_4,ligand_10_AmPhos,base_8_KOAc,solvent_1_MeCN,2,8.31
electrophile_4,ligand_10_AmPhos,base_8_KOAc,solvent_2_MeOH,1,0.16
electrophile_4,ligand_10_AmPhos,base_8_KOAc,solvent_2_MeOH,2,0.0
electrophile_4,ligand_10_AmPhos,base_8_KOAc,solvent_3_THF,1,2.0
electrophile_4,ligand_10_AmPhos,base_8_KOAc,solvent_3_THF,2,0.0
electrophile_4,ligand_10_AmPhos,base_8_KOAc,solvent_4_DMF,1,1.52
electrophile_4,ligand_10_AmPhos,base_8_KOAc,solvent_4_DMF,2,5.49
electrophile_4,ligand_11_CataCXium_A,base_1_NaOH,solvent_1_MeCN,1,19.64
electrophile_4,ligand_11_CataCXium_A,base_1_NaOH,solvent_1_MeCN,2,10.63
electrophile_4,ligand_11_CataCXium_A,base_1_NaOH,solvent_2_MeOH,1,10.23
electrophile_4,ligand_11_CataCXium_A,base_1_NaOH,solvent_2_MeOH,2,1.96
electrophile_4,ligand_11_CataCXium_A,base_1_NaOH,solvent_3_THF,1,13.14
electrophile_4,ligand_11_CataCXium_A,base_1_NaOH,solvent_3_THF,2,12.53
electrophile_4,ligand_11_CataCXium_A,base_1_NaOH,solvent_4_DMF,1,0.0
electrophile_4,ligand_11_CataCXium_A,base_1_NaOH,solvent_4_DMF,2,2.61
electrophile_4,ligand_11_CataCXium_A,base_2_KOH,solvent_1_MeCN,1,35.89
electrophile_4,ligand_11_CataCXium_A,base_2_KOH,solvent_1_MeCN,2,35.8
electrophile_4,ligand_11_CataCXium_A,base_2_KOH,solvent_2_MeOH,1,25.4
electrophile_4,ligand_11_CataCXium_A,base_2_KOH,solvent_2_MeOH,2,33.39
electrophile_4,ligand_11_CataCXium_A,base_2_KOH,solvent_3_THF,1,34.56
electrophile_4,ligand_11_CataCXium_A,base_2_KOH,solvent_3_THF,2,32.33
electrophile_4,ligand_11_CataCXium_A,base_2_KOH,solvent_4_DMF,1,27.66
electrophile_4,ligand_11_CataCXium_A,base_2_KOH,solvent_4_DMF,2,36.69
electrophile_4,ligand_11_CataCXium_A,base_3_K3PO4,solvent_1_MeCN,1,32.05
electrophile_4,ligand_11_CataCXium_A,base_3_K3PO4,solvent_1_MeCN,2,21.36
electrophile_4,ligand_11_CataCXium_A,base_3_K3PO4,solvent_2_MeOH,1,14.86
electrophile_4,ligand_11_CataCXium_A,base_3_K3PO4,solvent_2_MeOH,2,20.37
electrophile_4,ligand_11_CataCXium_A,base_3_K3PO4,solvent_3_THF,1,17.98
electrophile_4,ligand_11_CataCXium_A,base_3_K3PO4,solvent_3_THF,2,19.07
electrophile_4,ligand_11_CataCXium_A,base_3_K3PO4,solvent_4_DMF,1,21.61
electrophile_4,ligand_11_CataCXium_A,base_3_K3PO4,solvent_4_DMF,2,8.36
electrophile_4,ligand_11_CataCXium_A,base_4_K2CO3,solvent_1_MeCN,1,32.71
electrophile_4,ligand_11_CataCXium_A,base_4_K2CO3,solvent_1_MeCN,2,26.48
electrophile_4,ligand_11_CataCXium_A,base_4_K2CO3,solvent_2_MeOH,1,18.21
electrophile_4,ligand_11_CataCXium_A,base_4_K2CO3,solvent_2_MeOH,2,19.82
electrophile_4,ligand_11_CataCXium_A,base_4_K2CO3,solvent_3_THF,1,21.93
electrophile_4,ligand_11_CataCXium_A,base_4_K2CO3,solvent_3_THF,2,13.46
electrophile_4,ligand_11_CataCXium_A,base_4_K2CO3,solvent_4_DMF,1,27.73
electrophile_4,ligand_11_CataCXium_A,base_4_K2CO3,solvent_4_DMF,2,20.46
electrophile_4,ligand_11_CataCXium_A,base_5_CsF,solvent_1_MeCN,1,16.4
electrophile_4,ligand_11_CataCXium_A,base_5_CsF,solvent_1_MeCN,2,18.94
electrophile_4,ligand_11_CataCXium_A,base_5_CsF,solvent_2_MeOH,1,3.22
electrophile_4,ligand_11_CataCXium_A,base_5_CsF,solvent_2_MeOH,2,10.69
electrophile_4,ligand_11_CataCXium_A,base_5_CsF,solvent_3_THF,1,8.84
electrophile_4,ligand_11_CataCXium_A,base_5_CsF,solvent_3_THF,2,14.41
electrophile_4,ligand_11_CataCXium_A,base_5_CsF,solvent_4_DMF,1,0.0
electrophile_4,ligand_11_CataCXium_A,base_5_CsF,solvent_4_DMF,2,7.82
electrophile_4,ligand_11_CataCXium_A,base_6_Et3N,solvent_1_MeCN,1,18.21
electrophile_4,ligand_11_CataCXium_A,base_6_Et3N,solvent_1_MeCN,2,23.39
electrophile_4,ligand_11_CataCXium_A,base_6_Et3N,solvent_2_MeOH,1,17.72
electrophile_4,ligand_11_CataCXium_A,base_6_Et3N,solvent_2_MeOH,2,11.83
electrophile_4,ligand_11_CataCXium_A,base_6_Et3N,solvent_3_THF,1,13.66
electrophile_4,ligand_11_CataCXium_A,base_6_Et3N,solvent_3_THF,2,16.67
electrophile_4,ligand_11_CataCXium_A,base_6_Et3N,solvent_4_DMF,1,10.88
electrophile_4,ligand_11_CataCXium_A,base_6_Et3N,solvent_4_DMF,2,19.57
electrophile_4,ligand_11_CataCXium_A,base_7_NaHCO3,solvent_1_MeCN,1,24.62
electrophile_4,ligand_11_CataCXium_A,base_7_NaHCO3,solvent_1_MeCN,2,11.93
electrophile_4,ligand_11_CataCXium_A,base_7_NaHCO3,solvent_2_MeOH,1,18.74
electrophile_4,ligand_11_CataCXium_A,base_7_NaHCO3,solvent_2_MeOH,2,15.42
electrophile_4,ligand_11_CataCXium_A,base_7_NaHCO3,solvent_3_THF,1,14.31
electrophile_4,ligand_11_CataCXium_A,base_7_NaHCO3,solvent_3_THF,2,16.28
electrophile_4,ligand_11_CataCXium_A,base_7_NaHCO3,solvent_4_DMF,1,21.15
electrophile_4,ligand_11_CataCXium_A,base_7_NaHCO3,solvent_4_DMF,2,27.25
electrophile_4,ligand_11_CataCXium_A,base_8_KOAc,solvent_1_MeCN,1,17.94
electrophile_4,ligand_11_CataCXium_A,base_8_KOAc,solvent_1_MeCN,2,13.34
electrophile_4,ligand_11_CataCXium_A,base_8_KOAc,solvent_2_MeOH,1,12.79
electrophile_4,ligand_11_CataCXium_A,base_8_KOAc,solvent_2_MeOH,2,8.22
electrophile_4,ligand_11_CataCXium_A,base_8_KOAc,solvent_3_THF,1,8.9
electrophile_4,ligand_11_CataCXium_A,base_8_KOAc,solvent_3_THF,2,6.6
electrophile_4,ligand_11_CataCXium_A,base_8_KOAc,solvent_4_DMF,1,1.75
electrophile_4,ligand_11_CataCXium_A,base_8_KOAc,solvent_4_DMF,2,8.56
electrophile_4,ligand_12_None,base_1_NaOH,solvent_1_MeCN,1,2.85
electrophile_4,ligand_12_None,base_1_NaOH,solvent_1_MeCN,2,1.58
electrophile_4,ligand_12_None,base_1_NaOH,solvent_2_MeOH,1,0.0
electrophile_4,ligand_12_None,base_1_NaOH,solvent_2_MeOH,2,0.0
electrophile_4,ligand_12_None,base_1_NaOH,solvent_3_THF,1,1.1
electrophile_4,ligand_12_None,base_1_NaOH,solvent_3_THF,2,0.0
electrophile_4,ligand_12_None,base_1_NaOH,solvent_4_DMF,1,0.08
electrophile_4,ligand_12_None,base_1_NaOH,solvent_4_DMF,2,0.0
electrophile_4,ligand_12_None,base_2_KOH,solvent_1_MeCN,1,21.32
electrophile_4,ligand_12_None,base_2_KOH,solvent_1_MeCN,2,17.75
electrophile_4,ligand_12_None,base_2_KOH,solvent_2_MeOH,1,16.72
electrophile_4,ligand_12_None,base_2_KOH,solvent_2_MeOH,2,24.1
electrophile_4,ligand_12_None,base_2_KOH,solvent_3_THF,1,23.66
electrophile_4,ligand_12_None,base_2_KOH,solvent_3_THF,2,25.97
electrophile_4,ligand_12_None,base_2_KOH,solvent_4_DMF,1,21.83
electrophile_4,ligand_12_None,base_2_KOH,solvent_4_DMF,2,13.7
electrophile_4,ligand_12_None,base_3_K3PO4,solvent_1_MeCN,1,9.9
electrophile_4,ligand_12_None,base_3_K3PO4,solvent_1_MeCN,2,7.65
electrophile_4,ligand_12_None,base_3_K3PO4,solvent_2_MeOH,1,12.35
electrophile_4,ligand_12_None,base_3_K3PO4,solvent_2_MeOH,2,0.0
electrophile_4,ligand_12_None,base_3_K3PO4,solvent_3_THF,1,12.02
electrophile_4,ligand_12_None,base_3_K3PO4,solvent_3_THF,2,12.01
electrophile_4,ligand_12_None,base_3_K3PO4,solvent_4_DMF,1,14.84
electrophile_4,ligand_12_None,base_3_K3PO4,solvent_4_DMF,2,3.64
electrophile_4,ligand_12_None,base_4_K2CO3,solvent_1_MeCN,1,17.46
electrophile_4,ligand_12_None,base_4_K2CO3,solvent_1_MeCN,2,25.31
electrophile_4,ligand_12_None,base_4_K2CO3,solvent_2_MeOH,1,4.95
electrophile_4,ligand_12_None,base_4_K2CO3,solvent_2_MeOH,2,0.37
electrophile_4,ligand_12_None,base_4_K2CO3,solvent_3_THF,1,0.49
electrophile_4,ligand_12_None,base_4_K2CO3,solvent_3_THF,2,13.46
electrophile_4,ligand_12_None,base_4_K2CO3,solvent_4_DMF,1,0.0
electrophile_4,ligand_12_None,base_4_K2CO3,solvent_4_DMF,2,6.17
electrophile_4,ligand_12_None,base_5_CsF,solvent_1_MeCN,1,4.15
electrophile_4,ligand_12_None,base_5_CsF,solvent_1_MeCN,2,2.89
electrophile_4,ligand_12_None,base_5_CsF,solvent_2_MeOH,1,0.0
electrophile_4,ligand_12_None,base_5_CsF,solvent_2_MeOH,2,0.0
electrophile_4,ligand_12_None,base_5_CsF,solvent_3_THF,1,4.35
electrophile_4,ligand_12_None,base_5_CsF,solvent_3_THF,2,0.0
electrophile_4,ligand_12_None,base_5_CsF,solvent_4_DMF,1,0.0
electrophile_4,ligand_12_None,base_5_CsF,solvent_4_DMF,2,0.0
electrophile_4,ligand_12_None,base_6_Et3N,solvent_1_MeCN,1,13.15
electrophile_4,ligand_12_None,base_6_Et3N,solvent_1_MeCN,2,13.51
electrophile_4,ligand_12_None,base_6_Et3N,solvent_2_MeOH,1,5.4
electrophile_4,ligand_12_None,base_6_Et3N,solvent_2_MeOH,2,9.06
electrophile_4,ligand_12_None,base_6_Et3N,solvent_3_THF,1,0.0
electrophile_4,ligand_12_None,base_6_Et3N,solvent_3_THF,2,13.33
electrophile_4,ligand_12_None,base_6_Et3N,solvent_4_DMF,1,10.75
electrophile_4,ligand_12_None,base_6_Et3N,solvent_4_DMF,2,6.82
electrophile_4,ligand_12_None,base_7_NaHCO3,solvent_1_MeCN,1,23.15
electrophile_4,ligand_12_None,base_7_NaHCO3,solvent_1_MeCN,2,5.96
electrophile_4,ligand_12_None,base_7_NaHCO3,solvent_2_MeOH,1,5.77
electrophile_4,ligand_12_None,base_7_NaHCO3,solvent_2_MeOH,2,4.71
electrophile_4,ligand_12_None,base_7_NaHCO3,solvent_3_THF,1,13.85
electrophile_4,ligand_12_None,base_7_NaHCO3,solvent_3_THF,2,4.99
electrophile_4,ligand_12_None,base_7_NaHCO3,solvent_4_DMF,1,12.17
electrophile_4,ligand_12_None,base_7_NaHCO3,solvent_4_DMF,2,15.23
electrophile_4,ligand_12_None,base_8_KOAc,solvent_1_MeCN,1,7.63
electrophile_4,ligand_12_None,base_8_KOAc,solvent_1_MeCN,2,5.57
electrophile_4,ligand_12_None,base_8_KOAc,solvent_2_MeOH,1,0.0
electrophile_4,ligand_12_None,base_8_KOAc,solvent_2_MeOH,2,0.0
electrophile_4,ligand_12_None,base_8_KOAc,solvent_3_THF,1,6.39
electrophile_4,ligand_12_None,base_8_KOAc,solvent_3_THF,2,4.04
electrophile_4,ligand_12_None,base_8_KOAc,solvent_4_DMF,1,0.0
electrophile_4,ligand_12_None,base_8_KOAc,solvent_4_DMF,2,0.0
electrophile_5,ligand_1_XPhos,base_1_NaOH,solvent_1_MeCN,1,0.0
electrophile_5,ligand_1_XPhos,base_1_NaOH,solvent_1_MeCN,2,0.0
electrophile_5,ligand_1_XPhos,base_1_NaOH,solvent_2_MeOH,1,8.46
electrophile_5,ligand_1_XPhos,base_1_NaOH,solvent_2_MeOH,2,0.0
electrophile_5,ligand_1_XPhos,base_1_NaOH,solvent_3_THF,1,1.7
electrophile_5,ligand_1_XPhos,base_1_NaOH,solvent_3_THF,2,5.79
electrophile_5,ligand_1_XPhos,base_1_NaOH,solvent_4_DMF,1,0.0
electrophile_5,ligand_1_XPhos,base_1_NaOH,solvent_4_DMF,2,0.0
electrophile_5,ligand_1_XPhos,base_2_KOH,solvent_1_MeCN,1,32.47
electrophile_5,ligand_1_XPhos,base_2_KOH,solvent_1_MeCN,2,27.84
electrophile_5,ligand_1_XPhos,base_2_KOH,solvent_2_MeOH,1,36.26
electrophile_5,ligand_1_XPhos,base_2_KOH,solvent_2_MeOH,2,13.58
electrophile_5,ligand_1_XPhos,base_2_KOH,solvent_3_THF,1,29.07
electrophile_5,ligand_1_XPhos,base_2_KOH,solvent_3_THF,2,22.91
electrophile_5,ligand_1_XPhos,base_2_KOH,solvent_4_DMF,1,25.78
electrophile_5,ligand_1_XPhos,base_2_KOH,solvent_4_DMF,2,24.12
electrophile_5,ligand_1_XPhos,base_3_K3PO4,solvent_1_MeCN,1,73.06
electrophile_5,ligand_1_XPhos,base_3_K3PO4,solvent_1_MeCN,2,63.69
electrophile_5,ligand_1_XPhos,base_3_K3PO4,solvent_2_MeOH,1,33.97
electrophile_5,ligand_1_XPhos,base_3_K3PO4,solvent_2_MeOH,2,38.69
electrophile_5,ligand_1_XPhos,base_3_K3PO4,solvent_3_THF,1,27.02
electrophile_5,ligand_1_XPhos,base_3_K3PO4,solvent_3_THF,2,30.48
electrophile_5,ligand_1_XPhos,base_3_K3PO4,solvent_4_DMF,1,86.56
electrophile_5,ligand_1_XPhos,base_3_K3PO4,solvent_4_DMF,2,69.32
electrophile_5,ligand_1_XPhos,base_4_K2CO3,solvent_1_MeCN,1,96.65
electrophile_5,ligand_1_XPhos,base_4_K2CO3,solvent_1_MeCN,2,96.62
electrophile_5,ligand_1_XPhos,base_4_K2CO3,solvent_2_MeOH,1,28.87
electrophile_5,ligand_1_XPhos,base_4_K2CO3,solvent_2_MeOH,2,34.83
electrophile_5,ligand_1_XPhos,base_4_K2CO3,solvent_3_THF,1,30.01
electrophile_5,ligand_1_XPhos,base_4_K2CO3,solvent_3_THF,2,33.78
electrophile_5,ligand_1_XPhos,base_4_K2CO3,solvent_4_DMF,1,95.14
electrophile_5,ligand_1_XPhos,base_4_K2CO3,solvent_4_DMF,2,77.47
electrophile_5,ligand_1_XPhos,base_5_CsF,solvent_1_MeCN,1,7.43
electrophile_5,ligand_1_XPhos,base_5_CsF,solvent_1_MeCN,2,0.35
electrophile_5,ligand_1_XPhos,base_5_CsF,solvent_2_MeOH,1,0.0
electrophile_5,ligand_1_XPhos,base_5_CsF,solvent_2_MeOH,2,0.0
electrophile_5,ligand_1_XPhos,base_5_CsF,solvent_3_THF,1,5.04
electrophile_5,ligand_1_XPhos,base_5_CsF,solvent_3_THF,2,0.0
electrophile_5,ligand_1_XPhos,base_5_CsF,solvent_4_DMF,1,6.31
electrophile_5,ligand_1_XPhos,base_5_CsF,solvent_4_DMF,2,0.0
electrophile_5,ligand_1_XPhos,base_6_Et3N,solvent_1_MeCN,1,10.64
electrophile_5,ligand_1_XPhos,base_6_Et3N,solvent_1_MeCN,2,8.56
electrophile_5,ligand_1_XPhos,base_6_Et3N,solvent_2_MeOH,1,4.4
electrophile_5,ligand_1_XPhos,base_6_Et3N,solvent_2_MeOH,2,12.93
electrophile_5,ligand_1_XPhos,base_6_Et3N,solvent_3_THF,1,0.0
electrophile_5,ligand_1_XPhos,base_6_Et3N,solvent_3_THF,2,14.08
electrophile_5,ligand_1_XPhos,base_6_Et3N,solvent_4_DMF,1,7.53
electrophile_5,ligand_1_XPhos,base_6_Et3N,solvent_4_DMF,2,0.0
electrophile_5,ligand_1_XPhos,base_7_NaHCO3,solvent_1_MeCN,1,11.57
electrophile_5,ligand_1_XPhos,base_7_NaHCO3,solvent_1_MeCN,2,25.32
electrophile_5,ligand_1_XPhos,base_7_NaHCO3,solvent_2_MeOH,1,6.36
electrophile_5,ligand_1_XPhos,base_7_NaHCO3,solvent_2_MeOH,2,5.32
electrophile_5,ligand_1_XPhos,base_7_NaHCO3,solvent_3_THF,1,18.62
electrophile_5,ligand_1_XPhos,base_7_NaHCO3,solvent_3_THF,2,14.63
electrophile_5,ligand_1_XPhos,base_7_NaHCO3,solvent_4_DMF,1,6.39
electrophile_5,ligand_1_XPhos,base_7_NaHCO3,solvent_4_DMF,2,12.16
electrophile_5,ligand_1_XPhos,base_8_KOAc,solvent_1_MeCN,1,1.72
electrophile_5,ligand_1_XPhos,base_8_KOAc,solvent_1_MeCN,2,12.35
electrophile_5,ligand_1_XPhos,base_8_KOAc,solvent_2_MeOH,1,6.3
electrophile_5,ligand_1_XPhos,base_8_KOAc,solvent_2_MeOH,2,3.65
electrophile_5,ligand_1_XPhos,base_8_KOAc,solvent_3_THF,1,4.65
electrophile_5,ligand_1_XPhos,base_8_KOAc,solvent_3_THF,2,11.65
electrophile_5,ligand_1_XPhos,base_8_KOAc,solvent_4_DMF,1,0.98
electrophile_5,ligand_1_XPhos,base_8_KOAc,solvent_4_DMF,2,0.0
electrophile_5,ligand_2_SPhos,base_1_NaOH,solvent_1_MeCN,1,0.0
electrophile_5,ligand_2_SPhos,base_1_NaOH,solvent_1_MeCN,2,2.82
electrophile_5,ligand_2_SPhos,base_1_NaOH,solvent_2_MeOH,1,0.0
electrophile_5,ligand_2_SPhos,base_1_NaOH,solvent_2_MeOH,2,0.0
electrophile_5,ligand_2_SPhos,base_1_NaOH,solvent_3_THF,1,0.0
electrophile_5,ligand_2_SPhos,base_1_NaOH,solvent_3_THF,2,0.0
electrophile_5,ligand_2_SPhos,base_1_NaOH,solvent_4_DMF,1,0.0
electrophile_5,ligand_2_SPhos,base_1_NaOH,solvent_4_DMF,2,0.0
electrophile_5,ligand_2_SPhos,base_2_KOH,solvent_1_MeCN,1,27.01
electrophile_5,ligand_2_SPhos,base_2_KOH,solvent_1_MeCN,2,16.39
electrophile_5,ligand_2_SPhos,base_2_KOH,solvent_2_MeOH,1,5.03
electrophile_5,ligand_2_SPhos,base_2_KOH,solvent_2_MeOH,2,1.81
electrophile_5,ligand_2_SPhos,base_2_KOH,solvent_3_THF,1,12.7
electrophile_5,ligand_2_SPhos,base_2_KOH,solvent_3_THF,2,16.93
electrophile_5,ligand_2_SPhos,base_2_KOH,solvent_4_DMF,1,11.92
electrophile_5,ligand_2_SPhos,base_2_KOH,solvent_4_DMF,2,9.53
electrophile_5,ligand_2_SPhos,base_3_K3PO4,solvent_1_MeCN,1,0.0
electrophile_5,ligand_2_SPhos,base_3_K3PO4,solvent_1_MeCN,2,0.0
electrophile_5,ligand_2_SPhos,base_3_K3PO4,solvent_2_MeOH,1,0.2
electrophile_5,ligand_2_SPhos,base_3_K3PO4,solvent_2_MeOH,2,0.59
electrophile_5,ligand_2_SPhos,base_3_K3PO4,solvent_3_THF,1,0.0
electrophile_5,ligand_2_SPhos,base_3_K3PO4,solvent_3_THF,2,5.82
electrophile_5,ligand_2_SPhos,base_3_K3PO4,solvent_4_DMF,1,0.0
electrophile_5,ligand_2_SPhos,base_3_K3PO4,solvent_4_DMF,2,3.01
electrophile_5,ligand_2_SPhos,base_4_K2CO3,solvent_1_MeCN,1,0.0
electrophile_5,ligand_2_SPhos,base_4_K2CO3,solvent_1_MeCN,2,0.0
electrophile_5,ligand_2_SPhos,base_4_K2CO3,solvent_2_MeOH,1,0.0
electrophile_5,ligand_2_SPhos,base_4_K2CO3,solvent_2_MeOH,2,0.88
electrophile_5,ligand_2_SPhos,base_4_K2CO3,solvent_3_THF,1,9.2
electrophile_5,ligand_2_SPhos,base_4_K2CO3,solvent_3_THF,2,3.75
electrophile_5,ligand_2_SPhos,base_4_K2CO3,solvent_4_DMF,1,0.0
electrophile_5,ligand_2_SPhos,base_4_K2CO3,solvent_4_DMF,2,0.0
electrophile_5,ligand_2_SPhos,base_5_CsF,solvent_1_MeCN,1,0.0
electrophile_5,ligand_2_SPhos,base_5_CsF,solvent_1_MeCN,2,0.0
electrophile_5,ligand_2_SPhos,base_5_CsF,solvent_2_MeOH,1,0.0
electrophile_5,ligand_2_SPhos,base_5_CsF,solvent_2_MeOH,2,0.0
electrophile_5,ligand_2_SPhos,base_5_CsF,solvent_3_THF,1,0.0
electrophile_5,ligand_2_SPhos,base_5_CsF,solvent_3_THF,2,0.0
electrophile_5,ligand_2_SPhos,base_5_CsF,solvent_4_DMF,1,0.0
electrophile_5,ligand_2_SPhos,base_5_CsF,solvent_4_DMF,2,0.0
electrophile_5,ligand_2_SPhos,base_6_Et3N,solvent_1_MeCN,1,0.0
electrophile_5,ligand_2_SPhos,base_6_Et3N,solvent_1_MeCN,2,1.47
electrophile_5,ligand_2_SPhos,base_6_Et3N,solvent_2_MeOH,1,0.0
electrophile_5,ligand_2_SPhos,base_6_Et3N,solvent_2_MeOH,2,0.0
electrophile_5,ligand_2_SPhos,base_6_Et3N,solvent_3_THF,1,0.0
electrophile_5,ligand_2_SPhos,base_6_Et3N,solvent_3_THF,2,0.0
electrophile_5,ligand_2_SPhos,base_6_Et3N,solvent_4_DMF,1,0.0
electrophile_5,ligand_2_SPhos,base_6_Et3N,solvent_4_DMF,2,0.0
electrophile_5,ligand_2_SPhos,base_7_NaHCO3,solvent_1_MeCN,1,0.0
electrophile_5,ligand_2_SPhos,base_7_NaHCO3,solvent_1_MeCN,2,0.0
electrophile_5,ligand_2_SPhos,base_7_NaHCO3,solvent_2_MeOH,1,0.0
electrophile_5,ligand_2_SPhos,base_7_NaHCO3,solvent_2_MeOH,2,0.0
electrophile_5,ligand_2_SPhos,base_7_NaHCO3,solvent_3_THF,1,0.0
electrophile_5,ligand_2_SPhos,base_7_NaHCO3,solvent_3_THF,2,0.0
electrophile_5,ligand_2_SPhos,base_7_NaHCO3,solvent_4_DMF,1,8.48
electrophile_5,ligand_2_SPhos,base_7_NaHCO3,solvent_4_DMF,2,0.0
electrophile_5,ligand_2_SPhos,base_8_KOAc,solvent_1_MeCN,1,0.0
electrophile_5,ligand_2_SPhos,base_8_KOAc,solvent_1_MeCN,2,0.0
electrophile_5,ligand_2_SPhos,base_8_KOAc,solvent_2_MeOH,1,0.0
electrophile_5,ligand_2_SPhos,base_8_KOAc,solvent_2_MeOH,2,0.0
electrophile_5,ligand_2_SPhos,base_8_KOAc,solvent_3_THF,1,0.0
electrophile_5,ligand_2_SPhos,base_8_KOAc,solvent_3_THF,2,0.0
electrophile_5,ligand_2_SPhos,base_8_KOAc,solvent_4_DMF,1,0.0
electrophile_5,ligand_2_SPhos,base_8_KOAc,solvent_4_DMF,2,0.0
electrophile_5,ligand_3_dppf,base_1_NaOH,solvent_1_MeCN,1,0.0
electrophile_5,ligand_3_dppf,base_1_NaOH,solvent_1_MeCN,2,1.11
electrophile_5,ligand_3_dppf,base_1_NaOH,solvent_2_MeOH,1,0.0
electrophile_5,ligand_3_dppf,base_1_NaOH,solvent_2_MeOH,2,0.0
electrophile_5,ligand_3_dppf,base_1_NaOH,solvent_3_THF,1,0.0
electrophile_5,ligand_3_dppf,base_1_NaOH,solvent_3_THF,2,9.33
electrophile_5,ligand_3_dppf,base_1_NaOH,solvent_4_DMF,1,2.6
electrophile_5,ligand_3_dppf,base_1_NaOH,solvent_4_DMF,2,0.0
electrophile_5,ligand_3_dppf,base_2_KOH,solvent_1_MeCN,1,30.67
electrophile_5,ligand_3_dppf,base_2_KOH,solvent_1_MeCN,2,31.06
electrophile_5,ligand_3_dppf,base_2_KOH,solvent_2_MeOH,1,16.85
electrophile_5,ligand_3_dppf,base_2_KOH,solvent_2_MeOH,2,15.59
electrophile_5,ligand_3_dppf,base_2_KOH,solvent_3_THF,1,21.92
electrophile_5,ligand_3_dppf,base_2_KOH,solvent_3_THF,2,25.84
electrophile_5,ligand_3_dppf,base_2_KOH,solvent_4_DMF,1,20.36
electrophile_5,ligand_3_dppf,base_2_KOH,solvent_4_DMF,2,11.78
electrophile_5,ligand_3_dppf,base_3_K3PO4,solvent_1_MeCN,1,7.99
electrophile_5,ligand_3_dppf,base_3_K3PO4,solvent_1_MeCN,2,11.63
electrophile_5,ligand_3_dppf,base_3_K3PO4,solvent_2_MeOH,1,5.76
electrophile_5,ligand_3_dppf,base_3_K3PO4,solvent_2_MeOH,2,16.01
electrophile_5,ligand_3_dppf,base_3_K3PO4,solvent_3_THF,1,1.07
electrophile_5,ligand_3_dppf,base_3_K3PO4,solvent_3_THF,2,10.52
electrophile_5,ligand_3_dppf,base_3_K3PO4,solvent_4_DMF,1,13.58
electrophile_5,ligand_3_dppf,base_3_K3PO4,solvent_4_DMF,2,17.49
electrophile_5,ligand_3_dppf,base_4_K2CO3,solvent_1_MeCN,1,12.32
electrophile_5,ligand_3_dppf,base_4_K2CO3,solvent_1_MeCN,2,16.8
electrophile_5,ligand_3_dppf,base_4_K2CO3,solvent_2_MeOH,1,11.34
electrophile_5,ligand_3_dppf,base_4_K2CO3,solvent_2_MeOH,2,9.47
electrophile_5,ligand_3_dppf,base_4_K2CO3,solvent_3_THF,1,9.85
electrophile_5,ligand_3_dppf,base_4_K2CO3,solvent_3_THF,2,12.52
electrophile_5,ligand_3_dppf,base_4_K2CO3,solvent_4_DMF,1,0.0
electrophile_5,ligand_3_dppf,base_4_K2CO3,solvent_4_DMF,2,11.89
electrophile_5,ligand_3_dppf,base_5_CsF,solvent_1_MeCN,1,3.04
electrophile_5,ligand_3_dppf,base_5_CsF,solvent_1_MeCN,2,1.3
electrophile_5,ligand_3_dppf,base_5_CsF,solvent_2_MeOH,1,6.78
electrophile_5,ligand_3_dppf,base_5_CsF,solvent_2_MeOH,2,0.0
electrophile_5,ligand_3_dppf,base_5_CsF,solvent_3_THF,1,0.0
electrophile_5,ligand_3_dppf,base_5_CsF,solvent_3_THF,2,8.36
electrophile_5,ligand_3_dppf,base_5_CsF,solvent_4_DMF,1,0.0
electrophile_5,ligand_3_dppf,base_5_CsF,solvent_4_DMF,2,0.0
electrophile_5,ligand_3_dppf,base_6_Et3N,solvent_1_MeCN,1,8.72
electrophile_5,ligand_3_dppf,base_6_Et3N,solvent_1_MeCN,2,13.66
electrophile_5,ligand_3_dppf,base_6_Et3N,solvent_2_MeOH,1,4.63
electrophile_5,ligand_3_dppf,base_6_Et3N,solvent_2_MeOH,2,0.0
electrophile_5,ligand_3_dppf,base_6_Et3N,solvent_3_THF,1,2.79
electrophile_5,ligand_3_dppf,base_6_Et3N,solvent_3_THF,2,2.41
electrophile_5,ligand_3_dppf,base_6_Et3N,solvent_4_DMF,1,3.2
electrophile_5,ligand_3_dppf,base_6_Et3N,solvent_4_DMF,2,5.72
electrophile_5,ligand_3_dppf,base_7_NaHCO3,solvent_1_MeCN,1,16.78
electrophile_5,ligand_3_dppf,base_7_NaHCO3,solvent_1_MeCN,2,5.81
electrophile_5,ligand_3_dppf,base_7_NaHCO3,solvent_2_MeOH,1,14.16
electrophile_5,ligand_3_dppf,base_7_NaHCO3,solvent_2_MeOH,2,10.1
electrophile_5,ligand_3_dppf,base_7_NaHCO3,solvent_3_THF,1,17.61
electrophile_5,ligand_3_dppf,base_7_NaHCO3,solvent_3_THF,2,12.91
electrophile_5,ligand_3_dppf,base_7_NaHCO3,solvent_4_DMF,1,14.34
electrophile_5,ligand_3_dppf,base_7_NaHCO3,solvent_4_DMF,2,11.16
electrophile_5,ligand_3_dppf,base_8_KOAc,solvent_1_MeCN,1,11.33
electrophile_5,ligand_3_dppf,base_8_KOAc,solvent_1_MeCN,2,7.21
electrophile_5,ligand_3_dppf,base_8_KOAc,solvent_2_MeOH,1,0.0
electrophile_5,ligand_3_dppf,base_8_KOAc,solvent_2_MeOH,2,10.1
electrophile_5,ligand_3_dppf,base_8_KOAc,solvent_3_THF,1,5.04
electrophile_5,ligand_3_dppf,base_8_KOAc,solvent_3_THF,2,3.46
electrophile_5,ligand_3_dppf,base_8_KOAc,solvent_4_DMF,1,0.0
electrophile_5,ligand_3_dppf,base_8_KOAc,solvent_4_DMF,2,0.0
electrophile_5,ligand_4_P(Ph)3,base_1_NaOH,solvent_1_MeCN,1,0.0
electrophile_5,ligand_4_P(Ph)3,base_1_NaOH,solvent_1_MeCN,2,0.0
electrophile_5,ligand_4_P(Ph)3,base_1_NaOH,solvent_2_MeOH,1,0.0
electrophile_5,ligand_4_P(Ph)3,base_1_NaOH,solvent_2_MeOH,2,0.0
electrophile_5,ligand_4_P(Ph)3,base_1_NaOH,solvent_3_THF,1,0.0
electrophile_5,ligand_4_P(Ph)3,base_1_NaOH,solvent_3_THF,2,0.0
electrophile_5,ligand_4_P(Ph)3,base_1_NaOH,solvent_4_DMF,1,0.0
electrophile_5,ligand_4_P(Ph)3,base_1_NaOH,solvent_4_DMF,2,0.0
electrophile_5,ligand_4_P(Ph)3,base_2_KOH,solvent_1_MeCN,1,11.45
electrophile_5,ligand_4_P(Ph)3,base_2_KOH,solvent_1_MeCN,2,13.53
electrophile_5,ligand_4_P(Ph)3,base_2_KOH,solvent_2_MeOH,1,7.55
electrophile_5,ligand_4_P(Ph)3,base_2_KOH,solvent_2_MeOH,2,7.23
electrophile_5,ligand_4_P(Ph)3,base_2_KOH,solvent_3_THF,1,5.19
electrophile_5,ligand_4_P(Ph)3,base_2_KOH,solvent_3_THF,2,10.83
electrophile_5,ligand_4_P(Ph)3,base_2_KOH,solvent_4_DMF,1,6.8
electrophile_5,ligand_4_P(Ph)3,base_2_KOH,solvent_4_DMF,2,0.0
electrophile_5,ligand_4_P(Ph)3,base_3_K3PO4,solvent_1_MeCN,1,12.21
electrophile_5,ligand_4_P(Ph)3,base_3_K3PO4,solvent_1_MeCN,2,7.38
electrophile_5,ligand_4_P(Ph)3,base_3_K3PO4,solvent_2_MeOH,1,0.0
electrophile_5,ligand_4_P(Ph)3,base_3_K3PO4,solvent_2_MeOH,2,0.0
electrophile_5,ligand_4_P(Ph)3,base_3_K3PO4,solvent_3_THF,1,0.0
electrophile_5,ligand_4_P(Ph)3,base_3_K3PO4,solvent_3_THF,2,6.41
electrophile_5,ligand_4_P(Ph)3,base_3_K3PO4,solvent_4_DMF,1,5.56
electrophile_5,ligand_4_P(Ph)3,base_3_K3PO4,solvent_4_DMF,2,0.0
electrophile_5,ligand_4_P(Ph)3,base_4_K2CO3,solvent_1_MeCN,1,9.4
electrophile_5,ligand_4_P(Ph)3,base_4_K2CO3,solvent_1_MeCN,2,5.16
electrophile_5,ligand_4_P(Ph)3,base_4_K2CO3,solvent_2_MeOH,1,0.0
electrophile_5,ligand_4_P(Ph)3,base_4_K2CO3,solvent_2_MeOH,2,0.0
electrophile_5,ligand_4_P(Ph)3,base_4_K2CO3,solvent_3_THF,1,0.94
electrophile_5,ligand_4_P(Ph)3,base_4_K2CO3,solvent_3_THF,2,0.0
electrophile_5,ligand_4_P(Ph)3,base_4_K2CO3,solvent_4_DMF,1,0.0
electrophile_5,ligand_4_P(Ph)3,base_4_K2CO3,solvent_4_DMF,2,0.0
electrophile_5,ligand_4_P(Ph)3,base_5_CsF,solvent_1_MeCN,1,0.0
electrophile_5,ligand_4_P(Ph)3,base_5_CsF,solvent_1_MeCN,2,0.0
electrophile_5,ligand_4_P(Ph)3,base_5_CsF,solvent_2_MeOH,1,0.0
electrophile_5,ligand_4_P(Ph)3,base_5_CsF,solvent_2_MeOH,2,0.0
electrophile_5,ligand_4_P(Ph)3,base_5_CsF,solvent_3_THF,1,0.0
electrophile_5,ligand_4_P(Ph)3,base_5_CsF,solvent_3_THF,2,0.0
electrophile_5,ligand_4_P(Ph)3,base_5_CsF,solvent_4_DMF,1,0.0
electrophile_5,ligand_4_P(Ph)3,base_5_CsF,solvent_4_DMF,2,0.0
electrophile_5,ligand_4_P(Ph)3,base_6_Et3N,solvent_1_MeCN,1,6.32
electrophile_5,ligand_4_P(Ph)3,base_6_Et3N,solvent_1_MeCN,2,0.0
electrophile_5,ligand_4_P(Ph)3,base_6_Et3N,solvent_2_MeOH,1,0.0
electrophile_5,ligand_4_P(Ph)3,base_6_Et3N,solvent_2_MeOH,2,0.0
electrophile_5,ligand_4_P(Ph)3,base_6_Et3N,solvent_3_THF,1,0.0
electrophile_5,ligand_4_P(Ph)3,base_6_Et3N,solvent_3_THF,2,0.0
electrophile_5,ligand_4_P(Ph)3,base_6_Et3N,solvent_4_DMF,1,0.0
electrophile_5,ligand_4_P(Ph)3,base_6_Et3N,solvent_4_DMF,2,1.18
electrophile_5,ligand_4_P(Ph)3,base_7_NaHCO3,solvent_1_MeCN,1,7.96
electrophile_5,ligand_4_P(Ph)3,base_7_NaHCO3,solvent_1_MeCN,2,0.01
electrophile_5,ligand_4_P(Ph)3,base_7_NaHCO3,solvent_2_MeOH,1,0.0
electrophile_5,ligand_4_P(Ph)3,base_7_NaHCO3,solvent_2_MeOH,2,0.0
electrophile_5,ligand_4_P(Ph)3,base_7_NaHCO3,solvent_3_THF,1,0.0
electrophile_5,ligand_4_P(Ph)3,base_7_NaHCO3,solvent_3_THF,2,3.11
electrophile_5,ligand_4_P(Ph)3,base_7_NaHCO3,solvent_4_DMF,1,0.0
electrophile_5,ligand_4_P(Ph)3,base_7_NaHCO3,solvent_4_DMF,2,1.33
electrophile_5,ligand_4_P(Ph)3,base_8_KOAc,solvent_1_MeCN,1,4.21
electrophile_5,ligand_4_P(Ph)3,base_8_KOAc,solvent_1_MeCN,2,0.0
electrophile_5,ligand_4_P(Ph)3,base_8_KOAc,solvent_2_MeOH,1,0.0
electrophile_5,ligand_4_P(Ph)3,base_8_KOAc,solvent_2_MeOH,2,0.0
electrophile_5,ligand_4_P(Ph)3,base_8_KOAc,solvent_3_THF,1,0.0
electrophile_5,ligand_4_P(Ph)3,base_8_KOAc,solvent_3_THF,2,0.0
electrophile_5,ligand_4_P(Ph)3,base_8_KOAc,solvent_4_DMF,1,0.0
electrophile_5,ligand_4_P(Ph)3,base_8_KOAc,solvent_4_DMF,2,0.0
electrophile_5,ligand_5_P(Cy)3,base_1_NaOH,solvent_1_MeCN,1,0.0
electrophile_5,ligand_5_P(Cy)3,base_1_NaOH,solvent_1_MeCN,2,0.0
electrophile_5,ligand_5_P(Cy)3,base_1_NaOH,solvent_2_MeOH,1,0.0
electrophile_5,ligand_5_P(Cy)3,base_1_NaOH,solvent_2_MeOH,2,0.0
electrophile_5,ligand_5_P(Cy)3,base_1_NaOH,solvent_3_THF,1,0.0
electrophile_5,ligand_5_P(Cy)3,base_1_NaOH,solvent_3_THF,2,0.0
electrophile_5,ligand_5_P(Cy)3,base_1_NaOH,solvent_4_DMF,1,0.0
electrophile_5,ligand_5_P(Cy)3,base_1_NaOH,solvent_4_DMF,2,0.0
electrophile_5,ligand_5_P(Cy)3,base_2_KOH,solvent_1_MeCN,1,11.06
electrophile_5,ligand_5_P(Cy)3,base_2_KOH,solvent_1_MeCN,2,24.01
electrophile_5,ligand_5_P(Cy)3,base_2_KOH,solvent_2_MeOH,1,0.85
electrophile_5,ligand_5_P(Cy)3,base_2_KOH,solvent_2_MeOH,2,11.76
electrophile_5,ligand_5_P(Cy)3,base_2_KOH,solvent_3_THF,1,13.82
electrophile_5,ligand_5_P(Cy)3,base_2_KOH,solvent_3_THF,2,7.47
electrophile_5,ligand_5_P(Cy)3,base_2_KOH,solvent_4_DMF,1,11.71
electrophile_5,ligand_5_P(Cy)3,base_2_KOH,solvent_4_DMF,2,15.98
electrophile_5,ligand_5_P(Cy)3,base_3_K3PO4,solvent_1_MeCN,1,47.26
electrophile_5,ligand_5_P(Cy)3,base_3_K3PO4,solvent_1_MeCN,2,37.16
electrophile_5,ligand_5_P(Cy)3,base_3_K3PO4,solvent_2_MeOH,1,26.18
electrophile_5,ligand_5_P(Cy)3,base_3_K3PO4,solvent_2_MeOH,2,5.68
electrophile_5,ligand_5_P(Cy)3,base_3_K3PO4,solvent_3_THF,1,25.3
electrophile_5,ligand_5_P(Cy)3,base_3_K3PO4,solvent_3_THF,2,16.99
electrophile_5,ligand_5_P(Cy)3,base_3_K3PO4,solvent_4_DMF,1,79.11
electrophile_5,ligand_5_P(Cy)3,base_3_K3PO4,solvent_4_DMF,2,59.14
electrophile_5,ligand_5_P(Cy)3,base_4_K2CO3,solvent_1_MeCN,1,88.6
electrophile_5,ligand_5_P(Cy)3,base_4_K2CO3,solvent_1_MeCN,2,60.89
electrophile_5,ligand_5_P(Cy)3,base_4_K2CO3,solvent_2_MeOH,1,18.78
electrophile_5,ligand_5_P(Cy)3,base_4_K2CO3,solvent_2_MeOH,2,34.41
electrophile_5,ligand_5_P(Cy)3,base_4_K2CO3,solvent_3_THF,1,18.52
electrophile_5,ligand_5_P(Cy)3,base_4_K2CO3,solvent_3_THF,2,26.2
electrophile_5,ligand_5_P(Cy)3,base_4_K2CO3,solvent_4_DMF,1,72.51
electrophile_5,ligand_5_P(Cy)3,base_4_K2CO3,solvent_4_DMF,2,60.38
electrophile_5,ligand_5_P(Cy)3,base_5_CsF,solvent_1_MeCN,1,0.0
electrophile_5,ligand_5_P(Cy)3,base_5_CsF,solvent_1_MeCN,2,0.0
electrophile_5,ligand_5_P(Cy)3,base_5_CsF,solvent_2_MeOH,1,0.0
electrophile_5,ligand_5_P(Cy)3,base_5_CsF,solvent_2_MeOH,2,0.0
electrophile_5,ligand_5_P(Cy)3,base_5_CsF,solvent_3_THF,1,0.0
electrophile_5,ligand_5_P(Cy)3,base_5_CsF,solvent_3_THF,2,0.0
electrophile_5,ligand_5_P(Cy)3,base_5_CsF,solvent_4_DMF,1,0.0
electrophile_5,ligand_5_P(Cy)3,base_5_CsF,solvent_4_DMF,2,0.0
electrophile_5,ligand_5_P(Cy)3,base_6_Et3N,solvent_1_MeCN,1,0.0
electrophile_5,ligand_5_P(Cy)3,base_6_Et3N,solvent_1_MeCN,2,0.53
electrophile_5,ligand_5_P(Cy)3,base_6_Et3N,solvent_2_MeOH,1,0.0
electrophile_5,ligand_5_P(Cy)3,base_6_Et3N,solvent_2_MeOH,2,0.0
electrophile_5,ligand_5_P(Cy)3,base_6_Et3N,solvent_3_THF,1,1.34
electrophile_5,ligand_5_P(Cy)3,base_6_Et3N,solvent_3_THF,2,0.16
electrophile_5,ligand_5_P(Cy)3,base_6_Et3N,solvent_4_DMF,1,0.0
electrophile_5,ligand_5_P(Cy)3,base_6_Et3N,solvent_4_DMF,2,0.0
electrophile_5,ligand_5_P(Cy)3,base_7_NaHCO3,solvent_1_MeCN,1,9.98
electrophile_5,ligand_5_P(Cy)3,base_7_NaHCO3,solvent_1_MeCN,2,5.73
electrophile_5,ligand_5_P(Cy)3,base_7_NaHCO3,solvent_2_MeOH,1,3.27
electrophile_5,ligand_5_P(Cy)3,base_7_NaHCO3,solvent_2_MeOH,2,0.0
electrophile_5,ligand_5_P(Cy)3,base_7_NaHCO3,solvent_3_THF,1,7.17
electrophile_5,ligand_5_P(Cy)3,base_7_NaHCO3,solvent_3_THF,2,2.21
electrophile_5,ligand_5_P(Cy)3,base_7_NaHCO3,solvent_4_DMF,1,0.0
electrophile_5,ligand_5_P(Cy)3,base_7_NaHCO3,solvent_4_DMF,2,0.0
electrophile_5,ligand_5_P(Cy)3,base_8_KOAc,solvent_1_MeCN,1,0.0
electrophile_5,ligand_5_P(Cy)3,base_8_KOAc,solvent_1_MeCN,2,0.0
electrophile_5,ligand_5_P(Cy)3,base_8_KOAc,solvent_2_MeOH,1,0.0
electrophile_5,ligand_5_P(Cy)3,base_8_KOAc,solvent_2_MeOH,2,0.0
electrophile_5,ligand_5_P(Cy)3,base_8_KOAc,solvent_3_THF,1,0.0
electrophile_5,ligand_5_P(Cy)3,base_8_KOAc,solvent_3_THF,2,1.14
electrophile_5,ligand_5_P(Cy)3,base_8_KOAc,solvent_4_DMF,1,0.0
electrophile_5,ligand_5_P(Cy)3,base_8_KOAc,solvent_4_DMF,2,0.0
electrophile_5,ligand_6_P(tBu)3,base_1_NaOH,solvent_1_MeCN,1,0.0
electrophile_5,ligand_6_P(tBu)3,base_1_NaOH,solvent_1_MeCN,2,0.0
electrophile_5,ligand_6_P(tBu)3,base_1_NaOH,solvent_2_MeOH,1,0.0
electrophile_5,ligand_6_P(tBu)3,base_1_NaOH,solvent_2_MeOH,2,0.0
electrophile_5,ligand_6_P(tBu)3,base_1_NaOH,solvent_3_THF,1,0.0
electrophile_5,ligand_6_P(tBu)3,base_1_NaOH,solvent_3_THF,2,1.7
electrophile_5,ligand_6_P(tBu)3,base_1_NaOH,solvent_4_DMF,1,0.0
electrophile_5,ligand_6_P(tBu)3,base_1_NaOH,solvent_4_DMF,2,0.0
electrophile_5,ligand_6_P(tBu)3,base_2_KOH,solvent_1_MeCN,1,25.55
electrophile_5,ligand_6_P(tBu)3,base_2_KOH,solvent_1_MeCN,2,34.04
electrophile_5,ligand_6_P(tBu)3,base_2_KOH,solvent_2_MeOH,1,9.27
electrophile_5,ligand_6_P(tBu)3,base_2_KOH,solvent_2_MeOH,2,22.96
electrophile_5,ligand_6_P(tBu)3,base_2_KOH,solvent_3_THF,1,24.25
electrophile_5,ligand_6_P(tBu)3,base_2_KOH,solvent_3_THF,2,13.65
electrophile_5,ligand_6_P(tBu)3,base_2_KOH,solvent_4_DMF,1,21.7
electrophile_5,ligand_6_P(tBu)3,base_2_KOH,solvent_4_DMF,2,18.34
electrophile_5,ligand_6_P(tBu)3,base_3_K3PO4,solvent_1_MeCN,1,7.86
electrophile_5,ligand_6_P(tBu)3,base_3_K3PO4,solvent_1_MeCN,2,4.87
electrophile_5,ligand_6_P(tBu)3,base_3_K3PO4,solvent_2_MeOH,1,0.0
electrophile_5,ligand_6_P(tBu)3,base_3_K3PO4,solvent_2_MeOH,2,13.39
electrophile_5,ligand_6_P(tBu)3,base_3_K3PO4,solvent_3_THF,1,4.99
electrophile_5,ligand_6_P(tBu)3,base_3_K3PO4,solvent_3_THF,2,8.9
electrophile_5,ligand_6_P(tBu)3,base_3_K3PO4,solvent_4_DMF,1,0.0
electrophile_5,ligand_6_P(tBu)3,base_3_K3PO4,solvent_4_DMF,2,0.0
electrophile_5,ligand_6_P(tBu)3,base_4_K2CO3,solvent_1_MeCN,1,16.75
electrophile_5,ligand_6_P(tBu)3,base_4_K2CO3,solvent_1_MeCN,2,4.59
electrophile_5,ligand_6_P(tBu)3,base_4_K2CO3,solvent_2_MeOH,1,3.41
electrophile_5,ligand_6_P(tBu)3,base_4_K2CO3,solvent_2_MeOH,2,5.65
electrophile_5,ligand_6_P(tBu)3,base_4_K2CO3,solvent_3_THF,1,7.89
electrophile_5,ligand_6_P(tBu)3,base_4_K2CO3,solvent_3_THF,2,6.44
electrophile_5,ligand_6_P(tBu)3,base_4_K2CO3,solvent_4_DMF,1,7.46
electrophile_5,ligand_6_P(tBu)3,base_4_K2CO3,solvent_4_DMF,2,8.94
electrophile_5,ligand_6_P(tBu)3,base_5_CsF,solvent_1_MeCN,1,3.08
electrophile_5,ligand_6_P(tBu)3,base_5_CsF,solvent_1_MeCN,2,0.0
electrophile_5,ligand_6_P(tBu)3,base_5_CsF,solvent_2_MeOH,1,0.0
electrophile_5,ligand_6_P(tBu)3,base_5_CsF,solvent_2_MeOH,2,0.0
electrophile_5,ligand_6_P(tBu)3,base_5_CsF,solvent_3_THF,1,0.0
electrophile_5,ligand_6_P(tBu)3,base_5_CsF,solvent_3_THF,2,0.0
electrophile_5,ligand_6_P(tBu)3,base_5_CsF,solvent_4_DMF,1,0.0
electrophile_5,ligand_6_P(tBu)3,base_5_CsF,solvent_4_DMF,2,0.0
electrophile_5,ligand_6_P(tBu)3,base_6_Et3N,solvent_1_MeCN,1,6.68
electrophile_5,ligand_6_P(tBu)3,base_6_Et3N,solvent_1_MeCN,2,15.93
electrophile_5,ligand_6_P(tBu)3,base_6_Et3N,solvent_2_MeOH,1,0.0
electrophile_5,ligand_6_P(tBu)3,base_6_Et3N,solvent_2_MeOH,2,0.0
electrophile_5,ligand_6_P(tBu)3,base_6_Et3N,solvent_3_THF,1,6.26
electrophile_5,ligand_6_P(tBu)3,base_6_Et3N,solvent_3_THF,2,0.0
electrophile_5,ligand_6_P(tBu)3,base_6_Et3N,solvent_4_DMF,1,0.0
electrophile_5,ligand_6_P(tBu)3,base_6_Et3N,solvent_4_DMF,2,3.56
electrophile_5,ligand_6_P(tBu)3,base_7_NaHCO3,solvent_1_MeCN,1,8.52
electrophile_5,ligand_6_P(tBu)3,base_7_NaHCO3,solvent_1_MeCN,2,10.51
electrophile_5,ligand_6_P(tBu)3,base_7_NaHCO3,solvent_2_MeOH,1,9.55
electrophile_5,ligand_6_P(tBu)3,base_7_NaHCO3,solvent_2_MeOH,2,7.94
electrophile_5,ligand_6_P(tBu)3,base_7_NaHCO3,solvent_3_THF,1,9.02
electrophile_5,ligand_6_P(tBu)3,base_7_NaHCO3,solvent_3_THF,2,5.99
electrophile_5,ligand_6_P(tBu)3,base_7_NaHCO3,solvent_4_DMF,1,7.67
electrophile_5,ligand_6_P(tBu)3,base_7_NaHCO3,solvent_4_DMF,2,5.2
electrophile_5,ligand_6_P(tBu)3,base_8_KOAc,solvent_1_MeCN,1,3.88
electrophile_5,ligand_6_P(tBu)3,base_8_KOAc,solvent_1_MeCN,2,0.0
electrophile_5,ligand_6_P(tBu)3,base_8_KOAc,solvent_2_MeOH,1,0.0
electrophile_5,ligand_6_P(tBu)3,base_8_KOAc,solvent_2_MeOH,2,0.0
electrophile_5,ligand_6_P(tBu)3,base_8_KOAc,solvent_3_THF,1,0.0
electrophile_5,ligand_6_P(tBu)3,base_8_KOAc,solvent_3_THF,2,0.0
electrophile_5,ligand_6_P(tBu)3,base_8_KOAc,solvent_4_DMF,1,0.0
electrophile_5,ligand_6_P(tBu)3,base_8_KOAc,solvent_4_DMF,2,0.0
electrophile_5,ligand_7_Xantphos,base_1_NaOH,solvent_1_MeCN,1,0.0
electrophile_5,ligand_7_Xantphos,base_1_NaOH,solvent_1_MeCN,2,0.0
electrophile_5,ligand_7_Xantphos,base_1_NaOH,solvent_2_MeOH,1,0.0
electrophile_5,ligand_7_Xantphos,base_1_NaOH,solvent_2_MeOH,2,0.0
electrophile_5,ligand_7_Xantphos,base_1_NaOH,solvent_3_THF,1,0.0
electrophile_5,ligand_7_Xantphos,base_1_NaOH,solvent_3_THF,2,0.0
electrophile_5,ligand_7_Xantphos,base_1_NaOH,solvent_4_DMF,1,0.0
electrophile_5,ligand_7_Xantphos,base_1_NaOH,solvent_4_DMF,2,0.0
electrophile_5,ligand_7_Xantphos,base_2_KOH,solvent_1_MeCN,1,2.79
electrophile_5,ligand_7_Xantphos,base_2_KOH,solvent_1_MeCN,2,1.01
electrophile_5,ligand_7_Xantphos,base_2_KOH,solvent_2_MeOH,1,0.0
electrophile_5,ligand_7_Xantphos,base_2_KOH,solvent_2_MeOH,2,0.0
electrophile_5,ligand_7_Xantphos,base_2_KOH,solvent_3_THF,1,8.03
electrophile_5,ligand_7_Xantphos,base_2_KOH,solvent_3_THF,2,0.0
electrophile_5,ligand_7_Xantphos,base_2_KOH,solvent_4_DMF,1,0.0
electrophile_5,ligand_7_Xantphos,base_2_KOH,solvent_4_DMF,2,0.0
electrophile_5,ligand_7_Xantphos,base_3_K3PO4,solvent_1_MeCN,1,0.0
electrophile_5,ligand_7_Xantphos,base_3_K3PO4,solvent_1_MeCN,2,0.0
electrophile_5,ligand_7_Xantphos,base_3_K3PO4,solvent_2_MeOH,1,0.0
electrophile_5,ligand_7_Xantphos,base_3_K3PO4,solvent_2_MeOH,2,0.0
electrophile_5,ligand_7_Xantphos,base_3_K3PO4,solvent_3_THF,1,0.0
electrophile_5,ligand_7_Xantphos,base_3_K3PO4,solvent_3_THF,2,0.0
electrophile_5,ligand_7_Xantphos,base_3_K3PO4,solvent_4_DMF,1,0.0
electrophile_5,ligand_7_Xantphos,base_3_K3PO4,solvent_4_DMF,2,0.0
electrophile_5,ligand_7_Xantphos,base_4_K2CO3,solvent_1_MeCN,1,0.0
electrophile_5,ligand_7_Xantphos,base_4_K2CO3,solvent_1_MeCN,2,0.0
electrophile_5,ligand_7_Xantphos,base_4_K2CO3,solvent_2_MeOH,1,0.0
electrophile_5,ligand_7_Xantphos,base_4_K2CO3,solvent_2_MeOH,2,0.0
electrophile_5,ligand_7_Xantphos,base_4_K2CO3,solvent_3_THF,1,0.0
electrophile_5,ligand_7_Xantphos,base_4_K2CO3,solvent_3_THF,2,0.0
electrophile_5,ligand_7_Xantphos,base_4_K2CO3,solvent_4_DMF,1,0.0
electrophile_5,ligand_7_Xantphos,base_4_K2CO3,solvent_4_DMF,2,0.0
electrophile_5,ligand_7_Xantphos,base_5_CsF,solvent_1_MeCN,1,0.0
electrophile_5,ligand_7_Xantphos,base_5_CsF,solvent_1_MeCN,2,0.0
electrophile_5,ligand_7_Xantphos,base_5_CsF,solvent_2_MeOH,1,0.0
electrophile_5,ligand_7_Xantphos,base_5_CsF,solvent_2_MeOH,2,0.0
electrophile_5,ligand_7_Xantphos,base_5_CsF,solvent_3_THF,1,0.0
electrophile_5,ligand_7_Xantphos,base_5_CsF,solvent_3_THF,2,0.0
electrophile_5,ligand_7_Xantphos,base_5_CsF,solvent_4_DMF,1,0.0
electrophile_5,ligand_7_Xantphos,base_5_CsF,solvent_4_DMF,2,0.0
electrophile_5,ligand_7_Xantphos,base_6_Et3N,solvent_1_MeCN,1,0.0
electrophile_5,ligand_7_Xantphos,base_6_Et3N,solvent_1_MeCN,2,0.0
electrophile_5,ligand_7_Xantphos,base_6_Et3N,solvent_2_MeOH,1,0.0
electrophile_5,ligand_7_Xantphos,base_6_Et3N,solvent_2_MeOH,2,0.0
electrophile_5,ligand_7_Xantphos,base_6_Et3N,solvent_3_THF,1,0.0
electrophile_5,ligand_7_Xantphos,base_6_Et3N,solvent_3_THF,2,0.0
electrophile_5,ligand_7_Xantphos,base_6_Et3N,solvent_4_DMF,1,0.0
electrophile_5,ligand_7_Xantphos,base_6_Et3N,solvent_4_DMF,2,0.0
electrophile_5,ligand_7_Xantphos,base_7_NaHCO3,solvent_1_MeCN,1,0.0
electrophile_5,ligand_7_Xantphos,base_7_NaHCO3,solvent_1_MeCN,2,0.0
electrophile_5,ligand_7_Xantphos,base_7_NaHCO3,solvent_2_MeOH,1,0.0
electrophile_5,ligand_7_Xantphos,base_7_NaHCO3,solvent_2_MeOH,2,0.0
electrophile_5,ligand_7_Xantphos,base_7_NaHCO3,solvent_3_THF,1,0.0
electrophile_5,ligand_7_Xantphos,base_7_NaHCO3,solvent_3_THF,2,0.0
electrophile_5,ligand_7_Xantphos,base_7_NaHCO3,solvent_4_DMF,1,0.0
electrophile_5,ligand_7_Xantphos,base_7_NaHCO3,solvent_4_DMF,2,0.0
electrophile_5,ligand_7_Xantphos,base_8_KOAc,solvent_1_MeCN,1,0.0
electrophile_5,ligand_7_Xantphos,base_8_KOAc,solvent_1_MeCN,2,0.0
electrophile_5,ligand_7_Xantphos,base_8_KOAc,solvent_2_MeOH,1,0.0
electrophile_5,ligand_7_Xantphos,base_8_KOAc,solvent_2_MeOH,2,0.0
electrophile_5,ligand_7_Xantphos,base_8_KOAc,solvent_3_THF,1,0.0
electrophile_5,ligand_7_Xantphos,base_8_KOAc,solvent_3_THF,2,0.0
electrophile_5,ligand_7_Xantphos,base_8_KOAc,solvent_4_DMF,1,0.0
electrophile_5,ligand_7_Xantphos,base_8_KOAc,solvent_4_DMF,2,0.0
electrophile_5,ligand_8_dtbpf,base_1_NaOH,solvent_1_MeCN,1,0.0
electrophile_5,ligand_8_dtbpf,base_1_NaOH,solvent_1_MeCN,2,0.0
electrophile_5,ligand_8_dtbpf,base_1_NaOH,solvent_2_MeOH,1,0.0
electrophile_5,ligand_8_dtbpf,base_1_NaOH,solvent_2_MeOH,2,0.0
electrophile_5,ligand_8_dtbpf,base_1_NaOH,solvent_3_THF,1,0.0
electrophile_5,ligand_8_dtbpf,base_1_NaOH,solvent_3_THF,2,0.0
electrophile_5,ligand_8_dtbpf,base_1_NaOH,solvent_4_DMF,1,0.0
electrophile_5,ligand_8_dtbpf,base_1_NaOH,solvent_4_DMF,2,0.0
electrophile_5,ligand_8_dtbpf,base_2_KOH,solvent_1_MeCN,1,2.33
electrophile_5,ligand_8_dtbpf,base_2_KOH,solvent_1_MeCN,2,7.83
electrophile_5,ligand_8_dtbpf,base_2_KOH,solvent_2_MeOH,1,5.51
electrophile_5,ligand_8_dtbpf,base_2_KOH,solvent_2_MeOH,2,0.0
electrophile_5,ligand_8_dtbpf,base_2_KOH,solvent_3_THF,1,0.0
electrophile_5,ligand_8_dtbpf,base_2_KOH,solvent_3_THF,2,0.0
electrophile_5,ligand_8_dtbpf,base_2_KOH,solvent_4_DMF,1,0.0
electrophile_5,ligand_8_dtbpf,base_2_KOH,solvent_4_DMF,2,0.0
electrophile_5,ligand_8_dtbpf,base_3_K3PO4,solvent_1_MeCN,1,0.0
electrophile_5,ligand_8_dtbpf,base_3_K3PO4,solvent_1_MeCN,2,0.0
electrophile_5,ligand_8_dtbpf,base_3_K3PO4,solvent_2_MeOH,1,0.0
electrophile_5,ligand_8_dtbpf,base_3_K3PO4,solvent_2_MeOH,2,0.0
electrophile_5,ligand_8_dtbpf,base_3_K3PO4,solvent_3_THF,1,0.0
electrophile_5,ligand_8_dtbpf,base_3_K3PO4,solvent_3_THF,2,0.0
electrophile_5,ligand_8_dtbpf,base_3_K3PO4,solvent_4_DMF,1,0.0
electrophile_5,ligand_8_dtbpf,base_3_K3PO4,solvent_4_DMF,2,0.0
electrophile_5,ligand_8_dtbpf,base_4_K2CO3,solvent_1_MeCN,1,0.0
electrophile_5,ligand_8_dtbpf,base_4_K2CO3,solvent_1_MeCN,2,0.0
electrophile_5,ligand_8_dtbpf,base_4_K2CO3,solvent_2_MeOH,1,0.0
electrophile_5,ligand_8_dtbpf,base_4_K2CO3,solvent_2_MeOH,2,0.0
electrophile_5,ligand_8_dtbpf,base_4_K2CO3,solvent_3_THF,1,0.0
electrophile_5,ligand_8_dtbpf,base_4_K2CO3,solvent_3_THF,2,0.0
electrophile_5,ligand_8_dtbpf,base_4_K2CO3,solvent_4_DMF,1,0.0
electrophile_5,ligand_8_dtbpf,base_4_K2CO3,solvent_4_DMF,2,0.0
electrophile_5,ligand_8_dtbpf,base_5_CsF,solvent_1_MeCN,1,0.0
electrophile_5,ligand_8_dtbpf,base_5_CsF,solvent_1_MeCN,2,0.0
electrophile_5,ligand_8_dtbpf,base_5_CsF,solvent_2_MeOH,1,0.0
electrophile_5,ligand_8_dtbpf,base_5_CsF,solvent_2_MeOH,2,0.0
electrophile_5,ligand_8_dtbpf,base_5_CsF,solvent_3_THF,1,0.0
electrophile_5,ligand_8_dtbpf,base_5_CsF,solvent_3_THF,2,0.0
electrophile_5,ligand_8_dtbpf,base_5_CsF,solvent_4_DMF,1,0.0
electrophile_5,ligand_8_dtbpf,base_5_CsF,solvent_4_DMF,2,0.0
electrophile_5,ligand_8_dtbpf,base_6_Et3N,solvent_1_MeCN,1,0.0
electrophile_5,ligand_8_dtbpf,base_6_Et3N,solvent_1_MeCN,2,0.0
electrophile_5,ligand_8_dtbpf,base_6_Et3N,solvent_2_MeOH,1,0.0
electrophile_5,ligand_8_dtbpf,base_6_Et3N,solvent_2_MeOH,2,0.0
electrophile_5,ligand_8_dtbpf,base_6_Et3N,solvent_3_THF,1,0.0
electrophile_5,ligand_8_dtbpf,base_6_Et3N,solvent_3_THF,2,0.0
electrophile_5,ligand_8_dtbpf,base_6_Et3N,solvent_4_DMF,1,0.0
electrophile_5,ligand_8_dtbpf,base_6_Et3N,solvent_4_DMF,2,0.0
electrophile_5,ligand_8_dtbpf,base_7_NaHCO3,solvent_1_MeCN,1,0.0
electrophile_5,ligand_8_dtbpf,base_7_NaHCO3,solvent_1_MeCN,2,0.0
electrophile_5,ligand_8_dtbpf,base_7_NaHCO3,solvent_2_MeOH,1,0.0
electrophile_5,ligand_8_dtbpf,base_7_NaHCO3,solvent_2_MeOH,2,0.0
electrophile_5,ligand_8_dtbpf,base_7_NaHCO3,solvent_3_THF,1,0.0
electrophile_5,ligand_8_dtbpf,base_7_NaHCO3,solvent_3_THF,2,0.0
electrophile_5,ligand_8_dtbpf,base_7_NaHCO3,solvent_4_DMF,1,0.0
electrophile_5,ligand_8_dtbpf,base_7_NaHCO3,solvent_4_DMF,2,0.0
electrophile_5,ligand_8_dtbpf,base_8_KOAc,solvent_1_MeCN,1,0.0
electrophile_5,ligand_8_dtbpf,base_8_KOAc,solvent_1_MeCN,2,0.0
electrophile_5,ligand_8_dtbpf,base_8_KOAc,solvent_2_MeOH,1,0.0
electrophile_5,ligand_8_dtbpf,base_8_KOAc,solvent_2_MeOH,2,0.0
electrophile_5,ligand_8_dtbpf,base_8_KOAc,solvent_3_THF,1,0.0
electrophile_5,ligand_8_dtbpf,base_8_KOAc,solvent_3_THF,2,0.0
electrophile_5,ligand_8_dtbpf,base_8_KOAc,solvent_4_DMF,1,0.0
electrophile_5,ligand_8_dtbpf,base_8_KOAc,solvent_4_DMF,2,0.0
electrophile_5,ligand_9_P(o-tol)3,base_1_NaOH,solvent_1_MeCN,1,0.0
electrophile_5,ligand_9_P(o-tol)3,base_1_NaOH,solvent_1_MeCN,2,0.0
electrophile_5,ligand_9_P(o-tol)3,base_1_NaOH,solvent_2_MeOH,1,0.0
electrophile_5,ligand_9_P(o-tol)3,base_1_NaOH,solvent_2_MeOH,2,0.0
electrophile_5,ligand_9_P(o-tol)3,base_1_NaOH,solvent_3_THF,1,0.0
electrophile_5,ligand_9_P(o-tol)3,base_1_NaOH,solvent_3_THF,2,0.0
electrophile_5,ligand_9_P(o-tol)3,base_1_NaOH,solvent_4_DMF,1,0.0
electrophile_5,ligand_9_P(o-tol)3,base_1_NaOH,solvent_4_DMF,2,0.0
electrophile_5,ligand_9_P(o-tol)3,base_2_KOH,solvent_1_MeCN,1,8.62
electrophile_5,ligand_9_P(o-tol)3,base_2_KOH,solvent_1_MeCN,2,16.81
electrophile_5,ligand_9_P(o-tol)3,base_2_KOH,solvent_2_MeOH,1,5.87
electrophile_5,ligand_9_P(o-tol)3,base_2_KOH,solvent_2_MeOH,2,10.21
electrophile_5,ligand_9_P(o-tol)3,base_2_KOH,solvent_3_THF,1,6.05
electrophile_5,ligand_9_P(o-tol)3,base_2_KOH,solvent_3_THF,2,11.38
electrophile_5,ligand_9_P(o-tol)3,base_2_KOH,solvent_4_DMF,1,15.14
electrophile_5,ligand_9_P(o-tol)3,base_2_KOH,solvent_4_DMF,2,11.55
electrophile_5,ligand_9_P(o-tol)3,base_3_K3PO4,solvent_1_MeCN,1,0.0
electrophile_5,ligand_9_P(o-tol)3,base_3_K3PO4,solvent_1_MeCN,2,2.24
electrophile_5,ligand_9_P(o-tol)3,base_3_K3PO4,solvent_2_MeOH,1,0.0
electrophile_5,ligand_9_P(o-tol)3,base_3_K3PO4,solvent_2_MeOH,2,0.0
electrophile_5,ligand_9_P(o-tol)3,base_3_K3PO4,solvent_3_THF,1,0.0
electrophile_5,ligand_9_P(o-tol)3,base_3_K3PO4,solvent_3_THF,2,0.0
electrophile_5,ligand_9_P(o-tol)3,base_3_K3PO4,solvent_4_DMF,1,0.0
electrophile_5,ligand_9_P(o-tol)3,base_3_K3PO4,solvent_4_DMF,2,0.0
electrophile_5,ligand_9_P(o-tol)3,base_4_K2CO3,solvent_1_MeCN,1,0.0
electrophile_5,ligand_9_P(o-tol)3,base_4_K2CO3,solvent_1_MeCN,2,0.0
electrophile_5,ligand_9_P(o-tol)3,base_4_K2CO3,solvent_2_MeOH,1,0.0
electrophile_5,ligand_9_P(o-tol)3,base_4_K2CO3,solvent_2_MeOH,2,0.0
electrophile_5,ligand_9_P(o-tol)3,base_4_K2CO3,solvent_3_THF,1,0.09
electrophile_5,ligand_9_P(o-tol)3,base_4_K2CO3,solvent_3_THF,2,0.0
electrophile_5,ligand_9_P(o-tol)3,base_4_K2CO3,solvent_4_DMF,1,0.0
electrophile_5,ligand_9_P(o-tol)3,base_4_K2CO3,solvent_4_DMF,2,0.0
electrophile_5,ligand_9_P(o-tol)3,base_5_CsF,solvent_1_MeCN,1,0.0
electrophile_5,ligand_9_P(o-tol)3,base_5_CsF,solvent_1_MeCN,2,0.0
electrophile_5,ligand_9_P(o-tol)3,base_5_CsF,solvent_2_MeOH,1,0.0
electrophile_5,ligand_9_P(o-tol)3,base_5_CsF,solvent_2_MeOH,2,0.0
electrophile_5,ligand_9_P(o-tol)3,base_5_CsF,solvent_3_THF,1,0.0
electrophile_5,ligand_9_P(o-tol)3,base_5_CsF,solvent_3_THF,2,0.0
electrophile_5,ligand_9_P(o-tol)3,base_5_CsF,solvent_4_DMF,1,0.0
electrophile_5,ligand_9_P(o-tol)3,base_5_CsF,solvent_4_DMF,2,0.0
electrophile_5,ligand_9_P(o-tol)3,base_6_Et3N,solvent_1_MeCN,1,0.0
electrophile_5,ligand_9_P(o-tol)3,base_6_Et3N,solvent_1_MeCN,2,0.0
electrophile_5,ligand_9_P(o-tol)3,base_6_Et3N,solvent_2_MeOH,1,0.0
electrophile_5,ligand_9_P(o-tol)3,base_6_Et3N,solvent_2_MeOH,2,0.0
electrophile_5,ligand_9_P(o-tol)3,base_6_Et3N,solvent_3_THF,1,0.0
electrophile_5,ligand_9_P(o-tol)3,base_6_Et3N,solvent_3_THF,2,0.0
electrophile_5,ligand_9_P(o-tol)3,base_6_Et3N,solvent_4_DMF,1,0.0
electrophile_5,ligand_9_P(o-tol)3,base_6_Et3N,solvent_4_DMF,2,0.0
electrophile_5,ligand_9_P(o-tol)3,base_7_NaHCO3,solvent_1_MeCN,1,4.56
electrophile_5,ligand_9_P(o-tol)3,base_7_NaHCO3,solvent_1_MeCN,2,0.29
electrophile_5,ligand_9_P(o-tol)3,base_7_NaHCO3,solvent_2_MeOH,1,3.65
electrophile_5,ligand_9_P(o-tol)3,base_7_NaHCO3,solvent_2_MeOH,2,0.0
electrophile_5,ligand_9_P(o-tol)3,base_7_NaHCO3,solvent_3_THF,1,2.08
electrophile_5,ligand_9_P(o-tol)3,base_7_NaHCO3,solvent_3_THF,2,5.55
electrophile_5,ligand_9_P(o-tol)3,base_7_NaHCO3,solvent_4_DMF,1,0.19
electrophile_5,ligand_9_P(o-tol)3,base_7_NaHCO3,solvent_4_DMF,2,0.0
electrophile_5,ligand_9_P(o-tol)3,base_8_KOAc,solvent_1_MeCN,1,0.0
electrophile_5,ligand_9_P(o-tol)3,base_8_KOAc,solvent_1_MeCN,2,0.0
electrophile_5,ligand_9_P(o-tol)3,base_8_KOAc,solvent_2_MeOH,1,0.0
electrophile_5,ligand_9_P(o-tol)3,base_8_KOAc,solvent_2_MeOH,2,0.0
electrophile_5,ligand_9_P(o-tol)3,base_8_KOAc,solvent_3_THF,1,0.0
electrophile_5,ligand_9_P(o-tol)3,base_8_KOAc,solvent_3_THF,2,0.0
electrophile_5,ligand_9_P(o-tol)3,base_8_KOAc,solvent_4_DMF,1,0.0
electrophile_5,ligand_9_P(o-tol)3,base_8_KOAc,solvent_4_DMF,2,0.0
electrophile_5,ligand_10_AmPhos,base_1_NaOH,solvent_1_MeCN,1,0.0
electrophile_5,ligand_10_AmPhos,base_1_NaOH,solvent_1_MeCN,2,0.0
electrophile_5,ligand_10_AmPhos,base_1_NaOH,solvent_2_MeOH,1,0.0
electrophile_5,ligand_10_AmPhos,base_1_NaOH,solvent_2_MeOH,2,0.0
electrophile_5,ligand_10_AmPhos,base_1_NaOH,solvent_3_THF,1,0.0
electrophile_5,ligand_10_AmPhos,base_1_NaOH,solvent_3_THF,2,0.0
electrophile_5,ligand_10_AmPhos,base_1_NaOH,solvent_4_DMF,1,0.0
electrophile_5,ligand_10_AmPhos,base_1_NaOH,solvent_4_DMF,2,0.0
electrophile_5,ligand_10_AmPhos,base_2_KOH,solvent_1_MeCN,1,7.66
electrophile_5,ligand_10_AmPhos,base_2_KOH,solvent_1_MeCN,2,9.23
electrophile_5,ligand_10_AmPhos,base_2_KOH,solvent_2_MeOH,1,0.0
electrophile_5,ligand_10_AmPhos,base_2_KOH,solvent_2_MeOH,2,1.5
electrophile_5,ligand_10_AmPhos,base_2_KOH,solvent_3_THF,1,8.44
electrophile_5,ligand_10_AmPhos,base_2_KOH,solvent_3_THF,2,12.45
electrophile_5,ligand_10_AmPhos,base_2_KOH,solvent_4_DMF,1,0.0
electrophile_5,ligand_10_AmPhos,base_2_KOH,solvent_4_DMF,2,2.29
electrophile_5,ligand_10_AmPhos,base_3_K3PO4,solvent_1_MeCN,1,0.0
electrophile_5,ligand_10_AmPhos,base_3_K3PO4,solvent_1_MeCN,2,0.0
electrophile_5,ligand_10_AmPhos,base_3_K3PO4,solvent_2_MeOH,1,0.0
electrophile_5,ligand_10_AmPhos,base_3_K3PO4,solvent_2_MeOH,2,0.0
electrophile_5,ligand_10_AmPhos,base_3_K3PO4,solvent_3_THF,1,0.0
electrophile_5,ligand_10_AmPhos,base_3_K3PO4,solvent_3_THF,2,0.0
electrophile_5,ligand_10_AmPhos,base_3_K3PO4,solvent_4_DMF,1,0.0
electrophile_5,ligand_10_AmPhos,base_3_K3PO4,solvent_4_DMF,2,0.0
electrophile_5,ligand_10_AmPhos,base_4_K2CO3,solvent_1_MeCN,1,0.0
electrophile_5,ligand_10_AmPhos,base_4_K2CO3,solvent_1_MeCN,2,0.0
electrophile_5,ligand_10_AmPhos,base_4_K2CO3,solvent_2_MeOH,1,0.0
electrophile_5,ligand_10_AmPhos,base_4_K2CO3,solvent_2_MeOH,2,0.0
electrophile_5,ligand_10_AmPhos,base_4_K2CO3,solvent_3_THF,1,3.06
electrophile_5,ligand_10_AmPhos,base_4_K2CO3,solvent_3_THF,2,0.0
electrophile_5,ligand_10_AmPhos,base_4_K2CO3,solvent_4_DMF,1,0.0
electrophile_5,ligand_10_AmPhos,base_4_K2CO3,solvent_4_DMF,2,0.0
electrophile_5,ligand_10_AmPhos,base_5_CsF,solvent_1_MeCN,1,0.0
electrophile_5,ligand_10_AmPhos,base_5_CsF,solvent_1_MeCN,2,0.0
electrophile_5,ligand_10_AmPhos,base_5_CsF,solvent_2_MeOH,1,0.0
electrophile_5,ligand_10_AmPhos,base_5_CsF,solvent_2_MeOH,2,0.0
electrophile_5,ligand_10_AmPhos,base_5_CsF,solvent_3_THF,1,0.0
electrophile_5,ligand_10_AmPhos,base_5_CsF,solvent_3_THF,2,0.0
electrophile_5,ligand_10_AmPhos,base_5_CsF,solvent_4_DMF,1,0.0
electrophile_5,ligand_10_AmPhos,base_5_CsF,solvent_4_DMF,2,0.0
electrophile_5,ligand_10_AmPhos,base_6_Et3N,solvent_1_MeCN,1,0.0
electrophile_5,ligand_10_AmPhos,base_6_Et3N,solvent_1_MeCN,2,0.0
electrophile_5,ligand_10_AmPhos,base_6_Et3N,solvent_2_MeOH,1,0.0
electrophile_5,ligand_10_AmPhos,base_6_Et3N,solvent_2_MeOH,2,0.0
electrophile_5,ligand_10_AmPhos,base_6_Et3N,solvent_3_THF,1,0.0
electrophile_5,ligand_10_AmPhos,base_6_Et3N,solvent_3_THF,2,0.0
electrophile_5,ligand_10_AmPhos,base_6_Et3N,solvent_4_DMF,1,0.0
electrophile_5,ligand_10_AmPhos,base_6_Et3N,solvent_4_DMF,2,0.0
electrophile_5,ligand_10_AmPhos,base_7_NaHCO3,solvent_1_MeCN,1,0.0
electrophile_5,ligand_10_AmPhos,base_7_NaHCO3,solvent_1_MeCN,2,0.0
electrophile_5,ligand_10_AmPhos,base_7_NaHCO3,solvent_2_MeOH,1,0.0
electrophile_5,ligand_10_AmPhos,base_7_NaHCO3,solvent_2_MeOH,2,0.0
electrophile_5,ligand_10_AmPhos,base_7_NaHCO3,solvent_3_THF,1,0.0
electrophile_5,ligand_10_AmPhos,base_7_NaHCO3,solvent_3_THF,2,0.0
electrophile_5,ligand_10_AmPhos,base_7_NaHCO3,solvent_4_DMF,1,0.0
electrophile_5,ligand_10_AmPhos,base_7_NaHCO3,solvent_4_DMF,2,0.0
electrophile_5,ligand_10_AmPhos,base_8_KOAc,solvent_1_MeCN,1,0.0
electrophile_5,ligand_10_AmPhos,base_8_KOAc,solvent_1_MeCN,2,0.0
electrophile_5,ligand_10_AmPhos,base_8_KOAc,solvent_2_MeOH,1,0.0
electrophile_5,ligand_10_AmPhos,base_8_KOAc,solvent_2_MeOH,2,0.0
electrophile_5,ligand_10_AmPhos,base_8_KOAc,solvent_3_THF,1,0.0
electrophile_5,ligand_10_AmPhos,base_8_KOAc,solvent_3_THF,2,0.0
electrophile_5,ligand_10_AmPhos,base_8_KOAc,solvent_4_DMF,1,0.0
electrophile_5,ligand_10_AmPhos,base_8_KOAc,solvent_4_DMF,2,0.0
electrophile_5,ligand_11_CataCXium_A,base_1_NaOH,solvent_1_MeCN,1,0.0
electrophile_5,ligand_11_CataCXium_A,base_1_NaOH,solvent_1_MeCN,2,8.3
electrophile_5,ligand_11_CataCXium_A,base_1_NaOH,solvent_2_MeOH,1,0.0
electrophile_5,ligand_11_CataCXium_A,base_1_NaOH,solvent_2_MeOH,2,0.99
electrophile_5,ligand_11_CataCXium_A,base_1_NaOH,solvent_3_THF,1,0.0
electrophile_5,ligand_11_CataCXium_A,base_1_NaOH,solvent_3_THF,2,0.0
electrophile_5,ligand_11_CataCXium_A,base_1_NaOH,solvent_4_DMF,1,0.0
electrophile_5,ligand_11_CataCXium_A,base_1_NaOH,solvent_4_DMF,2,0.0
electrophile_5,ligand_11_CataCXium_A,base_2_KOH,solvent_1_MeCN,1,24.34
electrophile_5,ligand_11_CataCXium_A,base_2_KOH,solvent_1_MeCN,2,28.3
electrophile_5,ligand_11_CataCXium_A,base_2_KOH,solvent_2_MeOH,1,13.17
electrophile_5,ligand_11_CataCXium_A,base_2_KOH,solvent_2_MeOH,2,9.9
electrophile_5,ligand_11_CataCXium_A,base_2_KOH,solvent_3_THF,1,18.79
electrophile_5,ligand_11_CataCXium_A,base_2_KOH,solvent_3_THF,2,18.81
electrophile_5,ligand_11_CataCXium_A,base_2_KOH,solvent_4_DMF,1,20.13
electrophile_5,ligand_11_CataCXium_A,base_2_KOH,solvent_4_DMF,2,22.13
electrophile_5,ligand_11_CataCXium_A,base_3_K3PO4,solvent_1_MeCN,1,9.42
electrophile_5,ligand_11_CataCXium_A,base_3_K3PO4,solvent_1_MeCN,2,18.99
electrophile_5,ligand_11_CataCXium_A,base_3_K3PO4,solvent_2_MeOH,1,4.98
electrophile_5,ligand_11_CataCXium_A,base_3_K3PO4,solvent_2_MeOH,2,2.13
electrophile_5,ligand_11_CataCXium_A,base_3_K3PO4,solvent_3_THF,1,0.0
electrophile_5,ligand_11_CataCXium_A,base_3_K3PO4,solvent_3_THF,2,4.4
electrophile_5,ligand_11_CataCXium_A,base_3_K3PO4,solvent_4_DMF,1,2.17
electrophile_5,ligand_11_CataCXium_A,base_3_K3PO4,solvent_4_DMF,2,8.65
electrophile_5,ligand_11_CataCXium_A,base_4_K2CO3,solvent_1_MeCN,1,14.38
electrophile_5,ligand_11_CataCXium_A,base_4_K2CO3,solvent_1_MeCN,2,6.17
electrophile_5,ligand_11_CataCXium_A,base_4_K2CO3,solvent_2_MeOH,1,7.07
electrophile_5,ligand_11_CataCXium_A,base_4_K2CO3,solvent_2_MeOH,2,9.56
electrophile_5,ligand_11_CataCXium_A,base_4_K2CO3,solvent_3_THF,1,15.7
electrophile_5,ligand_11_CataCXium_A,base_4_K2CO3,solvent_3_THF,2,12.5
electrophile_5,ligand_11_CataCXium_A,base_4_K2CO3,solvent_4_DMF,1,10.0
electrophile_5,ligand_11_CataCXium_A,base_4_K2CO3,solvent_4_DMF,2,6.5
electrophile_5,ligand_11_CataCXium_A,base_5_CsF,solvent_1_MeCN,1,2.07
electrophile_5,ligand_11_CataCXium_A,base_5_CsF,solvent_1_MeCN,2,6.37
electrophile_5,ligand_11_CataCXium_A,base_5_CsF,solvent_2_MeOH,1,0.0
electrophile_5,ligand_11_CataCXium_A,base_5_CsF,solvent_2_MeOH,2,0.0
electrophile_5,ligand_11_CataCXium_A,base_5_CsF,solvent_3_THF,1,0.0
electrophile_5,ligand_11_CataCXium_A,base_5_CsF,solvent_3_THF,2,0.0
electrophile_5,ligand_11_CataCXium_A,base_5_CsF,solvent_4_DMF,1,0.41
electrophile_5,ligand_11_CataCXium_A,base_5_CsF,solvent_4_DMF,2,0.0
electrophile_5,ligand_11_CataCXium_A,base_6_Et3N,solvent_1_MeCN,1,0.0
electrophile_5,ligand_11_CataCXium_A,base_6_Et3N,solvent_1_MeCN,2,5.11
electrophile_5,ligand_11_CataCXium_A,base_6_Et3N,solvent_2_MeOH,1,5.88
electrophile_5,ligand_11_CataCXium_A,base_6_Et3N,solvent_2_MeOH,2,4.0
electrophile_5,ligand_11_CataCXium_A,base_6_Et3N,solvent_3_THF,1,5.3
electrophile_5,ligand_11_CataCXium_A,base_6_Et3N,solvent_3_THF,2,1.76
electrophile_5,ligand_11_CataCXium_A,base_6_Et3N,solvent_4_DMF,1,0.0
electrophile_5,ligand_11_CataCXium_A,base_6_Et3N,solvent_4_DMF,2,3.88
electrophile_5,ligand_11_CataCXium_A,base_7_NaHCO3,solvent_1_MeCN,1,8.24
electrophile_5,ligand_11_CataCXium_A,base_7_NaHCO3,solvent_1_MeCN,2,23.33
electrophile_5,ligand_11_CataCXium_A,base_7_NaHCO3,solvent_2_MeOH,1,9.41
electrophile_5,ligand_11_CataCXium_A,base_7_NaHCO3,solvent_2_MeOH,2,3.65
electrophile_5,ligand_11_CataCXium_A,base_7_NaHCO3,solvent_3_THF,1,5.35
electrophile_5,ligand_11_CataCXium_A,base_7_NaHCO3,solvent_3_THF,2,7.94
electrophile_5,ligand_11_CataCXium_A,base_7_NaHCO3,solvent_4_DMF,1,5.35
electrophile_5,ligand_11_CataCXium_A,base_7_NaHCO3,solvent_4_DMF,2,12.13
electrophile_5,ligand_11_CataCXium_A,base_8_KOAc,solvent_1_MeCN,1,3.25
electrophile_5,ligand_11_CataCXium_A,base_8_KOAc,solvent_1_MeCN,2,0.0
electrophile_5,ligand_11_CataCXium_A,base_8_KOAc,solvent_2_MeOH,1,5.91
electrophile_5,ligand_11_CataCXium_A,base_8_KOAc,solvent_2_MeOH,2,0.0
electrophile_5,ligand_11_CataCXium_A,base_8_KOAc,solvent_3_THF,1,2.16
electrophile_5,ligand_11_CataCXium_A,base_8_KOAc,solvent_3_THF,2,0.0
electrophile_5,ligand_11_CataCXium_A,base_8_KOAc,solvent_4_DMF,1,0.0
electrophile_5,ligand_11_CataCXium_A,base_8_KOAc,solvent_4_DMF,2,0.0
electrophile_5,ligand_12_None,base_1_NaOH,solvent_1_MeCN,1,0.0
electrophile_5,ligand_12_None,base_1_NaOH,solvent_1_MeCN,2,0.0
electrophile_5,ligand_12_None,base_1_NaOH,solvent_2_MeOH,1,0.0
electrophile_5,ligand_12_None,base_1_NaOH,solvent_2_MeOH,2,0.0
electrophile_5,ligand_12_None,base_1_NaOH,solvent_3_THF,1,0.0
electrophile_5,ligand_12_None,base_1_NaOH,solvent_3_THF,2,0.0
electrophile_5,ligand_12_None,base_1_NaOH,solvent_4_DMF,1,0.0
electrophile_5,ligand_12_None,base_1_NaOH,solvent_4_DMF,2,0.0
electrophile_5,ligand_12_None,base_2_KOH,solvent_1_MeCN,1,11.98
electrophile_5,ligand_12_None,base_2_KOH,solvent_1_MeCN,2,13.56
electrophile_5,ligand_12_None,base_2_KOH,solvent_2_MeOH,1,12.4
electrophile_5,ligand_12_None,base_2_KOH,solvent_2_MeOH,2,8.01
electrophile_5,ligand_12_None,base_2_KOH,solvent_3_THF,1,1.77
electrophile_5,ligand_12_None,base_2_KOH,solvent_3_THF,2,13.83
electrophile_5,ligand_12_None,base_2_KOH,solvent_4_DMF,1,13.36
electrophile_5,ligand_12_None,base_2_KOH,solvent_4_DMF,2,20.92
electrophile_5,ligand_12_None,base_3_K3PO4,solvent_1_MeCN,1,0.0
electrophile_5,ligand_12_None,base_3_K3PO4,solvent_1_MeCN,2,0.0
electrophile_5,ligand_12_None,base_3_K3PO4,solvent_2_MeOH,1,0.0
electrophile_5,ligand_12_None,base_3_K3PO4,solvent_2_MeOH,2,0.0
electrophile_5,ligand_12_None,base_3_K3PO4,solvent_3_THF,1,0.0
electrophile_5,ligand_12_None,base_3_K3PO4,solvent_3_THF,2,3.11
electrophile_5,ligand_12_None,base_3_K3PO4,solvent_4_DMF,1,0.0
electrophile_5,ligand_12_None,base_3_K3PO4,solvent_4_DMF,2,0.0
electrophile_5,ligand_12_None,base_4_K2CO3,solvent_1_MeCN,1,0.0
electrophile_5,ligand_12_None,base_4_K2CO3,solvent_1_MeCN,2,0.0
electrophile_5,ligand_12_None,base_4_K2CO3,solvent_2_MeOH,1,0.0
electrophile_5,ligand_12_None,base_4_K2CO3,solvent_2_MeOH,2,0.0
electrophile_5,ligand_12_None,base_4_K2CO3,solvent_3_THF,1,0.0
electrophile_5,ligand_12_None,base_4_K2CO3,solvent_3_THF,2,0.0
electrophile_5,ligand_12_None,base_4_K2CO3,solvent_4_DMF,1,0.0
electrophile_5,ligand_12_None,base_4_K2CO3,solvent_4_DMF,2,2.19
electrophile_5,ligand_12_None,base_5_CsF,solvent_1_MeCN,1,0.0
electrophile_5,ligand_12_None,base_5_CsF,solvent_1_MeCN,2,0.0
electrophile_5,ligand_12_None,base_5_CsF,solvent_2_MeOH,1,0.0
electrophile_5,ligand_12_None,base_5_CsF,solvent_2_MeOH,2,0.0
electrophile_5,ligand_12_None,base_5_CsF,solvent_3_THF,1,0.0
electrophile_5,ligand_12_None,base_5_CsF,solvent_3_THF,2,0.0
electrophile_5,ligand_12_None,base_5_CsF,solvent_4_DMF,1,0.0
electrophile_5,ligand_12_None,base_5_CsF,solvent_4_DMF,2,0.0
electrophile_5,ligand_12_None,base_6_Et3N,solvent_1_MeCN,1,0.0
electrophile_5,ligand_12_None,base_6_Et3N,solvent_1_MeCN,2,0.0
electrophile_5,ligand_12_None,base_6_Et3N,solvent_2_MeOH,1,0.0
electrophile_5,ligand_12_None,base_6_Et3N,solvent_2_MeOH,2,0.0
electrophile_5,ligand_12_None,base_6_Et3N,solvent_3_THF,1,0.0
electrophile_5,ligand_12_None,base_6_Et3N,solvent_3_THF,2,0.0
electrophile_5,ligand_12_None,base_6_Et3N,solvent_4_DMF,1,0.0
electrophile_5,ligand_12_None,base_6_Et3N,solvent_4_DMF,2,0.0
electrophile_5,ligand_12_None,base_7_NaHCO3,solvent_1_MeCN,1,0.0
electrophile_5,ligand_12_None,base_7_NaHCO3,solvent_1_MeCN,2,0.0
electrophile_5,ligand_12_None,base_7_NaHCO3,solvent_2_MeOH,1,0.0
electrophile_5,ligand_12_None,base_7_NaHCO3,solvent_2_MeOH,2,0.0
electrophile_5,ligand_12_None,base_7_NaHCO3,solvent_3_THF,1,0.0
electrophile_5,ligand_12_None,base_7_NaHCO3,solvent_3_THF,2,7.03
electrophile_5,ligand_12_None,base_7_NaHCO3,solvent_4_DMF,1,0.0
electrophile_5,ligand_12_None,base_7_NaHCO3,solvent_4_DMF,2,0.0
electrophile_5,ligand_12_None,base_8_KOAc,solvent_1_MeCN,1,0.0
electrophile_5,ligand_12_None,base_8_KOAc,solvent_1_MeCN,2,0.0
electrophile_5,ligand_12_None,base_8_KOAc,solvent_2_MeOH,1,0.0
electrophile_5,ligand_12_None,base_8_KOAc,solvent_2_MeOH,2,0.0
electrophile_5,ligand_12_None,base_8_KOAc,solvent_3_THF,1,0.0
electrophile_5,ligand_12_None,base_8_KOAc,solvent_3_THF,2,0.0
electrophile_5,ligand_12_None,base_8_KOAc,solvent_4_DMF,1,0.0
electrophile_5,ligand_12_None,base_8_KOAc,solvent_4_DMF,2,0.0
electrophile_6,ligand_1_XPhos,base_1_NaOH,solvent_1_MeCN,1,0.0
electrophile_6,ligand_1_XPhos,base_1_NaOH,solvent_1_MeCN,2,0.0
electrophile_6,ligand_1_XPhos,base_1_NaOH,solvent_2_MeOH,1,0.0
electrophile_6,ligand_1_XPhos,base_1_NaOH,solvent_2_MeOH,2,0.0
electrophile_6,ligand_1_XPhos,base_1_NaOH,solvent_3_THF,1,5.54
electrophile_6,ligand_1_XPhos,base_1_NaOH,solvent_3_THF,2,3.34
electrophile_6,ligand_1_XPhos,base_1_NaOH,solvent_4_DMF,1,0.0
electrophile_6,ligand_1_XPhos,base_1_NaOH,solvent_4_DMF,2,0.0
electrophile_6,ligand_1_XPhos,base_2_KOH,solvent_1_MeCN,1,24.34
electrophile_6,ligand_1_XPhos,base_2_KOH,solvent_1_MeCN,2,28.8
electrophile_6,ligand_1_XPhos,base_2_KOH,solvent_2_MeOH,1,25.75
electrophile_6,ligand_1_XPhos,base_2_KOH,solvent_2_MeOH,2,13.84
electrophile_6,ligand_1_XPhos,base_2_KOH,solvent_3_THF,1,25.27
electrophile_6,ligand_1_XPhos,base_2_KOH,solvent_3_THF,2,28.44
electrophile_6,ligand_1_XPhos,base_2_KOH,solvent_4_DMF,1,19.84
electrophile_6,ligand_1_XPhos,base_2_KOH,solvent_4_DMF,2,25.42
electrophile_6,ligand_1_XPhos,base_3_K3PO4,solvent_1_MeCN,1,100.0
electrophile_6,ligand_1_XPhos,base_3_K3PO4,solvent_1_MeCN,2,79.49
electrophile_6,ligand_1_XPhos,base_3_K3PO4,solvent_2_MeOH,1,32.14
electrophile_6,ligand_1_XPhos,base_3_K3PO4,solvent_2_MeOH,2,24.85
electrophile_6,ligand_1_XPhos,base_3_K3PO4,solvent_3_THF,1,39.21
electrophile_6,ligand_1_XPhos,base_3_K3PO4,solvent_3_THF,2,38.64
electrophile_6,ligand_1_XPhos,base_3_K3PO4,solvent_4_DMF,1,74.76
electrophile_6,ligand_1_XPhos,base_3_K3PO4,solvent_4_DMF,2,71.42
electrophile_6,ligand_1_XPhos,base_4_K2CO3,solvent_1_MeCN,1,79.82
electrophile_6,ligand_1_XPhos,base_4_K2CO3,solvent_1_MeCN,2,76.21
electrophile_6,ligand_1_XPhos,base_4_K2CO3,solvent_2_MeOH,1,27.17
electrophile_6,ligand_1_XPhos,base_4_K2CO3,solvent_2_MeOH,2,42.03
electrophile_6,ligand_1_XPhos,base_4_K2CO3,solvent_3_THF,1,19.27
electrophile_6,ligand_1_XPhos,base_4_K2CO3,solvent_3_THF,2,29.2
electrophile_6,ligand_1_XPhos,base_4_K2CO3,solvent_4_DMF,1,75.05
electrophile_6,ligand_1_XPhos,base_4_K2CO3,solvent_4_DMF,2,53.71
electrophile_6,ligand_1_XPhos,base_5_CsF,solvent_1_MeCN,1,3.13
electrophile_6,ligand_1_XPhos,base_5_CsF,solvent_1_MeCN,2,7.83
electrophile_6,ligand_1_XPhos,base_5_CsF,solvent_2_MeOH,1,0.0
electrophile_6,ligand_1_XPhos,base_5_CsF,solvent_2_MeOH,2,7.19
electrophile_6,ligand_1_XPhos,base_5_CsF,solvent_3_THF,1,0.0
electrophile_6,ligand_1_XPhos,base_5_CsF,solvent_3_THF,2,7.21
electrophile_6,ligand_1_XPhos,base_5_CsF,solvent_4_DMF,1,0.0
electrophile_6,ligand_1_XPhos,base_5_CsF,solvent_4_DMF,2,3.09
electrophile_6,ligand_1_XPhos,base_6_Et3N,solvent_1_MeCN,1,12.1
electrophile_6,ligand_1_XPhos,base_6_Et3N,solvent_1_MeCN,2,17.4
electrophile_6,ligand_1_XPhos,base_6_Et3N,solvent_2_MeOH,1,3.91
electrophile_6,ligand_1_XPhos,base_6_Et3N,solvent_2_MeOH,2,0.35
electrophile_6,ligand_1_XPhos,base_6_Et3N,solvent_3_THF,1,14.8
electrophile_6,ligand_1_XPhos,base_6_Et3N,solvent_3_THF,2,7.13
electrophile_6,ligand_1_XPhos,base_6_Et3N,solvent_4_DMF,1,6.94
electrophile_6,ligand_1_XPhos,base_6_Et3N,solvent_4_DMF,2,12.01
electrophile_6,ligand_1_XPhos,base_7_NaHCO3,solvent_1_MeCN,1,11.78
electrophile_6,ligand_1_XPhos,base_7_NaHCO3,solvent_1_MeCN,2,19.92
electrophile_6,ligand_1_XPhos,base_7_NaHCO3,solvent_2_MeOH,1,8.14
electrophile_6,ligand_1_XPhos,base_7_NaHCO3,solvent_2_MeOH,2,10.42
electrophile_6,ligand_1_XPhos,base_7_NaHCO3,solvent_3_THF,1,13.3
electrophile_6,ligand_1_XPhos,base_7_NaHCO3,solvent_3_THF,2,5.44
electrophile_6,ligand_1_XPhos,base_7_NaHCO3,solvent_4_DMF,1,7.18
electrophile_6,ligand_1_XPhos,base_7_NaHCO3,solvent_4_DMF,2,17.83
electrophile_6,ligand_1_XPhos,base_8_KOAc,solvent_1_MeCN,1,11.28
electrophile_6,ligand_1_XPhos,base_8_KOAc,solvent_1_MeCN,2,6.53
electrophile_6,ligand_1_XPhos,base_8_KOAc,solvent_2_MeOH,1,2.21
electrophile_6,ligand_1_XPhos,base_8_KOAc,solvent_2_MeOH,2,0.0
electrophile_6,ligand_1_XPhos,base_8_KOAc,solvent_3_THF,1,9.63
electrophile_6,ligand_1_XPhos,base_8_KOAc,solvent_3_THF,2,1.84
electrophile_6,ligand_1_XPhos,base_8_KOAc,solvent_4_DMF,1,2.14
electrophile_6,ligand_1_XPhos,base_8_KOAc,solvent_4_DMF,2,6.71
electrophile_6,ligand_2_SPhos,base_1_NaOH,solvent_1_MeCN,1,0.0
electrophile_6,ligand_2_SPhos,base_1_NaOH,solvent_1_MeCN,2,0.18
electrophile_6,ligand_2_SPhos,base_1_NaOH,solvent_2_MeOH,1,0.0
electrophile_6,ligand_2_SPhos,base_1_NaOH,solvent_2_MeOH,2,0.0
electrophile_6,ligand_2_SPhos,base_1_NaOH,solvent_3_THF,1,0.0
electrophile_6,ligand_2_SPhos,base_1_NaOH,solvent_3_THF,2,0.0
electrophile_6,ligand_2_SPhos,base_1_NaOH,solvent_4_DMF,1,0.0
electrophile_6,ligand_2_SPhos,base_1_NaOH,solvent_4_DMF,2,0.0
electrophile_6,ligand_2_SPhos,base_2_KOH,solvent_1_MeCN,1,10.21
electrophile_6,ligand_2_SPhos,base_2_KOH,solvent_1_MeCN,2,12.37
electrophile_6,ligand_2_SPhos,base_2_KOH,solvent_2_MeOH,1,8.87
electrophile_6,ligand_2_SPhos,base_2_KOH,solvent_2_MeOH,2,14.34
electrophile_6,ligand_2_SPhos,base_2_KOH,solvent_3_THF,1,12.45
electrophile_6,ligand_2_SPhos,base_2_KOH,solvent_3_THF,2,12.95
electrophile_6,ligand_2_SPhos,base_2_KOH,solvent_4_DMF,1,4.07
electrophile_6,ligand_2_SPhos,base_2_KOH,solvent_4_DMF,2,5.14
electrophile_6,ligand_2_SPhos,base_3_K3PO4,solvent_1_MeCN,1,10.87
electrophile_6,ligand_2_SPhos,base_3_K3PO4,solvent_1_MeCN,2,0.0
electrophile_6,ligand_2_SPhos,base_3_K3PO4,solvent_2_MeOH,1,4.3
electrophile_6,ligand_2_SPhos,base_3_K3PO4,solvent_2_MeOH,2,0.0
electrophile_6,ligand_2_SPhos,base_3_K3PO4,solvent_3_THF,1,0.0
electrophile_6,ligand_2_SPhos,base_3_K3PO4,solvent_3_THF,2,3.23
electrophile_6,ligand_2_SPhos,base_3_K3PO4,solvent_4_DMF,1,2.38
electrophile_6,ligand_2_SPhos,base_3_K3PO4,solvent_4_DMF,2,0.0
electrophile_6,ligand_2_SPhos,base_4_K2CO3,solvent_1_MeCN,1,2.29
electrophile_6,ligand_2_SPhos,base_4_K2CO3,solvent_1_MeCN,2,3.95
electrophile_6,ligand_2_SPhos,base_4_K2CO3,solvent_2_MeOH,1,0.06
electrophile_6,ligand_2_SPhos,base_4_K2CO3,solvent_2_MeOH,2,2.83
electrophile_6,ligand_2_SPhos,base_4_K2CO3,solvent_3_THF,1,0.24
electrophile_6,ligand_2_SPhos,base_4_K2CO3,solvent_3_THF,2,3.32
electrophile_6,ligand_2_SPhos,base_4_K2CO3,solvent_4_DMF,1,6.55
electrophile_6,ligand_2_SPhos,base_4_K2CO3,solvent_4_DMF,2,0.27
electrophile_6,ligand_2_SPhos,base_5_CsF,solvent_1_MeCN,1,0.0
electrophile_6,ligand_2_SPhos,base_5_CsF,solvent_1_MeCN,2,0.0
electrophile_6,ligand_2_SPhos,base_5_CsF,solvent_2_MeOH,1,0.0
electrophile_6,ligand_2_SPhos,base_5_CsF,solvent_2_MeOH,2,0.0
electrophile_6,ligand_2_SPhos,base_5_CsF,solvent_3_THF,1,0.0
electrophile_6,ligand_2_SPhos,base_5_CsF,solvent_3_THF,2,0.0
electrophile_6,ligand_2_SPhos,base_5_CsF,solvent_4_DMF,1,0.0
electrophile_6,ligand_2_SPhos,base_5_CsF,solvent_4_DMF,2,0.0
electrophile_6,ligand_2_SPhos,base_6_Et3N,solvent_1_MeCN,1,4.97
electrophile_6,ligand_2_SPhos,base_6_Et3N,solvent_1_MeCN,2,0.0
electrophile_6,ligand_2_SPhos,base_6_Et3N,solvent_2_MeOH,1,0.0
electrophile_6,ligand_2_SPhos,base_6_Et3N,solvent_2_MeOH,2,0.0
electrophile_6,ligand_2_SPhos,base_6_Et3N,solvent_3_THF,1,0.0
electrophile_6,ligand_2_SPhos,base_6_Et3N,solvent_3_THF,2,0.0
electrophile_6,ligand_2_SPhos,base_6_Et3N,solvent_4_DMF,1,0.0
electrophile_6,ligand_2_SPhos,base_6_Et3N,solvent_4_DMF,2,0.0
electrophile_6,ligand_2_SPhos,base_7_NaHCO3,solvent_1_MeCN,1,4.99
electrophile_6,ligand_2_SPhos,base_7_NaHCO3,solvent_1_MeCN,2,4.64
electrophile_6,ligand_2_SPhos,base_7_NaHCO3,solvent_2_MeOH,1,1.11
electrophile_6,ligand_2_SPhos,base_7_NaHCO3,solvent_2_MeOH,2,0.0
electrophile_6,ligand_2_SPhos,base_7_NaHCO3,solvent_3_THF,1,0.0
electrophile_6,ligand_2_SPhos,base_7_NaHCO3,solvent_3_THF,2,0.0
electrophile_6,ligand_2_SPhos,base_7_NaHCO3,solvent_4_DMF,1,2.68
electrophile_6,ligand_2_SPhos,base_7_NaHCO3,solvent_4_DMF,2,0.0
electrophile_6,ligand_2_SPhos,base_8_KOAc,solvent_1_MeCN,1,0.0
electrophile_6,ligand_2_SPhos,base_8_KOAc,solvent_1_MeCN,2,0.0
electrophile_6,ligand_2_SPhos,base_8_KOAc,solvent_2_MeOH,1,0.0
electrophile_6,ligand_2_SPhos,base_8_KOAc,solvent_2_MeOH,2,0.0
electrophile_6,ligand_2_SPhos,base_8_KOAc,solvent_3_THF,1,0.0
electrophile_6,ligand_2_SPhos,base_8_KOAc,solvent_3_THF,2,0.0
electrophile_6,ligand_2_SPhos,base_8_KOAc,solvent_4_DMF,1,0.0
electrophile_6,ligand_2_SPhos,base_8_KOAc,solvent_4_DMF,2,0.0
electrophile_6,ligand_3_dppf,base_1_NaOH,solvent_1_MeCN,1,4.97
electrophile_6,ligand_3_dppf,base_1_NaOH,solvent_1_MeCN,2,2.46
electrophile_6,ligand_3_dppf,base_1_NaOH,solvent_2_MeOH,1,0.0
electrophile_6,ligand_3_dppf,base_1_NaOH,solvent_2_MeOH,2,5.72
electrophile_6,ligand_3_dppf,base_1_NaOH,solvent_3_THF,1,0.0
electrophile_6,ligand_3_dppf,base_1_NaOH,solvent_3_THF,2,0.0
electrophile_6,ligand_3_dppf,base_1_NaOH,solvent_4_DMF,1,0.0
electrophile_6,ligand_3_dppf,base_1_NaOH,solvent_4_DMF,2,0.0
electrophile_6,ligand_3_dppf,base_2_KOH,solvent_1_MeCN,1,22.61
electrophile_6,ligand_3_dppf,base_2_KOH,solvent_1_MeCN,2,23.14
electrophile_6,ligand_3_dppf,base_2_KOH,solvent_2_MeOH,1,21.47
electrophile_6,ligand_3_dppf,base_2_KOH,solvent_2_MeOH,2,31.42
electrophile_6,ligand_3_dppf,base_2_KOH,solvent_3_THF,1,17.95
electrophile_6,ligand_3_dppf,base_2_KOH,solvent_3_THF,2,19.44
electrophile_6,ligand_3_dppf,base_2_KOH,solvent_4_DMF,1,19.35
electrophile_6,ligand_3_dppf,base_2_KOH,solvent_4_DMF,2,21.65
electrophile_6,ligand_3_dppf,base_3_K3PO4,solvent_1_MeCN,1,13.32
electrophile_6,ligand_3_dppf,base_3_K3PO4,solvent_1_MeCN,2,18.42
electrophile_6,ligand_3_dppf,base_3_K3PO4,solvent_2_MeOH,1,0.0
electrophile_6,ligand_3_dppf,base_3_K3PO4,solvent_2_MeOH,2,0.0
electrophile_6,ligand_3_dppf,base_3_K3PO4,solvent_3_THF,1,5.52
electrophile_6,ligand_3_dppf,base_3_K3PO4,solvent_3_THF,2,13.48
electrophile_6,ligand_3_dppf,base_3_K3PO4,solvent_4_DMF,1,0.0
electrophile_6,ligand_3_dppf,base_3_K3PO4,solvent_4_DMF,2,0.0
electrophile_6,ligand_3_dppf,base_4_K2CO3,solvent_1_MeCN,1,17.2
electrophile_6,ligand_3_dppf,base_4_K2CO3,solvent_1_MeCN,2,15.57
electrophile_6,ligand_3_dppf,base_4_K2CO3,solvent_2_MeOH,1,3.04
electrophile_6,ligand_3_dppf,base_4_K2CO3,solvent_2_MeOH,2,3.56
electrophile_6,ligand_3_dppf,base_4_K2CO3,solvent_3_THF,1,5.49
electrophile_6,ligand_3_dppf,base_4_K2CO3,solvent_3_THF,2,10.9
electrophile_6,ligand_3_dppf,base_4_K2CO3,solvent_4_DMF,1,5.35
electrophile_6,ligand_3_dppf,base_4_K2CO3,solvent_4_DMF,2,10.95
electrophile_6,ligand_3_dppf,base_5_CsF,solvent_1_MeCN,1,0.0
electrophile_6,ligand_3_dppf,base_5_CsF,solvent_1_MeCN,2,0.0
electrophile_6,ligand_3_dppf,base_5_CsF,solvent_2_MeOH,1,0.0
electrophile_6,ligand_3_dppf,base_5_CsF,solvent_2_MeOH,2,0.0
electrophile_6,ligand_3_dppf,base_5_CsF,solvent_3_THF,1,0.0
electrophile_6,ligand_3_dppf,base_5_CsF,solvent_3_THF,2,2.39
electrophile_6,ligand_3_dppf,base_5_CsF,solvent_4_DMF,1,0.0
electrophile_6,ligand_3_dppf,base_5_CsF,solvent_4_DMF,2,0.0
electrophile_6,ligand_3_dppf,base_6_Et3N,solvent_1_MeCN,1,12.24
electrophile_6,ligand_3_dppf,base_6_Et3N,solvent_1_MeCN,2,18.73
electrophile_6,ligand_3_dppf,base_6_Et3N,solvent_2_MeOH,1,1.18
electrophile_6,ligand_3_dppf,base_6_Et3N,solvent_2_MeOH,2,5.22
electrophile_6,ligand_3_dppf,base_6_Et3N,solvent_3_THF,1,0.0
electrophile_6,ligand_3_dppf,base_6_Et3N,solvent_3_THF,2,0.0
electrophile_6,ligand_3_dppf,base_6_Et3N,solvent_4_DMF,1,7.81
electrophile_6,ligand_3_dppf,base_6_Et3N,solvent_4_DMF,2,3.56
electrophile_6,ligand_3_dppf,base_7_NaHCO3,solvent_1_MeCN,1,20.59
electrophile_6,ligand_3_dppf,base_7_NaHCO3,solvent_1_MeCN,2,7.83
electrophile_6,ligand_3_dppf,base_7_NaHCO3,solvent_2_MeOH,1,11.44
electrophile_6,ligand_3_dppf,base_7_NaHCO3,solvent_2_MeOH,2,18.18
electrophile_6,ligand_3_dppf,base_7_NaHCO3,solvent_3_THF,1,12.79
electrophile_6,ligand_3_dppf,base_7_NaHCO3,solvent_3_THF,2,12.07
electrophile_6,ligand_3_dppf,base_7_NaHCO3,solvent_4_DMF,1,8.87
electrophile_6,ligand_3_dppf,base_7_NaHCO3,solvent_4_DMF,2,0.98
electrophile_6,ligand_3_dppf,base_8_KOAc,solvent_1_MeCN,1,11.38
electrophile_6,ligand_3_dppf,base_8_KOAc,solvent_1_MeCN,2,1.54
electrophile_6,ligand_3_dppf,base_8_KOAc,solvent_2_MeOH,1,1.26
electrophile_6,ligand_3_dppf,base_8_KOAc,solvent_2_MeOH,2,0.0
electrophile_6,ligand_3_dppf,base_8_KOAc,solvent_3_THF,1,0.0
electrophile_6,ligand_3_dppf,base_8_KOAc,solvent_3_THF,2,7.77
electrophile_6,ligand_3_dppf,base_8_KOAc,solvent_4_DMF,1,0.0
electrophile_6,ligand_3_dppf,base_8_KOAc,solvent_4_DMF,2,6.0
electrophile_6,ligand_4_P(Ph)3,base_1_NaOH,solvent_1_MeCN,1,0.0
electrophile_6,ligand_4_P(Ph)3,base_1_NaOH,solvent_1_MeCN,2,0.0
electrophile_6,ligand_4_P(Ph)3,base_1_NaOH,solvent_2_MeOH,1,0.0
electrophile_6,ligand_4_P(Ph)3,base_1_NaOH,solvent_2_MeOH,2,0.0
electrophile_6,ligand_4_P(Ph)3,base_1_NaOH,solvent_3_THF,1,0.0
electrophile_6,ligand_4_P(Ph)3,base_1_NaOH,solvent_3_THF,2,0.0
electrophile_6,ligand_4_P(Ph)3,base_1_NaOH,solvent_4_DMF,1,0.0
electrophile_6,ligand_4_P(Ph)3,base_1_NaOH,solvent_4_DMF,2,0.0
electrophile_6,ligand_4_P(Ph)3,base_2_KOH,solvent_1_MeCN,1,26.45
electrophile_6,ligand_4_P(Ph)3,base_2_KOH,solvent_1_MeCN,2,17.94
electrophile_6,ligand_4_P(Ph)3,base_2_KOH,solvent_2_MeOH,1,9.33
electrophile_6,ligand_4_P(Ph)3,base_2_KOH,solvent_2_MeOH,2,14.99
electrophile_6,ligand_4_P(Ph)3,base_2_KOH,solvent_3_THF,1,12.52
electrophile_6,ligand_4_P(Ph)3,base_2_KOH,solvent_3_THF,2,12.52
electrophile_6,ligand_4_P(Ph)3,base_2_KOH,solvent_4_DMF,1,4.15
electrophile_6,ligand_4_P(Ph)3,base_2_KOH,solvent_4_DMF,2,10.78
electrophile_6,ligand_4_P(Ph)3,base_3_K3PO4,solvent_1_MeCN,1,7.12
electrophile_6,ligand_4_P(Ph)3,base_3_K3PO4,solvent_1_MeCN,2,0.0
electrophile_6,ligand_4_P(Ph)3,base_3_K3PO4,solvent_2_MeOH,1,3.21
electrophile_6,ligand_4_P(Ph)3,base_3_K3PO4,solvent_2_MeOH,2,0.0
electrophile_6,ligand_4_P(Ph)3,base_3_K3PO4,solvent_3_THF,1,0.0
electrophile_6,ligand_4_P(Ph)3,base_3_K3PO4,solvent_3_THF,2,2.92
electrophile_6,ligand_4_P(Ph)3,base_3_K3PO4,solvent_4_DMF,1,0.0
electrophile_6,ligand_4_P(Ph)3,base_3_K3PO4,solvent_4_DMF,2,0.0
electrophile_6,ligand_4_P(Ph)3,base_4_K2CO3,solvent_1_MeCN,1,2.83
electrophile_6,ligand_4_P(Ph)3,base_4_K2CO3,solvent_1_MeCN,2,3.99
electrophile_6,ligand_4_P(Ph)3,base_4_K2CO3,solvent_2_MeOH,1,0.9
electrophile_6,ligand_4_P(Ph)3,base_4_K2CO3,solvent_2_MeOH,2,0.0
electrophile_6,ligand_4_P(Ph)3,base_4_K2CO3,solvent_3_THF,1,0.0
electrophile_6,ligand_4_P(Ph)3,base_4_K2CO3,solvent_3_THF,2,0.0
electrophile_6,ligand_4_P(Ph)3,base_4_K2CO3,solvent_4_DMF,1,3.07
electrophile_6,ligand_4_P(Ph)3,base_4_K2CO3,solvent_4_DMF,2,0.0
electrophile_6,ligand_4_P(Ph)3,base_5_CsF,solvent_1_MeCN,1,0.0
electrophile_6,ligand_4_P(Ph)3,base_5_CsF,solvent_1_MeCN,2,0.0
electrophile_6,ligand_4_P(Ph)3,base_5_CsF,solvent_2_MeOH,1,0.0
electrophile_6,ligand_4_P(Ph)3,base_5_CsF,solvent_2_MeOH,2,0.0
electrophile_6,ligand_4_P(Ph)3,base_5_CsF,solvent_3_THF,1,0.0
electrophile_6,ligand_4_P(Ph)3,base_5_CsF,solvent_3_THF,2,0.0
electrophile_6,ligand_4_P(Ph)3,base_5_CsF,solvent_4_DMF,1,0.0
electrophile_6,ligand_4_P(Ph)3,base_5_CsF,solvent_4_DMF,2,0.0
electrophile_6,ligand_4_P(Ph)3,base_6_Et3N,solvent_1_MeCN,1,1.21
electrophile_6,ligand_4_P(Ph)3,base_6_Et3N,solvent_1_MeCN,2,9.86
electrophile_6,ligand_4_P(Ph)3,base_6_Et3N,solvent_2_MeOH,1,0.0
electrophile_6,ligand_4_P(Ph)3,base_6_Et3N,solvent_2_MeOH,2,0.0
electrophile_6,ligand_4_P(Ph)3,base_6_Et3N,solvent_3_THF,1,0.25
electrophile_6,ligand_4_P(Ph)3,base_6_Et3N,solvent_3_THF,2,0.0
electrophile_6,ligand_4_P(Ph)3,base_6_Et3N,solvent_4_DMF,1,0.0
electrophile_6,ligand_4_P(Ph)3,base_6_Et3N,solvent_4_DMF,2,0.0
electrophile_6,ligand_4_P(Ph)3,base_7_NaHCO3,solvent_1_MeCN,1,5.56
electrophile_6,ligand_4_P(Ph)3,base_7_NaHCO3,solvent_1_MeCN,2,12.18
electrophile_6,ligand_4_P(Ph)3,base_7_NaHCO3,solvent_2_MeOH,1,1.8
electrophile_6,ligand_4_P(Ph)3,base_7_NaHCO3,solvent_2_MeOH,2,1.32
electrophile_6,ligand_4_P(Ph)3,base_7_NaHCO3,solvent_3_THF,1,0.0
electrophile_6,ligand_4_P(Ph)3,base_7_NaHCO3,solvent_3_THF,2,0.0
electrophile_6,ligand_4_P(Ph)3,base_7_NaHCO3,solvent_4_DMF,1,0.0
electrophile_6,ligand_4_P(Ph)3,base_7_NaHCO3,solvent_4_DMF,2,4.8
electrophile_6,ligand_4_P(Ph)3,base_8_KOAc,solvent_1_MeCN,1,0.0
electrophile_6,ligand_4_P(Ph)3,base_8_KOAc,solvent_1_MeCN,2,0.0
electrophile_6,ligand_4_P(Ph)3,base_8_KOAc,solvent_2_MeOH,1,0.0
electrophile_6,ligand_4_P(Ph)3,base_8_KOAc,solvent_2_MeOH,2,0.0
electrophile_6,ligand_4_P(Ph)3,base_8_KOAc,solvent_3_THF,1,0.0
electrophile_6,ligand_4_P(Ph)3,base_8_KOAc,solvent_3_THF,2,0.0
electrophile_6,ligand_4_P(Ph)3,base_8_KOAc,solvent_4_DMF,1,0.0
electrophile_6,ligand_4_P(Ph)3,base_8_KOAc,solvent_4_DMF,2,0.0
electrophile_6,ligand_5_P(Cy)3,base_1_NaOH,solvent_1_MeCN,1,0.0
electrophile_6,ligand_5_P(Cy)3,base_1_NaOH,solvent_1_MeCN,2,0.0
electrophile_6,ligand_5_P(Cy)3,base_1_NaOH,solvent_2_MeOH,1,0.0
electrophile_6,ligand_5_P(Cy)3,base_1_NaOH,solvent_2_MeOH,2,0.0
electrophile_6,ligand_5_P(Cy)3,base_1_NaOH,solvent_3_THF,1,0.0
electrophile_6,ligand_5_P(Cy)3,base_1_NaOH,solvent_3_THF,2,0.0
electrophile_6,ligand_5_P(Cy)3,base_1_NaOH,solvent_4_DMF,1,0.0
electrophile_6,ligand_5_P(Cy)3,base_1_NaOH,solvent_4_DMF,2,0.0
electrophile_6,ligand_5_P(Cy)3,base_2_KOH,solvent_1_MeCN,1,6.72
electrophile_6,ligand_5_P(Cy)3,base_2_KOH,solvent_1_MeCN,2,17.92
electrophile_6,ligand_5_P(Cy)3,base_2_KOH,solvent_2_MeOH,1,11.51
electrophile_6,ligand_5_P(Cy)3,base_2_KOH,solvent_2_MeOH,2,7.54
electrophile_6,ligand_5_P(Cy)3,base_2_KOH,solvent_3_THF,1,16.47
electrophile_6,ligand_5_P(Cy)3,base_2_KOH,solvent_3_THF,2,5.81
electrophile_6,ligand_5_P(Cy)3,base_2_KOH,solvent_4_DMF,1,15.22
electrophile_6,ligand_5_P(Cy)3,base_2_KOH,solvent_4_DMF,2,10.36
electrophile_6,ligand_5_P(Cy)3,base_3_K3PO4,solvent_1_MeCN,1,63.45
electrophile_6,ligand_5_P(Cy)3,base_3_K3PO4,solvent_1_MeCN,2,71.95
electrophile_6,ligand_5_P(Cy)3,base_3_K3PO4,solvent_2_MeOH,1,3.63
electrophile_6,ligand_5_P(Cy)3,base_3_K3PO4,solvent_2_MeOH,2,21.37
electrophile_6,ligand_5_P(Cy)3,base_3_K3PO4,solvent_3_THF,1,33.61
electrophile_6,ligand_5_P(Cy)3,base_3_K3PO4,solvent_3_THF,2,18.11
electrophile_6,ligand_5_P(Cy)3,base_3_K3PO4,solvent_4_DMF,1,53.29
electrophile_6,ligand_5_P(Cy)3,base_3_K3PO4,solvent_4_DMF,2,65.41
electrophile_6,ligand_5_P(Cy)3,base_4_K2CO3,solvent_1_MeCN,1,54.5
electrophile_6,ligand_5_P(Cy)3,base_4_K2CO3,solvent_1_MeCN,2,63.98
electrophile_6,ligand_5_P(Cy)3,base_4_K2CO3,solvent_2_MeOH,1,20.57
electrophile_6,ligand_5_P(Cy)3,base_4_K2CO3,solvent_2_MeOH,2,29.68
electrophile_6,ligand_5_P(Cy)3,base_4_K2CO3,solvent_3_THF,1,25.19
electrophile_6,ligand_5_P(Cy)3,base_4_K2CO3,solvent_3_THF,2,20.24
electrophile_6,ligand_5_P(Cy)3,base_4_K2CO3,solvent_4_DMF,1,42.88
electrophile_6,ligand_5_P(Cy)3,base_4_K2CO3,solvent_4_DMF,2,47.61
electrophile_6,ligand_5_P(Cy)3,base_5_CsF,solvent_1_MeCN,1,0.0
electrophile_6,ligand_5_P(Cy)3,base_5_CsF,solvent_1_MeCN,2,0.0
electrophile_6,ligand_5_P(Cy)3,base_5_CsF,solvent_2_MeOH,1,0.0
electrophile_6,ligand_5_P(Cy)3,base_5_CsF,solvent_2_MeOH,2,0.0
electrophile_6,ligand_5_P(Cy)3,base_5_CsF,solvent_3_THF,1,0.0
electrophile_6,ligand_5_P(Cy)3,base_5_CsF,solvent_3_THF,2,0.0
electrophile_6,ligand_5_P(Cy)3,base_5_CsF,solvent_4_DMF,1,0.0
electrophile_6,ligand_5_P(Cy)3,base_5_CsF,solvent_4_DMF,2,0.0
electrophile_6,ligand_5_P(Cy)3,base_6_Et3N,solvent_1_MeCN,1,2.77
electrophile_6,ligand_5_P(Cy)3,base_6_Et3N,solvent_1_MeCN,2,0.91
electrophile_6,ligand_5_P(Cy)3,base_6_Et3N,solvent_2_MeOH,1,0.0
electrophile_6,ligand_5_P(Cy)3,base_6_Et3N,solvent_2_MeOH,2,0.0
electrophile_6,ligand_5_P(Cy)3,base_6_Et3N,solvent_3_THF,1,1.34
electrophile_6,ligand_5_P(Cy)3,base_6_Et3N,solvent_3_THF,2,0.0
electrophile_6,ligand_5_P(Cy)3,base_6_Et3N,solvent_4_DMF,1,3.99
electrophile_6,ligand_5_P(Cy)3,base_6_Et3N,solvent_4_DMF,2,0.0
electrophile_6,ligand_5_P(Cy)3,base_7_NaHCO3,solvent_1_MeCN,1,4.77
electrophile_6,ligand_5_P(Cy)3,base_7_NaHCO3,solvent_1_MeCN,2,1.25
electrophile_6,ligand_5_P(Cy)3,base_7_NaHCO3,solvent_2_MeOH,1,0.0
electrophile_6,ligand_5_P(Cy)3,base_7_NaHCO3,solvent_2_MeOH,2,0.0
electrophile_6,ligand_5_P(Cy)3,base_7_NaHCO3,solvent_3_THF,1,0.0
electrophile_6,ligand_5_P(Cy)3,base_7_NaHCO3,solvent_3_THF,2,0.0
electrophile_6,ligand_5_P(Cy)3,base_7_NaHCO3,solvent_4_DMF,1,0.0
electrophile_6,ligand_5_P(Cy)3,base_7_NaHCO3,solvent_4_DMF,2,3.72
electrophile_6,ligand_5_P(Cy)3,base_8_KOAc,solvent_1_MeCN,1,0.0
electrophile_6,ligand_5_P(Cy)3,base_8_KOAc,solvent_1_MeCN,2,0.0
electrophile_6,ligand_5_P(Cy)3,base_8_KOAc,solvent_2_MeOH,1,0.0
electrophile_6,ligand_5_P(Cy)3,base_8_KOAc,solvent_2_MeOH,2,0.0
electrophile_6,ligand_5_P(Cy)3,base_8_KOAc,solvent_3_THF,1,0.0
electrophile_6,ligand_5_P(Cy)3,base_8_KOAc,solvent_3_THF,2,0.0
electrophile_6,ligand_5_P(Cy)3,base_8_KOAc,solvent_4_DMF,1,0.0
electrophile_6,ligand_5_P(Cy)3,base_8_KOAc,solvent_4_DMF,2,0.0
electrophile_6,ligand_6_P(tBu)3,base_1_NaOH,solvent_1_MeCN,1,0.49
electrophile_6,ligand_6_P(tBu)3,base_1_NaOH,solvent_1_MeCN,2,0.0
electrophile_6,ligand_6_P(tBu)3,base_1_NaOH,solvent_2_MeOH,1,0.0
electrophile_6,ligand_6_P(tBu)3,base_1_NaOH,solvent_2_MeOH,2,0.0
electrophile_6,ligand_6_P(tBu)3,base_1_NaOH,solvent_3_THF,1,0.0
electrophile_6,ligand_6_P(tBu)3,base_1_NaOH,solvent_3_THF,2,0.0
electrophile_6,ligand_6_P(tBu)3,base_1_NaOH,solvent_4_DMF,1,0.0
electrophile_6,ligand_6_P(tBu)3,base_1_NaOH,solvent_4_DMF,2,0.0
electrophile_6,ligand_6_P(tBu)3,base_2_KOH,solvent_1_MeCN,1,26.63
electrophile_6,ligand_6_P(tBu)3,base_2_KOH,solvent_1_MeCN,2,24.15
electrophile_6,ligand_6_P(tBu)3,base_2_KOH,solvent_2_MeOH,1,14.0
electrophile_6,ligand_6_P(tBu)3,base_2_KOH,solvent_2_MeOH,2,20.87
electrophile_6,ligand_6_P(tBu)3,base_2_KOH,solvent_3_THF,1,11.73
electrophile_6,ligand_6_P(tBu)3,base_2_KOH,solvent_3_THF,2,14.02
electrophile_6,ligand_6_P(tBu)3,base_2_KOH,solvent_4_DMF,1,11.84
electrophile_6,ligand_6_P(tBu)3,base_2_KOH,solvent_4_DMF,2,22.06
electrophile_6,ligand_6_P(tBu)3,base_3_K3PO4,solvent_1_MeCN,1,13.71
electrophile_6,ligand_6_P(tBu)3,base_3_K3PO4,solvent_1_MeCN,2,11.43
electrophile_6,ligand_6_P(tBu)3,base_3_K3PO4,solvent_2_MeOH,1,8.5
electrophile_6,ligand_6_P(tBu)3,base_3_K3PO4,solvent_2_MeOH,2,0.0
electrophile_6,ligand_6_P(tBu)3,base_3_K3PO4,solvent_3_THF,1,6.73
electrophile_6,ligand_6_P(tBu)3,base_3_K3PO4,solvent_3_THF,2,4.36
electrophile_6,ligand_6_P(tBu)3,base_3_K3PO4,solvent_4_DMF,1,7.36
electrophile_6,ligand_6_P(tBu)3,base_3_K3PO4,solvent_4_DMF,2,2.55
electrophile_6,ligand_6_P(tBu)3,base_4_K2CO3,solvent_1_MeCN,1,9.42
electrophile_6,ligand_6_P(tBu)3,base_4_K2CO3,solvent_1_MeCN,2,14.05
electrophile_6,ligand_6_P(tBu)3,base_4_K2CO3,solvent_2_MeOH,1,9.86
electrophile_6,ligand_6_P(tBu)3,base_4_K2CO3,solvent_2_MeOH,2,2.14
electrophile_6,ligand_6_P(tBu)3,base_4_K2CO3,solvent_3_THF,1,7.03
electrophile_6,ligand_6_P(tBu)3,base_4_K2CO3,solvent_3_THF,2,2.04
electrophile_6,ligand_6_P(tBu)3,base_4_K2CO3,solvent_4_DMF,1,0.0
electrophile_6,ligand_6_P(tBu)3,base_4_K2CO3,solvent_4_DMF,2,6.48
electrophile_6,ligand_6_P(tBu)3,base_5_CsF,solvent_1_MeCN,1,2.45
electrophile_6,ligand_6_P(tBu)3,base_5_CsF,solvent_1_MeCN,2,0.71
electrophile_6,ligand_6_P(tBu)3,base_5_CsF,solvent_2_MeOH,1,0.0
electrophile_6,ligand_6_P(tBu)3,base_5_CsF,solvent_2_MeOH,2,0.0
electrophile_6,ligand_6_P(tBu)3,base_5_CsF,solvent_3_THF,1,0.0
electrophile_6,ligand_6_P(tBu)3,base_5_CsF,solvent_3_THF,2,2.25
electrophile_6,ligand_6_P(tBu)3,base_5_CsF,solvent_4_DMF,1,0.0
electrophile_6,ligand_6_P(tBu)3,base_5_CsF,solvent_4_DMF,2,0.0
electrophile_6,ligand_6_P(tBu)3,base_6_Et3N,solvent_1_MeCN,1,11.18
electrophile_6,ligand_6_P(tBu)3,base_6_Et3N,solvent_1_MeCN,2,1.94
electrophile_6,ligand_6_P(tBu)3,base_6_Et3N,solvent_2_MeOH,1,0.0
electrophile_6,ligand_6_P(tBu)3,base_6_Et3N,solvent_2_MeOH,2,2.34
electrophile_6,ligand_6_P(tBu)3,base_6_Et3N,solvent_3_THF,1,0.0
electrophile_6,ligand_6_P(tBu)3,base_6_Et3N,solvent_3_THF,2,2.95
electrophile_6,ligand_6_P(tBu)3,base_6_Et3N,solvent_4_DMF,1,0.0
electrophile_6,ligand_6_P(tBu)3,base_6_Et3N,solvent_4_DMF,2,0.0
electrophile_6,ligand_6_P(tBu)3,base_7_NaHCO3,solvent_1_MeCN,1,0.54
electrophile_6,ligand_6_P(tBu)3,base_7_NaHCO3,solvent_1_MeCN,2,12.82
electrophile_6,ligand_6_P(tBu)3,base_7_NaHCO3,solvent_2_MeOH,1,3.02
electrophile_6,ligand_6_P(tBu)3,base_7_NaHCO3,solvent_2_MeOH,2,3.06
electrophile_6,ligand_6_P(tBu)3,base_7_NaHCO3,solvent_3_THF,1,11.16
electrophile_6,ligand_6_P(tBu)3,base_7_NaHCO3,solvent_3_THF,2,13.55
electrophile_6,ligand_6_P(tBu)3,base_7_NaHCO3,solvent_4_DMF,1,4.46
electrophile_6,ligand_6_P(tBu)3,base_7_NaHCO3,solvent_4_DMF,2,4.12
electrophile_6,ligand_6_P(tBu)3,base_8_KOAc,solvent_1_MeCN,1,4.09
electrophile_6,ligand_6_P(tBu)3,base_8_KOAc,solvent_1_MeCN,2,0.0
electrophile_6,ligand_6_P(tBu)3,base_8_KOAc,solvent_2_MeOH,1,0.0
electrophile_6,ligand_6_P(tBu)3,base_8_KOAc,solvent_2_MeOH,2,0.0
electrophile_6,ligand_6_P(tBu)3,base_8_KOAc,solvent_3_THF,1,0.99
electrophile_6,ligand_6_P(tBu)3,base_8_KOAc,solvent_3_THF,2,0.0
electrophile_6,ligand_6_P(tBu)3,base_8_KOAc,solvent_4_DMF,1,0.0
electrophile_6,ligand_6_P(tBu)3,base_8_KOAc,solvent_4_DMF,2,0.0
electrophile_6,ligand_7_Xantphos,base_1_NaOH,solvent_1_MeCN,1,0.0
electrophile_6,ligand_7_Xantphos,base_1_NaOH,solvent_1_MeCN,2,0.0
electrophile_6,ligand_7_Xantphos,base_1_NaOH,solvent_2_MeOH,1,0.0
electrophile_6,ligand_7_Xantphos,base_1_NaOH,solvent_2_MeOH,2,0.0
electrophile_6,ligand_7_Xantphos,base_1_NaOH,solvent_3_THF,1,0.0
electrophile_6,ligand_7_Xantphos,base_1_NaOH,solvent_3_THF,2,0.0
electrophile_6,ligand_7_Xantphos,base_1_NaOH,solvent_4_DMF,1,0.0
electrophile_6,ligand_7_Xantphos,base_1_NaOH,solvent_4_DMF,2,0.0
electrophile_6,ligand_7_Xantphos,base_2_KOH,solvent_1_MeCN,1,2.42
electrophile_6,ligand_7_Xantphos,base_2_KOH,solvent_1_MeCN,2,0.0
electrophile_6,ligand_7_Xantphos,base_2_KOH,solvent_2_MeOH,1,0.0
electrophile_6,ligand_7_Xantphos,base_2_KOH,solvent_2_MeOH,2,0.0
electrophile_6,ligand_7_Xantphos,base_2_KOH,solvent_3_THF,1,0.28
electrophile_6,ligand_7_Xantphos,base_2_KOH,solvent_3_THF,2,2.91
electrophile_6,ligand_7_Xantphos,base_2_KOH,solvent_4_DMF,1,4.36
electrophile_6,ligand_7_Xantphos,base_2_KOH,solvent_4_DMF,2,0.0
electrophile_6,ligand_7_Xantphos,base_3_K3PO4,solvent_1_MeCN,1,0.0
electrophile_6,ligand_7_Xantphos,base_3_K3PO4,solvent_1_MeCN,2,0.0
electrophile_6,ligand_7_Xantphos,base_3_K3PO4,solvent_2_MeOH,1,0.0
electrophile_6,ligand_7_Xantphos,base_3_K3PO4,solvent_2_MeOH,2,0.0
electrophile_6,ligand_7_Xantphos,base_3_K3PO4,solvent_3_THF,1,0.0
electrophile_6,ligand_7_Xantphos,base_3_K3PO4,solvent_3_THF,2,0.0
electrophile_6,ligand_7_Xantphos,base_3_K3PO4,solvent_4_DMF,1,0.0
electrophile_6,ligand_7_Xantphos,base_3_K3PO4,solvent_4_DMF,2,0.0
electrophile_6,ligand_7_Xantphos,base_4_K2CO3,solvent_1_MeCN,1,0.0
electrophile_6,ligand_7_Xantphos,base_4_K2CO3,solvent_1_MeCN,2,0.0
electrophile_6,ligand_7_Xantphos,base_4_K2CO3,solvent_2_MeOH,1,0.0
electrophile_6,ligand_7_Xantphos,base_4_K2CO3,solvent_2_MeOH,2,0.0
electrophile_6,ligand_7_Xantphos,base_4_K2CO3,solvent_3_THF,1,0.0
electrophile_6,ligand_7_Xantphos,base_4_K2CO3,solvent_3_THF,2,0.0
electrophile_6,ligand_7_Xantphos,base_4_K2CO3,solvent_4_DMF,1,0.0
electrophile_6,ligand_7_Xantphos,base_4_K2CO3,solvent_4_DMF,2,0.0
electrophile_6,ligand_7_Xantphos,base_5_CsF,solvent_1_MeCN,1,0.0
electrophile_6,ligand_7_Xantphos,base_5_CsF,solvent_1_MeCN,2,0.0
electrophile_6,ligand_7_Xantphos,base_5_CsF,solvent_2_MeOH,1,0.0
electrophile_6,ligand_7_Xantphos,base_5_CsF,solvent_2_MeOH,2,0.0
electrophile_6,ligand_7_Xantphos,base_5_CsF,solvent_3_THF,1,0.0
electrophile_6,ligand_7_Xantphos,base_5_CsF,solvent_3_THF,2,0.0
electrophile_6,ligand_7_Xantphos,base_5_CsF,solvent_4_DMF,1,0.0
electrophile_6,ligand_7_Xantphos,base_5_CsF,solvent_4_DMF,2,0.0
electrophile_6,ligand_7_Xantphos,base_6_Et3N,solvent_1_MeCN,1,0.0
electrophile_6,ligand_7_Xantphos,base_6_Et3N,solvent_1_MeCN,2,0.0
electrophile_6,ligand_7_Xantphos,base_6_Et3N,solvent_2_MeOH,1,0.0
electrophile_6,ligand_7_Xantphos,base_6_Et3N,solvent_2_MeOH,2,0.0
electrophile_6,ligand_7_Xantphos,base_6_Et3N,solvent_3_THF,1,0.0
electrophile_6,ligand_7_Xantphos,base_6_Et3N,solvent_3_THF,2,0.0
electrophile_6,ligand_7_Xantphos,base_6_Et3N,solvent_4_DMF,1,0.0
electrophile_6,ligand_7_Xantphos,base_6_Et3N,solvent_4_DMF,2,0.0
electrophile_6,ligand_7_Xantphos,base_7_NaHCO3,solvent_1_MeCN,1,0.0
electrophile_6,ligand_7_Xantphos,base_7_NaHCO3,solvent_1_MeCN,2,0.0
electrophile_6,ligand_7_Xantphos,base_7_NaHCO3,solvent_2_MeOH,1,0.0
electrophile_6,ligand_7_Xantphos,base_7_NaHCO3,solvent_2_MeOH,2,0.0
electrophile_6,ligand_7_Xantphos,base_7_NaHCO3,solvent_3_THF,1,0.0
electrophile_6,ligand_7_Xantphos,base_7_NaHCO3,solvent_3_THF,2,0.0
electrophile_6,ligand_7_Xantphos,base_7_NaHCO3,solvent_4_DMF,1,0.0
electrophile_6,ligand_7_Xantphos,base_7_NaHCO3,solvent_4_DMF,2,0.0
electrophile_6,ligand_7_Xantphos,base_8_KOAc,solvent_1_MeCN,1,0.0
electrophile_6,ligand_7_Xantphos,base_8_KOAc,solvent_1_MeCN,2,0.0
electrophile_6,ligand_7_Xantphos,base_8_KOAc,solvent_2_MeOH,1,0.0
electrophile_6,ligand_7_Xantphos,base_8_KOAc,solvent_2_MeOH,2,0.0
electrophile_6,ligand_7_Xantphos,base_8_KOAc,solvent_3_THF,1,0.0
electrophile_6,ligand_7_Xantphos,base_8_KOAc,solvent_3_THF,2,0.0
electrophile_6,ligand_7_Xantphos,base_8_KOAc,solvent_4_DMF,1,0.0
electrophile_6,ligand_7_Xantphos,base_8_KOAc,solvent_4_DMF,2,0.0
electrophile_6,ligand_8_dtbpf,base_1_NaOH,solvent_1_MeCN,1,0.0
electrophile_6,ligand_8_dtbpf,base_1_NaOH,solvent_1_MeCN,2,0.0
electrophile_6,ligand_8_dtbpf,base_1_NaOH,solvent_2_MeOH,1,0.0
electrophile_6,ligand_8_dtbpf,base_1_NaOH,solvent_2_MeOH,2,0.0
electrophile_6,ligand_8_dtbpf,base_1_NaOH,solvent_3_THF,1,0.0
electrophile_6,ligand_8_dtbpf,base_1_NaOH,solvent_3_THF,2,0.0
electrophile_6,ligand_8_dtbpf,base_1_NaOH,solvent_4_DMF,1,0.0
electrophile_6,ligand_8_dtbpf,base_1_NaOH,solvent_4_DMF,2,0.0
electrophile_6,ligand_8_dtbpf,base_2_KOH,solvent_1_MeCN,1,0.0
electrophile_6,ligand_8_dtbpf,base_2_KOH,solvent_1_MeCN,2,0.42
electrophile_6,ligand_8_dtbpf,base_2_KOH,solvent_2_MeOH,1,2.37
electrophile_6,ligand_8_dtbpf,base_2_KOH,solvent_2_MeOH,2,0.0
electrophile_6,ligand_8_dtbpf,base_2_KOH,solvent_3_THF,1,9.23
electrophile_6,ligand_8_dtbpf,base_2_KOH,solvent_3_THF,2,4.75
electrophile_6,ligand_8_dtbpf,base_2_KOH,solvent_4_DMF,1,2.71
electrophile_6,ligand_8_dtbpf,base_2_KOH,solvent_4_DMF,2,0.0
electrophile_6,ligand_8_dtbpf,base_3_K3PO4,solvent_1_MeCN,1,0.0
electrophile_6,ligand_8_dtbpf,base_3_K3PO4,solvent_1_MeCN,2,0.0
electrophile_6,ligand_8_dtbpf,base_3_K3PO4,solvent_2_MeOH,1,0.0
electrophile_6,ligand_8_dtbpf,base_3_K3PO4,solvent_2_MeOH,2,0.0
electrophile_6,ligand_8_dtbpf,base_3_K3PO4,solvent_3_THF,1,0.0
electrophile_6,ligand_8_dtbpf,base_3_K3PO4,solvent_3_THF,2,0.0
electrophile_6,ligand_8_dtbpf,base_3_K3PO4,solvent_4_DMF,1,0.0
electrophile_6,ligand_8_dtbpf,base_3_K3PO4,solvent_4_DMF,2,0.0
electrophile_6,ligand_8_dtbpf,base_4_K2CO3,solvent_1_MeCN,1,0.0
electrophile_6,ligand_8_dtbpf,base_4_K2CO3,solvent_1_MeCN,2,0.0
electrophile_6,ligand_8_dtbpf,base_4_K2CO3,solvent_2_MeOH,1,0.0
electrophile_6,ligand_8_dtbpf,base_4_K2CO3,solvent_2_MeOH,2,0.0
electrophile_6,ligand_8_dtbpf,base_4_K2CO3,solvent_3_THF,1,0.0
electrophile_6,ligand_8_dtbpf,base_4_K2CO3,solvent_3_THF,2,0.0
electrophile_6,ligand_8_dtbpf,base_4_K2CO3,solvent_4_DMF,1,0.0
electrophile_6,ligand_8_dtbpf,base_4_K2CO3,solvent_4_DMF,2,0.0
electrophile_6,ligand_8_dtbpf,base_5_CsF,solvent_1_MeCN,1,0.0
electrophile_6,ligand_8_dtbpf,base_5_CsF,solvent_1_MeCN,2,0.0
electrophile_6,ligand_8_dtbpf,base_5_CsF,solvent_2_MeOH,1,0.0
electrophile_6,ligand_8_dtbpf,base_5_CsF,solvent_2_MeOH,2,0.0
electrophile_6,ligand_8_dtbpf,base_5_CsF,solvent_3_THF,1,0.0
electrophile_6,ligand_8_dtbpf,base_5_CsF,solvent_3_THF,2,0.0
electrophile_6,ligand_8_dtbpf,base_5_CsF,solvent_4_DMF,1,0.0
electrophile_6,ligand_8_dtbpf,base_5_CsF,solvent_4_DMF,2,0.0
electrophile_6,ligand_8_dtbpf,base_6_Et3N,solvent_1_MeCN,1,0.0
electrophile_6,ligand_8_dtbpf,base_6_Et3N,solvent_1_MeCN,2,0.0
electrophile_6,ligand_8_dtbpf,base_6_Et3N,solvent_2_MeOH,1,0.0
electrophile_6,ligand_8_dtbpf,base_6_Et3N,solvent_2_MeOH,2,0.0
electrophile_6,ligand_8_dtbpf,base_6_Et3N,solvent_3_THF,1,0.0
electrophile_6,ligand_8_dtbpf,base_6_Et3N,solvent_3_THF,2,0.0
electrophile_6,ligand_8_dtbpf,base_6_Et3N,solvent_4_DMF,1,0.0
electrophile_6,ligand_8_dtbpf,base_6_Et3N,solvent_4_DMF,2,0.0
electrophile_6,ligand_8_dtbpf,base_7_NaHCO3,solvent_1_MeCN,1,0.0
electrophile_6,ligand_8_dtbpf,base_7_NaHCO3,solvent_1_MeCN,2,0.0
electrophile_6,ligand_8_dtbpf,base_7_NaHCO3,solvent_2_MeOH,1,0.0
electrophile_6,ligand_8_dtbpf,base_7_NaHCO3,solvent_2_MeOH,2,0.0
electrophile_6,ligand_8_dtbpf,base_7_NaHCO3,solvent_3_THF,1,0.0
electrophile_6,ligand_8_dtbpf,base_7_NaHCO3,solvent_3_THF,2,0.0
electrophile_6,ligand_8_dtbpf,base_7_NaHCO3,solvent_4_DMF,1,0.0
electrophile_6,ligand_8_dtbpf,base_7_NaHCO3,solvent_4_DMF,2,0.0
electrophile_6,ligand_8_dtbpf,base_8_KOAc,solvent_1_MeCN,1,0.0
electrophile_6,ligand_8_dtbpf,base_8_KOAc,solvent_1_MeCN,2,0.0
electrophile_6,ligand_8_dtbpf,base_8_KOAc,solvent_2_MeOH,1,0.0
electrophile_6,ligand_8_dtbpf,base_8_KOAc,solvent_2_MeOH,2,0.0
electrophile_6,ligand_8_dtbpf,base_8_KOAc,solvent_3_THF,1,0.0
electrophile_6,ligand_8_dtbpf,base_8_KOAc,solvent_3_THF,2,0.0
electrophile_6,ligand_8_dtbpf,base_8_KOAc,solvent_4_DMF,1,0.0
electrophile_6,ligand_8_dtbpf,base_8_KOAc,solvent_4_DMF,2,0.0
electrophile_6,ligand_9_P(o-tol)3,base_1_NaOH,solvent_1_MeCN,1,0.0
electrophile_6,ligand_9_P(o-tol)3,base_1_NaOH,solvent_1_MeCN,2,0.0
electrophile_6,ligand_9_P(o-tol)3,base_1_NaOH,solvent_2_MeOH,1,0.0
electrophile_6,ligand_9_P(o-tol)3,base_1_NaOH,solvent_2_MeOH,2,0.0
electrophile_6,ligand_9_P(o-tol)3,base_1_NaOH,solvent_3_THF,1,0.0
electrophile_6,ligand_9_P(o-tol)3,base_1_NaOH,solvent_3_THF,2,0.0
electrophile_6,ligand_9_P(o-tol)3,base_1_NaOH,solvent_4_DMF,1,0.0
electrophile_6,ligand_9_P(o-tol)3,base_1_NaOH,solvent_4_DMF,2,0.0
electrophile_6,ligand_9_P(o-tol)3,base_2_KOH,solvent_1_MeCN,1,18.4
electrophile_6,ligand_9_P(o-tol)3,base_2_KOH,solvent_1_MeCN,2,13.54
electrophile_6,ligand_9_P(o-tol)3,base_2_KOH,solvent_2_MeOH,1,14.59
electrophile_6,ligand_9_P(o-tol)3,base_2_KOH,solvent_2_MeOH,2,13.73
electrophile_6,ligand_9_P(o-tol)3,base_2_KOH,solvent_3_THF,1,15.07
electrophile_6,ligand_9_P(o-tol)3,base_2_KOH,solvent_3_THF,2,8.18
electrophile_6,ligand_9_P(o-tol)3,base_2_KOH,solvent_4_DMF,1,3.22
electrophile_6,ligand_9_P(o-tol)3,base_2_KOH,solvent_4_DMF,2,5.55
electrophile_6,ligand_9_P(o-tol)3,base_3_K3PO4,solvent_1_MeCN,1,1.93
electrophile_6,ligand_9_P(o-tol)3,base_3_K3PO4,solvent_1_MeCN,2,3.68
electrophile_6,ligand_9_P(o-tol)3,base_3_K3PO4,solvent_2_MeOH,1,0.0
electrophile_6,ligand_9_P(o-tol)3,base_3_K3PO4,solvent_2_MeOH,2,0.0
electrophile_6,ligand_9_P(o-tol)3,base_3_K3PO4,solvent_3_THF,1,0.0
electrophile_6,ligand_9_P(o-tol)3,base_3_K3PO4,solvent_3_THF,2,0.0
electrophile_6,ligand_9_P(o-tol)3,base_3_K3PO4,solvent_4_DMF,1,1.54
electrophile_6,ligand_9_P(o-tol)3,base_3_K3PO4,solvent_4_DMF,2,0.0
electrophile_6,ligand_9_P(o-tol)3,base_4_K2CO3,solvent_1_MeCN,1,9.85
electrophile_6,ligand_9_P(o-tol)3,base_4_K2CO3,solvent_1_MeCN,2,2.22
electrophile_6,ligand_9_P(o-tol)3,base_4_K2CO3,solvent_2_MeOH,1,2.13
electrophile_6,ligand_9_P(o-tol)3,base_4_K2CO3,solvent_2_MeOH,2,5.62
electrophile_6,ligand_9_P(o-tol)3,base_4_K2CO3,solvent_3_THF,1,5.85
electrophile_6,ligand_9_P(o-tol)3,base_4_K2CO3,solvent_3_THF,2,0.0
electrophile_6,ligand_9_P(o-tol)3,base_4_K2CO3,solvent_4_DMF,1,0.0
electrophile_6,ligand_9_P(o-tol)3,base_4_K2CO3,solvent_4_DMF,2,0.0
electrophile_6,ligand_9_P(o-tol)3,base_5_CsF,solvent_1_MeCN,1,0.0
electrophile_6,ligand_9_P(o-tol)3,base_5_CsF,solvent_1_MeCN,2,0.0
electrophile_6,ligand_9_P(o-tol)3,base_5_CsF,solvent_2_MeOH,1,0.0
electrophile_6,ligand_9_P(o-tol)3,base_5_CsF,solvent_2_MeOH,2,0.0
electrophile_6,ligand_9_P(o-tol)3,base_5_CsF,solvent_3_THF,1,0.0
electrophile_6,ligand_9_P(o-tol)3,base_5_CsF,solvent_3_THF,2,0.0
electrophile_6,ligand_9_P(o-tol)3,base_5_CsF,solvent_4_DMF,1,0.0
electrophile_6,ligand_9_P(o-tol)3,base_5_CsF,solvent_4_DMF,2,0.0
electrophile_6,ligand_9_P(o-tol)3,base_6_Et3N,solvent_1_MeCN,1,0.0
electrophile_6,ligand_9_P(o-tol)3,base_6_Et3N,solvent_1_MeCN,2,4.13
electrophile_6,ligand_9_P(o-tol)3,base_6_Et3N,solvent_2_MeOH,1,0.0
electrophile_6,ligand_9_P(o-tol)3,base_6_Et3N,solvent_2_MeOH,2,0.0
electrophile_6,ligand_9_P(o-tol)3,base_6_Et3N,solvent_3_THF,1,0.0
electrophile_6,ligand_9_P(o-tol)3,base_6_Et3N,solvent_3_THF,2,0.0
electrophile_6,ligand_9_P(o-tol)3,base_6_Et3N,solvent_4_DMF,1,1.17
electrophile_6,ligand_9_P(o-tol)3,base_6_Et3N,solvent_4_DMF,2,0.0
electrophile_6,ligand_9_P(o-tol)3,base_7_NaHCO3,solvent_1_MeCN,1,7.5
electrophile_6,ligand_9_P(o-tol)3,base_7_NaHCO3,solvent_1_MeCN,2,5.43
electrophile_6,ligand_9_P(o-tol)3,base_7_NaHCO3,solvent_2_MeOH,1,4.1
electrophile_6,ligand_9_P(o-tol)3,base_7_NaHCO3,solvent_2_MeOH,2,0.0
electrophile_6,ligand_9_P(o-tol)3,base_7_NaHCO3,solvent_3_THF,1,0.0
electrophile_6,ligand_9_P(o-tol)3,base_7_NaHCO3,solvent_3_THF,2,5.12
electrophile_6,ligand_9_P(o-tol)3,base_7_NaHCO3,solvent_4_DMF,1,0.0
electrophile_6,ligand_9_P(o-tol)3,base_7_NaHCO3,solvent_4_DMF,2,0.0
electrophile_6,ligand_9_P(o-tol)3,base_8_KOAc,solvent_1_MeCN,1,0.0
electrophile_6,ligand_9_P(o-tol)3,base_8_KOAc,solvent_1_MeCN,2,0.0
electrophile_6,ligand_9_P(o-tol)3,base_8_KOAc,solvent_2_MeOH,1,0.0
electrophile_6,ligand_9_P(o-tol)3,base_8_KOAc,solvent_2_MeOH,2,0.0
electrophile_6,ligand_9_P(o-tol)3,base_8_KOAc,solvent_3_THF,1,0.0
electrophile_6,ligand_9_P(o-tol)3,base_8_KOAc,solvent_3_THF,2,0.0
electrophile_6,ligand_9_P(o-tol)3,base_8_KOAc,solvent_4_DMF,1,0.0
electrophile_6,ligand_9_P(o-tol)3,base_8_KOAc,solvent_4_DMF,2,0.0
electrophile_6,ligand_10_AmPhos,base_1_NaOH,solvent_1_MeCN,1,0.0
electrophile_6,ligand_10_AmPhos,base_1_NaOH,solvent_1_MeCN,2,0.0
electrophile_6,ligand_10_AmPhos,base_1_NaOH,solvent_2_MeOH,1,0.0
electrophile_6,ligand_10_AmPhos,base_1_NaOH,solvent_2_MeOH,2,0.0
electrophile_6,ligand_10_AmPhos,base_1_NaOH,solvent_3_THF,1,0.0
electrophile_6,ligand_10_AmPhos,base_1_NaOH,solvent_3_THF,2,0.0
electrophile_6,ligand_10_AmPhos,base_1_NaOH,solvent_4_DMF,1,0.0
electrophile_6,ligand_10_AmPhos,base_1_NaOH,solvent_4_DMF,2,0.0
electrophile_6,ligand_10_AmPhos,base_2_KOH,solvent_1_MeCN,1,9.81
electrophile_6,ligand_10_AmPhos,base_2_KOH,solvent_1_MeCN,2,1.89
electrophile_6,ligand_10_AmPhos,base_2_KOH,solvent_2_MeOH,1,2.97
electrophile_6,ligand_10_AmPhos,base_2_KOH,solvent_2_MeOH,2,2.88
electrophile_6,ligand_10_AmPhos,base_2_KOH,solvent_3_THF,1,9.11
electrophile_6,ligand_10_AmPhos,base_2_KOH,solvent_3_THF,2,6.2
electrophile_6,ligand_10_AmPhos,base_2_KOH,solvent_4_DMF,1,7.23
electrophile_6,ligand_10_AmPhos,base_2_KOH,solvent_4_DMF,2,7.63
electrophile_6,ligand_10_AmPhos,base_3_K3PO4,solvent_1_MeCN,1,7.22
electrophile_6,ligand_10_AmPhos,base_3_K3PO4,solvent_1_MeCN,2,0.0
electrophile_6,ligand_10_AmPhos,base_3_K3PO4,solvent_2_MeOH,1,0.0
electrophile_6,ligand_10_AmPhos,base_3_K3PO4,solvent_2_MeOH,2,0.0
electrophile_6,ligand_10_AmPhos,base_3_K3PO4,solvent_3_THF,1,0.0
electrophile_6,ligand_10_AmPhos,base_3_K3PO4,solvent_3_THF,2,0.0
electrophile_6,ligand_10_AmPhos,base_3_K3PO4,solvent_4_DMF,1,0.0
electrophile_6,ligand_10_AmPhos,base_3_K3PO4,solvent_4_DMF,2,0.0
electrophile_6,ligand_10_AmPhos,base_4_K2CO3,solvent_1_MeCN,1,0.0
electrophile_6,ligand_10_AmPhos,base_4_K2CO3,solvent_1_MeCN,2,2.39
electrophile_6,ligand_10_AmPhos,base_4_K2CO3,solvent_2_MeOH,1,0.0
electrophile_6,ligand_10_AmPhos,base_4_K2CO3,solvent_2_MeOH,2,0.0
electrophile_6,ligand_10_AmPhos,base_4_K2CO3,solvent_3_THF,1,3.12
electrophile_6,ligand_10_AmPhos,base_4_K2CO3,solvent_3_THF,2,0.0
electrophile_6,ligand_10_AmPhos,base_4_K2CO3,solvent_4_DMF,1,0.0
electrophile_6,ligand_10_AmPhos,base_4_K2CO3,solvent_4_DMF,2,0.0
electrophile_6,ligand_10_AmPhos,base_5_CsF,solvent_1_MeCN,1,0.0
electrophile_6,ligand_10_AmPhos,base_5_CsF,solvent_1_MeCN,2,0.0
electrophile_6,ligand_10_AmPhos,base_5_CsF,solvent_2_MeOH,1,0.0
electrophile_6,ligand_10_AmPhos,base_5_CsF,solvent_2_MeOH,2,0.0
electrophile_6,ligand_10_AmPhos,base_5_CsF,solvent_3_THF,1,0.0
electrophile_6,ligand_10_AmPhos,base_5_CsF,solvent_3_THF,2,0.0
electrophile_6,ligand_10_AmPhos,base_5_CsF,solvent_4_DMF,1,0.0
electrophile_6,ligand_10_AmPhos,base_5_CsF,solvent_4_DMF,2,0.0
electrophile_6,ligand_10_AmPhos,base_6_Et3N,solvent_1_MeCN,1,0.0
electrophile_6,ligand_10_AmPhos,base_6_Et3N,solvent_1_MeCN,2,0.0
electrophile_6,ligand_10_AmPhos,base_6_Et3N,solvent_2_MeOH,1,0.0
electrophile_6,ligand_10_AmPhos,base_6_Et3N,solvent_2_MeOH,2,0.0
electrophile_6,ligand_10_AmPhos,base_6_Et3N,solvent_3_THF,1,0.0
electrophile_6,ligand_10_AmPhos,base_6_Et3N,solvent_3_THF,2,0.0
electrophile_6,ligand_10_AmPhos,base_6_Et3N,solvent_4_DMF,1,0.0
electrophile_6,ligand_10_AmPhos,base_6_Et3N,solvent_4_DMF,2,0.0
electrophile_6,ligand_10_AmPhos,base_7_NaHCO3,solvent_1_MeCN,1,0.0
electrophile_6,ligand_10_AmPhos,base_7_NaHCO3,solvent_1_MeCN,2,0.0
electrophile_6,ligand_10_AmPhos,base_7_NaHCO3,solvent_2_MeOH,1,0.0
electrophile_6,ligand_10_AmPhos,base_7_NaHCO3,solvent_2_MeOH,2,0.0
electrophile_6,ligand_10_AmPhos,base_7_NaHCO3,solvent_3_THF,1,0.0
electrophile_6,ligand_10_AmPhos,base_7_NaHCO3,solvent_3_THF,2,0.0
electrophile_6,ligand_10_AmPhos,base_7_NaHCO3,solvent_4_DMF,1,0.0
electrophile_6,ligand_10_AmPhos,base_7_NaHCO3,solvent_4_DMF,2,0.0
electrophile_6,ligand_10_AmPhos,base_8_KOAc,solvent_1_MeCN,1,0.0
electrophile_6,ligand_10_AmPhos,base_8_KOAc,solvent_1_MeCN,2,0.0
electrophile_6,ligand_10_AmPhos,base_8_KOAc,solvent_2_MeOH,1,0.0
electrophile_6,ligand_10_AmPhos,base_8_KOAc,solvent_2_MeOH,2,0.0
electrophile_6,ligand_10_AmPhos,base_8_KOAc,solvent_3_THF,1,0.0
electrophile_6,ligand_10_AmPhos,base_8_KOAc,solvent_3_THF,2,0.0
electrophile_6,ligand_10_AmPhos,base_8_KOAc,solvent_4_DMF,1,0.0
electrophile_6,ligand_10_AmPhos,base_8_KOAc,solvent_4_DMF,2,0.0
electrophile_6,ligand_11_CataCXium_A,base_1_NaOH,solvent_1_MeCN,1,3.12
electrophile_6,ligand_11_CataCXium_A,base_1_NaOH,solvent_1_MeCN,2,3.11
electrophile_6,ligand_11_CataCXium_A,base_1_NaOH,solvent_2_MeOH,1,0.0
electrophile_6,ligand_11_CataCXium_A,base_1_NaOH,solvent_2_MeOH,2,1.4
electrophile_6,ligand_11_CataCXium_A,base_1_NaOH,solvent_3_THF,1,0.0
electrophile_6,ligand_11_CataCXium_A,base_1_NaOH,solvent_3_THF,2,1.0
electrophile_6,ligand_11_CataCXium_A,base_1_NaOH,solvent_4_DMF,1,0.0
electrophile_6,ligand_11_CataCXium_A,base_1_NaOH,solvent_4_DMF,2,0.0
electrophile_6,ligand_11_CataCXium_A,base_2_KOH,solvent_1_MeCN,1,26.21
electrophile_6,ligand_11_CataCXium_A,base_2_KOH,solvent_1_MeCN,2,25.3
electrophile_6,ligand_11_CataCXium_A,base_2_KOH,solvent_2_MeOH,1,19.18
electrophile_6,ligand_11_CataCXium_A,base_2_KOH,solvent_2_MeOH,2,17.8
electrophile_6,ligand_11_CataCXium_A,base_2_KOH,solvent_3_THF,1,19.05
electrophile_6,ligand_11_CataCXium_A,base_2_KOH,solvent_3_THF,2,31.19
electrophile_6,ligand_11_CataCXium_A,base_2_KOH,solvent_4_DMF,1,23.31
electrophile_6,ligand_11_CataCXium_A,base_2_KOH,solvent_4_DMF,2,21.0
electrophile_6,ligand_11_CataCXium_A,base_3_K3PO4,solvent_1_MeCN,1,10.28
electrophile_6,ligand_11_CataCXium_A,base_3_K3PO4,solvent_1_MeCN,2,14.75
electrophile_6,ligand_11_CataCXium_A,base_3_K3PO4,solvent_2_MeOH,1,6.45
electrophile_6,ligand_11_CataCXium_A,base_3_K3PO4,solvent_2_MeOH,2,3.99
electrophile_6,ligand_11_CataCXium_A,base_3_K3PO4,solvent_3_THF,1,4.2
electrophile_6,ligand_11_CataCXium_A,base_3_K3PO4,solvent_3_THF,2,5.31
electrophile_6,ligand_11_CataCXium_A,base_3_K3PO4,solvent_4_DMF,1,0.0
electrophile_6,ligand_11_CataCXium_A,base_3_K3PO4,solvent_4_DMF,2,4.91
electrophile_6,ligand_11_CataCXium_A,base_4_K2CO3,solvent_1_MeCN,1,9.62
electrophile_6,ligand_11_CataCXium_A,base_4_K2CO3,solvent_1_MeCN,2,20.03
electrophile_6,ligand_11_CataCXium_A,base_4_K2CO3,solvent_2_MeOH,1,6.3
electrophile_6,ligand_11_CataCXium_A,base_4_K2CO3,solvent_2_MeOH,2,0.26
electrophile_6,ligand_11_CataCXium_A,base_4_K2CO3,solvent_3_THF,1,7.81
electrophile_6,ligand_11_CataCXium_A,base_4_K2CO3,solvent_3_THF,2,2.83
electrophile_6,ligand_11_CataCXium_A,base_4_K2CO3,solvent_4_DMF,1,8.57
electrophile_6,ligand_11_CataCXium_A,base_4_K2CO3,solvent_4_DMF,2,7.65
electrophile_6,ligand_11_CataCXium_A,base_5_CsF,solvent_1_MeCN,1,4.91
electrophile_6,ligand_11_CataCXium_A,base_5_CsF,solvent_1_MeCN,2,0.0
electrophile_6,ligand_11_CataCXium_A,base_5_CsF,solvent_2_MeOH,1,0.0
electrophile_6,ligand_11_CataCXium_A,base_5_CsF,solvent_2_MeOH,2,0.0
electrophile_6,ligand_11_CataCXium_A,base_5_CsF,solvent_3_THF,1,0.0
electrophile_6,ligand_11_CataCXium_A,base_5_CsF,solvent_3_THF,2,0.0
electrophile_6,ligand_11_CataCXium_A,base_5_CsF,solvent_4_DMF,1,0.0
electrophile_6,ligand_11_CataCXium_A,base_5_CsF,solvent_4_DMF,2,0.0
electrophile_6,ligand_11_CataCXium_A,base_6_Et3N,solvent_1_MeCN,1,9.24
electrophile_6,ligand_11_CataCXium_A,base_6_Et3N,solvent_1_MeCN,2,15.19
electrophile_6,ligand_11_CataCXium_A,base_6_Et3N,solvent_2_MeOH,1,0.0
electrophile_6,ligand_11_CataCXium_A,base_6_Et3N,solvent_2_MeOH,2,2.0
electrophile_6,ligand_11_CataCXium_A,base_6_Et3N,solvent_3_THF,1,0.0
electrophile_6,ligand_11_CataCXium_A,base_6_Et3N,solvent_3_THF,2,0.0
electrophile_6,ligand_11_CataCXium_A,base_6_Et3N,solvent_4_DMF,1,1.79
electrophile_6,ligand_11_CataCXium_A,base_6_Et3N,solvent_4_DMF,2,6.82
electrophile_6,ligand_11_CataCXium_A,base_7_NaHCO3,solvent_1_MeCN,1,11.13
electrophile_6,ligand_11_CataCXium_A,base_7_NaHCO3,solvent_1_MeCN,2,11.23
electrophile_6,ligand_11_CataCXium_A,base_7_NaHCO3,solvent_2_MeOH,1,4.52
electrophile_6,ligand_11_CataCXium_A,base_7_NaHCO3,solvent_2_MeOH,2,3.88
electrophile_6,ligand_11_CataCXium_A,base_7_NaHCO3,solvent_3_THF,1,9.88
electrophile_6,ligand_11_CataCXium_A,base_7_NaHCO3,solvent_3_THF,2,0.92
electrophile_6,ligand_11_CataCXium_A,base_7_NaHCO3,solvent_4_DMF,1,12.95
electrophile_6,ligand_11_CataCXium_A,base_7_NaHCO3,solvent_4_DMF,2,3.22
electrophile_6,ligand_11_CataCXium_A,base_8_KOAc,solvent_1_MeCN,1,5.93
electrophile_6,ligand_11_CataCXium_A,base_8_KOAc,solvent_1_MeCN,2,0.0
electrophile_6,ligand_11_CataCXium_A,base_8_KOAc,solvent_2_MeOH,1,0.0
electrophile_6,ligand_11_CataCXium_A,base_8_KOAc,solvent_2_MeOH,2,0.0
electrophile_6,ligand_11_CataCXium_A,base_8_KOAc,solvent_3_THF,1,0.23
electrophile_6,ligand_11_CataCXium_A,base_8_KOAc,solvent_3_THF,2,0.0
electrophile_6,ligand_11_CataCXium_A,base_8_KOAc,solvent_4_DMF,1,0.0
electrophile_6,ligand_11_CataCXium_A,base_8_KOAc,solvent_4_DMF,2,0.0
electrophile_6,ligand_12_None,base_1_NaOH,solvent_1_MeCN,1,0.0
electrophile_6,ligand_12_None,base_1_NaOH,solvent_1_MeCN,2,0.0
electrophile_6,ligand_12_None,base_1_NaOH,solvent_2_MeOH,1,0.0
electrophile_6,ligand_12_None,base_1_NaOH,solvent_2_MeOH,2,0.0
electrophile_6,ligand_12_None,base_1_NaOH,solvent_3_THF,1,0.0
electrophile_6,ligand_12_None,base_1_NaOH,solvent_3_THF,2,0.0
electrophile_6,ligand_12_None,base_1_NaOH,solvent_4_DMF,1,0.0
electrophile_6,ligand_12_None,base_1_NaOH,solvent_4_DMF,2,0.0
electrophile_6,ligand_12_None,base_2_KOH,solvent_1_MeCN,1,14.94
electrophile_6,ligand_12_None,base_2_KOH,solvent_1_MeCN,2,10.9
electrophile_6,ligand_12_None,base_2_KOH,solvent_2_MeOH,1,11.18
electrophile_6,ligand_12_None,base_2_KOH,solvent_2_MeOH,2,0.0
electrophile_6,ligand_12_None,base_2_KOH,solvent_3_THF,1,0.0
electrophile_6,ligand_12_None,base_2_KOH,solvent_3_THF,2,8.42
electrophile_6,ligand_12_None,base_2_KOH,solvent_4_DMF,1,6.62
electrophile_6,ligand_12_None,base_2_KOH,solvent_4_DMF,2,0.0
electrophile_6,ligand_12_None,base_3_K3PO4,solvent_1_MeCN,1,0.0
electrophile_6,ligand_12_None,base_3_K3PO4,solvent_1_MeCN,2,11.27
electrophile_6,ligand_12_None,base_3_K3PO4,solvent_2_MeOH,1,0.0
electrophile_6,ligand_12_None,base_3_K3PO4,solvent_2_MeOH,2,0.0
electrophile_6,ligand_12_None,base_3_K3PO4,solvent_3_THF,1,0.0
electrophile_6,ligand_12_None,base_3_K3PO4,solvent_3_THF,2,0.0
electrophile_6,ligand_12_None,base_3_K3PO4,solvent_4_DMF,1,0.0
electrophile_6,ligand_12_None,base_3_K3PO4,solvent_4_DMF,2,0.0
electrophile_6,ligand_12_None,base_4_K2CO3,solvent_1_MeCN,1,0.0
electrophile_6,ligand_12_None,base_4_K2CO3,solvent_1_MeCN,2,0.0
electrophile_6,ligand_12_None,base_4_K2CO3,solvent_2_MeOH,1,0.0
electrophile_6,ligand_12_None,base_4_K2CO3,solvent_2_MeOH,2,0.0
electrophile_6,ligand_12_None,base_4_K2CO3,solvent_3_THF,1,0.0
electrophile_6,ligand_12_None,base_4_K2CO3,solvent_3_THF,2,0.0
electrophile_6,ligand_12_None,base_4_K2CO3,solvent_4_DMF,1,0.0
electrophile_6,ligand_12_None,base_4_K2CO3,solvent_4_DMF,2,0.0
electrophile_6,ligand_12_None,base_5_CsF,solvent_1_MeCN,1,0.0
electrophile_6,ligand_12_None,base_5_CsF,solvent_1_MeCN,2,0.0
electrophile_6,ligand_12_None,base_5_CsF,solvent_2_MeOH,1,0.0
electrophile_6,ligand_12_None,base_5_CsF,solvent_2_MeOH,2,0.0
electrophile_6,ligand_12_None,base_5_CsF,solvent_3_THF,1,0.0
electrophile_6,ligand_12_None,base_5_CsF,solvent_3_THF,2,0.0
electrophile_6,ligand_12_None,base_5_CsF,solvent_4_DMF,1,0.0
electrophile_6,ligand_12_None,base_5_CsF,solvent_4_DMF,2,0.0
electrophile_6,ligand_12_None,base_6_Et3N,solvent_1_MeCN,1,0.0
electrophile_6,ligand_12_None,base_6_Et3N,solvent_1_MeCN,2,2.08
electrophile_6,ligand_12_None,base_6_Et3N,solvent_2_MeOH,1,0.0
electrophile_6,ligand_12_None,base_6_Et3N,solvent_2_MeOH,2,0.0
electrophile_6,ligand_12_None,base_6_Et3N,solvent_3_THF,1,0.0
electrophile_6,ligand_12_None,base_6_Et3N,solvent_3_THF,2,0.0
electrophile_6,ligand_12_None,base_6_Et3N,solvent_4_DMF,1,0.0
electrophile_6,ligand_12_None,base_6_Et3N,solvent_4_DMF,2,0.0
electrophile_6,ligand_12_None,base_7_NaHCO3,solvent_1_MeCN,1,0.0
electrophile_6,ligand_12_None,base_7_NaHCO3,solvent_1_MeCN,2,6.79
electrophile_6,ligand_12_None,base_7_NaHCO3,solvent_2_MeOH,1,0.0
electrophile_6,ligand_12_None,base_7_NaHCO3,solvent_2_MeOH,2,0.0
electrophile_6,ligand_12_None,base_7_NaHCO3,solvent_3_THF,1,0.0
electrophile_6,ligand_12_None,base_7_NaHCO3,solvent_3_THF,2,0.0
electrophile_6,ligand_12_None,base_7_NaHCO3,solvent_4_DMF,1,0.0
electrophile_6,ligand_12_None,base_7_NaHCO3,solvent_4_DMF,2,0.0
electrophile_6,ligand_12_None,base_8_KOAc,solvent_1_MeCN,1,0.0
electrophile_6,ligand_12_None,base_8_KOAc,solvent_1_MeCN,2,0.0
electrophile_6,ligand_12_None,base_8_KOAc,solvent_2_MeOH,1,0.0
electrophile_6,ligand_12_None,base_8_KOAc,solvent_2_MeOH,2,0.0
electrophile_6,ligand_12_None,base_8_KOAc,solvent_3_THF,1,0.0
electrophile_6,ligand_12_None,base_8_KOAc,solvent_3_THF,2,0.0
electrophile_6,ligand_12_None,base_8_KOAc,solvent_4_DMF,1,0.0
electrophile_6,ligand_12_None,base_8_KOAc,solvent_4_DMF,2,0.0
electrophile_7,ligand_1_XPhos,base_1_NaOH,solvent_1_MeCN,1,13.33
electrophile_7,ligand_1_XPhos,base_1_NaOH,solvent_1_MeCN,2,22.2
electrophile_7,ligand_1_XPhos,base_1_NaOH,solvent_2_MeOH,1,16.5
electrophile_7,ligand_1_XPhos,base_1_NaOH,solvent_2_MeOH,2,3.85
electrophile_7,ligand_1_XPhos,base_1_NaOH,solvent_3_THF,1,15.72
electrophile_7,ligand_1_XPhos,base_1_NaOH,solvent_3_THF,2,12.92
electrophile_7,ligand_1_XPhos,base_1_NaOH,solvent_4_DMF,1,9.61
electrophile_7,ligand_1_XPhos,base_1_NaOH,solvent_4_DMF,2,20.15
electrophile_7,ligand_1_XPhos,base_2_KOH,solvent_1_MeCN,1,39.02
electrophile_7,ligand_1_XPhos,base_2_KOH,solvent_1_MeCN,2,38.26
electrophile_7,ligand_1_XPhos,base_2_KOH,solvent_2_MeOH,1,36.81
electrophile_7,ligand_1_XPhos,base_2_KOH,solvent_2_MeOH,2,39.86
electrophile_7,ligand_1_XPhos,base_2_KOH,solvent_3_THF,1,37.57
electrophile_7,ligand_1_XPhos,base_2_KOH,solvent_3_THF,2,44.11
electrophile_7,ligand_1_XPhos,base_2_KOH,solvent_4_DMF,1,39.08
electrophile_7,ligand_1_XPhos,base_2_KOH,solvent_4_DMF,2,25.53
electrophile_7,ligand_1_XPhos,base_3_K3PO4,solvent_1_MeCN,1,85.65
electrophile_7,ligand_1_XPhos,base_3_K3PO4,solvent_1_MeCN,2,85.43
electrophile_7,ligand_1_XPhos,base_3_K3PO4,solvent_2_MeOH,1,65.95
electrophile_7,ligand_1_XPhos,base_3_K3PO4,solvent_2_MeOH,2,50.0
electrophile_7,ligand_1_XPhos,base_3_K3PO4,solvent_3_THF,1,67.85
electrophile_7,ligand_1_XPhos,base_3_K3PO4,solvent_3_THF,2,53.0
electrophile_7,ligand_1_XPhos,base_3_K3PO4,solvent_4_DMF,1,84.1
electrophile_7,ligand_1_XPhos,base_3_K3PO4,solvent_4_DMF,2,76.2
electrophile_7,ligand_1_XPhos,base_4_K2CO3,solvent_1_MeCN,1,82.22
electrophile_7,ligand_1_XPhos,base_4_K2CO3,solvent_1_MeCN,2,80.21
electrophile_7,ligand_1_XPhos,base_4_K2CO3,solvent_2_MeOH,1,45.69
electrophile_7,ligand_1_XPhos,base_4_K2CO3,solvent_2_MeOH,2,56.45
electrophile_7,ligand_1_XPhos,base_4_K2CO3,solvent_3_THF,1,51.76
electrophile_7,ligand_1_XPhos,base_4_K2CO3,solvent_3_THF,2,45.92
electrophile_7,ligand_1_XPhos,base_4_K2CO3,solvent_4_DMF,1,73.39
electrophile_7,ligand_1_XPhos,base_4_K2CO3,solvent_4_DMF,2,91.15
electrophile_7,ligand_1_XPhos,base_5_CsF,solvent_1_MeCN,1,24.0
electrophile_7,ligand_1_XPhos,base_5_CsF,solvent_1_MeCN,2,24.13
electrophile_7,ligand_1_XPhos,base_5_CsF,solvent_2_MeOH,1,20.18
electrophile_7,ligand_1_XPhos,base_5_CsF,solvent_2_MeOH,2,9.04
electrophile_7,ligand_1_XPhos,base_5_CsF,solvent_3_THF,1,17.54
electrophile_7,ligand_1_XPhos,base_5_CsF,solvent_3_THF,2,18.32
electrophile_7,ligand_1_XPhos,base_5_CsF,solvent_4_DMF,1,10.93
electrophile_7,ligand_1_XPhos,base_5_CsF,solvent_4_DMF,2,9.44
electrophile_7,ligand_1_XPhos,base_6_Et3N,solvent_1_MeCN,1,34.25
electrophile_7,ligand_1_XPhos,base_6_Et3N,solvent_1_MeCN,2,27.34
electrophile_7,ligand_1_XPhos,base_6_Et3N,solvent_2_MeOH,1,23.53
electrophile_7,ligand_1_XPhos,base_6_Et3N,solvent_2_MeOH,2,16.24
electrophile_7,ligand_1_XPhos,base_6_Et3N,solvent_3_THF,1,16.11
electrophile_7,ligand_1_XPhos,base_6_Et3N,solvent_3_THF,2,19.36
electrophile_7,ligand_1_XPhos,base_6_Et3N,solvent_4_DMF,1,19.72
electrophile_7,ligand_1_XPhos,base_6_Et3N,solvent_4_DMF,2,15.02
electrophile_7,ligand_1_XPhos,base_7_NaHCO3,solvent_1_MeCN,1,31.4
electrophile_7,ligand_1_XPhos,base_7_NaHCO3,solvent_1_MeCN,2,23.01
electrophile_7,ligand_1_XPhos,base_7_NaHCO3,solvent_2_MeOH,1,19.99
electrophile_7,ligand_1_XPhos,base_7_NaHCO3,solvent_2_MeOH,2,28.95
electrophile_7,ligand_1_XPhos,base_7_NaHCO3,solvent_3_THF,1,30.46
electrophile_7,ligand_1_XPhos,base_7_NaHCO3,solvent_3_THF,2,25.49
electrophile_7,ligand_1_XPhos,base_7_NaHCO3,solvent_4_DMF,1,20.5
electrophile_7,ligand_1_XPhos,base_7_NaHCO3,solvent_4_DMF,2,20.45
electrophile_7,ligand_1_XPhos,base_8_KOAc,solvent_1_MeCN,1,19.49
electrophile_7,ligand_1_XPhos,base_8_KOAc,solvent_1_MeCN,2,24.58
electrophile_7,ligand_1_XPhos,base_8_KOAc,solvent_2_MeOH,1,20.14
electrophile_7,ligand_1_XPhos,base_8_KOAc,solvent_2_MeOH,2,13.01
electrophile_7,ligand_1_XPhos,base_8_KOAc,solvent_3_THF,1,11.58
electrophile_7,ligand_1_XPhos,base_8_KOAc,solvent_3_THF,2,18.69
electrophile_7,ligand_1_XPhos,base_8_KOAc,solvent_4_DMF,1,11.37
electrophile_7,ligand_1_XPhos,base_8_KOAc,solvent_4_DMF,2,12.9
electrophile_7,ligand_2_SPhos,base_1_NaOH,solvent_1_MeCN,1,13.52
electrophile_7,ligand_2_SPhos,base_1_NaOH,solvent_1_MeCN,2,11.03
electrophile_7,ligand_2_SPhos,base_1_NaOH,solvent_2_MeOH,1,1.83
electrophile_7,ligand_2_SPhos,base_1_NaOH,solvent_2_MeOH,2,0.0
electrophile_7,ligand_2_SPhos,base_1_NaOH,solvent_3_THF,1,3.95
electrophile_7,ligand_2_SPhos,base_1_NaOH,solvent_3_THF,2,8.2
electrophile_7,ligand_2_SPhos,base_1_NaOH,solvent_4_DMF,1,0.0
electrophile_7,ligand_2_SPhos,base_1_NaOH,solvent_4_DMF,2,7.79
electrophile_7,ligand_2_SPhos,base_2_KOH,solvent_1_MeCN,1,36.38
electrophile_7,ligand_2_SPhos,base_2_KOH,solvent_1_MeCN,2,38.24
electrophile_7,ligand_2_SPhos,base_2_KOH,solvent_2_MeOH,1,25.59
electrophile_7,ligand_2_SPhos,base_2_KOH,solvent_2_MeOH,2,27.0
electrophile_7,ligand_2_SPhos,base_2_KOH,solvent_3_THF,1,32.98
electrophile_7,ligand_2_SPhos,base_2_KOH,solvent_3_THF,2,28.15
electrophile_7,ligand_2_SPhos,base_2_KOH,solvent_4_DMF,1,21.55
electrophile_7,ligand_2_SPhos,base_2_KOH,solvent_4_DMF,2,21.81
electrophile_7,ligand_2_SPhos,base_3_K3PO4,solvent_1_MeCN,1,17.58
electrophile_7,ligand_2_SPhos,base_3_K3PO4,solvent_1_MeCN,2,9.93
electrophile_7,ligand_2_SPhos,base_3_K3PO4,solvent_2_MeOH,1,9.81
electrophile_7,ligand_2_SPhos,base_3_K3PO4,solvent_2_MeOH,2,16.01
electrophile_7,ligand_2_SPhos,base_3_K3PO4,solvent_3_THF,1,1.43
electrophile_7,ligand_2_SPhos,base_3_K3PO4,solvent_3_THF,2,20.05
electrophile_7,ligand_2_SPhos,base_3_K3PO4,solvent_4_DMF,1,16.13
electrophile_7,ligand_2_SPhos,base_3_K3PO4,solvent_4_DMF,2,8.22
electrophile_7,ligand_2_SPhos,base_4_K2CO3,solvent_1_MeCN,1,21.45
electrophile_7,ligand_2_SPhos,base_4_K2CO3,solvent_1_MeCN,2,18.75
electrophile_7,ligand_2_SPhos,base_4_K2CO3,solvent_2_MeOH,1,19.03
electrophile_7,ligand_2_SPhos,base_4_K2CO3,solvent_2_MeOH,2,17.79
electrophile_7,ligand_2_SPhos,base_4_K2CO3,solvent_3_THF,1,7.73
electrophile_7,ligand_2_SPhos,base_4_K2CO3,solvent_3_THF,2,17.67
electrophile_7,ligand_2_SPhos,base_4_K2CO3,solvent_4_DMF,1,11.84
electrophile_7,ligand_2_SPhos,base_4_K2CO3,solvent_4_DMF,2,13.28
electrophile_7,ligand_2_SPhos,base_5_CsF,solvent_1_MeCN,1,3.15
electrophile_7,ligand_2_SPhos,base_5_CsF,solvent_1_MeCN,2,15.54
electrophile_7,ligand_2_SPhos,base_5_CsF,solvent_2_MeOH,1,6.14
electrophile_7,ligand_2_SPhos,base_5_CsF,solvent_2_MeOH,2,0.0
electrophile_7,ligand_2_SPhos,base_5_CsF,solvent_3_THF,1,0.0
electrophile_7,ligand_2_SPhos,base_5_CsF,solvent_3_THF,2,0.86
electrophile_7,ligand_2_SPhos,base_5_CsF,solvent_4_DMF,1,3.1
electrophile_7,ligand_2_SPhos,base_5_CsF,solvent_4_DMF,2,2.13
electrophile_7,ligand_2_SPhos,base_6_Et3N,solvent_1_MeCN,1,20.1
electrophile_7,ligand_2_SPhos,base_6_Et3N,solvent_1_MeCN,2,17.79
electrophile_7,ligand_2_SPhos,base_6_Et3N,solvent_2_MeOH,1,12.83
electrophile_7,ligand_2_SPhos,base_6_Et3N,solvent_2_MeOH,2,9.61
electrophile_7,ligand_2_SPhos,base_6_Et3N,solvent_3_THF,1,2.89
electrophile_7,ligand_2_SPhos,base_6_Et3N,solvent_3_THF,2,8.86
electrophile_7,ligand_2_SPhos,base_6_Et3N,solvent_4_DMF,1,13.27
electrophile_7,ligand_2_SPhos,base_6_Et3N,solvent_4_DMF,2,7.72
electrophile_7,ligand_2_SPhos,base_7_NaHCO3,solvent_1_MeCN,1,21.6
electrophile_7,ligand_2_SPhos,base_7_NaHCO3,solvent_1_MeCN,2,17.49
electrophile_7,ligand_2_SPhos,base_7_NaHCO3,solvent_2_MeOH,1,8.07
electrophile_7,ligand_2_SPhos,base_7_NaHCO3,solvent_2_MeOH,2,12.61
electrophile_7,ligand_2_SPhos,base_7_NaHCO3,solvent_3_THF,1,16.62
electrophile_7,ligand_2_SPhos,base_7_NaHCO3,solvent_3_THF,2,11.8
electrophile_7,ligand_2_SPhos,base_7_NaHCO3,solvent_4_DMF,1,12.04
electrophile_7,ligand_2_SPhos,base_7_NaHCO3,solvent_4_DMF,2,8.52
electrophile_7,ligand_2_SPhos,base_8_KOAc,solvent_1_MeCN,1,14.58
electrophile_7,ligand_2_SPhos,base_8_KOAc,solvent_1_MeCN,2,7.51
electrophile_7,ligand_2_SPhos,base_8_KOAc,solvent_2_MeOH,1,10.39
electrophile_7,ligand_2_SPhos,base_8_KOAc,solvent_2_MeOH,2,10.77
electrophile_7,ligand_2_SPhos,base_8_KOAc,solvent_3_THF,1,4.58
electrophile_7,ligand_2_SPhos,base_8_KOAc,solvent_3_THF,2,0.0
electrophile_7,ligand_2_SPhos,base_8_KOAc,solvent_4_DMF,1,0.0
electrophile_7,ligand_2_SPhos,base_8_KOAc,solvent_4_DMF,2,0.0
electrophile_7,ligand_3_dppf,base_1_NaOH,solvent_1_MeCN,1,10.15
electrophile_7,ligand_3_dppf,base_1_NaOH,solvent_1_MeCN,2,23.91
electrophile_7,ligand_3_dppf,base_1_NaOH,solvent_2_MeOH,1,11.74
electrophile_7,ligand_3_dppf,base_1_NaOH,solvent_2_MeOH,2,13.11
electrophile_7,ligand_3_dppf,base_1_NaOH,solvent_3_THF,1,1.91
electrophile_7,ligand_3_dppf,base_1_NaOH,solvent_3_THF,2,7.02
electrophile_7,ligand_3_dppf,base_1_NaOH,solvent_4_DMF,1,15.59
electrophile_7,ligand_3_dppf,base_1_NaOH,solvent_4_DMF,2,12.58
electrophile_7,ligand_3_dppf,base_2_KOH,solvent_1_MeCN,1,39.3
electrophile_7,ligand_3_dppf,base_2_KOH,solvent_1_MeCN,2,42.86
electrophile_7,ligand_3_dppf,base_2_KOH,solvent_2_MeOH,1,42.36
electrophile_7,ligand_3_dppf,base_2_KOH,solvent_2_MeOH,2,33.08
electrophile_7,ligand_3_dppf,base_2_KOH,solvent_3_THF,1,36.38
electrophile_7,ligand_3_dppf,base_2_KOH,solvent_3_THF,2,37.0
electrophile_7,ligand_3_dppf,base_2_KOH,solvent_4_DMF,1,46.13
electrophile_7,ligand_3_dppf,base_2_KOH,solvent_4_DMF,2,23.68
electrophile_7,ligand_3_dppf,base_3_K3PO4,solvent_1_MeCN,1,29.92
electrophile_7,ligand_3_dppf,base_3_K3PO4,solvent_1_MeCN,2,25.93
electrophile_7,ligand_3_dppf,base_3_K3PO4,solvent_2_MeOH,1,23.48
electrophile_7,ligand_3_dppf,base_3_K3PO4,solvent_2_MeOH,2,17.36
electrophile_7,ligand_3_dppf,base_3_K3PO4,solvent_3_THF,1,22.26
electrophile_7,ligand_3_dppf,base_3_K3PO4,solvent_3_THF,2,26.06
electrophile_7,ligand_3_dppf,base_3_K3PO4,solvent_4_DMF,1,36.21
electrophile_7,ligand_3_dppf,base_3_K3PO4,solvent_4_DMF,2,24.68
electrophile_7,ligand_3_dppf,base_4_K2CO3,solvent_1_MeCN,1,24.61
electrophile_7,ligand_3_dppf,base_4_K2CO3,solvent_1_MeCN,2,26.73
electrophile_7,ligand_3_dppf,base_4_K2CO3,solvent_2_MeOH,1,20.73
electrophile_7,ligand_3_dppf,base_4_K2CO3,solvent_2_MeOH,2,14.02
electrophile_7,ligand_3_dppf,base_4_K2CO3,solvent_3_THF,1,23.2
electrophile_7,ligand_3_dppf,base_4_K2CO3,solvent_3_THF,2,28.51
electrophile_7,ligand_3_dppf,base_4_K2CO3,solvent_4_DMF,1,16.62
electrophile_7,ligand_3_dppf,base_4_K2CO3,solvent_4_DMF,2,28.23
electrophile_7,ligand_3_dppf,base_5_CsF,solvent_1_MeCN,1,19.35
electrophile_7,ligand_3_dppf,base_5_CsF,solvent_1_MeCN,2,13.24
electrophile_7,ligand_3_dppf,base_5_CsF,solvent_2_MeOH,1,10.35
electrophile_7,ligand_3_dppf,base_5_CsF,solvent_2_MeOH,2,19.05
electrophile_7,ligand_3_dppf,base_5_CsF,solvent_3_THF,1,16.58
electrophile_7,ligand_3_dppf,base_5_CsF,solvent_3_THF,2,12.96
electrophile_7,ligand_3_dppf,base_5_CsF,solvent_4_DMF,1,9.86
electrophile_7,ligand_3_dppf,base_5_CsF,solvent_4_DMF,2,11.43
electrophile_7,ligand_3_dppf,base_6_Et3N,solvent_1_MeCN,1,21.4
electrophile_7,ligand_3_dppf,base_6_Et3N,solvent_1_MeCN,2,13.43
electrophile_7,ligand_3_dppf,base_6_Et3N,solvent_2_MeOH,1,28.31
electrophile_7,ligand_3_dppf,base_6_Et3N,solvent_2_MeOH,2,18.88
electrophile_7,ligand_3_dppf,base_6_Et3N,solvent_3_THF,1,21.94
electrophile_7,ligand_3_dppf,base_6_Et3N,solvent_3_THF,2,19.66
electrophile_7,ligand_3_dppf,base_6_Et3N,solvent_4_DMF,1,14.42
electrophile_7,ligand_3_dppf,base_6_Et3N,solvent_4_DMF,2,17.16
electrophile_7,ligand_3_dppf,base_7_NaHCO3,solvent_1_MeCN,1,21.2
electrophile_7,ligand_3_dppf,base_7_NaHCO3,solvent_1_MeCN,2,40.59
electrophile_7,ligand_3_dppf,base_7_NaHCO3,solvent_2_MeOH,1,17.17
electrophile_7,ligand_3_dppf,base_7_NaHCO3,solvent_2_MeOH,2,18.18
electrophile_7,ligand_3_dppf,base_7_NaHCO3,solvent_3_THF,1,23.0
electrophile_7,ligand_3_dppf,base_7_NaHCO3,solvent_3_THF,2,31.64
electrophile_7,ligand_3_dppf,base_7_NaHCO3,solvent_4_DMF,1,23.41
electrophile_7,ligand_3_dppf,base_7_NaHCO3,solvent_4_DMF,2,17.16
electrophile_7,ligand_3_dppf,base_8_KOAc,solvent_1_MeCN,1,25.38
electrophile_7,ligand_3_dppf,base_8_KOAc,solvent_1_MeCN,2,22.76
electrophile_7,ligand_3_dppf,base_8_KOAc,solvent_2_MeOH,1,15.94
electrophile_7,ligand_3_dppf,base_8_KOAc,solvent_2_MeOH,2,16.83
electrophile_7,ligand_3_dppf,base_8_KOAc,solvent_3_THF,1,27.07
electrophile_7,ligand_3_dppf,base_8_KOAc,solvent_3_THF,2,26.03
electrophile_7,ligand_3_dppf,base_8_KOAc,solvent_4_DMF,1,9.81
electrophile_7,ligand_3_dppf,base_8_KOAc,solvent_4_DMF,2,21.36
electrophile_7,ligand_4_P(Ph)3,base_1_NaOH,solvent_1_MeCN,1,8.87
electrophile_7,ligand_4_P(Ph)3,base_1_NaOH,solvent_1_MeCN,2,9.45
electrophile_7,ligand_4_P(Ph)3,base_1_NaOH,solvent_2_MeOH,1,0.0
electrophile_7,ligand_4_P(Ph)3,base_1_NaOH,solvent_2_MeOH,2,0.25
electrophile_7,ligand_4_P(Ph)3,base_1_NaOH,solvent_3_THF,1,0.0
electrophile_7,ligand_4_P(Ph)3,base_1_NaOH,solvent_3_THF,2,7.09
electrophile_7,ligand_4_P(Ph)3,base_1_NaOH,solvent_4_DMF,1,6.45
electrophile_7,ligand_4_P(Ph)3,base_1_NaOH,solvent_4_DMF,2,0.0
electrophile_7,ligand_4_P(Ph)3,base_2_KOH,solvent_1_MeCN,1,29.87
electrophile_7,ligand_4_P(Ph)3,base_2_KOH,solvent_1_MeCN,2,35.59
electrophile_7,ligand_4_P(Ph)3,base_2_KOH,solvent_2_MeOH,1,23.19
electrophile_7,ligand_4_P(Ph)3,base_2_KOH,solvent_2_MeOH,2,27.77
electrophile_7,ligand_4_P(Ph)3,base_2_KOH,solvent_3_THF,1,27.73
electrophile_7,ligand_4_P(Ph)3,base_2_KOH,solvent_3_THF,2,27.68
electrophile_7,ligand_4_P(Ph)3,base_2_KOH,solvent_4_DMF,1,22.76
electrophile_7,ligand_4_P(Ph)3,base_2_KOH,solvent_4_DMF,2,18.03
electrophile_7,ligand_4_P(Ph)3,base_3_K3PO4,solvent_1_MeCN,1,10.84
electrophile_7,ligand_4_P(Ph)3,base_3_K3PO4,solvent_1_MeCN,2,19.99
electrophile_7,ligand_4_P(Ph)3,base_3_K3PO4,solvent_2_MeOH,1,10.69
electrophile_7,ligand_4_P(Ph)3,base_3_K3PO4,solvent_2_MeOH,2,9.9
electrophile_7,ligand_4_P(Ph)3,base_3_K3PO4,solvent_3_THF,1,10.32
electrophile_7,ligand_4_P(Ph)3,base_3_K3PO4,solvent_3_THF,2,10.92
electrophile_7,ligand_4_P(Ph)3,base_3_K3PO4,solvent_4_DMF,1,15.82
electrophile_7,ligand_4_P(Ph)3,base_3_K3PO4,solvent_4_DMF,2,8.91
electrophile_7,ligand_4_P(Ph)3,base_4_K2CO3,solvent_1_MeCN,1,12.09
electrophile_7,ligand_4_P(Ph)3,base_4_K2CO3,solvent_1_MeCN,2,22.51
electrophile_7,ligand_4_P(Ph)3,base_4_K2CO3,solvent_2_MeOH,1,11.91
electrophile_7,ligand_4_P(Ph)3,base_4_K2CO3,solvent_2_MeOH,2,13.09
electrophile_7,ligand_4_P(Ph)3,base_4_K2CO3,solvent_3_THF,1,22.83
electrophile_7,ligand_4_P(Ph)3,base_4_K2CO3,solvent_3_THF,2,14.69
electrophile_7,ligand_4_P(Ph)3,base_4_K2CO3,solvent_4_DMF,1,14.38
electrophile_7,ligand_4_P(Ph)3,base_4_K2CO3,solvent_4_DMF,2,7.03
electrophile_7,ligand_4_P(Ph)3,base_5_CsF,solvent_1_MeCN,1,5.76
electrophile_7,ligand_4_P(Ph)3,base_5_CsF,solvent_1_MeCN,2,9.9
electrophile_7,ligand_4_P(Ph)3,base_5_CsF,solvent_2_MeOH,1,0.0
electrophile_7,ligand_4_P(Ph)3,base_5_CsF,solvent_2_MeOH,2,2.0
electrophile_7,ligand_4_P(Ph)3,base_5_CsF,solvent_3_THF,1,3.36
electrophile_7,ligand_4_P(Ph)3,base_5_CsF,solvent_3_THF,2,3.06
electrophile_7,ligand_4_P(Ph)3,base_5_CsF,solvent_4_DMF,1,6.18
electrophile_7,ligand_4_P(Ph)3,base_5_CsF,solvent_4_DMF,2,2.66
electrophile_7,ligand_4_P(Ph)3,base_6_Et3N,solvent_1_MeCN,1,21.29
electrophile_7,ligand_4_P(Ph)3,base_6_Et3N,solvent_1_MeCN,2,8.93
electrophile_7,ligand_4_P(Ph)3,base_6_Et3N,solvent_2_MeOH,1,8.72
electrophile_7,ligand_4_P(Ph)3,base_6_Et3N,solvent_2_MeOH,2,8.46
electrophile_7,ligand_4_P(Ph)3,base_6_Et3N,solvent_3_THF,1,4.55
electrophile_7,ligand_4_P(Ph)3,base_6_Et3N,solvent_3_THF,2,14.68
electrophile_7,ligand_4_P(Ph)3,base_6_Et3N,solvent_4_DMF,1,19.66
electrophile_7,ligand_4_P(Ph)3,base_6_Et3N,solvent_4_DMF,2,7.95
electrophile_7,ligand_4_P(Ph)3,base_7_NaHCO3,solvent_1_MeCN,1,21.67
electrophile_7,ligand_4_P(Ph)3,base_7_NaHCO3,solvent_1_MeCN,2,19.56
electrophile_7,ligand_4_P(Ph)3,base_7_NaHCO3,solvent_2_MeOH,1,9.72
electrophile_7,ligand_4_P(Ph)3,base_7_NaHCO3,solvent_2_MeOH,2,4.18
electrophile_7,ligand_4_P(Ph)3,base_7_NaHCO3,solvent_3_THF,1,11.61
electrophile_7,ligand_4_P(Ph)3,base_7_NaHCO3,solvent_3_THF,2,8.18
electrophile_7,ligand_4_P(Ph)3,base_7_NaHCO3,solvent_4_DMF,1,21.8
electrophile_7,ligand_4_P(Ph)3,base_7_NaHCO3,solvent_4_DMF,2,12.7
electrophile_7,ligand_4_P(Ph)3,base_8_KOAc,solvent_1_MeCN,1,7.32
electrophile_7,ligand_4_P(Ph)3,base_8_KOAc,solvent_1_MeCN,2,13.49
electrophile_7,ligand_4_P(Ph)3,base_8_KOAc,solvent_2_MeOH,1,0.0
electrophile_7,ligand_4_P(Ph)3,base_8_KOAc,solvent_2_MeOH,2,0.0
electrophile_7,ligand_4_P(Ph)3,base_8_KOAc,solvent_3_THF,1,5.38
electrophile_7,ligand_4_P(Ph)3,base_8_KOAc,solvent_3_THF,2,10.19
electrophile_7,ligand_4_P(Ph)3,base_8_KOAc,solvent_4_DMF,1,5.69
electrophile_7,ligand_4_P(Ph)3,base_8_KOAc,solvent_4_DMF,2,4.42
electrophile_7,ligand_5_P(Cy)3,base_1_NaOH,solvent_1_MeCN,1,7.32
electrophile_7,ligand_5_P(Cy)3,base_1_NaOH,solvent_1_MeCN,2,8.93
electrophile_7,ligand_5_P(Cy)3,base_1_NaOH,solvent_2_MeOH,1,2.08
electrophile_7,ligand_5_P(Cy)3,base_1_NaOH,solvent_2_MeOH,2,0.0
electrophile_7,ligand_5_P(Cy)3,base_1_NaOH,solvent_3_THF,1,3.16
electrophile_7,ligand_5_P(Cy)3,base_1_NaOH,solvent_3_THF,2,0.0
electrophile_7,ligand_5_P(Cy)3,base_1_NaOH,solvent_4_DMF,1,1.47
electrophile_7,ligand_5_P(Cy)3,base_1_NaOH,solvent_4_DMF,2,0.0
electrophile_7,ligand_5_P(Cy)3,base_2_KOH,solvent_1_MeCN,1,42.65
electrophile_7,ligand_5_P(Cy)3,base_2_KOH,solvent_1_MeCN,2,29.76
electrophile_7,ligand_5_P(Cy)3,base_2_KOH,solvent_2_MeOH,1,17.08
electrophile_7,ligand_5_P(Cy)3,base_2_KOH,solvent_2_MeOH,2,23.43
electrophile_7,ligand_5_P(Cy)3,base_2_KOH,solvent_3_THF,1,28.55
electrophile_7,ligand_5_P(Cy)3,base_2_KOH,solvent_3_THF,2,34.32
electrophile_7,ligand_5_P(Cy)3,base_2_KOH,solvent_4_DMF,1,21.14
electrophile_7,ligand_5_P(Cy)3,base_2_KOH,solvent_4_DMF,2,16.18
electrophile_7,ligand_5_P(Cy)3,base_3_K3PO4,solvent_1_MeCN,1,82.69
electrophile_7,ligand_5_P(Cy)3,base_3_K3PO4,solvent_1_MeCN,2,75.77
electrophile_7,ligand_5_P(Cy)3,base_3_K3PO4,solvent_2_MeOH,1,33.46
electrophile_7,ligand_5_P(Cy)3,base_3_K3PO4,solvent_2_MeOH,2,23.73
electrophile_7,ligand_5_P(Cy)3,base_3_K3PO4,solvent_3_THF,1,33.05
electrophile_7,ligand_5_P(Cy)3,base_3_K3PO4,solvent_3_THF,2,35.38
electrophile_7,ligand_5_P(Cy)3,base_3_K3PO4,solvent_4_DMF,1,85.96
electrophile_7,ligand_5_P(Cy)3,base_3_K3PO4,solvent_4_DMF,2,72.18
electrophile_7,ligand_5_P(Cy)3,base_4_K2CO3,solvent_1_MeCN,1,86.67
electrophile_7,ligand_5_P(Cy)3,base_4_K2CO3,solvent_1_MeCN,2,87.6
electrophile_7,ligand_5_P(Cy)3,base_4_K2CO3,solvent_2_MeOH,1,24.77
electrophile_7,ligand_5_P(Cy)3,base_4_K2CO3,solvent_2_MeOH,2,42.37
electrophile_7,ligand_5_P(Cy)3,base_4_K2CO3,solvent_3_THF,1,36.05
electrophile_7,ligand_5_P(Cy)3,base_4_K2CO3,solvent_3_THF,2,35.13
electrophile_7,ligand_5_P(Cy)3,base_4_K2CO3,solvent_4_DMF,1,79.53
electrophile_7,ligand_5_P(Cy)3,base_4_K2CO3,solvent_4_DMF,2,92.54
electrophile_7,ligand_5_P(Cy)3,base_5_CsF,solvent_1_MeCN,1,2.57
electrophile_7,ligand_5_P(Cy)3,base_5_CsF,solvent_1_MeCN,2,9.42
electrophile_7,ligand_5_P(Cy)3,base_5_CsF,solvent_2_MeOH,1,0.0
electrophile_7,ligand_5_P(Cy)3,base_5_CsF,solvent_2_MeOH,2,0.0
electrophile_7,ligand_5_P(Cy)3,base_5_CsF,solvent_3_THF,1,2.77
electrophile_7,ligand_5_P(Cy)3,base_5_CsF,solvent_3_THF,2,3.52
electrophile_7,ligand_5_P(Cy)3,base_5_CsF,solvent_4_DMF,1,15.56
electrophile_7,ligand_5_P(Cy)3,base_5_CsF,solvent_4_DMF,2,0.05
electrophile_7,ligand_5_P(Cy)3,base_6_Et3N,solvent_1_MeCN,1,8.22
electrophile_7,ligand_5_P(Cy)3,base_6_Et3N,solvent_1_MeCN,2,15.24
electrophile_7,ligand_5_P(Cy)3,base_6_Et3N,solvent_2_MeOH,1,0.0
electrophile_7,ligand_5_P(Cy)3,base_6_Et3N,solvent_2_MeOH,2,7.56
electrophile_7,ligand_5_P(Cy)3,base_6_Et3N,solvent_3_THF,1,9.95
electrophile_7,ligand_5_P(Cy)3,base_6_Et3N,solvent_3_THF,2,13.84
electrophile_7,ligand_5_P(Cy)3,base_6_Et3N,solvent_4_DMF,1,12.88
electrophile_7,ligand_5_P(Cy)3,base_6_Et3N,solvent_4_DMF,2,5.49
electrophile_7,ligand_5_P(Cy)3,base_7_NaHCO3,solvent_1_MeCN,1,18.36
electrophile_7,ligand_5_P(Cy)3,base_7_NaHCO3,solvent_1_MeCN,2,15.29
electrophile_7,ligand_5_P(Cy)3,base_7_NaHCO3,solvent_2_MeOH,1,7.62
electrophile_7,ligand_5_P(Cy)3,base_7_NaHCO3,solvent_2_MeOH,2,14.81
electrophile_7,ligand_5_P(Cy)3,base_7_NaHCO3,solvent_3_THF,1,8.75
electrophile_7,ligand_5_P(Cy)3,base_7_NaHCO3,solvent_3_THF,2,13.04
electrophile_7,ligand_5_P(Cy)3,base_7_NaHCO3,solvent_4_DMF,1,8.28
electrophile_7,ligand_5_P(Cy)3,base_7_NaHCO3,solvent_4_DMF,2,16.0
electrophile_7,ligand_5_P(Cy)3,base_8_KOAc,solvent_1_MeCN,1,18.03
electrophile_7,ligand_5_P(Cy)3,base_8_KOAc,solvent_1_MeCN,2,2.51
electrophile_7,ligand_5_P(Cy)3,base_8_KOAc,solvent_2_MeOH,1,0.0
electrophile_7,ligand_5_P(Cy)3,base_8_KOAc,solvent_2_MeOH,2,2.54
electrophile_7,ligand_5_P(Cy)3,base_8_KOAc,solvent_3_THF,1,5.1
electrophile_7,ligand_5_P(Cy)3,base_8_KOAc,solvent_3_THF,2,6.11
electrophile_7,ligand_5_P(Cy)3,base_8_KOAc,solvent_4_DMF,1,0.93
electrophile_7,ligand_5_P(Cy)3,base_8_KOAc,solvent_4_DMF,2,2.16
electrophile_7,ligand_6_P(tBu)3,base_1_NaOH,solvent_1_MeCN,1,15.85
electrophile_7,ligand_6_P(tBu)3,base_1_NaOH,solvent_1_MeCN,2,19.21
electrophile_7,ligand_6_P(tBu)3,base_1_NaOH,solvent_2_MeOH,1,0.0
electrophile_7,ligand_6_P(tBu)3,base_1_NaOH,solvent_2_MeOH,2,6.31
electrophile_7,ligand_6_P(tBu)3,base_1_NaOH,solvent_3_THF,1,11.07
electrophile_7,ligand_6_P(tBu)3,base_1_NaOH,solvent_3_THF,2,5.41
electrophile_7,ligand_6_P(tBu)3,base_1_NaOH,solvent_4_DMF,1,16.8
electrophile_7,ligand_6_P(tBu)3,base_1_NaOH,solvent_4_DMF,2,4.97
electrophile_7,ligand_6_P(tBu)3,base_2_KOH,solvent_1_MeCN,1,36.83
electrophile_7,ligand_6_P(tBu)3,base_2_KOH,solvent_1_MeCN,2,39.81
electrophile_7,ligand_6_P(tBu)3,base_2_KOH,solvent_2_MeOH,1,28.22
electrophile_7,ligand_6_P(tBu)3,base_2_KOH,solvent_2_MeOH,2,21.94
electrophile_7,ligand_6_P(tBu)3,base_2_KOH,solvent_3_THF,1,30.89
electrophile_7,ligand_6_P(tBu)3,base_2_KOH,solvent_3_THF,2,38.18
electrophile_7,ligand_6_P(tBu)3,base_2_KOH,solvent_4_DMF,1,29.48
electrophile_7,ligand_6_P(tBu)3,base_2_KOH,solvent_4_DMF,2,26.94
electrophile_7,ligand_6_P(tBu)3,base_3_K3PO4,solvent_1_MeCN,1,28.13
electrophile_7,ligand_6_P(tBu)3,base_3_K3PO4,solvent_1_MeCN,2,21.85
electrophile_7,ligand_6_P(tBu)3,base_3_K3PO4,solvent_2_MeOH,1,15.09
electrophile_7,ligand_6_P(tBu)3,base_3_K3PO4,solvent_2_MeOH,2,18.39
electrophile_7,ligand_6_P(tBu)3,base_3_K3PO4,solvent_3_THF,1,23.35
electrophile_7,ligand_6_P(tBu)3,base_3_K3PO4,solvent_3_THF,2,31.41
electrophile_7,ligand_6_P(tBu)3,base_3_K3PO4,solvent_4_DMF,1,21.77
electrophile_7,ligand_6_P(tBu)3,base_3_K3PO4,solvent_4_DMF,2,23.44
electrophile_7,ligand_6_P(tBu)3,base_4_K2CO3,solvent_1_MeCN,1,23.32
electrophile_7,ligand_6_P(tBu)3,base_4_K2CO3,solvent_1_MeCN,2,20.72
electrophile_7,ligand_6_P(tBu)3,base_4_K2CO3,solvent_2_MeOH,1,20.3
electrophile_7,ligand_6_P(tBu)3,base_4_K2CO3,solvent_2_MeOH,2,20.53
electrophile_7,ligand_6_P(tBu)3,base_4_K2CO3,solvent_3_THF,1,16.45
electrophile_7,ligand_6_P(tBu)3,base_4_K2CO3,solvent_3_THF,2,20.97
electrophile_7,ligand_6_P(tBu)3,base_4_K2CO3,solvent_4_DMF,1,21.98
electrophile_7,ligand_6_P(tBu)3,base_4_K2CO3,solvent_4_DMF,2,21.79
electrophile_7,ligand_6_P(tBu)3,base_5_CsF,solvent_1_MeCN,1,16.43
electrophile_7,ligand_6_P(tBu)3,base_5_CsF,solvent_1_MeCN,2,15.36
electrophile_7,ligand_6_P(tBu)3,base_5_CsF,solvent_2_MeOH,1,5.52
electrophile_7,ligand_6_P(tBu)3,base_5_CsF,solvent_2_MeOH,2,5.48
electrophile_7,ligand_6_P(tBu)3,base_5_CsF,solvent_3_THF,1,3.91
electrophile_7,ligand_6_P(tBu)3,base_5_CsF,solvent_3_THF,2,18.83
electrophile_7,ligand_6_P(tBu)3,base_5_CsF,solvent_4_DMF,1,8.11
electrophile_7,ligand_6_P(tBu)3,base_5_CsF,solvent_4_DMF,2,6.92
electrophile_7,ligand_6_P(tBu)3,base_6_Et3N,solvent_1_MeCN,1,16.31
electrophile_7,ligand_6_P(tBu)3,base_6_Et3N,solvent_1_MeCN,2,35.63
electrophile_7,ligand_6_P(tBu)3,base_6_Et3N,solvent_2_MeOH,1,9.73
electrophile_7,ligand_6_P(tBu)3,base_6_Et3N,solvent_2_MeOH,2,12.95
electrophile_7,ligand_6_P(tBu)3,base_6_Et3N,solvent_3_THF,1,19.03
electrophile_7,ligand_6_P(tBu)3,base_6_Et3N,solvent_3_THF,2,19.95
electrophile_7,ligand_6_P(tBu)3,base_6_Et3N,solvent_4_DMF,1,19.88
electrophile_7,ligand_6_P(tBu)3,base_6_Et3N,solvent_4_DMF,2,24.13
electrophile_7,ligand_6_P(tBu)3,base_7_NaHCO3,solvent_1_MeCN,1,28.73
electrophile_7,ligand_6_P(tBu)3,base_7_NaHCO3,solvent_1_MeCN,2,20.91
electrophile_7,ligand_6_P(tBu)3,base_7_NaHCO3,solvent_2_MeOH,1,19.05
electrophile_7,ligand_6_P(tBu)3,base_7_NaHCO3,solvent_2_MeOH,2,21.88
electrophile_7,ligand_6_P(tBu)3,base_7_NaHCO3,solvent_3_THF,1,32.53
electrophile_7,ligand_6_P(tBu)3,base_7_NaHCO3,solvent_3_THF,2,15.2
electrophile_7,ligand_6_P(tBu)3,base_7_NaHCO3,solvent_4_DMF,1,26.34
electrophile_7,ligand_6_P(tBu)3,base_7_NaHCO3,solvent_4_DMF,2,21.23
electrophile_7,ligand_6_P(tBu)3,base_8_KOAc,solvent_1_MeCN,1,20.29
electrophile_7,ligand_6_P(tBu)3,base_8_KOAc,solvent_1_MeCN,2,15.59
electrophile_7,ligand_6_P(tBu)3,base_8_KOAc,solvent_2_MeOH,1,6.03
electrophile_7,ligand_6_P(tBu)3,base_8_KOAc,solvent_2_MeOH,2,14.0
electrophile_7,ligand_6_P(tBu)3,base_8_KOAc,solvent_3_THF,1,15.37
electrophile_7,ligand_6_P(tBu)3,base_8_KOAc,solvent_3_THF,2,16.96
electrophile_7,ligand_6_P(tBu)3,base_8_KOAc,solvent_4_DMF,1,10.17
electrophile_7,ligand_6_P(tBu)3,base_8_KOAc,solvent_4_DMF,2,7.24
electrophile_7,ligand_7_Xantphos,base_1_NaOH,solvent_1_MeCN,1,0.0
electrophile_7,ligand_7_Xantphos,base_1_NaOH,solvent_1_MeCN,2,0.0
electrophile_7,ligand_7_Xantphos,base_1_NaOH,solvent_2_MeOH,1,0.0
electrophile_7,ligand_7_Xantphos,base_1_NaOH,solvent_2_MeOH,2,0.0
electrophile_7,ligand_7_Xantphos,base_1_NaOH,solvent_3_THF,1,0.0
electrophile_7,ligand_7_Xantphos,base_1_NaOH,solvent_3_THF,2,0.0
electrophile_7,ligand_7_Xantphos,base_1_NaOH,solvent_4_DMF,1,0.0
electrophile_7,ligand_7_Xantphos,base_1_NaOH,solvent_4_DMF,2,0.0
electrophile_7,ligand_7_Xantphos,base_2_KOH,solvent_1_MeCN,1,9.81
electrophile_7,ligand_7_Xantphos,base_2_KOH,solvent_1_MeCN,2,13.42
electrophile_7,ligand_7_Xantphos,base_2_KOH,solvent_2_MeOH,1,5.93
electrophile_7,ligand_7_Xantphos,base_2_KOH,solvent_2_MeOH,2,1.49
electrophile_7,ligand_7_Xantphos,base_2_KOH,solvent_3_THF,1,21.59
electrophile_7,ligand_7_Xantphos,base_2_KOH,solvent_3_THF,2,17.74
electrophile_7,ligand_7_Xantphos,base_2_KOH,solvent_4_DMF,1,5.72
electrophile_7,ligand_7_Xantphos,base_2_KOH,solvent_4_DMF,2,10.98
electrophile_7,ligand_7_Xantphos,base_3_K3PO4,solvent_1_MeCN,1,4.04
electrophile_7,ligand_7_Xantphos,base_3_K3PO4,solvent_1_MeCN,2,7.9
electrophile_7,ligand_7_Xantphos,base_3_K3PO4,solvent_2_MeOH,1,0.0
electrophile_7,ligand_7_Xantphos,base_3_K3PO4,solvent_2_MeOH,2,1.55
electrophile_7,ligand_7_Xantphos,base_3_K3PO4,solvent_3_THF,1,0.0
electrophile_7,ligand_7_Xantphos,base_3_K3PO4,solvent_3_THF,2,0.0
electrophile_7,ligand_7_Xantphos,base_3_K3PO4,solvent_4_DMF,1,0.0
electrophile_7,ligand_7_Xantphos,base_3_K3PO4,solvent_4_DMF,2,2.54
electrophile_7,ligand_7_Xantphos,base_4_K2CO3,solvent_1_MeCN,1,17.23
electrophile_7,ligand_7_Xantphos,base_4_K2CO3,solvent_1_MeCN,2,0.0
electrophile_7,ligand_7_Xantphos,base_4_K2CO3,solvent_2_MeOH,1,1.93
electrophile_7,ligand_7_Xantphos,base_4_K2CO3,solvent_2_MeOH,2,0.0
electrophile_7,ligand_7_Xantphos,base_4_K2CO3,solvent_3_THF,1,4.21
electrophile_7,ligand_7_Xantphos,base_4_K2CO3,solvent_3_THF,2,0.0
electrophile_7,ligand_7_Xantphos,base_4_K2CO3,solvent_4_DMF,1,0.0
electrophile_7,ligand_7_Xantphos,base_4_K2CO3,solvent_4_DMF,2,0.0
electrophile_7,ligand_7_Xantphos,base_5_CsF,solvent_1_MeCN,1,0.0
electrophile_7,ligand_7_Xantphos,base_5_CsF,solvent_1_MeCN,2,0.0
electrophile_7,ligand_7_Xantphos,base_5_CsF,solvent_2_MeOH,1,0.0
electrophile_7,ligand_7_Xantphos,base_5_CsF,solvent_2_MeOH,2,0.0
electrophile_7,ligand_7_Xantphos,base_5_CsF,solvent_3_THF,1,0.0
electrophile_7,ligand_7_Xantphos,base_5_CsF,solvent_3_THF,2,0.0
electrophile_7,ligand_7_Xantphos,base_5_CsF,solvent_4_DMF,1,0.0
electrophile_7,ligand_7_Xantphos,base_5_CsF,solvent_4_DMF,2,0.0
electrophile_7,ligand_7_Xantphos,base_6_Et3N,solvent_1_MeCN,1,6.22
electrophile_7,ligand_7_Xantphos,base_6_Et3N,solvent_1_MeCN,2,0.0
electrophile_7,ligand_7_Xantphos,base_6_Et3N,solvent_2_MeOH,1,0.0
electrophile_7,ligand_7_Xantphos,base_6_Et3N,solvent_2_MeOH,2,1.41
electrophile_7,ligand_7_Xantphos,base_6_Et3N,solvent_3_THF,1,0.0
electrophile_7,ligand_7_Xantphos,base_6_Et3N,solvent_3_THF,2,0.0
electrophile_7,ligand_7_Xantphos,base_6_Et3N,solvent_4_DMF,1,0.0
electrophile_7,ligand_7_Xantphos,base_6_Et3N,solvent_4_DMF,2,0.15
electrophile_7,ligand_7_Xantphos,base_7_NaHCO3,solvent_1_MeCN,1,3.8
electrophile_7,ligand_7_Xantphos,base_7_NaHCO3,solvent_1_MeCN,2,5.04
electrophile_7,ligand_7_Xantphos,base_7_NaHCO3,solvent_2_MeOH,1,2.58
electrophile_7,ligand_7_Xantphos,base_7_NaHCO3,solvent_2_MeOH,2,2.27
electrophile_7,ligand_7_Xantphos,base_7_NaHCO3,solvent_3_THF,1,2.03
electrophile_7,ligand_7_Xantphos,base_7_NaHCO3,solvent_3_THF,2,0.0
electrophile_7,ligand_7_Xantphos,base_7_NaHCO3,solvent_4_DMF,1,0.0
electrophile_7,ligand_7_Xantphos,base_7_NaHCO3,solvent_4_DMF,2,3.07
electrophile_7,ligand_7_Xantphos,base_8_KOAc,solvent_1_MeCN,1,0.0
electrophile_7,ligand_7_Xantphos,base_8_KOAc,solvent_1_MeCN,2,0.0
electrophile_7,ligand_7_Xantphos,base_8_KOAc,solvent_2_MeOH,1,0.0
electrophile_7,ligand_7_Xantphos,base_8_KOAc,solvent_2_MeOH,2,0.0
electrophile_7,ligand_7_Xantphos,base_8_KOAc,solvent_3_THF,1,0.0
electrophile_7,ligand_7_Xantphos,base_8_KOAc,solvent_3_THF,2,0.0
electrophile_7,ligand_7_Xantphos,base_8_KOAc,solvent_4_DMF,1,0.0
electrophile_7,ligand_7_Xantphos,base_8_KOAc,solvent_4_DMF,2,0.0
electrophile_7,ligand_8_dtbpf,base_1_NaOH,solvent_1_MeCN,1,0.51
electrophile_7,ligand_8_dtbpf,base_1_NaOH,solvent_1_MeCN,2,0.0
electrophile_7,ligand_8_dtbpf,base_1_NaOH,solvent_2_MeOH,1,0.0
electrophile_7,ligand_8_dtbpf,base_1_NaOH,solvent_2_MeOH,2,0.0
electrophile_7,ligand_8_dtbpf,base_1_NaOH,solvent_3_THF,1,0.0
electrophile_7,ligand_8_dtbpf,base_1_NaOH,solvent_3_THF,2,0.0
electrophile_7,ligand_8_dtbpf,base_1_NaOH,solvent_4_DMF,1,0.0
electrophile_7,ligand_8_dtbpf,base_1_NaOH,solvent_4_DMF,2,0.0
electrophile_7,ligand_8_dtbpf,base_2_KOH,solvent_1_MeCN,1,20.07
electrophile_7,ligand_8_dtbpf,base_2_KOH,solvent_1_MeCN,2,18.48
electrophile_7,ligand_8_dtbpf,base_2_KOH,solvent_2_MeOH,1,5.51
electrophile_7,ligand_8_dtbpf,base_2_KOH,solvent_2_MeOH,2,16.93
electrophile_7,ligand_8_dtbpf,base_2_KOH,solvent_3_THF,1,14.41
electrophile_7,ligand_8_dtbpf,base_2_KOH,solvent_3_THF,2,14.35
electrophile_7,ligand_8_dtbpf,base_2_KOH,solvent_4_DMF,1,11.45
electrophile_7,ligand_8_dtbpf,base_2_KOH,solvent_4_DMF,2,8.91
electrophile_7,ligand_8_dtbpf,base_3_K3PO4,solvent_1_MeCN,1,4.92
electrophile_7,ligand_8_dtbpf,base_3_K3PO4,solvent_1_MeCN,2,6.21
electrophile_7,ligand_8_dtbpf,base_3_K3PO4,solvent_2_MeOH,1,0.0
electrophile_7,ligand_8_dtbpf,base_3_K3PO4,solvent_2_MeOH,2,0.0
electrophile_7,ligand_8_dtbpf,base_3_K3PO4,solvent_3_THF,1,0.0
electrophile_7,ligand_8_dtbpf,base_3_K3PO4,solvent_3_THF,2,1.11
electrophile_7,ligand_8_dtbpf,base_3_K3PO4,solvent_4_DMF,1,3.93
electrophile_7,ligand_8_dtbpf,base_3_K3PO4,solvent_4_DMF,2,0.0
electrophile_7,ligand_8_dtbpf,base_4_K2CO3,solvent_1_MeCN,1,3.69
electrophile_7,ligand_8_dtbpf,base_4_K2CO3,solvent_1_MeCN,2,3.62
electrophile_7,ligand_8_dtbpf,base_4_K2CO3,solvent_2_MeOH,1,0.0
electrophile_7,ligand_8_dtbpf,base_4_K2CO3,solvent_2_MeOH,2,0.0
electrophile_7,ligand_8_dtbpf,base_4_K2CO3,solvent_3_THF,1,6.03
electrophile_7,ligand_8_dtbpf,base_4_K2CO3,solvent_3_THF,2,0.0
electrophile_7,ligand_8_dtbpf,base_4_K2CO3,solvent_4_DMF,1,2.45
electrophile_7,ligand_8_dtbpf,base_4_K2CO3,solvent_4_DMF,2,0.0
electrophile_7,ligand_8_dtbpf,base_5_CsF,solvent_1_MeCN,1,0.0
electrophile_7,ligand_8_dtbpf,base_5_CsF,solvent_1_MeCN,2,0.0
electrophile_7,ligand_8_dtbpf,base_5_CsF,solvent_2_MeOH,1,0.0
electrophile_7,ligand_8_dtbpf,base_5_CsF,solvent_2_MeOH,2,0.0
electrophile_7,ligand_8_dtbpf,base_5_CsF,solvent_3_THF,1,0.0
electrophile_7,ligand_8_dtbpf,base_5_CsF,solvent_3_THF,2,0.0
electrophile_7,ligand_8_dtbpf,base_5_CsF,solvent_4_DMF,1,0.0
electrophile_7,ligand_8_dtbpf,base_5_CsF,solvent_4_DMF,2,0.0
electrophile_7,ligand_8_dtbpf,base_6_Et3N,solvent_1_MeCN,1,3.16
electrophile_7,ligand_8_dtbpf,base_6_Et3N,solvent_1_MeCN,2,2.12
electrophile_7,ligand_8_dtbpf,base_6_Et3N,solvent_2_MeOH,1,1.24
electrophile_7,ligand_8_dtbpf,base_6_Et3N,solvent_2_MeOH,2,0.0
electrophile_7,ligand_8_dtbpf,base_6_Et3N,solvent_3_THF,1,1.75
electrophile_7,ligand_8_dtbpf,base_6_Et3N,solvent_3_THF,2,0.0
electrophile_7,ligand_8_dtbpf,base_6_Et3N,solvent_4_DMF,1,0.0
electrophile_7,ligand_8_dtbpf,base_6_Et3N,solvent_4_DMF,2,0.0
electrophile_7,ligand_8_dtbpf,base_7_NaHCO3,solvent_1_MeCN,1,5.15
electrophile_7,ligand_8_dtbpf,base_7_NaHCO3,solvent_1_MeCN,2,6.29
electrophile_7,ligand_8_dtbpf,base_7_NaHCO3,solvent_2_MeOH,1,1.24
electrophile_7,ligand_8_dtbpf,base_7_NaHCO3,solvent_2_MeOH,2,0.98
electrophile_7,ligand_8_dtbpf,base_7_NaHCO3,solvent_3_THF,1,0.0
electrophile_7,ligand_8_dtbpf,base_7_NaHCO3,solvent_3_THF,2,1.57
electrophile_7,ligand_8_dtbpf,base_7_NaHCO3,solvent_4_DMF,1,0.0
electrophile_7,ligand_8_dtbpf,base_7_NaHCO3,solvent_4_DMF,2,7.48
electrophile_7,ligand_8_dtbpf,base_8_KOAc,solvent_1_MeCN,1,0.0
electrophile_7,ligand_8_dtbpf,base_8_KOAc,solvent_1_MeCN,2,0.0
electrophile_7,ligand_8_dtbpf,base_8_KOAc,solvent_2_MeOH,1,0.0
electrophile_7,ligand_8_dtbpf,base_8_KOAc,solvent_2_MeOH,2,0.0
electrophile_7,ligand_8_dtbpf,base_8_KOAc,solvent_3_THF,1,0.0
electrophile_7,ligand_8_dtbpf,base_8_KOAc,solvent_3_THF,2,0.0
electrophile_7,ligand_8_dtbpf,base_8_KOAc,solvent_4_DMF,1,0.0
electrophile_7,ligand_8_dtbpf,base_8_KOAc,solvent_4_DMF,2,0.0
electrophile_7,ligand_9_P(o-tol)3,base_1_NaOH,solvent_1_MeCN,1,9.66
electrophile_7,ligand_9_P(o-tol)3,base_1_NaOH,solvent_1_MeCN,2,18.83
electrophile_7,ligand_9_P(o-tol)3,base_1_NaOH,solvent_2_MeOH,1,0.0
electrophile_7,ligand_9_P(o-tol)3,base_1_NaOH,solvent_2_MeOH,2,3.15
electrophile_7,ligand_9_P(o-tol)3,base_1_NaOH,solvent_3_THF,1,0.0
electrophile_7,ligand_9_P(o-tol)3,base_1_NaOH,solvent_3_THF,2,0.0
electrophile_7,ligand_9_P(o-tol)3,base_1_NaOH,solvent_4_DMF,1,0.0
electrophile_7,ligand_9_P(o-tol)3,base_1_NaOH,solvent_4_DMF,2,0.0
electrophile_7,ligand_9_P(o-tol)3,base_2_KOH,solvent_1_MeCN,1,37.41
electrophile_7,ligand_9_P(o-tol)3,base_2_KOH,solvent_1_MeCN,2,33.2
electrophile_7,ligand_9_P(o-tol)3,base_2_KOH,solvent_2_MeOH,1,23.25
electrophile_7,ligand_9_P(o-tol)3,base_2_KOH,solvent_2_MeOH,2,29.89
electrophile_7,ligand_9_P(o-tol)3,base_2_KOH,solvent_3_THF,1,17.42
electrophile_7,ligand_9_P(o-tol)3,base_2_KOH,solvent_3_THF,2,18.33
electrophile_7,ligand_9_P(o-tol)3,base_2_KOH,solvent_4_DMF,1,12.24
electrophile_7,ligand_9_P(o-tol)3,base_2_KOH,solvent_4_DMF,2,19.63
electrophile_7,ligand_9_P(o-tol)3,base_3_K3PO4,solvent_1_MeCN,1,16.27
electrophile_7,ligand_9_P(o-tol)3,base_3_K3PO4,solvent_1_MeCN,2,15.97
electrophile_7,ligand_9_P(o-tol)3,base_3_K3PO4,solvent_2_MeOH,1,10.35
electrophile_7,ligand_9_P(o-tol)3,base_3_K3PO4,solvent_2_MeOH,2,2.55
electrophile_7,ligand_9_P(o-tol)3,base_3_K3PO4,solvent_3_THF,1,15.47
electrophile_7,ligand_9_P(o-tol)3,base_3_K3PO4,solvent_3_THF,2,12.65
electrophile_7,ligand_9_P(o-tol)3,base_3_K3PO4,solvent_4_DMF,1,13.26
electrophile_7,ligand_9_P(o-tol)3,base_3_K3PO4,solvent_4_DMF,2,0.13
electrophile_7,ligand_9_P(o-tol)3,base_4_K2CO3,solvent_1_MeCN,1,19.36
electrophile_7,ligand_9_P(o-tol)3,base_4_K2CO3,solvent_1_MeCN,2,11.87
electrophile_7,ligand_9_P(o-tol)3,base_4_K2CO3,solvent_2_MeOH,1,9.96
electrophile_7,ligand_9_P(o-tol)3,base_4_K2CO3,solvent_2_MeOH,2,14.62
electrophile_7,ligand_9_P(o-tol)3,base_4_K2CO3,solvent_3_THF,1,14.26
electrophile_7,ligand_9_P(o-tol)3,base_4_K2CO3,solvent_3_THF,2,9.54
electrophile_7,ligand_9_P(o-tol)3,base_4_K2CO3,solvent_4_DMF,1,11.97
electrophile_7,ligand_9_P(o-tol)3,base_4_K2CO3,solvent_4_DMF,2,4.28
electrophile_7,ligand_9_P(o-tol)3,base_5_CsF,solvent_1_MeCN,1,11.62
electrophile_7,ligand_9_P(o-tol)3,base_5_CsF,solvent_1_MeCN,2,4.84
electrophile_7,ligand_9_P(o-tol)3,base_5_CsF,solvent_2_MeOH,1,5.6
electrophile_7,ligand_9_P(o-tol)3,base_5_CsF,solvent_2_MeOH,2,0.0
electrophile_7,ligand_9_P(o-tol)3,base_5_CsF,solvent_3_THF,1,0.0
electrophile_7,ligand_9_P(o-tol)3,base_5_CsF,solvent_3_THF,2,0.0
electrophile_7,ligand_9_P(o-tol)3,base_5_CsF,solvent_4_DMF,1,4.38
electrophile_7,ligand_9_P(o-tol)3,base_5_CsF,solvent_4_DMF,2,0.0
electrophile_7,ligand_9_P(o-tol)3,base_6_Et3N,solvent_1_MeCN,1,16.13
electrophile_7,ligand_9_P(o-tol)3,base_6_Et3N,solvent_1_MeCN,2,11.0
electrophile_7,ligand_9_P(o-tol)3,base_6_Et3N,solvent_2_MeOH,1,0.0
electrophile_7,ligand_9_P(o-tol)3,base_6_Et3N,solvent_2_MeOH,2,4.2
electrophile_7,ligand_9_P(o-tol)3,base_6_Et3N,solvent_3_THF,1,3.01
electrophile_7,ligand_9_P(o-tol)3,base_6_Et3N,solvent_3_THF,2,9.08
electrophile_7,ligand_9_P(o-tol)3,base_6_Et3N,solvent_4_DMF,1,1.09
electrophile_7,ligand_9_P(o-tol)3,base_6_Et3N,solvent_4_DMF,2,11.68
electrophile_7,ligand_9_P(o-tol)3,base_7_NaHCO3,solvent_1_MeCN,1,17.7
electrophile_7,ligand_9_P(o-tol)3,base_7_NaHCO3,solvent_1_MeCN,2,17.26
electrophile_7,ligand_9_P(o-tol)3,base_7_NaHCO3,solvent_2_MeOH,1,15.57
electrophile_7,ligand_9_P(o-tol)3,base_7_NaHCO3,solvent_2_MeOH,2,17.11
electrophile_7,ligand_9_P(o-tol)3,base_7_NaHCO3,solvent_3_THF,1,14.05
electrophile_7,ligand_9_P(o-tol)3,base_7_NaHCO3,solvent_3_THF,2,10.29
electrophile_7,ligand_9_P(o-tol)3,base_7_NaHCO3,solvent_4_DMF,1,3.42
electrophile_7,ligand_9_P(o-tol)3,base_7_NaHCO3,solvent_4_DMF,2,8.86
electrophile_7,ligand_9_P(o-tol)3,base_8_KOAc,solvent_1_MeCN,1,4.97
electrophile_7,ligand_9_P(o-tol)3,base_8_KOAc,solvent_1_MeCN,2,8.59
electrophile_7,ligand_9_P(o-tol)3,base_8_KOAc,solvent_2_MeOH,1,0.47
electrophile_7,ligand_9_P(o-tol)3,base_8_KOAc,solvent_2_MeOH,2,5.64
electrophile_7,ligand_9_P(o-tol)3,base_8_KOAc,solvent_3_THF,1,0.99
electrophile_7,ligand_9_P(o-tol)3,base_8_KOAc,solvent_3_THF,2,3.77
electrophile_7,ligand_9_P(o-tol)3,base_8_KOAc,solvent_4_DMF,1,8.11
electrophile_7,ligand_9_P(o-tol)3,base_8_KOAc,solvent_4_DMF,2,3.9
electrophile_7,ligand_10_AmPhos,base_1_NaOH,solvent_1_MeCN,1,1.16
electrophile_7,ligand_10_AmPhos,base_1_NaOH,solvent_1_MeCN,2,0.0
electrophile_7,ligand_10_AmPhos,base_1_NaOH,solvent_2_MeOH,1,0.0
electrophile_7,ligand_10_AmPhos,base_1_NaOH,solvent_2_MeOH,2,0.0
electrophile_7,ligand_10_AmPhos,base_1_NaOH,solvent_3_THF,1,0.0
electrophile_7,ligand_10_AmPhos,base_1_NaOH,solvent_3_THF,2,1.24
electrophile_7,ligand_10_AmPhos,base_1_NaOH,solvent_4_DMF,1,0.0
electrophile_7,ligand_10_AmPhos,base_1_NaOH,solvent_4_DMF,2,0.0
electrophile_7,ligand_10_AmPhos,base_2_KOH,solvent_1_MeCN,1,33.33
electrophile_7,ligand_10_AmPhos,base_2_KOH,solvent_1_MeCN,2,26.08
electrophile_7,ligand_10_AmPhos,base_2_KOH,solvent_2_MeOH,1,11.59
electrophile_7,ligand_10_AmPhos,base_2_KOH,solvent_2_MeOH,2,16.42
electrophile_7,ligand_10_AmPhos,base_2_KOH,solvent_3_THF,1,21.03
electrophile_7,ligand_10_AmPhos,base_2_KOH,solvent_3_THF,2,29.0
electrophile_7,ligand_10_AmPhos,base_2_KOH,solvent_4_DMF,1,13.08
electrophile_7,ligand_10_AmPhos,base_2_KOH,solvent_4_DMF,2,23.5
electrophile_7,ligand_10_AmPhos,base_3_K3PO4,solvent_1_MeCN,1,17.95
electrophile_7,ligand_10_AmPhos,base_3_K3PO4,solvent_1_MeCN,2,7.81
electrophile_7,ligand_10_AmPhos,base_3_K3PO4,solvent_2_MeOH,1,3.71
electrophile_7,ligand_10_AmPhos,base_3_K3PO4,solvent_2_MeOH,2,0.0
electrophile_7,ligand_10_AmPhos,base_3_K3PO4,solvent_3_THF,1,5.93
electrophile_7,ligand_10_AmPhos,base_3_K3PO4,solvent_3_THF,2,6.77
electrophile_7,ligand_10_AmPhos,base_3_K3PO4,solvent_4_DMF,1,8.39
electrophile_7,ligand_10_AmPhos,base_3_K3PO4,solvent_4_DMF,2,10.54
electrophile_7,ligand_10_AmPhos,base_4_K2CO3,solvent_1_MeCN,1,9.56
electrophile_7,ligand_10_AmPhos,base_4_K2CO3,solvent_1_MeCN,2,3.46
electrophile_7,ligand_10_AmPhos,base_4_K2CO3,solvent_2_MeOH,1,7.34
electrophile_7,ligand_10_AmPhos,base_4_K2CO3,solvent_2_MeOH,2,8.91
electrophile_7,ligand_10_AmPhos,base_4_K2CO3,solvent_3_THF,1,10.54
electrophile_7,ligand_10_AmPhos,base_4_K2CO3,solvent_3_THF,2,7.66
electrophile_7,ligand_10_AmPhos,base_4_K2CO3,solvent_4_DMF,1,8.06
electrophile_7,ligand_10_AmPhos,base_4_K2CO3,solvent_4_DMF,2,15.01
electrophile_7,ligand_10_AmPhos,base_5_CsF,solvent_1_MeCN,1,3.27
electrophile_7,ligand_10_AmPhos,base_5_CsF,solvent_1_MeCN,2,0.0
electrophile_7,ligand_10_AmPhos,base_5_CsF,solvent_2_MeOH,1,0.0
electrophile_7,ligand_10_AmPhos,base_5_CsF,solvent_2_MeOH,2,0.0
electrophile_7,ligand_10_AmPhos,base_5_CsF,solvent_3_THF,1,5.54
electrophile_7,ligand_10_AmPhos,base_5_CsF,solvent_3_THF,2,0.0
electrophile_7,ligand_10_AmPhos,base_5_CsF,solvent_4_DMF,1,0.0
electrophile_7,ligand_10_AmPhos,base_5_CsF,solvent_4_DMF,2,0.0
electrophile_7,ligand_10_AmPhos,base_6_Et3N,solvent_1_MeCN,1,13.9
electrophile_7,ligand_10_AmPhos,base_6_Et3N,solvent_1_MeCN,2,18.2
electrophile_7,ligand_10_AmPhos,base_6_Et3N,solvent_2_MeOH,1,4.8
electrophile_7,ligand_10_AmPhos,base_6_Et3N,solvent_2_MeOH,2,2.96
electrophile_7,ligand_10_AmPhos,base_6_Et3N,solvent_3_THF,1,4.58
electrophile_7,ligand_10_AmPhos,base_6_Et3N,solvent_3_THF,2,0.0
electrophile_7,ligand_10_AmPhos,base_6_Et3N,solvent_4_DMF,1,6.27
electrophile_7,ligand_10_AmPhos,base_6_Et3N,solvent_4_DMF,2,3.21
electrophile_7,ligand_10_AmPhos,base_7_NaHCO3,solvent_1_MeCN,1,15.79
electrophile_7,ligand_10_AmPhos,base_7_NaHCO3,solvent_1_MeCN,2,10.09
electrophile_7,ligand_10_AmPhos,base_7_NaHCO3,solvent_2_MeOH,1,5.87
electrophile_7,ligand_10_AmPhos,base_7_NaHCO3,solvent_2_MeOH,2,5.73
electrophile_7,ligand_10_AmPhos,base_7_NaHCO3,solvent_3_THF,1,14.75
electrophile_7,ligand_10_AmPhos,base_7_NaHCO3,solvent_3_THF,2,7.75
electrophile_7,ligand_10_AmPhos,base_7_NaHCO3,solvent_4_DMF,1,18.2
electrophile_7,ligand_10_AmPhos,base_7_NaHCO3,solvent_4_DMF,2,9.94
electrophile_7,ligand_10_AmPhos,base_8_KOAc,solvent_1_MeCN,1,0.0
electrophile_7,ligand_10_AmPhos,base_8_KOAc,solvent_1_MeCN,2,2.91
electrophile_7,ligand_10_AmPhos,base_8_KOAc,solvent_2_MeOH,1,0.0
electrophile_7,ligand_10_AmPhos,base_8_KOAc,solvent_2_MeOH,2,0.0
electrophile_7,ligand_10_AmPhos,base_8_KOAc,solvent_3_THF,1,7.54
electrophile_7,ligand_10_AmPhos,base_8_KOAc,solvent_3_THF,2,3.06
electrophile_7,ligand_10_AmPhos,base_8_KOAc,solvent_4_DMF,1,0.35
electrophile_7,ligand_10_AmPhos,base_8_KOAc,solvent_4_DMF,2,0.0
electrophile_7,ligand_11_CataCXium_A,base_1_NaOH,solvent_1_MeCN,1,7.82
electrophile_7,ligand_11_CataCXium_A,base_1_NaOH,solvent_1_MeCN,2,12.31
electrophile_7,ligand_11_CataCXium_A,base_1_NaOH,solvent_2_MeOH,1,13.08
electrophile_7,ligand_11_CataCXium_A,base_1_NaOH,solvent_2_MeOH,2,3.62
electrophile_7,ligand_11_CataCXium_A,base_1_NaOH,solvent_3_THF,1,0.0
electrophile_7,ligand_11_CataCXium_A,base_1_NaOH,solvent_3_THF,2,9.59
electrophile_7,ligand_11_CataCXium_A,base_1_NaOH,solvent_4_DMF,1,8.16
electrophile_7,ligand_11_CataCXium_A,base_1_NaOH,solvent_4_DMF,2,9.55
electrophile_7,ligand_11_CataCXium_A,base_2_KOH,solvent_1_MeCN,1,41.4
electrophile_7,ligand_11_CataCXium_A,base_2_KOH,solvent_1_MeCN,2,40.94
electrophile_7,ligand_11_CataCXium_A,base_2_KOH,solvent_2_MeOH,1,33.19
electrophile_7,ligand_11_CataCXium_A,base_2_KOH,solvent_2_MeOH,2,37.88
electrophile_7,ligand_11_CataCXium_A,base_2_KOH,solvent_3_THF,1,26.16
electrophile_7,ligand_11_CataCXium_A,base_2_KOH,solvent_3_THF,2,36.27
electrophile_7,ligand_11_CataCXium_A,base_2_KOH,solvent_4_DMF,1,35.02
electrophile_7,ligand_11_CataCXium_A,base_2_KOH,solvent_4_DMF,2,25.69
electrophile_7,ligand_11_CataCXium_A,base_3_K3PO4,solvent_1_MeCN,1,16.71
electrophile_7,ligand_11_CataCXium_A,base_3_K3PO4,solvent_1_MeCN,2,20.49
electrophile_7,ligand_11_CataCXium_A,base_3_K3PO4,solvent_2_MeOH,1,15.06
electrophile_7,ligand_11_CataCXium_A,base_3_K3PO4,solvent_2_MeOH,2,22.13
electrophile_7,ligand_11_CataCXium_A,base_3_K3PO4,solvent_3_THF,1,17.15
electrophile_7,ligand_11_CataCXium_A,base_3_K3PO4,solvent_3_THF,2,15.94
electrophile_7,ligand_11_CataCXium_A,base_3_K3PO4,solvent_4_DMF,1,15.3
electrophile_7,ligand_11_CataCXium_A,base_3_K3PO4,solvent_4_DMF,2,23.95
electrophile_7,ligand_11_CataCXium_A,base_4_K2CO3,solvent_1_MeCN,1,26.64
electrophile_7,ligand_11_CataCXium_A,base_4_K2CO3,solvent_1_MeCN,2,25.67
electrophile_7,ligand_11_CataCXium_A,base_4_K2CO3,solvent_2_MeOH,1,20.16
electrophile_7,ligand_11_CataCXium_A,base_4_K2CO3,solvent_2_MeOH,2,27.17
electrophile_7,ligand_11_CataCXium_A,base_4_K2CO3,solvent_3_THF,1,18.82
electrophile_7,ligand_11_CataCXium_A,base_4_K2CO3,solvent_3_THF,2,29.14
electrophile_7,ligand_11_CataCXium_A,base_4_K2CO3,solvent_4_DMF,1,21.76
electrophile_7,ligand_11_CataCXium_A,base_4_K2CO3,solvent_4_DMF,2,19.9
electrophile_7,ligand_11_CataCXium_A,base_5_CsF,solvent_1_MeCN,1,27.14
electrophile_7,ligand_11_CataCXium_A,base_5_CsF,solvent_1_MeCN,2,9.35
electrophile_7,ligand_11_CataCXium_A,base_5_CsF,solvent_2_MeOH,1,7.01
electrophile_7,ligand_11_CataCXium_A,base_5_CsF,solvent_2_MeOH,2,2.61
electrophile_7,ligand_11_CataCXium_A,base_5_CsF,solvent_3_THF,1,15.39
electrophile_7,ligand_11_CataCXium_A,base_5_CsF,solvent_3_THF,2,19.07
electrophile_7,ligand_11_CataCXium_A,base_5_CsF,solvent_4_DMF,1,17.12
electrophile_7,ligand_11_CataCXium_A,base_5_CsF,solvent_4_DMF,2,14.89
electrophile_7,ligand_11_CataCXium_A,base_6_Et3N,solvent_1_MeCN,1,20.69
electrophile_7,ligand_11_CataCXium_A,base_6_Et3N,solvent_1_MeCN,2,19.85
electrophile_7,ligand_11_CataCXium_A,base_6_Et3N,solvent_2_MeOH,1,7.46
electrophile_7,ligand_11_CataCXium_A,base_6_Et3N,solvent_2_MeOH,2,26.0
electrophile_7,ligand_11_CataCXium_A,base_6_Et3N,solvent_3_THF,1,20.02
electrophile_7,ligand_11_CataCXium_A,base_6_Et3N,solvent_3_THF,2,15.21
electrophile_7,ligand_11_CataCXium_A,base_6_Et3N,solvent_4_DMF,1,22.45
electrophile_7,ligand_11_CataCXium_A,base_6_Et3N,solvent_4_DMF,2,10.95
electrophile_7,ligand_11_CataCXium_A,base_7_NaHCO3,solvent_1_MeCN,1,28.95
electrophile_7,ligand_11_CataCXium_A,base_7_NaHCO3,solvent_1_MeCN,2,26.05
electrophile_7,ligand_11_CataCXium_A,base_7_NaHCO3,solvent_2_MeOH,1,24.25
electrophile_7,ligand_11_CataCXium_A,base_7_NaHCO3,solvent_2_MeOH,2,20.74
electrophile_7,ligand_11_CataCXium_A,base_7_NaHCO3,solvent_3_THF,1,15.66
electrophile_7,ligand_11_CataCXium_A,base_7_NaHCO3,solvent_3_THF,2,23.29
electrophile_7,ligand_11_CataCXium_A,base_7_NaHCO3,solvent_4_DMF,1,26.3
electrophile_7,ligand_11_CataCXium_A,base_7_NaHCO3,solvent_4_DMF,2,20.91
electrophile_7,ligand_11_CataCXium_A,base_8_KOAc,solvent_1_MeCN,1,20.7
electrophile_7,ligand_11_CataCXium_A,base_8_KOAc,solvent_1_MeCN,2,11.59
electrophile_7,ligand_11_CataCXium_A,base_8_KOAc,solvent_2_MeOH,1,10.83
electrophile_7,ligand_11_CataCXium_A,base_8_KOAc,solvent_2_MeOH,2,7.84
electrophile_7,ligand_11_CataCXium_A,base_8_KOAc,solvent_3_THF,1,16.55
electrophile_7,ligand_11_CataCXium_A,base_8_KOAc,solvent_3_THF,2,12.98
electrophile_7,ligand_11_CataCXium_A,base_8_KOAc,solvent_4_DMF,1,14.41
electrophile_7,ligand_11_CataCXium_A,base_8_KOAc,solvent_4_DMF,2,16.4
electrophile_7,ligand_12_None,base_1_NaOH,solvent_1_MeCN,1,5.97
electrophile_7,ligand_12_None,base_1_NaOH,solvent_1_MeCN,2,3.87
electrophile_7,ligand_12_None,base_1_NaOH,solvent_2_MeOH,1,0.0
electrophile_7,ligand_12_None,base_1_NaOH,solvent_2_MeOH,2,0.0
electrophile_7,ligand_12_None,base_1_NaOH,solvent_3_THF,1,0.0
electrophile_7,ligand_12_None,base_1_NaOH,solvent_3_THF,2,0.0
electrophile_7,ligand_12_None,base_1_NaOH,solvent_4_DMF,1,0.0
electrophile_7,ligand_12_None,base_1_NaOH,solvent_4_DMF,2,0.0
electrophile_7,ligand_12_None,base_2_KOH,solvent_1_MeCN,1,15.75
electrophile_7,ligand_12_None,base_2_KOH,solvent_1_MeCN,2,22.19
electrophile_7,ligand_12_None,base_2_KOH,solvent_2_MeOH,1,20.64
electrophile_7,ligand_12_None,base_2_KOH,solvent_2_MeOH,2,12.93
electrophile_7,ligand_12_None,base_2_KOH,solvent_3_THF,1,21.61
electrophile_7,ligand_12_None,base_2_KOH,solvent_3_THF,2,31.03
electrophile_7,ligand_12_None,base_2_KOH,solvent_4_DMF,1,24.78
electrophile_7,ligand_12_None,base_2_KOH,solvent_4_DMF,2,27.89
electrophile_7,ligand_12_None,base_3_K3PO4,solvent_1_MeCN,1,13.96
electrophile_7,ligand_12_None,base_3_K3PO4,solvent_1_MeCN,2,17.84
electrophile_7,ligand_12_None,base_3_K3PO4,solvent_2_MeOH,1,2.52
electrophile_7,ligand_12_None,base_3_K3PO4,solvent_2_MeOH,2,2.92
electrophile_7,ligand_12_None,base_3_K3PO4,solvent_3_THF,1,0.0
electrophile_7,ligand_12_None,base_3_K3PO4,solvent_3_THF,2,13.93
electrophile_7,ligand_12_None,base_3_K3PO4,solvent_4_DMF,1,13.84
electrophile_7,ligand_12_None,base_3_K3PO4,solvent_4_DMF,2,3.37
electrophile_7,ligand_12_None,base_4_K2CO3,solvent_1_MeCN,1,13.08
electrophile_7,ligand_12_None,base_4_K2CO3,solvent_1_MeCN,2,10.58
electrophile_7,ligand_12_None,base_4_K2CO3,solvent_2_MeOH,1,10.4
electrophile_7,ligand_12_None,base_4_K2CO3,solvent_2_MeOH,2,14.11
electrophile_7,ligand_12_None,base_4_K2CO3,solvent_3_THF,1,1.63
electrophile_7,ligand_12_None,base_4_K2CO3,solvent_3_THF,2,12.39
electrophile_7,ligand_12_None,base_4_K2CO3,solvent_4_DMF,1,7.1
electrophile_7,ligand_12_None,base_4_K2CO3,solvent_4_DMF,2,9.05
electrophile_7,ligand_12_None,base_5_CsF,solvent_1_MeCN,1,4.7
electrophile_7,ligand_12_None,base_5_CsF,solvent_1_MeCN,2,1.47
electrophile_7,ligand_12_None,base_5_CsF,solvent_2_MeOH,1,0.0
electrophile_7,ligand_12_None,base_5_CsF,solvent_2_MeOH,2,0.0
electrophile_7,ligand_12_None,base_5_CsF,solvent_3_THF,1,3.26
electrophile_7,ligand_12_None,base_5_CsF,solvent_3_THF,2,0.5
electrophile_7,ligand_12_None,base_5_CsF,solvent_4_DMF,1,0.0
electrophile_7,ligand_12_None,base_5_CsF,solvent_4_DMF,2,0.0
electrophile_7,ligand_12_None,base_6_Et3N,solvent_1_MeCN,1,7.56
electrophile_7,ligand_12_None,base_6_Et3N,solvent_1_MeCN,2,13.95
electrophile_7,ligand_12_None,base_6_Et3N,solvent_2_MeOH,1,3.78
electrophile_7,ligand_12_None,base_6_Et3N,solvent_2_MeOH,2,6.89
electrophile_7,ligand_12_None,base_6_Et3N,solvent_3_THF,1,14.28
electrophile_7,ligand_12_None,base_6_Et3N,solvent_3_THF,2,10.64
electrophile_7,ligand_12_None,base_6_Et3N,solvent_4_DMF,1,4.05
electrophile_7,ligand_12_None,base_6_Et3N,solvent_4_DMF,2,1.03
electrophile_7,ligand_12_None,base_7_NaHCO3,solvent_1_MeCN,1,1.93
electrophile_7,ligand_12_None,base_7_NaHCO3,solvent_1_MeCN,2,13.85
electrophile_7,ligand_12_None,base_7_NaHCO3,solvent_2_MeOH,1,7.21
electrophile_7,ligand_12_None,base_7_NaHCO3,solvent_2_MeOH,2,10.79
electrophile_7,ligand_12_None,base_7_NaHCO3,solvent_3_THF,1,9.92
electrophile_7,ligand_12_None,base_7_NaHCO3,solvent_3_THF,2,9.09
electrophile_7,ligand_12_None,base_7_NaHCO3,solvent_4_DMF,1,0.0
electrophile_7,ligand_12_None,base_7_NaHCO3,solvent_4_DMF,2,4.13
electrophile_7,ligand_12_None,base_8_KOAc,solvent_1_MeCN,1,6.98
electrophile_7,ligand_12_None,base_8_KOAc,solvent_1_MeCN,2,13.18
electrophile_7,ligand_12_None,base_8_KOAc,solvent_2_MeOH,1,0.0
electrophile_7,ligand_12_None,base_8_KOAc,solvent_2_MeOH,2,0.38
electrophile_7,ligand_12_None,base_8_KOAc,solvent_3_THF,1,5.36
electrophile_7,ligand_12_None,base_8_KOAc,solvent_3_THF,2,0.0
electrophile_7,ligand_12_None,base_8_KOAc,solvent_4_DMF,1,0.57
electrophile_7,ligand_12_None,base_8_KOAc,solvent_4_DMF,2,0.0
